# Blender v3.1.2 OBJ File: ''
# www.blender.org
mtllib sphereuvHalf.mtl
o sphereuv
v 0.000000 0.881921 -0.471397
v 0.000000 0.923880 -0.382683
v 0.037510 0.923880 -0.380841
v 0.046205 0.881921 -0.469127
v 0.000000 0.831470 -0.555570
v 0.054455 0.831470 -0.552895
v 0.000000 0.773010 -0.634393
v 0.062181 0.773010 -0.631338
v 0.000000 0.707107 -0.707107
v 0.069309 0.707107 -0.703702
v 0.000000 0.634393 -0.773010
v 0.075768 0.634393 -0.769288
v 0.000000 0.555570 -0.831470
v 0.081498 0.555570 -0.827466
v 0.000000 0.471397 -0.881921
v 0.086443 0.471397 -0.877675
v 0.000000 0.382683 -0.923880
v 0.090556 0.382683 -0.919431
v 0.000000 0.290285 -0.956940
v 0.093797 0.290285 -0.952332
v 0.000000 0.195090 -0.980785
v 0.096134 0.195090 -0.976063
v 0.000000 0.995185 -0.098017
v -0.000001 1.000000 0.000001
v 0.009607 0.995185 -0.097545
v 0.000000 0.098017 -0.995185
v 0.097545 0.098017 -0.990393
v 0.000000 0.980785 -0.195090
v 0.019122 0.980785 -0.194151
v 0.000000 0.000000 -1.000000
v 0.098017 0.000000 -0.995185
v 0.000000 0.956940 -0.290285
v 0.028453 0.956940 -0.288887
v 0.180240 0.382683 -0.906127
v 0.186690 0.290285 -0.938553
v 0.191342 0.195090 -0.961940
v 0.019122 0.995185 -0.096134
v 0.194151 0.098017 -0.976062
v 0.038060 0.980785 -0.191342
v 0.195090 0.000000 -0.980785
v 0.056632 0.956940 -0.284707
v 0.074658 0.923880 -0.375330
v 0.091965 0.881921 -0.462339
v 0.108387 0.831470 -0.544895
v 0.123764 0.773010 -0.622204
v 0.137950 0.707107 -0.693520
v 0.150807 0.634393 -0.758157
v 0.162212 0.555570 -0.815493
v 0.172054 0.471397 -0.864975
v 0.284707 0.195090 -0.938553
v 0.288887 0.098017 -0.952332
v 0.028453 0.995185 -0.093797
v 0.056632 0.980785 -0.186690
v 0.290285 0.000000 -0.956940
v 0.084265 0.956940 -0.277785
v 0.111087 0.923880 -0.366205
v 0.136839 0.881921 -0.451099
v 0.161274 0.831470 -0.531648
v 0.184155 0.773010 -0.607076
v 0.205262 0.707107 -0.676659
v 0.224393 0.634393 -0.739725
v 0.241363 0.555570 -0.795667
v 0.256008 0.471397 -0.843946
v 0.268188 0.382683 -0.884098
v 0.277785 0.290285 -0.915735
v 0.382684 0.000000 -0.923880
v 0.111087 0.956940 -0.268188
v 0.146447 0.923880 -0.353553
v 0.180396 0.881921 -0.435514
v 0.212608 0.831470 -0.513280
v 0.242772 0.773010 -0.586103
v 0.270598 0.707107 -0.653281
v 0.295819 0.634393 -0.714168
v 0.318190 0.555570 -0.768178
v 0.337497 0.471397 -0.814789
v 0.353554 0.382683 -0.853553
v 0.366206 0.290285 -0.884098
v 0.375331 0.195090 -0.906127
v 0.037510 0.995185 -0.090556
v 0.380841 0.098017 -0.919431
v 0.074658 0.980785 -0.180240
v 0.222215 0.881921 -0.415735
v 0.261894 0.831470 -0.489969
v 0.299051 0.773010 -0.559485
v 0.333328 0.707107 -0.623612
v 0.364395 0.634393 -0.681735
v 0.391952 0.555570 -0.733291
v 0.415735 0.471397 -0.777785
v 0.435514 0.382683 -0.814789
v 0.451099 0.290285 -0.843946
v 0.462339 0.195090 -0.864975
v 0.046205 0.995185 -0.086443
v 0.469127 0.098017 -0.877674
v 0.091965 0.980785 -0.172054
v 0.471397 0.000000 -0.881921
v 0.136840 0.956940 -0.256008
v 0.180396 0.923880 -0.337497
v 0.352450 0.773010 -0.527479
v 0.392848 0.707107 -0.587938
v 0.429462 0.634393 -0.642735
v 0.461940 0.555570 -0.691342
v 0.489970 0.471397 -0.733290
v 0.513279 0.382683 -0.768178
v 0.531648 0.290285 -0.795667
v 0.544896 0.195090 -0.815493
v 0.054456 0.995185 -0.081498
v 0.552895 0.098017 -0.827466
v 0.108387 0.980785 -0.162212
v 0.555571 0.000000 -0.831470
v 0.161274 0.956940 -0.241363
v 0.212608 0.923880 -0.318190
v 0.261894 0.881921 -0.391952
v 0.308659 0.831470 -0.461940
v 0.490393 0.634393 -0.597546
v 0.527479 0.555570 -0.642735
v 0.559485 0.471397 -0.681735
v 0.586103 0.382683 -0.714168
v 0.607077 0.290285 -0.739725
v 0.622204 0.195090 -0.758157
v 0.062182 0.995185 -0.075768
v 0.631339 0.098017 -0.769288
v 0.123765 0.980785 -0.150807
v 0.634394 0.000000 -0.773010
v 0.184155 0.956940 -0.224393
v 0.242772 0.923880 -0.295818
v 0.299051 0.881921 -0.364394
v 0.352451 0.831470 -0.429461
v 0.402455 0.773010 -0.490392
v 0.448584 0.707107 -0.546601
v 0.623613 0.471397 -0.623612
v 0.653282 0.382683 -0.653281
v 0.676660 0.290285 -0.676659
v 0.693520 0.195090 -0.693520
v 0.069309 0.995185 -0.069308
v 0.703701 0.098017 -0.703702
v 0.137950 0.980785 -0.137949
v 0.707107 0.000000 -0.707107
v 0.205263 0.956940 -0.205262
v 0.270599 0.923880 -0.270598
v 0.333328 0.881921 -0.333328
v 0.392848 0.831470 -0.392847
v 0.448584 0.773010 -0.448584
v 0.500001 0.707107 -0.500000
v 0.546601 0.634393 -0.546601
v 0.587938 0.555570 -0.587938
v 0.739726 0.290285 -0.607076
v 0.758158 0.195090 -0.622203
v 0.075769 0.995185 -0.062181
v 0.769289 0.098017 -0.631338
v 0.150807 0.980785 -0.123764
v 0.773011 0.000000 -0.634393
v 0.224394 0.956940 -0.184154
v 0.295819 0.923880 -0.242771
v 0.364395 0.881921 -0.299051
v 0.429462 0.831470 -0.352450
v 0.490393 0.773010 -0.402455
v 0.546602 0.707107 -0.448583
v 0.597546 0.634393 -0.490392
v 0.642735 0.555570 -0.527478
v 0.681735 0.471397 -0.559485
v 0.714169 0.382683 -0.586103
v 0.081499 0.995185 -0.054455
v 0.162212 0.980785 -0.108386
v 0.827466 0.098017 -0.552895
v 0.831470 0.000000 -0.555570
v 0.241364 0.956940 -0.161273
v 0.318190 0.923880 -0.212607
v 0.391953 0.881921 -0.261894
v 0.461940 0.831470 -0.308658
v 0.527479 0.773010 -0.352450
v 0.587938 0.707107 -0.392847
v 0.642735 0.634393 -0.429461
v 0.691342 0.555570 -0.461939
v 0.733290 0.471397 -0.489969
v 0.768178 0.382683 -0.513279
v 0.795668 0.290285 -0.531648
v 0.815494 0.195090 -0.544895
v 0.256009 0.956940 -0.136839
v 0.337497 0.923880 -0.180395
v 0.415736 0.881921 -0.222214
v 0.489970 0.831470 -0.261894
v 0.559485 0.773010 -0.299051
v 0.623613 0.707107 -0.333327
v 0.681735 0.634393 -0.364394
v 0.733290 0.555570 -0.391952
v 0.777786 0.471397 -0.415734
v 0.814789 0.382683 -0.435513
v 0.843947 0.290285 -0.451098
v 0.864976 0.195090 -0.462339
v 0.086444 0.995185 -0.046204
v 0.877675 0.098017 -0.469126
v 0.172055 0.980785 -0.091965
v 0.881922 0.000000 -0.471396
v 0.435515 0.881921 -0.180395
v 0.513281 0.831470 -0.212607
v 0.586103 0.773010 -0.242771
v 0.653282 0.707107 -0.270598
v 0.714169 0.634393 -0.295818
v 0.768178 0.555570 -0.318189
v 0.814790 0.471397 -0.337496
v 0.853554 0.382683 -0.353553
v 0.884098 0.290285 -0.366205
v 0.906128 0.195090 -0.375330
v 0.090557 0.995185 -0.037509
v 0.919430 0.098017 -0.380840
v 0.180241 0.980785 -0.074657
v 0.923880 0.000000 -0.382683
v 0.268189 0.956940 -0.111087
v 0.353554 0.923880 -0.146446
v 0.607077 0.773010 -0.184154
v 0.676660 0.707107 -0.205262
v 0.739726 0.634393 -0.224393
v 0.795667 0.555570 -0.241362
v 0.843947 0.471397 -0.256008
v 0.884098 0.382683 -0.268187
v 0.915736 0.290285 -0.277785
v 0.938554 0.195090 -0.284707
v 0.093797 0.995185 -0.028452
v 0.952332 0.098017 -0.288886
v 0.186691 0.980785 -0.056631
v 0.956941 0.000000 -0.290284
v 0.277786 0.956940 -0.084265
v 0.366206 0.923880 -0.111087
v 0.451099 0.881921 -0.136839
v 0.531648 0.831470 -0.161273
v 0.758158 0.634393 -0.150806
v 0.815494 0.555570 -0.162211
v 0.864976 0.471397 -0.172054
v 0.906128 0.382683 -0.180239
v 0.938554 0.290285 -0.186689
v 0.961940 0.195090 -0.191341
v 0.096135 0.995185 -0.019122
v 0.976063 0.098017 -0.194150
v 0.191343 0.980785 -0.038060
v 0.980786 0.000000 -0.195090
v 0.284708 0.956940 -0.056631
v 0.375331 0.923880 -0.074657
v 0.462340 0.881921 -0.091964
v 0.544896 0.831470 -0.108386
v 0.622204 0.773010 -0.123763
v 0.693521 0.707107 -0.137949
v 0.877675 0.471397 -0.086443
v 0.919430 0.382683 -0.090555
v 0.952332 0.290285 -0.093796
v 0.976063 0.195090 -0.096133
v 0.097546 0.995185 -0.009607
v 0.990393 0.098017 -0.097544
v 0.194152 0.980785 -0.019121
v 0.995185 0.000000 -0.098017
v 0.288888 0.956940 -0.028452
v 0.380842 0.923880 -0.037509
v 0.469128 0.881921 -0.046204
v 0.552896 0.831470 -0.054455
v 0.631339 0.773010 -0.062181
v 0.703703 0.707107 -0.069308
v 0.769289 0.634393 -0.075768
v 0.827466 0.555570 -0.081498
v 0.956941 0.290285 0.000001
v 0.980786 0.195090 0.000001
v 0.098018 0.995185 0.000001
v 0.995185 0.098017 0.000001
v 0.195091 0.980785 0.000001
v 1.000000 -0.000000 0.000001
v 0.290286 0.956940 0.000001
v 0.382684 0.923880 0.000001
v 0.471398 0.881921 0.000001
v 0.555571 0.831470 0.000001
v 0.634394 0.773010 0.000001
v 0.707107 0.707107 0.000001
v 0.773011 0.634393 0.000001
v 0.831470 0.555570 0.000001
v 0.881922 0.471397 0.000001
v 0.923880 0.382683 0.000001
v 0.990393 0.098017 0.097546
v 0.995185 -0.000000 0.098018
v 0.194152 0.980785 0.019123
v 0.288888 0.956940 0.028454
v 0.380842 0.923880 0.037510
v 0.469128 0.881921 0.046206
v 0.552896 0.831470 0.054456
v 0.631339 0.773010 0.062182
v 0.703703 0.707107 0.069309
v 0.769289 0.634393 0.075769
v 0.827466 0.555570 0.081499
v 0.877675 0.471397 0.086444
v 0.919430 0.382683 0.090557
v 0.952332 0.290285 0.093797
v 0.976063 0.195090 0.096134
v 0.097546 0.995185 0.009608
v 0.375331 0.923880 0.074659
v 0.462340 0.881921 0.091966
v 0.544896 0.831470 0.108387
v 0.622204 0.773010 0.123765
v 0.693521 0.707107 0.137951
v 0.758158 0.634393 0.150808
v 0.815494 0.555570 0.162213
v 0.864976 0.471397 0.172055
v 0.906128 0.382683 0.180241
v 0.938554 0.290285 0.186691
v 0.961940 0.195090 0.191343
v 0.096135 0.995185 0.019123
v 0.976063 0.098017 0.194152
v 0.191343 0.980785 0.038061
v 0.980786 -0.000000 0.195091
v 0.284708 0.956940 0.056633
v 0.531648 0.831470 0.161275
v 0.607077 0.773010 0.184156
v 0.676660 0.707107 0.205263
v 0.739725 0.634393 0.224394
v 0.795667 0.555570 0.241364
v 0.843946 0.471397 0.256009
v 0.884098 0.382683 0.268189
v 0.915735 0.290285 0.277786
v 0.938554 0.195090 0.284708
v 0.093797 0.995185 0.028454
v 0.952332 0.098017 0.288888
v 0.186691 0.980785 0.056633
v 0.956941 -0.000000 0.290286
v 0.277786 0.956940 0.084266
v 0.366206 0.923880 0.111088
v 0.451099 0.881921 0.136840
v 0.653282 0.707107 0.270599
v 0.714169 0.634393 0.295819
v 0.768178 0.555570 0.318191
v 0.814789 0.471397 0.337498
v 0.853554 0.382683 0.353554
v 0.884098 0.290285 0.366206
v 0.906128 0.195090 0.375331
v 0.090557 0.995185 0.037511
v 0.919430 0.098017 0.380842
v 0.180241 0.980785 0.074659
v 0.923880 -0.000000 0.382684
v 0.268189 0.956940 0.111088
v 0.353554 0.923880 0.146448
v 0.435515 0.881921 0.180397
v 0.513281 0.831470 0.212609
v 0.586103 0.773010 0.242773
v 0.733290 0.555570 0.391953
v 0.777785 0.471397 0.415736
v 0.814789 0.382683 0.435515
v 0.843947 0.290285 0.451100
v 0.864976 0.195090 0.462340
v 0.086444 0.995185 0.046206
v 0.877675 0.098017 0.469128
v 0.172055 0.980785 0.091966
v 0.881922 -0.000000 0.471398
v 0.256009 0.956940 0.136841
v 0.337497 0.923880 0.180397
v 0.415736 0.881921 0.222216
v 0.489970 0.831470 0.261895
v 0.559485 0.773010 0.299052
v 0.623613 0.707107 0.333329
v 0.681735 0.634393 0.364396
v 0.768178 0.382683 0.513281
v 0.795667 0.290285 0.531649
v 0.815494 0.195090 0.544896
v 0.081499 0.995185 0.054457
v 0.827466 0.098017 0.552896
v 0.162212 0.980785 0.108388
v 0.831470 -0.000000 0.555571
v 0.241364 0.956940 0.161275
v 0.318190 0.923880 0.212609
v 0.391953 0.881921 0.261895
v 0.461940 0.831470 0.308659
v 0.527479 0.773010 0.352451
v 0.587938 0.707107 0.392849
v 0.642735 0.634393 0.429463
v 0.691342 0.555570 0.461941
v 0.733290 0.471397 0.489970
v 0.758158 0.195090 0.622205
v 0.769288 0.098017 0.631339
v 0.075769 0.995185 0.062183
v 0.150807 0.980785 0.123765
v 0.773011 -0.000000 0.634394
v 0.224394 0.956940 0.184156
v 0.295819 0.923880 0.242773
v 0.364395 0.881921 0.299052
v 0.429462 0.831470 0.352451
v 0.490393 0.773010 0.402456
v 0.546601 0.707107 0.448585
v 0.597546 0.634393 0.490394
v 0.642735 0.555570 0.527480
v 0.681735 0.471397 0.559485
v 0.714169 0.382683 0.586103
v 0.739725 0.290285 0.607078
v 0.707107 -0.000000 0.707108
v 0.205263 0.956940 0.205264
v 0.270599 0.923880 0.270599
v 0.333328 0.881921 0.333329
v 0.392848 0.831470 0.392849
v 0.448584 0.773010 0.448585
v 0.500000 0.707107 0.500001
v 0.546601 0.634393 0.546602
v 0.587938 0.555570 0.587939
v 0.623613 0.471397 0.623614
v 0.653282 0.382683 0.653282
v 0.676659 0.290285 0.676660
v 0.693520 0.195090 0.693521
v 0.069309 0.995185 0.069310
v 0.703701 0.098017 0.703703
v 0.137950 0.980785 0.137951
v 0.299051 0.881921 0.364396
v 0.352451 0.831470 0.429463
v 0.402455 0.773010 0.490394
v 0.448584 0.707107 0.546602
v 0.490393 0.634393 0.597546
v 0.527479 0.555570 0.642736
v 0.559485 0.471397 0.681735
v 0.586103 0.382683 0.714170
v 0.607077 0.290285 0.739726
v 0.622204 0.195090 0.758158
v 0.062182 0.995185 0.075770
v 0.631339 0.098017 0.769289
v 0.123764 0.980785 0.150808
v 0.634394 -0.000000 0.773012
v 0.184155 0.956940 0.224395
v 0.242772 0.923880 0.295820
v 0.352450 0.773010 0.527480
v 0.392848 0.707107 0.587939
v 0.429462 0.634393 0.642736
v 0.461940 0.555570 0.691343
v 0.489969 0.471397 0.733292
v 0.513279 0.382683 0.768179
v 0.531648 0.290285 0.795668
v 0.544896 0.195090 0.815494
v 0.054456 0.995185 0.081500
v 0.552895 0.098017 0.827467
v 0.108387 0.980785 0.162213
v 0.555570 -0.000000 0.831471
v 0.161274 0.956940 0.241364
v 0.212608 0.923880 0.318191
v 0.261894 0.881921 0.391954
v 0.308659 0.831470 0.461941
v 0.333328 0.707107 0.623614
v 0.364395 0.634393 0.681736
v 0.391952 0.555570 0.733292
v 0.415735 0.471397 0.777786
v 0.435514 0.382683 0.814790
v 0.451099 0.290285 0.843947
v 0.462339 0.195090 0.864977
v 0.046205 0.995185 0.086445
v 0.469127 0.098017 0.877675
v 0.091965 0.980785 0.172056
v 0.471397 -0.000000 0.881922
v 0.136840 0.956940 0.256010
v 0.180396 0.923880 0.337498
v 0.222215 0.881921 0.415736
v 0.261894 0.831470 0.489971
v 0.299051 0.773010 0.559485
v 0.318190 0.555570 0.768179
v 0.337497 0.471397 0.814790
v 0.353554 0.382683 0.853554
v 0.366205 0.290285 0.884099
v 0.375331 0.195090 0.906129
v 0.037510 0.995185 0.090558
v 0.380841 0.098017 0.919432
v 0.074658 0.980785 0.180241
v 0.382684 -0.000000 0.923881
v 0.111088 0.956940 0.268190
v 0.146447 0.923880 0.353555
v 0.180396 0.881921 0.435515
v 0.212608 0.831470 0.513281
v 0.242772 0.773010 0.586103
v 0.270598 0.707107 0.653283
v 0.295818 0.634393 0.714170
v 0.268188 0.382683 0.884099
v 0.277785 0.290285 0.915736
v 0.284707 0.195090 0.938554
v 0.028453 0.995185 0.093798
v 0.288887 0.098017 0.952332
v 0.056632 0.980785 0.186691
v 0.290285 -0.000000 0.956941
v 0.084266 0.956940 0.277787
v 0.111087 0.923880 0.366207
v 0.136840 0.881921 0.451100
v 0.161274 0.831470 0.531649
v 0.184155 0.773010 0.607078
v 0.205262 0.707107 0.676660
v 0.224393 0.634393 0.739726
v 0.241363 0.555570 0.795668
v 0.256008 0.471397 0.843947
v 0.191342 0.195090 0.961941
v 0.194151 0.098017 0.976063
v 0.019122 0.995185 0.096135
v 0.038060 0.980785 0.191343
v 0.195090 -0.000000 0.980786
v 0.056632 0.956940 0.284709
v 0.074658 0.923880 0.375332
v 0.091965 0.881921 0.462341
v 0.108387 0.831470 0.544897
v 0.123764 0.773010 0.622205
v 0.137950 0.707107 0.693521
v 0.150807 0.634393 0.758158
v 0.162212 0.555570 0.815494
v 0.172054 0.471397 0.864977
v 0.180240 0.382683 0.906128
v 0.186690 0.290285 0.938554
v 0.098017 -0.000000 0.995185
v 0.028453 0.956940 0.288889
v 0.037510 0.923880 0.380842
v 0.046205 0.881921 0.469128
v 0.054456 0.831470 0.552896
v 0.062181 0.773010 0.631340
v 0.069309 0.707107 0.703703
v 0.075768 0.634393 0.769289
v 0.081498 0.555570 0.827467
v 0.086443 0.471397 0.877676
v 0.090556 0.382683 0.919432
v 0.093797 0.290285 0.952334
v 0.096134 0.195090 0.976064
v 0.009607 0.995185 0.097547
v 0.097545 0.098017 0.990394
v 0.019122 0.980785 0.194152
v 0.000000 0.881921 0.471398
v 0.000000 0.831470 0.555571
v 0.000000 0.773010 0.634395
v 0.000000 0.707107 0.707108
v 0.000000 0.634393 0.773012
v 0.000000 0.555570 0.831471
v 0.000000 0.471397 0.881922
v 0.000000 0.382683 0.923881
v 0.000000 0.290285 0.956941
v 0.000000 0.195090 0.980787
v 0.000000 0.995185 0.098019
v 0.000000 0.098017 0.995185
v 0.000000 0.980785 0.195092
v 0.000000 -0.000000 1.000000
v 0.000000 0.956940 0.290286
v 0.000000 0.923880 0.382685
v -0.062181 0.773010 0.631340
v -0.069309 0.707107 0.703703
v -0.075768 0.634393 0.769289
v -0.081498 0.555570 0.827467
v -0.086443 0.471397 0.877676
v -0.090556 0.382683 0.919432
v -0.093797 0.290285 0.952334
v -0.096134 0.195090 0.976064
v -0.009607 0.995185 0.097547
v -0.097545 0.098017 0.990394
v -0.019122 0.980785 0.194152
v -0.098017 -0.000000 0.995185
v -0.028453 0.956940 0.288889
v -0.037510 0.923880 0.380842
v -0.046205 0.881921 0.469128
v -0.054455 0.831470 0.552896
v -0.150807 0.634393 0.758158
v -0.162212 0.555570 0.815494
v -0.172054 0.471397 0.864976
v -0.180240 0.382683 0.906128
v -0.186690 0.290285 0.938554
v -0.191342 0.195090 0.961941
v -0.019122 0.995185 0.096135
v -0.194151 0.098017 0.976063
v -0.038060 0.980785 0.191343
v -0.195090 -0.000000 0.980786
v -0.056632 0.956940 0.284709
v -0.074658 0.923880 0.375332
v -0.091965 0.881921 0.462341
v -0.108386 0.831470 0.544897
v -0.123764 0.773010 0.622205
v -0.137950 0.707107 0.693521
v -0.256008 0.471397 0.843947
v -0.268188 0.382683 0.884099
v -0.277785 0.290285 0.915736
v -0.284707 0.195090 0.938554
v -0.028453 0.995185 0.093798
v -0.288887 0.098017 0.952332
v -0.056632 0.980785 0.186691
v -0.290285 -0.000000 0.956941
v -0.084265 0.956940 0.277787
v -0.111087 0.923880 0.366207
v -0.136839 0.881921 0.451100
v -0.161274 0.831470 0.531649
v -0.184155 0.773010 0.607078
v -0.205262 0.707107 0.676660
v -0.224393 0.634393 0.739726
v -0.241363 0.555570 0.795668
v -0.366205 0.290285 0.884099
v -0.375330 0.195090 0.906129
v -0.037510 0.995185 0.090558
v -0.380841 0.098017 0.919432
v -0.074658 0.980785 0.180241
v -0.382683 -0.000000 0.923881
v -0.111087 0.956940 0.268190
v -0.146447 0.923880 0.353555
v -0.180396 0.881921 0.435515
v -0.212608 0.831470 0.513281
v -0.242772 0.773010 0.586103
v -0.270598 0.707107 0.653283
v -0.295818 0.634393 0.714170
v -0.318190 0.555570 0.768179
v -0.337497 0.471397 0.814790
v -0.353553 0.382683 0.853554
v -0.046205 0.995185 0.086445
v -0.091965 0.980785 0.172056
v -0.469127 0.098017 0.877675
v -0.471397 -0.000000 0.881922
v -0.136840 0.956940 0.256010
v -0.180396 0.923880 0.337498
v -0.222215 0.881921 0.415736
v -0.261894 0.831470 0.489971
v -0.299051 0.773010 0.559485
v -0.333328 0.707107 0.623614
v -0.364395 0.634393 0.681735
v -0.391952 0.555570 0.733292
v -0.415735 0.471397 0.777786
v -0.435514 0.382683 0.814790
v -0.451099 0.290285 0.843947
v -0.462339 0.195090 0.864977
v -0.161274 0.956940 0.241364
v -0.212608 0.923880 0.318191
v -0.261894 0.881921 0.391953
v -0.308659 0.831470 0.461941
v -0.352450 0.773010 0.527480
v -0.392848 0.707107 0.587939
v -0.429462 0.634393 0.642736
v -0.461940 0.555570 0.691343
v -0.489969 0.471397 0.733292
v -0.513280 0.382683 0.768179
v -0.531648 0.290285 0.795668
v -0.544895 0.195090 0.815494
v -0.054456 0.995185 0.081500
v -0.552895 0.098017 0.827467
v -0.108387 0.980785 0.162213
v -0.555570 -0.000000 0.831471
v -0.299051 0.881921 0.364396
v -0.352450 0.831470 0.429463
v -0.402455 0.773010 0.490394
v -0.448584 0.707107 0.546602
v -0.490393 0.634393 0.597546
v -0.527479 0.555570 0.642736
v -0.559485 0.471397 0.681735
v -0.586103 0.382683 0.714169
v -0.607077 0.290285 0.739726
v -0.622204 0.195090 0.758159
v -0.062182 0.995185 0.075770
v -0.631338 0.098017 0.769289
v -0.123764 0.980785 0.150808
v -0.634393 -0.000000 0.773011
v -0.184155 0.956940 0.224395
v -0.242772 0.923880 0.295820
v -0.448584 0.773010 0.448585
v -0.500000 0.707107 0.500001
v -0.546601 0.634393 0.546602
v -0.587938 0.555570 0.587939
v -0.623613 0.471397 0.623614
v -0.653282 0.382683 0.653282
v -0.676659 0.290285 0.676660
v -0.693520 0.195090 0.693521
v -0.069309 0.995185 0.069310
v -0.703702 0.098017 0.703703
v -0.137950 0.980785 0.137951
v -0.707107 -0.000000 0.707108
v -0.205263 0.956940 0.205264
v -0.270599 0.923880 0.270599
v -0.333328 0.881921 0.333329
v -0.392848 0.831470 0.392849
v -0.597546 0.634393 0.490394
v -0.642735 0.555570 0.527480
v -0.681735 0.471397 0.559485
v -0.714170 0.382683 0.586103
v -0.739725 0.290285 0.607077
v -0.758159 0.195090 0.622205
v -0.075769 0.995185 0.062183
v -0.769288 0.098017 0.631339
v -0.150807 0.980785 0.123765
v -0.773012 -0.000000 0.634394
v -0.224394 0.956940 0.184156
v -0.295819 0.923880 0.242773
v -0.364395 0.881921 0.299052
v -0.429462 0.831470 0.352451
v -0.490393 0.773010 0.402456
v -0.546601 0.707107 0.448585
v -0.733291 0.471397 0.489970
v -0.768178 0.382683 0.513281
v -0.795667 0.290285 0.531648
v -0.815494 0.195090 0.544896
v -0.081499 0.995185 0.054457
v -0.827466 0.098017 0.552896
v -0.162212 0.980785 0.108388
v -0.831470 -0.000000 0.555571
v -0.241364 0.956940 0.161275
v -0.318190 0.923880 0.212609
v -0.391953 0.881921 0.261895
v -0.461940 0.831470 0.308659
v -0.527479 0.773010 0.352451
v -0.587938 0.707107 0.392849
v -0.642735 0.634393 0.429463
v -0.691342 0.555570 0.461941
v -0.843946 0.290285 0.451099
v -0.864976 0.195090 0.462340
v -0.086444 0.995185 0.046206
v -0.877675 0.098017 0.469128
v -0.172055 0.980785 0.091966
v -0.881922 -0.000000 0.471398
v -0.256009 0.956940 0.136840
v -0.337497 0.923880 0.180397
v -0.415735 0.881921 0.222216
v -0.489970 0.831470 0.261895
v -0.559485 0.773010 0.299052
v -0.623613 0.707107 0.333329
v -0.681735 0.634393 0.364396
v -0.733291 0.555570 0.391953
v -0.777785 0.471397 0.415736
v -0.814789 0.382683 0.435515
v -0.919431 0.098017 0.380841
v -0.923880 -0.000000 0.382684
v -0.180241 0.980785 0.074659
v -0.268189 0.956940 0.111088
v -0.353554 0.923880 0.146448
v -0.435514 0.881921 0.180397
v -0.513281 0.831470 0.212609
v -0.586103 0.773010 0.242773
v -0.653282 0.707107 0.270599
v -0.714170 0.634393 0.295819
v -0.768178 0.555570 0.318190
v -0.814789 0.471397 0.337498
v -0.853553 0.382683 0.353554
v -0.884098 0.290285 0.366206
v -0.906128 0.195090 0.375331
v -0.090557 0.995185 0.037511
v -0.366206 0.923880 0.111088
v -0.451099 0.881921 0.136840
v -0.531648 0.831470 0.161275
v -0.607077 0.773010 0.184155
v -0.676660 0.707107 0.205263
v -0.739725 0.634393 0.224394
v -0.795667 0.555570 0.241364
v -0.843946 0.471397 0.256009
v -0.884098 0.382683 0.268189
v -0.915735 0.290285 0.277786
v -0.938554 0.195090 0.284708
v -0.093797 0.995185 0.028454
v -0.952332 0.098017 0.288888
v -0.186691 0.980785 0.056633
v -0.956941 -0.000000 0.290285
v -0.277786 0.956940 0.084266
v -0.544896 0.831470 0.108387
v -0.622204 0.773010 0.123765
v -0.693520 0.707107 0.137951
v -0.758159 0.634393 0.150808
v -0.815493 0.555570 0.162212
v -0.864976 0.471397 0.172055
v -0.906127 0.382683 0.180241
v -0.938553 0.290285 0.186690
v -0.961940 0.195090 0.191343
v -0.096135 0.995185 0.019123
v -0.976063 0.098017 0.194152
v -0.191342 0.980785 0.038061
v -0.980787 -0.000000 0.195091
v -0.284708 0.956940 0.056633
v -0.375331 0.923880 0.074659
v -0.462340 0.881921 0.091966
v -0.703702 0.707107 0.069309
v -0.769289 0.634393 0.075769
v -0.827466 0.555570 0.081499
v -0.877675 0.471397 0.086444
v -0.919431 0.382683 0.090557
v -0.952333 0.290285 0.093797
v -0.976063 0.195090 0.096135
v -0.097546 0.995185 0.009608
v -0.990393 0.098017 0.097546
v -0.194152 0.980785 0.019123
v -0.995185 -0.000000 0.098018
v -0.288888 0.956940 0.028454
v -0.380841 0.923880 0.037510
v -0.469127 0.881921 0.046206
v -0.552896 0.831470 0.054456
v -0.631339 0.773010 0.062182
v -0.831470 0.555570 0.000001
v -0.881922 0.471397 0.000001
v -0.923880 0.382683 0.000001
v -0.956941 0.290285 0.000001
v -0.980787 0.195090 0.000001
v -0.098018 0.995185 0.000001
v -0.995185 0.098017 0.000001
v -0.195091 0.980785 0.000001
v -1.000000 -0.000000 0.000001
v -0.290286 0.956940 0.000001
v -0.382684 0.923880 0.000001
v -0.471397 0.881921 0.000001
v -0.555571 0.831470 0.000001
v -0.634394 0.773010 0.000001
v -0.707107 0.707107 0.000001
v -0.773012 0.634393 0.000001
v -0.919431 0.382683 -0.090555
v -0.952333 0.290285 -0.093796
v -0.976063 0.195090 -0.096133
v -0.097546 0.995185 -0.009607
v -0.990393 0.098017 -0.097545
v -0.194152 0.980785 -0.019121
v -0.995185 0.000000 -0.098016
v -0.288888 0.956940 -0.028452
v -0.380841 0.923880 -0.037509
v -0.469127 0.881921 -0.046204
v -0.552896 0.831470 -0.054455
v -0.631339 0.773010 -0.062181
v -0.703702 0.707107 -0.069308
v -0.769289 0.634393 -0.075768
v -0.827466 0.555570 -0.081498
v -0.877675 0.471397 -0.086443
v -0.961940 0.195090 -0.191341
v -0.976062 0.098017 -0.194150
v -0.096135 0.995185 -0.019122
v -0.191342 0.980785 -0.038060
v -0.980785 0.000000 -0.195090
v -0.284708 0.956940 -0.056631
v -0.375331 0.923880 -0.074657
v -0.462340 0.881921 -0.091964
v -0.544896 0.831470 -0.108386
v -0.622204 0.773010 -0.123763
v -0.693520 0.707107 -0.137949
v -0.758159 0.634393 -0.150806
v -0.815493 0.555570 -0.162211
v -0.864976 0.471397 -0.172054
v -0.906128 0.382683 -0.180239
v -0.938553 0.290285 -0.186689
v -0.956941 0.000000 -0.290284
v -0.277786 0.956940 -0.084265
v -0.366206 0.923880 -0.111086
v -0.451099 0.881921 -0.136839
v -0.531648 0.831470 -0.161273
v -0.607077 0.773010 -0.184154
v -0.676660 0.707107 -0.205262
v -0.739725 0.634393 -0.224392
v -0.795667 0.555570 -0.241362
v -0.843946 0.471397 -0.256008
v -0.884098 0.382683 -0.268187
v -0.915735 0.290285 -0.277785
v -0.938554 0.195090 -0.284706
v -0.093797 0.995185 -0.028452
v -0.952332 0.098017 -0.288886
v -0.186691 0.980785 -0.056631
v -0.714170 0.634393 -0.295818
v -0.768178 0.555570 -0.318189
v -0.814789 0.471397 -0.337496
v -0.853554 0.382683 -0.353553
v -0.884098 0.290285 -0.366205
v -0.906128 0.195090 -0.375330
v -0.090557 0.995185 -0.037509
v -0.919431 0.098017 -0.380840
v -0.180241 0.980785 -0.074657
v -0.923880 0.000000 -0.382683
v -0.268189 0.956940 -0.111087
v -0.353554 0.923880 -0.146446
v -0.435514 0.881921 -0.180395
v -0.513281 0.831470 -0.212607
v -0.586103 0.773010 -0.242771
v -0.653282 0.707107 -0.270598
v -0.777785 0.471397 -0.415734
v -0.814789 0.382683 -0.435513
v -0.843946 0.290285 -0.451098
v -0.864976 0.195090 -0.462338
v -0.086444 0.995185 -0.046205
v -0.877675 0.098017 -0.469126
v -0.172055 0.980785 -0.091965
v -0.881921 0.000000 -0.471396
v -0.256009 0.956940 -0.136839
v -0.337497 0.923880 -0.180395
v -0.415735 0.881921 -0.222214
v -0.489970 0.831470 -0.261894
v -0.559485 0.773010 -0.299050
v -0.623613 0.707107 -0.333327
v -0.681735 0.634393 -0.364394
v -0.733291 0.555570 -0.391951
v -0.795667 0.290285 -0.531648
v -0.815494 0.195090 -0.544895
v -0.081499 0.995185 -0.054455
v -0.827466 0.098017 -0.552894
v -0.162212 0.980785 -0.108386
v -0.831470 0.000000 -0.555570
v -0.241364 0.956940 -0.161273
v -0.318190 0.923880 -0.212607
v -0.391952 0.881921 -0.261893
v -0.461940 0.831470 -0.308658
v -0.527479 0.773010 -0.352449
v -0.587938 0.707107 -0.392847
v -0.642735 0.634393 -0.429461
v -0.691342 0.555570 -0.461939
v -0.733291 0.471397 -0.489969
v -0.768178 0.382683 -0.513279
v -0.769288 0.098017 -0.631338
v -0.773012 0.000000 -0.634393
v -0.150807 0.980785 -0.123764
v -0.224394 0.956940 -0.184154
v -0.295819 0.923880 -0.242771
v -0.364395 0.881921 -0.299050
v -0.429462 0.831470 -0.352450
v -0.490393 0.773010 -0.402454
v -0.546601 0.707107 -0.448583
v -0.597546 0.634393 -0.490392
v -0.642735 0.555570 -0.527478
v -0.681735 0.471397 -0.559484
v -0.714170 0.382683 -0.586102
v -0.739725 0.290285 -0.607076
v -0.758159 0.195090 -0.622203
v -0.075769 0.995185 -0.062181
v -0.270598 0.923880 -0.270598
v -0.333328 0.881921 -0.333327
v -0.392848 0.831470 -0.392847
v -0.448584 0.773010 -0.448583
v -0.500000 0.707107 -0.500000
v -0.546601 0.634393 -0.546600
v -0.587938 0.555570 -0.587937
v -0.623613 0.471397 -0.623612
v -0.653282 0.382683 -0.653281
v -0.676659 0.290285 -0.676659
v -0.693521 0.195090 -0.693520
v -0.069309 0.995185 -0.069308
v -0.703702 0.098017 -0.703701
v -0.137950 0.980785 -0.137949
v -0.707107 0.000000 -0.707106
v -0.205263 0.956940 -0.205262
v -0.352451 0.831470 -0.429461
v -0.402455 0.773010 -0.490392
v -0.448584 0.707107 -0.546601
v -0.490393 0.634393 -0.597546
v -0.527479 0.555570 -0.642734
v -0.559485 0.471397 -0.681735
v -0.586103 0.382683 -0.714168
v -0.607077 0.290285 -0.739725
v -0.622204 0.195090 -0.758157
v -0.062182 0.995185 -0.075768
v -0.631339 0.098017 -0.769288
v -0.123764 0.980785 -0.150807
v -0.634393 0.000000 -0.773010
v -0.184155 0.956940 -0.224393
v -0.242772 0.923880 -0.295818
v -0.299051 0.881921 -0.364394
v -0.392848 0.707107 -0.587938
v -0.429462 0.634393 -0.642734
v -0.461940 0.555570 -0.691341
v -0.489969 0.471397 -0.733290
v -0.513280 0.382683 -0.768177
v -0.531648 0.290285 -0.795666
v -0.544896 0.195090 -0.815493
v -0.054456 0.995185 -0.081498
v -0.552895 0.098017 -0.827465
v -0.108387 0.980785 -0.162211
v -0.555570 0.000000 -0.831469
v -0.161274 0.956940 -0.241363
v -0.212608 0.923880 -0.318189
v -0.261894 0.881921 -0.391952
v -0.308659 0.831470 -0.461940
v -0.352450 0.773010 -0.527478
v -0.391952 0.555570 -0.733290
v -0.415735 0.471397 -0.777785
v -0.435514 0.382683 -0.814788
v -0.451099 0.290285 -0.843946
v -0.462340 0.195090 -0.864975
v -0.046205 0.995185 -0.086443
v -0.469127 0.098017 -0.877674
v -0.091965 0.980785 -0.172054
v -0.471397 0.000000 -0.881921
v -0.136840 0.956940 -0.256008
v -0.180396 0.923880 -0.337496
v -0.222215 0.881921 -0.415734
v -0.261894 0.831470 -0.489969
v -0.299051 0.773010 -0.559484
v -0.333328 0.707107 -0.623612
v -0.364395 0.634393 -0.681735
v -0.353553 0.382683 -0.853553
v -0.366205 0.290285 -0.884097
v -0.375331 0.195090 -0.906127
v -0.037510 0.995185 -0.090556
v -0.380841 0.098017 -0.919430
v -0.074658 0.980785 -0.180240
v -0.382684 0.000000 -0.923880
v -0.111087 0.956940 -0.268188
v -0.146447 0.923880 -0.353553
v -0.180396 0.881921 -0.435513
v -0.212608 0.831470 -0.513280
v -0.242772 0.773010 -0.586103
v -0.270598 0.707107 -0.653281
v -0.295818 0.634393 -0.714168
v -0.318190 0.555570 -0.768177
v -0.337497 0.471397 -0.814789
v -0.284707 0.195090 -0.938553
v -0.288887 0.098017 -0.952332
v -0.028453 0.995185 -0.093796
v -0.056632 0.980785 -0.186690
v -0.290285 0.000000 -0.956940
v -0.084265 0.956940 -0.277785
v -0.111087 0.923880 -0.366205
v -0.136839 0.881921 -0.451098
v -0.161274 0.831470 -0.531648
v -0.184155 0.773010 -0.607076
v -0.205262 0.707107 -0.676659
v -0.224393 0.634393 -0.739724
v -0.241363 0.555570 -0.795666
v -0.256008 0.471397 -0.843946
v -0.268188 0.382683 -0.884097
v -0.277785 0.290285 -0.915734
v -0.195090 0.000000 -0.980785
v -0.056632 0.956940 -0.284707
v -0.074658 0.923880 -0.375330
v -0.091965 0.881921 -0.462339
v -0.108386 0.831470 -0.544895
v -0.123764 0.773010 -0.622203
v -0.137950 0.707107 -0.693520
v -0.150807 0.634393 -0.758157
v -0.162212 0.555570 -0.815493
v -0.172054 0.471397 -0.864975
v -0.180240 0.382683 -0.906127
v -0.186690 0.290285 -0.938553
v -0.191342 0.195090 -0.961940
v -0.019122 0.995185 -0.096134
v -0.194151 0.098017 -0.976062
v -0.038060 0.980785 -0.191342
v -0.046205 0.881921 -0.469126
v -0.054455 0.831470 -0.552895
v -0.062181 0.773010 -0.631338
v -0.069309 0.707107 -0.703702
v -0.075768 0.634393 -0.769288
v -0.081498 0.555570 -0.827465
v -0.086443 0.471397 -0.877674
v -0.090556 0.382683 -0.919430
v -0.093796 0.290285 -0.952332
v -0.096134 0.195090 -0.976063
v -0.009607 0.995185 -0.097545
v -0.097545 0.098017 -0.990393
v -0.019122 0.980785 -0.194151
v -0.098017 0.000000 -0.995184
v -0.028453 0.956940 -0.288887
v -0.037510 0.923880 -0.380840
vn -0.0006 0.8818 -0.4715
vn -0.0006 0.9238 -0.3829
vn 0.0368 0.9239 -0.3810
vn 0.0457 0.8818 -0.4694
vn -0.0005 0.8313 -0.5559
vn 0.0538 0.8315 -0.5530
vn -0.0005 0.7728 -0.6346
vn 0.0616 0.7730 -0.6314
vn -0.0005 0.7070 -0.7072
vn 0.0688 0.7070 -0.7038
vn -0.0005 0.6344 -0.7730
vn 0.0753 0.6344 -0.7693
vn -0.0004 0.5555 -0.8315
vn 0.0813 0.5552 -0.8277
vn -0.0000 0.4708 -0.8823
vn 0.0862 0.4711 -0.8778
vn -0.0003 0.3827 -0.9239
vn 0.0903 0.3825 -0.9195
vn 0.0000 0.2899 -0.9571
vn 0.0938 0.2899 -0.9525
vn 0.0000 0.1948 -0.9808
vn 0.0961 0.1948 -0.9761
vn -0.0014 0.9942 -0.1078
vn -0.0000 1.0000 0.0000
vn 0.0091 0.9942 -0.1074
vn -0.0000 0.0979 -0.9952
vn 0.0975 0.0979 -0.9904
vn -0.0007 0.9808 -0.1952
vn 0.0184 0.9808 -0.1943
vn -0.0000 -0.0000 -1.0000
vn 0.0980 -0.0000 -0.9952
vn -0.0006 0.9569 -0.2905
vn 0.0278 0.9569 -0.2892
vn 0.1800 0.3825 -0.9062
vn 0.1865 0.2902 -0.9386
vn 0.1914 0.1948 -0.9620
vn 0.0196 0.9942 -0.1060
vn 0.1942 0.0979 -0.9761
vn 0.0373 0.9808 -0.1915
vn 0.1951 -0.0000 -0.9808
vn 0.0560 0.9569 -0.2850
vn 0.0740 0.9238 -0.3756
vn 0.0913 0.8819 -0.4625
vn 0.1079 0.8313 -0.5452
vn 0.1234 0.7728 -0.6225
vn 0.1375 0.7070 -0.6937
vn 0.1504 0.6343 -0.7583
vn 0.1619 0.5554 -0.8157
vn 0.1721 0.4708 -0.8653
vn 0.2847 0.1948 -0.9386
vn 0.2889 0.0979 -0.9523
vn 0.0299 0.9942 -0.1036
vn 0.0559 0.9808 -0.1870
vn 0.2903 -0.0000 -0.9569
vn 0.0836 0.9569 -0.2781
vn 0.1104 0.9239 -0.3664
vn 0.1365 0.8817 -0.4516
vn 0.1606 0.8315 -0.5318
vn 0.1837 0.7729 -0.6074
vn 0.2047 0.7071 -0.6768
vn 0.2240 0.6343 -0.7399
vn 0.2411 0.5554 -0.7959
vn 0.2561 0.4708 -0.8443
vn 0.2681 0.3824 -0.8842
vn 0.2775 0.2904 -0.9158
vn 0.1106 0.9569 -0.2686
vn 0.1458 0.9239 -0.3539
vn 0.1799 0.8818 -0.4359
vn 0.2120 0.8315 -0.5135
vn 0.2424 0.7728 -0.5865
vn 0.2700 0.7072 -0.6534
vn 0.2954 0.6344 -0.7144
vn 0.3179 0.5554 -0.7684
vn 0.3374 0.4710 -0.8150
vn 0.3536 0.3821 -0.8538
vn 0.3660 0.2903 -0.8842
vn 0.3754 0.1948 -0.9062
vn 0.0399 0.9942 -0.1001
vn 0.3807 0.0982 -0.9195
vn 0.0740 0.9808 -0.1806
vn 0.3827 -0.0000 -0.9239
vn 0.2219 0.8818 -0.4162
vn 0.2613 0.8314 -0.4903
vn 0.2985 0.7730 -0.5598
vn 0.3328 0.7071 -0.6239
vn 0.3641 0.6342 -0.6821
vn 0.3917 0.5554 -0.7336
vn 0.4155 0.4713 -0.7780
vn 0.4352 0.3827 -0.8149
vn 0.4512 0.2899 -0.8441
vn 0.4624 0.1948 -0.8650
vn 0.0495 0.9942 -0.0957
vn 0.4691 0.0979 -0.8777
vn 0.0912 0.9808 -0.1724
vn 0.4714 -0.0000 -0.8819
vn 0.1363 0.9569 -0.2564
vn 0.1800 0.9238 -0.3380
vn 0.3520 0.7730 -0.5278
vn 0.3924 0.7071 -0.5883
vn 0.4290 0.6344 -0.6430
vn 0.4616 0.5555 -0.6916
vn 0.4902 0.4708 -0.7336
vn 0.5131 0.3826 -0.7683
vn 0.5317 0.2899 -0.7958
vn 0.5449 0.1948 -0.8155
vn 0.0587 0.9942 -0.0904
vn 0.5529 0.0979 -0.8275
vn 0.1081 0.9807 -0.1628
vn 0.5556 -0.0000 -0.8315
vn 0.1608 0.9569 -0.2419
vn 0.2123 0.9238 -0.3187
vn 0.2613 0.8819 -0.3923
vn 0.3082 0.8314 -0.4623
vn 0.4900 0.6344 -0.5979
vn 0.5271 0.5556 -0.6430
vn 0.5595 0.4710 -0.6820
vn 0.5862 0.3821 -0.7143
vn 0.6072 0.2899 -0.7398
vn 0.6222 0.1948 -0.7582
vn 0.0673 0.9942 -0.0842
vn 0.6314 0.0979 -0.7693
vn 0.1235 0.9807 -0.1514
vn 0.6344 -0.0000 -0.7730
vn 0.1835 0.9569 -0.2249
vn 0.2423 0.9239 -0.2963
vn 0.2985 0.8819 -0.3648
vn 0.3522 0.8313 -0.4300
vn 0.4020 0.7730 -0.4908
vn 0.4483 0.7070 -0.5470
vn 0.6234 0.4713 -0.6239
vn 0.6530 0.3827 -0.6535
vn 0.6767 0.2899 -0.6768
vn 0.6936 0.1948 -0.6936
vn 0.0752 0.9942 -0.0772
vn 0.7037 0.0979 -0.7037
vn 0.1376 0.9807 -0.1386
vn 0.7071 -0.0000 -0.7071
vn 0.2048 0.9569 -0.2058
vn 0.2700 0.9239 -0.2711
vn 0.3330 0.8819 -0.3339
vn 0.3923 0.8315 -0.3933
vn 0.4481 0.7730 -0.4490
vn 0.4996 0.7071 -0.5004
vn 0.5463 0.6344 -0.5470
vn 0.5878 0.5554 -0.5883
vn 0.7397 0.2902 -0.6072
vn 0.7582 0.1948 -0.6222
vn 0.0824 0.9942 -0.0695
vn 0.7693 0.0979 -0.6313
vn 0.1503 0.9808 -0.1244
vn 0.7730 -0.0000 -0.6344
vn 0.2245 0.9568 -0.1849
vn 0.2954 0.9239 -0.2434
vn 0.3643 0.8818 -0.2996
vn 0.4290 0.8315 -0.3530
vn 0.4900 0.7730 -0.4029
vn 0.5463 0.7071 -0.4490
vn 0.5975 0.6341 -0.4908
vn 0.6425 0.5555 -0.5278
vn 0.6816 0.4713 -0.5598
vn 0.7140 0.3827 -0.5863
vn 0.0888 0.9942 -0.0611
vn 0.1618 0.9808 -0.1090
vn 0.8275 0.0979 -0.5529
vn 0.8315 -0.0000 -0.5556
vn 0.2411 0.9569 -0.1619
vn 0.3180 0.9238 -0.2132
vn 0.3917 0.8818 -0.2625
vn 0.4617 0.8314 -0.3092
vn 0.5273 0.7729 -0.3530
vn 0.5877 0.7070 -0.3933
vn 0.6425 0.6344 -0.4299
vn 0.6914 0.5552 -0.4623
vn 0.7336 0.4708 -0.4902
vn 0.7684 0.3821 -0.5134
vn 0.7958 0.2899 -0.5317
vn 0.8155 0.1948 -0.5449
vn 0.2558 0.9569 -0.1375
vn 0.3375 0.9238 -0.1810
vn 0.4154 0.8819 -0.2228
vn 0.4901 0.8312 -0.2625
vn 0.5592 0.7730 -0.2996
vn 0.6236 0.7069 -0.3338
vn 0.6817 0.6342 -0.3648
vn 0.7332 0.5555 -0.3923
vn 0.7777 0.4713 -0.4160
vn 0.8150 0.3821 -0.4356
vn 0.8441 0.2899 -0.4512
vn 0.8650 0.1948 -0.4624
vn 0.0944 0.9942 -0.0521
vn 0.8777 0.0979 -0.4691
vn 0.1719 0.9807 -0.0927
vn 0.8819 -0.0000 -0.4714
vn 0.4356 0.8818 -0.1810
vn 0.5130 0.8315 -0.2132
vn 0.5862 0.7728 -0.2433
vn 0.6531 0.7071 -0.2711
vn 0.7143 0.6340 -0.2962
vn 0.7686 0.5549 -0.3184
vn 0.8148 0.4711 -0.3378
vn 0.8535 0.3825 -0.3538
vn 0.8842 0.2899 -0.3663
vn 0.9062 0.1948 -0.3754
vn 0.0990 0.9942 -0.0426
vn 0.9194 0.0979 -0.3808
vn 0.1803 0.9807 -0.0754
vn 0.9239 0.0000 -0.3827
vn 0.2680 0.9569 -0.1118
vn 0.3534 0.9238 -0.1471
vn 0.6071 0.7728 -0.1847
vn 0.6767 0.7069 -0.2057
vn 0.7397 0.6343 -0.2248
vn 0.7959 0.5551 -0.2416
vn 0.8443 0.4708 -0.2561
vn 0.8843 0.3821 -0.2683
vn 0.9159 0.2899 -0.2778
vn 0.9386 0.1948 -0.2847
vn 0.1027 0.9942 -0.0327
vn 0.9523 0.0979 -0.2889
vn 0.1868 0.9807 -0.0573
vn 0.9569 -0.0000 -0.2903
vn 0.2777 0.9569 -0.0850
vn 0.3659 0.9239 -0.1118
vn 0.4512 0.8818 -0.1374
vn 0.5315 0.8315 -0.1619
vn 0.7583 0.6342 -0.1512
vn 0.8156 0.5554 -0.1626
vn 0.8653 0.4708 -0.1721
vn 0.9063 0.3821 -0.1803
vn 0.9385 0.2904 -0.1870
vn 0.9620 0.1948 -0.1914
vn 0.1054 0.9942 -0.0224
vn 0.9761 0.0979 -0.1942
vn 0.1912 0.9808 -0.0388
vn 0.9808 -0.0000 -0.1951
vn 0.2845 0.9569 -0.0574
vn 0.3756 0.9237 -0.0752
vn 0.4625 0.8818 -0.0926
vn 0.5450 0.8313 -0.1090
vn 0.6220 0.7730 -0.1244
vn 0.6933 0.7072 -0.1386
vn 0.8780 0.4708 -0.0865
vn 0.9195 0.3825 -0.0908
vn 0.9525 0.2899 -0.0938
vn 0.9761 0.1948 -0.0961
vn 0.1071 0.9942 -0.0120
vn 0.9904 0.0979 -0.0975
vn 0.1943 0.9807 -0.0198
vn 0.9952 -0.0000 -0.0980
vn 0.2888 0.9569 -0.0292
vn 0.3808 0.9239 -0.0382
vn 0.4694 0.8818 -0.0468
vn 0.5529 0.8314 -0.0551
vn 0.6315 0.7728 -0.0627
vn 0.7038 0.7070 -0.0698
vn 0.7693 0.6344 -0.0762
vn 0.8278 0.5551 -0.0817
vn 0.9570 0.2902 -0.0002
vn 0.9808 0.1948 0.0000
vn 0.1078 0.9942 -0.0014
vn 0.9952 0.0979 0.0000
vn 0.1951 0.9808 -0.0008
vn 1.0000 -0.0000 0.0000
vn 0.2904 0.9569 -0.0007
vn 0.3830 0.9237 -0.0005
vn 0.4714 0.8819 -0.0007
vn 0.5558 0.8313 -0.0005
vn 0.6345 0.7729 -0.0005
vn 0.7074 0.7068 -0.0003
vn 0.7732 0.6342 -0.0004
vn 0.8319 0.5549 -0.0000
vn 0.8819 0.4714 -0.0004
vn 0.9239 0.3826 -0.0003
vn 0.9904 0.0979 0.0975
vn 0.9952 -0.0000 0.0980
vn 0.1943 0.9808 0.0184
vn 0.2891 0.9569 0.0278
vn 0.3812 0.9238 0.0369
vn 0.4692 0.8819 0.0455
vn 0.5530 0.8314 0.0538
vn 0.6316 0.7728 0.0617
vn 0.7038 0.7070 0.0688
vn 0.7695 0.6342 0.0754
vn 0.8279 0.5549 0.0815
vn 0.8780 0.4708 0.0865
vn 0.9197 0.3821 0.0906
vn 0.9525 0.2899 0.0938
vn 0.9761 0.1948 0.0961
vn 0.1074 0.9942 0.0091
vn 0.3756 0.9238 0.0740
vn 0.4627 0.8818 0.0915
vn 0.5452 0.8313 0.1079
vn 0.6225 0.7728 0.1234
vn 0.6938 0.7069 0.1376
vn 0.7585 0.6340 0.1507
vn 0.8160 0.5549 0.1623
vn 0.8651 0.4712 0.1718
vn 0.9063 0.3821 0.1803
vn 0.9387 0.2899 0.1867
vn 0.9620 0.1948 0.1914
vn 0.1060 0.9942 0.0196
vn 0.9761 0.0979 0.1942
vn 0.1915 0.9808 0.0373
vn 0.9808 -0.0000 0.1951
vn 0.2849 0.9569 0.0559
vn 0.5319 0.8314 0.1607
vn 0.6074 0.7728 0.1838
vn 0.6770 0.7068 0.2050
vn 0.7398 0.6345 0.2238
vn 0.7960 0.5552 0.2412
vn 0.8441 0.4713 0.2557
vn 0.8843 0.3821 0.2683
vn 0.9159 0.2899 0.2778
vn 0.9386 0.1948 0.2847
vn 0.1036 0.9942 0.0299
vn 0.9523 0.0979 0.2889
vn 0.1869 0.9808 0.0559
vn 0.9569 0.0000 0.2903
vn 0.2781 0.9569 0.0836
vn 0.3665 0.9239 0.1104
vn 0.4515 0.8818 0.1364
vn 0.6536 0.7069 0.2703
vn 0.7144 0.6343 0.2954
vn 0.7684 0.5555 0.3179
vn 0.8150 0.4710 0.3374
vn 0.8538 0.3821 0.3536
vn 0.8842 0.2899 0.3663
vn 0.9062 0.1948 0.3754
vn 0.1001 0.9942 0.0399
vn 0.9194 0.0979 0.3808
vn 0.1806 0.9808 0.0740
vn 0.9239 -0.0000 0.3827
vn 0.2685 0.9569 0.1104
vn 0.3539 0.9239 0.1458
vn 0.4358 0.8819 0.1797
vn 0.5136 0.8314 0.2121
vn 0.5863 0.7730 0.2422
vn 0.7335 0.5554 0.3917
vn 0.7781 0.4708 0.4159
vn 0.8150 0.3821 0.4356
vn 0.8441 0.2899 0.4512
vn 0.8651 0.1953 0.4621
vn 0.0957 0.9942 0.0495
vn 0.8777 0.0979 0.4691
vn 0.1725 0.9808 0.0913
vn 0.8819 -0.0000 0.4714
vn 0.2565 0.9569 0.1363
vn 0.3379 0.9239 0.1798
vn 0.4162 0.8818 0.2218
vn 0.4904 0.8314 0.2614
vn 0.5599 0.7729 0.2987
vn 0.6239 0.7071 0.3329
vn 0.6823 0.6336 0.3647
vn 0.7684 0.3821 0.5134
vn 0.7958 0.2899 0.5317
vn 0.8156 0.1952 0.5447
vn 0.0904 0.9942 0.0587
vn 0.8275 0.0979 0.5529
vn 0.1627 0.9808 0.1078
vn 0.8315 -0.0000 0.5556
vn 0.2418 0.9569 0.1608
vn 0.3187 0.9238 0.2121
vn 0.3925 0.8818 0.2616
vn 0.4623 0.8314 0.3082
vn 0.5279 0.7728 0.3522
vn 0.5883 0.7070 0.3925
vn 0.6431 0.6340 0.4295
vn 0.6916 0.5555 0.4616
vn 0.7335 0.4714 0.4897
vn 0.7582 0.1948 0.6222
vn 0.7693 0.0979 0.6314
vn 0.0842 0.9942 0.0673
vn 0.1514 0.9807 0.1234
vn 0.7730 -0.0000 0.6344
vn 0.2249 0.9569 0.1836
vn 0.2963 0.9239 0.2423
vn 0.3649 0.8818 0.2987
vn 0.4299 0.8314 0.3520
vn 0.4909 0.7728 0.4023
vn 0.5471 0.7067 0.4487
vn 0.5979 0.6342 0.4902
vn 0.6430 0.5554 0.5273
vn 0.6820 0.4715 0.5591
vn 0.7144 0.3825 0.5860
vn 0.7398 0.2899 0.6072
vn 0.2058 0.9569 0.2047
vn 0.2711 0.9239 0.2701
vn 0.3338 0.8819 0.3328
vn 0.3934 0.8313 0.3926
vn 0.4491 0.7726 0.4487
vn 0.5004 0.7068 0.4999
vn 0.5470 0.6343 0.5463
vn 0.5883 0.5554 0.5878
vn 0.6239 0.4713 0.6234
vn 0.6534 0.3821 0.6534
vn 0.6769 0.2906 0.6763
vn 0.6936 0.1948 0.6936
vn 0.0772 0.9942 0.0752
vn 0.7037 0.0979 0.7037
vn 0.1385 0.9808 0.1374
vn 0.7071 -0.0000 0.7071
vn 0.2997 0.8817 0.3644
vn 0.3530 0.8315 0.4290
vn 0.4030 0.7727 0.4904
vn 0.4491 0.7067 0.5468
vn 0.4908 0.6340 0.5977
vn 0.5278 0.5549 0.6431
vn 0.5597 0.4711 0.6817
vn 0.5863 0.3826 0.7140
vn 0.6072 0.2899 0.7398
vn 0.6222 0.1948 0.7582
vn 0.0695 0.9942 0.0824
vn 0.6314 0.0979 0.7693
vn 0.1244 0.9808 0.1505
vn 0.6344 -0.0000 0.7730
vn 0.1848 0.9569 0.2241
vn 0.2434 0.9238 0.2956
vn 0.3530 0.7730 0.5272
vn 0.3933 0.7070 0.5878
vn 0.4299 0.6341 0.6427
vn 0.4623 0.5555 0.6912
vn 0.4902 0.4708 0.7336
vn 0.5135 0.3825 0.7681
vn 0.5317 0.2899 0.7958
vn 0.5449 0.1948 0.8155
vn 0.0611 0.9942 0.0888
vn 0.5529 0.0979 0.8275
vn 0.1091 0.9807 0.1620
vn 0.5556 -0.0000 0.8315
vn 0.1619 0.9569 0.2411
vn 0.2132 0.9239 0.3178
vn 0.2625 0.8818 0.3918
vn 0.3092 0.8314 0.4616
vn 0.3338 0.7070 0.6235
vn 0.3648 0.6340 0.6819
vn 0.3922 0.5549 0.7337
vn 0.4160 0.4710 0.7779
vn 0.4357 0.3824 0.8148
vn 0.4512 0.2899 0.8441
vn 0.4624 0.1948 0.8650
vn 0.0521 0.9942 0.0944
vn 0.4691 0.0979 0.8777
vn 0.0927 0.9808 0.1719
vn 0.4714 -0.0000 0.8819
vn 0.1375 0.9569 0.2556
vn 0.1810 0.9237 0.3375
vn 0.2228 0.8819 0.4154
vn 0.2625 0.8315 0.4897
vn 0.2995 0.7726 0.5597
vn 0.3185 0.5552 0.7683
vn 0.3376 0.4708 0.8151
vn 0.3538 0.3825 0.8535
vn 0.3663 0.2899 0.8842
vn 0.3754 0.1948 0.9062
vn 0.0426 0.9942 0.0990
vn 0.3808 0.0979 0.9194
vn 0.0753 0.9807 0.1803
vn 0.3827 -0.0000 0.9239
vn 0.1118 0.9569 0.2680
vn 0.1471 0.9239 0.3533
vn 0.1811 0.8819 0.4352
vn 0.2132 0.8314 0.5132
vn 0.2433 0.7729 0.5861
vn 0.2711 0.7070 0.6532
vn 0.2963 0.6343 0.7141
vn 0.2683 0.3821 0.8843
vn 0.2780 0.2903 0.9157
vn 0.2847 0.1948 0.9386
vn 0.0327 0.9942 0.1027
vn 0.2889 0.0979 0.9523
vn 0.0574 0.9808 0.1865
vn 0.2903 -0.0000 0.9569
vn 0.0850 0.9569 0.2775
vn 0.1118 0.9239 0.3659
vn 0.1375 0.8819 0.4509
vn 0.1618 0.8312 0.5318
vn 0.1847 0.7728 0.6072
vn 0.2057 0.7070 0.6767
vn 0.2246 0.6336 0.7403
vn 0.2417 0.5554 0.7957
vn 0.2561 0.4708 0.8443
vn 0.1914 0.1948 0.9620
vn 0.1944 0.0983 0.9760
vn 0.0224 0.9942 0.1054
vn 0.0388 0.9808 0.1912
vn 0.1951 -0.0000 0.9808
vn 0.0573 0.9569 0.2847
vn 0.0753 0.9238 0.3753
vn 0.0925 0.8817 0.4626
vn 0.1090 0.8314 0.5448
vn 0.1244 0.7730 0.6220
vn 0.1384 0.7070 0.6936
vn 0.1513 0.6343 0.7581
vn 0.1626 0.5554 0.8156
vn 0.1723 0.4711 0.8651
vn 0.1803 0.3821 0.9063
vn 0.1867 0.2899 0.9387
vn 0.0291 0.9569 0.2891
vn 0.0382 0.9238 0.3809
vn 0.0468 0.8818 0.4694
vn 0.0551 0.8314 0.5530
vn 0.0628 0.7730 0.6312
vn 0.0697 0.7068 0.7040
vn 0.0762 0.6343 0.7693
vn 0.0815 0.5549 0.8279
vn 0.0865 0.4708 0.8780
vn 0.0906 0.3821 0.9197
vn 0.0938 0.2899 0.9525
vn 0.0961 0.1948 0.9761
vn 0.0120 0.9942 0.1071
vn 0.0975 0.0979 0.9904
vn 0.0198 0.9808 0.1942
vn 0.0980 -0.0000 0.9952
vn 0.0007 0.8819 0.4715
vn 0.0006 0.8314 0.5556
vn 0.0005 0.7729 0.6345
vn 0.0004 0.7069 0.7073
vn -0.0000 0.6336 0.7736
vn -0.0000 0.5549 0.8319
vn 0.0000 0.4708 0.8823
vn 0.0002 0.3824 0.9240
vn -0.0000 0.2899 0.9571
vn -0.0000 0.1948 0.9808
vn 0.0014 0.9942 0.1078
vn -0.0000 0.0979 0.9952
vn 0.0007 0.9807 0.1953
vn 0.0000 -0.0000 1.0000
vn 0.0007 0.9569 0.2904
vn 0.0007 0.9238 0.3828
vn -0.0617 0.7729 0.6316
vn -0.0689 0.7070 0.7039
vn -0.0753 0.6343 0.7694
vn -0.0812 0.5554 0.8276
vn -0.0863 0.4710 0.8779
vn -0.0903 0.3825 0.9195
vn -0.0938 0.2899 0.9525
vn -0.0961 0.1948 0.9761
vn -0.0091 0.9942 0.1074
vn -0.0975 0.0979 0.9904
vn -0.0185 0.9807 0.1944
vn -0.0980 -0.0000 0.9952
vn -0.0277 0.9569 0.2890
vn -0.0369 0.9238 0.3812
vn -0.0457 0.8818 0.4694
vn -0.0538 0.8314 0.5530
vn -0.1505 0.6341 0.7584
vn -0.1619 0.5554 0.8157
vn -0.1721 0.4708 0.8653
vn -0.1803 0.3821 0.9063
vn -0.1867 0.2899 0.9387
vn -0.1914 0.1948 0.9620
vn -0.0196 0.9942 0.1060
vn -0.1942 0.0979 0.9761
vn -0.0373 0.9808 0.1916
vn -0.1951 -0.0000 0.9808
vn -0.0560 0.9569 0.2850
vn -0.0740 0.9239 0.3755
vn -0.0913 0.8819 0.4625
vn -0.1079 0.8313 0.5452
vn -0.1231 0.7730 0.6223
vn -0.1375 0.7070 0.6938
vn -0.2558 0.4712 0.8441
vn -0.2683 0.3821 0.8843
vn -0.2778 0.2899 0.9159
vn -0.2847 0.1948 0.9386
vn -0.0299 0.9942 0.1036
vn -0.2889 0.0979 0.9523
vn -0.0559 0.9808 0.1870
vn -0.2903 -0.0000 0.9569
vn -0.0836 0.9569 0.2781
vn -0.1105 0.9238 0.3665
vn -0.1362 0.8819 0.4513
vn -0.1606 0.8315 0.5318
vn -0.1838 0.7728 0.6074
vn -0.2050 0.7068 0.6770
vn -0.2243 0.6340 0.7401
vn -0.2409 0.5556 0.7958
vn -0.3663 0.2899 0.8842
vn -0.3753 0.1948 0.9062
vn -0.0399 0.9942 0.1001
vn -0.3808 0.0979 0.9194
vn -0.0741 0.9807 0.1807
vn -0.3827 -0.0000 0.9239
vn -0.1104 0.9569 0.2685
vn -0.1458 0.9239 0.3539
vn -0.1799 0.8819 0.4359
vn -0.2122 0.8313 0.5137
vn -0.2425 0.7727 0.5866
vn -0.2702 0.7070 0.6536
vn -0.2955 0.6342 0.7145
vn -0.3179 0.5555 0.7684
vn -0.3372 0.4713 0.8150
vn -0.3536 0.3821 0.8538
vn -0.0495 0.9942 0.0957
vn -0.0914 0.9808 0.1725
vn -0.4691 0.0979 0.8777
vn -0.4714 -0.0000 0.8819
vn -0.1363 0.9569 0.2564
vn -0.1799 0.9238 0.3380
vn -0.2218 0.8818 0.4162
vn -0.2614 0.8314 0.4904
vn -0.2988 0.7728 0.5599
vn -0.3329 0.7071 0.6239
vn -0.3641 0.6342 0.6820
vn -0.3916 0.5555 0.7335
vn -0.4154 0.4714 0.7780
vn -0.4353 0.3826 0.8149
vn -0.4512 0.2899 0.8441
vn -0.4622 0.1951 0.8650
vn -0.1610 0.9568 0.2420
vn -0.2121 0.9239 0.3186
vn -0.2613 0.8819 0.3923
vn -0.3084 0.8313 0.4624
vn -0.3521 0.7729 0.5279
vn -0.3923 0.7071 0.5882
vn -0.4290 0.6344 0.6430
vn -0.4616 0.5555 0.6916
vn -0.4902 0.4708 0.7336
vn -0.5131 0.3825 0.7684
vn -0.5317 0.2899 0.7958
vn -0.5449 0.1948 0.8155
vn -0.0587 0.9942 0.0904
vn -0.5529 0.0979 0.8275
vn -0.1079 0.9808 0.1627
vn -0.5556 -0.0000 0.8315
vn -0.2988 0.8818 0.3650
vn -0.3520 0.8314 0.4299
vn -0.4022 0.7728 0.4909
vn -0.4487 0.7067 0.5471
vn -0.4902 0.6342 0.5979
vn -0.5271 0.5556 0.6430
vn -0.5594 0.4711 0.6820
vn -0.5862 0.3821 0.7143
vn -0.6072 0.2899 0.7398
vn -0.6222 0.1948 0.7582
vn -0.0673 0.9942 0.0843
vn -0.6313 0.0979 0.7693
vn -0.1234 0.9807 0.1514
vn -0.6344 -0.0000 0.7730
vn -0.1835 0.9569 0.2249
vn -0.2423 0.9239 0.2963
vn -0.4482 0.7730 0.4490
vn -0.4999 0.7068 0.5004
vn -0.5463 0.6344 0.5470
vn -0.5879 0.5552 0.5883
vn -0.6239 0.4708 0.6239
vn -0.6534 0.3821 0.6534
vn -0.6768 0.2899 0.6767
vn -0.6936 0.1948 0.6936
vn -0.0752 0.9942 0.0772
vn -0.7037 0.0979 0.7037
vn -0.1374 0.9808 0.1385
vn -0.7071 -0.0000 0.7071
vn -0.2047 0.9569 0.2058
vn -0.2702 0.9238 0.2712
vn -0.3329 0.8819 0.3338
vn -0.3926 0.8313 0.3934
vn -0.5976 0.6340 0.4908
vn -0.6431 0.5549 0.5278
vn -0.6814 0.4715 0.5598
vn -0.7143 0.3821 0.5862
vn -0.7397 0.2902 0.6072
vn -0.7582 0.1948 0.6222
vn -0.0824 0.9942 0.0695
vn -0.7693 0.0979 0.6313
vn -0.1505 0.9808 0.1244
vn -0.7730 0.0000 0.6344
vn -0.2240 0.9569 0.1848
vn -0.2953 0.9239 0.2433
vn -0.3639 0.8819 0.2996
vn -0.4290 0.8315 0.3530
vn -0.4902 0.7729 0.4029
vn -0.5464 0.7070 0.4490
vn -0.7333 0.4711 0.4902
vn -0.7684 0.3821 0.5134
vn -0.7954 0.2905 0.5319
vn -0.8155 0.1948 0.5449
vn -0.0888 0.9942 0.0611
vn -0.8275 0.0979 0.5529
vn -0.1619 0.9808 0.1091
vn -0.8315 -0.0000 0.5556
vn -0.2413 0.9568 0.1619
vn -0.3180 0.9238 0.2132
vn -0.3920 0.8817 0.2625
vn -0.4617 0.8314 0.3092
vn -0.5272 0.7730 0.3530
vn -0.5876 0.7071 0.3933
vn -0.6425 0.6344 0.4299
vn -0.6912 0.5555 0.4623
vn -0.8441 0.2899 0.4512
vn -0.8650 0.1948 0.4624
vn -0.0944 0.9942 0.0521
vn -0.8777 0.0979 0.4691
vn -0.1721 0.9807 0.0927
vn -0.8819 -0.0000 0.4714
vn -0.2557 0.9569 0.1375
vn -0.3372 0.9239 0.1810
vn -0.4155 0.8819 0.2228
vn -0.4900 0.8313 0.2625
vn -0.5594 0.7728 0.2996
vn -0.6233 0.7071 0.3338
vn -0.6819 0.6340 0.3648
vn -0.7333 0.5553 0.3923
vn -0.7776 0.4714 0.4161
vn -0.8150 0.3821 0.4356
vn -0.9194 0.0979 0.3808
vn -0.9239 -0.0000 0.3827
vn -0.1801 0.9808 0.0754
vn -0.2680 0.9569 0.1118
vn -0.3532 0.9239 0.1471
vn -0.4355 0.8818 0.1810
vn -0.5133 0.8313 0.2132
vn -0.5860 0.7729 0.2433
vn -0.6532 0.7070 0.2711
vn -0.7142 0.6342 0.2962
vn -0.7681 0.5555 0.3186
vn -0.8147 0.4713 0.3378
vn -0.8535 0.3825 0.3538
vn -0.8842 0.2899 0.3663
vn -0.9062 0.1948 0.3754
vn -0.0990 0.9942 0.0426
vn -0.3661 0.9238 0.1118
vn -0.4510 0.8819 0.1375
vn -0.5320 0.8312 0.1618
vn -0.6072 0.7728 0.1847
vn -0.6765 0.7071 0.2058
vn -0.7396 0.6344 0.2249
vn -0.7956 0.5554 0.2417
vn -0.8440 0.4711 0.2563
vn -0.8843 0.3821 0.2683
vn -0.9159 0.2899 0.2778
vn -0.9386 0.1948 0.2847
vn -0.1027 0.9942 0.0327
vn -0.9523 0.0979 0.2889
vn -0.1865 0.9808 0.0574
vn -0.9569 -0.0000 0.2903
vn -0.2777 0.9569 0.0850
vn -0.5450 0.8313 0.1090
vn -0.6224 0.7728 0.1243
vn -0.6937 0.7068 0.1384
vn -0.7584 0.6340 0.1511
vn -0.8154 0.5555 0.1626
vn -0.8650 0.4713 0.1724
vn -0.9061 0.3825 0.1805
vn -0.9386 0.2902 0.1869
vn -0.9620 0.1948 0.1914
vn -0.1054 0.9942 0.0224
vn -0.9761 0.0979 0.1942
vn -0.1913 0.9808 0.0388
vn -0.9808 -0.0000 0.1951
vn -0.2846 0.9569 0.0574
vn -0.3753 0.9239 0.0754
vn -0.4624 0.8818 0.0926
vn -0.7039 0.7069 0.0697
vn -0.7699 0.6336 0.0758
vn -0.8275 0.5554 0.0819
vn -0.8780 0.4708 0.0865
vn -0.9197 0.3821 0.0906
vn -0.9524 0.2902 0.0940
vn -0.9761 0.1948 0.0961
vn -0.1071 0.9942 0.0120
vn -0.9904 0.0979 0.0975
vn -0.1944 0.9807 0.0198
vn -0.9952 -0.0000 0.0980
vn -0.2890 0.9569 0.0291
vn -0.3808 0.9239 0.0382
vn -0.4692 0.8818 0.0468
vn -0.5531 0.8313 0.0550
vn -0.6314 0.7729 0.0627
vn -0.8317 0.5552 0.0002
vn -0.8823 0.4708 0.0000
vn -0.9241 0.3821 -0.0000
vn -0.9569 0.2903 0.0002
vn -0.9808 0.1948 -0.0000
vn -0.1078 0.9942 0.0014
vn -0.9952 0.0979 -0.0000
vn -0.1953 0.9807 0.0007
vn -1.0000 -0.0000 -0.0000
vn -0.2903 0.9569 0.0008
vn -0.3827 0.9239 0.0007
vn -0.4714 0.8819 0.0007
vn -0.5557 0.8314 0.0006
vn -0.6346 0.7729 0.0005
vn -0.7072 0.7070 0.0005
vn -0.7732 0.6341 0.0003
vn -0.9197 0.3821 -0.0906
vn -0.9525 0.2899 -0.0938
vn -0.9761 0.1948 -0.0961
vn -0.1074 0.9942 -0.0091
vn -0.9904 0.0979 -0.0976
vn -0.1943 0.9808 -0.0184
vn -0.9952 -0.0000 -0.0980
vn -0.2890 0.9569 -0.0277
vn -0.3809 0.9239 -0.0368
vn -0.4694 0.8818 -0.0456
vn -0.5531 0.8313 -0.0539
vn -0.6313 0.7731 -0.0615
vn -0.7038 0.7071 -0.0688
vn -0.7694 0.6344 -0.0753
vn -0.8277 0.5552 -0.0813
vn -0.8778 0.4711 -0.0862
vn -0.9620 0.1948 -0.1914
vn -0.9761 0.0979 -0.1942
vn -0.1060 0.9942 -0.0196
vn -0.1915 0.9808 -0.0373
vn -0.9808 -0.0000 -0.1951
vn -0.2852 0.9568 -0.0561
vn -0.3755 0.9239 -0.0740
vn -0.4625 0.8819 -0.0913
vn -0.5452 0.8313 -0.1079
vn -0.6225 0.7729 -0.1233
vn -0.6937 0.7070 -0.1375
vn -0.7583 0.6343 -0.1503
vn -0.8156 0.5554 -0.1619
vn -0.8651 0.4712 -0.1718
vn -0.9063 0.3824 -0.1801
vn -0.9387 0.2899 -0.1867
vn -0.2783 0.9568 -0.0838
vn -0.3666 0.9238 -0.1105
vn -0.4515 0.8818 -0.1364
vn -0.5319 0.8314 -0.1607
vn -0.6073 0.7729 -0.1837
vn -0.6768 0.7071 -0.2047
vn -0.7400 0.6342 -0.2241
vn -0.7961 0.5549 -0.2415
vn -0.8443 0.4708 -0.2561
vn -0.8843 0.3821 -0.2683
vn -0.9159 0.2899 -0.2778
vn -0.9386 0.1948 -0.2847
vn -0.1036 0.9942 -0.0299
vn -0.9523 0.0979 -0.2889
vn -0.1871 0.9807 -0.0561
vn -0.9569 -0.0000 -0.2903
vn -0.7144 0.6344 -0.2954
vn -0.7684 0.5554 -0.3179
vn -0.8150 0.4713 -0.3372
vn -0.8537 0.3827 -0.3533
vn -0.8842 0.2899 -0.3663
vn -0.9062 0.1952 -0.3751
vn -0.1001 0.9942 -0.0399
vn -0.9194 0.0979 -0.3808
vn -0.1807 0.9807 -0.0741
vn -0.9239 -0.0000 -0.3827
vn -0.2685 0.9569 -0.1104
vn -0.3539 0.9239 -0.1458
vn -0.4358 0.8819 -0.1797
vn -0.5136 0.8314 -0.2121
vn -0.5865 0.7728 -0.2424
vn -0.6536 0.7070 -0.2702
vn -0.7780 0.4713 -0.4155
vn -0.8150 0.3821 -0.4356
vn -0.8441 0.2899 -0.4512
vn -0.8650 0.1948 -0.4624
vn -0.0957 0.9942 -0.0495
vn -0.8777 0.0979 -0.4691
vn -0.1726 0.9807 -0.0915
vn -0.8819 -0.0000 -0.4714
vn -0.2564 0.9569 -0.1362
vn -0.3380 0.9238 -0.1799
vn -0.4161 0.8819 -0.2216
vn -0.4903 0.8314 -0.2614
vn -0.5598 0.7730 -0.2986
vn -0.6240 0.7070 -0.3330
vn -0.6821 0.6341 -0.3642
vn -0.7336 0.5551 -0.3920
vn -0.7958 0.2899 -0.5317
vn -0.8155 0.1948 -0.5449
vn -0.0904 0.9942 -0.0587
vn -0.8275 0.0979 -0.5529
vn -0.1627 0.9808 -0.1079
vn -0.8315 -0.0000 -0.5556
vn -0.2420 0.9568 -0.1610
vn -0.3186 0.9239 -0.2121
vn -0.3923 0.8819 -0.2613
vn -0.4623 0.8314 -0.3082
vn -0.5279 0.7728 -0.3522
vn -0.5883 0.7070 -0.3925
vn -0.6430 0.6344 -0.4291
vn -0.6917 0.5549 -0.4622
vn -0.7336 0.4708 -0.4902
vn -0.7684 0.3821 -0.5134
vn -0.7693 0.0979 -0.6313
vn -0.7730 0.0000 -0.6344
vn -0.1514 0.9808 -0.1233
vn -0.2249 0.9569 -0.1836
vn -0.2963 0.9238 -0.2423
vn -0.3648 0.8819 -0.2985
vn -0.4300 0.8312 -0.3523
vn -0.4909 0.7728 -0.4022
vn -0.5470 0.7070 -0.4483
vn -0.5980 0.6336 -0.4908
vn -0.6430 0.5554 -0.5273
vn -0.6820 0.4714 -0.5592
vn -0.7143 0.3821 -0.5862
vn -0.7399 0.2903 -0.6069
vn -0.7582 0.1948 -0.6222
vn -0.0842 0.9942 -0.0673
vn -0.2711 0.9239 -0.2701
vn -0.3339 0.8818 -0.3330
vn -0.3934 0.8314 -0.3925
vn -0.4491 0.7728 -0.4484
vn -0.5004 0.7070 -0.4998
vn -0.5470 0.6344 -0.5463
vn -0.5883 0.5551 -0.5880
vn -0.6239 0.4713 -0.6234
vn -0.6535 0.3825 -0.6532
vn -0.6768 0.2899 -0.6767
vn -0.6936 0.1948 -0.6936
vn -0.0772 0.9942 -0.0752
vn -0.7037 0.0979 -0.7037
vn -0.1385 0.9808 -0.1374
vn -0.7071 -0.0000 -0.7071
vn -0.2058 0.9569 -0.2048
vn -0.3530 0.8314 -0.4292
vn -0.4030 0.7728 -0.4903
vn -0.4490 0.7070 -0.5464
vn -0.4908 0.6341 -0.5975
vn -0.5278 0.5555 -0.6425
vn -0.5598 0.4716 -0.6813
vn -0.5863 0.3824 -0.7142
vn -0.6072 0.2899 -0.7398
vn -0.6222 0.1948 -0.7582
vn -0.0695 0.9942 -0.0824
vn -0.6313 0.0979 -0.7693
vn -0.1244 0.9807 -0.1506
vn -0.6344 -0.0000 -0.7730
vn -0.1848 0.9569 -0.2240
vn -0.2434 0.9239 -0.2954
vn -0.2996 0.8818 -0.3642
vn -0.3933 0.7071 -0.5877
vn -0.4299 0.6343 -0.6425
vn -0.4622 0.5549 -0.6917
vn -0.4903 0.4714 -0.7331
vn -0.5134 0.3821 -0.7684
vn -0.5317 0.2899 -0.7958
vn -0.5449 0.1948 -0.8155
vn -0.0611 0.9942 -0.0888
vn -0.5529 0.0979 -0.8275
vn -0.1091 0.9808 -0.1619
vn -0.5556 -0.0000 -0.8315
vn -0.1619 0.9569 -0.2412
vn -0.2132 0.9239 -0.3178
vn -0.2625 0.8819 -0.3916
vn -0.3092 0.8314 -0.4617
vn -0.3530 0.7728 -0.5274
vn -0.3923 0.5555 -0.7332
vn -0.4159 0.4708 -0.7781
vn -0.4356 0.3821 -0.8150
vn -0.4513 0.2903 -0.8438
vn -0.4624 0.1948 -0.8650
vn -0.0521 0.9942 -0.0944
vn -0.4691 0.0979 -0.8777
vn -0.0927 0.9808 -0.1716
vn -0.4714 -0.0000 -0.8819
vn -0.1375 0.9569 -0.2558
vn -0.1810 0.9239 -0.3372
vn -0.2228 0.8817 -0.4158
vn -0.2625 0.8314 -0.4898
vn -0.2996 0.7727 -0.5596
vn -0.3338 0.7070 -0.6234
vn -0.3648 0.6342 -0.6817
vn -0.3536 0.3821 -0.8538
vn -0.3663 0.2899 -0.8842
vn -0.3754 0.1948 -0.9062
vn -0.0426 0.9942 -0.0990
vn -0.3808 0.0979 -0.9194
vn -0.0754 0.9807 -0.1802
vn -0.3827 0.0000 -0.9239
vn -0.1118 0.9569 -0.2680
vn -0.1471 0.9237 -0.3537
vn -0.1810 0.8818 -0.4355
vn -0.2132 0.8313 -0.5132
vn -0.2433 0.7728 -0.5861
vn -0.2711 0.7071 -0.6530
vn -0.2961 0.6339 -0.7145
vn -0.3185 0.5551 -0.7684
vn -0.3378 0.4711 -0.8148
vn -0.2849 0.1951 -0.9385
vn -0.2889 0.0979 -0.9523
vn -0.0327 0.9942 -0.1027
vn -0.0574 0.9808 -0.1865
vn -0.2903 -0.0000 -0.9569
vn -0.0850 0.9569 -0.2777
vn -0.1118 0.9239 -0.3660
vn -0.1375 0.8819 -0.4509
vn -0.1619 0.8314 -0.5315
vn -0.1848 0.7730 -0.6069
vn -0.2057 0.7069 -0.6768
vn -0.2249 0.6343 -0.7397
vn -0.2416 0.5551 -0.7959
vn -0.2563 0.4711 -0.8440
vn -0.2683 0.3821 -0.8843
vn -0.2780 0.2902 -0.9157
vn -0.0574 0.9569 -0.2845
vn -0.0754 0.9239 -0.3752
vn -0.0926 0.8819 -0.4623
vn -0.1090 0.8314 -0.5448
vn -0.1244 0.7730 -0.6220
vn -0.1384 0.7069 -0.6936
vn -0.1513 0.6343 -0.7581
vn -0.1625 0.5552 -0.8157
vn -0.1721 0.4708 -0.8653
vn -0.1803 0.3821 -0.9063
vn -0.1867 0.2899 -0.9387
vn -0.1914 0.1948 -0.9620
vn -0.0224 0.9942 -0.1054
vn -0.1942 0.0979 -0.9761
vn -0.0388 0.9807 -0.1915
vn -0.1951 -0.0000 -0.9808
vn -0.0467 0.8817 -0.4694
vn -0.0549 0.8312 -0.5533
vn -0.0628 0.7730 -0.6313
vn -0.0698 0.7070 -0.7037
vn -0.0761 0.6342 -0.7694
vn -0.0819 0.5555 -0.8275
vn -0.0867 0.4711 -0.8778
vn -0.0906 0.3821 -0.9197
vn -0.0938 0.2899 -0.9525
vn -0.0961 0.1948 -0.9761
vn -0.0120 0.9942 -0.1071
vn -0.0975 0.0979 -0.9904
vn -0.0199 0.9808 -0.1941
vn -0.0980 -0.0000 -0.9952
vn -0.0291 0.9569 -0.2890
vn -0.0383 0.9239 -0.3807
usemtl Default_OBJ
s 1
f 1//1 2//2 3//3
f 1//1 3//3 4//4
f 5//5 1//1 4//4
f 5//5 4//4 6//6
f 7//7 5//5 6//6
f 7//7 6//6 8//8
f 9//9 7//7 8//8
f 9//9 8//8 10//10
f 11//11 9//9 10//10
f 11//11 10//10 12//12
f 13//13 11//11 12//12
f 13//13 12//12 14//14
f 15//15 13//13 14//14
f 15//15 14//14 16//16
f 17//17 15//15 16//16
f 17//17 16//16 18//18
f 19//19 17//17 18//18
f 19//19 18//18 20//20
f 21//21 19//19 20//20
f 21//21 20//20 22//22
f 23//23 24//24 25//25
f 26//26 21//21 22//22
f 26//26 22//22 27//27
f 28//28 23//23 25//25
f 28//28 25//25 29//29
f 30//30 26//26 27//27
f 30//30 27//27 31//31
f 32//32 28//28 29//29
f 32//32 29//29 33//33
f 2//2 32//32 33//33
f 2//2 33//33 3//3
f 20//20 18//18 34//34
f 20//20 34//34 35//35
f 22//22 20//20 35//35
f 22//22 35//35 36//36
f 25//25 24//24 37//37
f 27//27 22//22 36//36
f 27//27 36//36 38//38
f 29//29 25//25 37//37
f 29//29 37//37 39//39
f 31//31 27//27 38//38
f 31//31 38//38 40//40
f 33//33 29//29 39//39
f 33//33 39//39 41//41
f 3//3 33//33 41//41
f 3//3 41//41 42//42
f 4//4 3//3 42//42
f 4//4 42//42 43//43
f 6//6 4//4 43//43
f 6//6 43//43 44//44
f 8//8 6//6 44//44
f 8//8 44//44 45//45
f 10//10 8//8 45//45
f 10//10 45//45 46//46
f 12//12 10//10 46//46
f 12//12 46//46 47//47
f 14//14 12//12 47//47
f 14//14 47//47 48//48
f 16//16 14//14 48//48
f 16//16 48//48 49//49
f 18//18 16//16 49//49
f 18//18 49//49 34//34
f 38//38 36//36 50//50
f 38//38 50//50 51//51
f 39//39 37//37 52//52
f 39//39 52//52 53//53
f 40//40 38//38 51//51
f 40//40 51//51 54//54
f 41//41 39//39 53//53
f 41//41 53//53 55//55
f 42//42 41//41 55//55
f 42//42 55//55 56//56
f 43//43 42//42 56//56
f 43//43 56//56 57//57
f 44//44 43//43 57//57
f 44//44 57//57 58//58
f 45//45 44//44 58//58
f 45//45 58//58 59//59
f 46//46 45//45 59//59
f 46//46 59//59 60//60
f 47//47 46//46 60//60
f 47//47 60//60 61//61
f 48//48 47//47 61//61
f 48//48 61//61 62//62
f 49//49 48//48 62//62
f 49//49 62//62 63//63
f 34//34 49//49 63//63
f 34//34 63//63 64//64
f 35//35 34//34 64//64
f 35//35 64//64 65//65
f 36//36 35//35 65//65
f 36//36 65//65 50//50
f 37//37 24//24 52//52
f 56//56 55//55 67//66
f 56//56 67//66 68//67
f 57//57 56//56 68//67
f 57//57 68//67 69//68
f 58//58 57//57 69//68
f 58//58 69//68 70//69
f 59//59 58//58 70//69
f 59//59 70//69 71//70
f 60//60 59//59 71//70
f 60//60 71//70 72//71
f 61//61 60//60 72//71
f 61//61 72//71 73//72
f 62//62 61//61 73//72
f 62//62 73//72 74//73
f 63//63 62//62 74//73
f 63//63 74//73 75//74
f 64//64 63//63 75//74
f 64//64 75//74 76//75
f 65//65 64//64 76//75
f 65//65 76//75 77//76
f 50//50 65//65 77//76
f 50//50 77//76 78//77
f 52//52 24//24 79//78
f 51//51 50//50 78//77
f 51//51 78//77 80//79
f 53//53 52//52 79//78
f 53//53 79//78 81//80
f 54//54 51//51 80//79
f 54//54 80//79 66//81
f 55//55 53//53 81//80
f 55//55 81//80 67//66
f 70//69 69//68 82//82
f 70//69 82//82 83//83
f 71//70 70//69 83//83
f 71//70 83//83 84//84
f 72//71 71//70 84//84
f 72//71 84//84 85//85
f 73//72 72//71 85//85
f 73//72 85//85 86//86
f 74//73 73//72 86//86
f 74//73 86//86 87//87
f 75//74 74//73 87//87
f 75//74 87//87 88//88
f 76//75 75//74 88//88
f 76//75 88//88 89//89
f 77//76 76//75 89//89
f 77//76 89//89 90//90
f 78//77 77//76 90//90
f 78//77 90//90 91//91
f 79//78 24//24 92//92
f 80//79 78//77 91//91
f 80//79 91//91 93//93
f 81//80 79//78 92//92
f 81//80 92//92 94//94
f 66//81 80//79 93//93
f 66//81 93//93 95//95
f 67//66 81//80 94//94
f 67//66 94//94 96//96
f 68//67 67//66 96//96
f 68//67 96//96 97//97
f 69//68 68//67 97//97
f 69//68 97//97 82//82
f 85//85 84//84 98//98
f 85//85 98//98 99//99
f 86//86 85//85 99//99
f 86//86 99//99 100//100
f 87//87 86//86 100//100
f 87//87 100//100 101//101
f 88//88 87//87 101//101
f 88//88 101//101 102//102
f 89//89 88//88 102//102
f 89//89 102//102 103//103
f 90//90 89//89 103//103
f 90//90 103//103 104//104
f 91//91 90//90 104//104
f 91//91 104//104 105//105
f 92//92 24//24 106//106
f 93//93 91//91 105//105
f 93//93 105//105 107//107
f 94//94 92//92 106//106
f 94//94 106//106 108//108
f 95//95 93//93 107//107
f 95//95 107//107 109//109
f 96//96 94//94 108//108
f 96//96 108//108 110//110
f 97//97 96//96 110//110
f 97//97 110//110 111//111
f 82//82 97//97 111//111
f 82//82 111//111 112//112
f 83//83 82//82 112//112
f 83//83 112//112 113//113
f 84//84 83//83 113//113
f 84//84 113//113 98//98
f 101//101 100//100 114//114
f 101//101 114//114 115//115
f 102//102 101//101 115//115
f 102//102 115//115 116//116
f 103//103 102//102 116//116
f 103//103 116//116 117//117
f 104//104 103//103 117//117
f 104//104 117//117 118//118
f 105//105 104//104 118//118
f 105//105 118//118 119//119
f 106//106 24//24 120//120
f 107//107 105//105 119//119
f 107//107 119//119 121//121
f 108//108 106//106 120//120
f 108//108 120//120 122//122
f 109//109 107//107 121//121
f 109//109 121//121 123//123
f 110//110 108//108 122//122
f 110//110 122//122 124//124
f 111//111 110//110 124//124
f 111//111 124//124 125//125
f 112//112 111//111 125//125
f 112//112 125//125 126//126
f 113//113 112//112 126//126
f 113//113 126//126 127//127
f 98//98 113//113 127//127
f 98//98 127//127 128//128
f 99//99 98//98 128//128
f 99//99 128//128 129//129
f 100//100 99//99 129//129
f 100//100 129//129 114//114
f 117//117 116//116 130//130
f 117//117 130//130 131//131
f 118//118 117//117 131//131
f 118//118 131//131 132//132
f 119//119 118//118 132//132
f 119//119 132//132 133//133
f 120//120 24//24 134//134
f 121//121 119//119 133//133
f 121//121 133//133 135//135
f 122//122 120//120 134//134
f 122//122 134//134 136//136
f 123//123 121//121 135//135
f 123//123 135//135 137//137
f 124//124 122//122 136//136
f 124//124 136//136 138//138
f 125//125 124//124 138//138
f 125//125 138//138 139//139
f 126//126 125//125 139//139
f 126//126 139//139 140//140
f 127//127 126//126 140//140
f 127//127 140//140 141//141
f 128//128 127//127 141//141
f 128//128 141//141 142//142
f 129//129 128//128 142//142
f 129//129 142//142 143//143
f 114//114 129//129 143//143
f 114//114 143//143 144//144
f 115//115 114//114 144//144
f 115//115 144//144 145//145
f 116//116 115//115 145//145
f 116//116 145//145 130//130
f 133//133 132//132 146//146
f 133//133 146//146 147//147
f 134//134 24//24 148//148
f 135//135 133//133 147//147
f 135//135 147//147 149//149
f 136//136 134//134 148//148
f 136//136 148//148 150//150
f 137//137 135//135 149//149
f 137//137 149//149 151//151
f 138//138 136//136 150//150
f 138//138 150//150 152//152
f 139//139 138//138 152//152
f 139//139 152//152 153//153
f 140//140 139//139 153//153
f 140//140 153//153 154//154
f 141//141 140//140 154//154
f 141//141 154//154 155//155
f 142//142 141//141 155//155
f 142//142 155//155 156//156
f 143//143 142//142 156//156
f 143//143 156//156 157//157
f 144//144 143//143 157//157
f 144//144 157//157 158//158
f 145//145 144//144 158//158
f 145//145 158//158 159//159
f 130//130 145//145 159//159
f 130//130 159//159 160//160
f 131//131 130//130 160//160
f 131//131 160//160 161//161
f 132//132 131//131 161//161
f 132//132 161//161 146//146
f 150//150 148//148 162//162
f 150//150 162//162 163//163
f 151//151 149//149 164//164
f 151//151 164//164 165//165
f 152//152 150//150 163//163
f 152//152 163//163 166//166
f 153//153 152//152 166//166
f 153//153 166//166 167//167
f 154//154 153//153 167//167
f 154//154 167//167 168//168
f 155//155 154//154 168//168
f 155//155 168//168 169//169
f 156//156 155//155 169//169
f 156//156 169//169 170//170
f 157//157 156//156 170//170
f 157//157 170//170 171//171
f 158//158 157//157 171//171
f 158//158 171//171 172//172
f 159//159 158//158 172//172
f 159//159 172//172 173//173
f 160//160 159//159 173//173
f 160//160 173//173 174//174
f 161//161 160//160 174//174
f 161//161 174//174 175//175
f 146//146 161//161 175//175
f 146//146 175//175 176//176
f 147//147 146//146 176//176
f 147//147 176//176 177//177
f 148//148 24//24 162//162
f 149//149 147//147 177//177
f 149//149 177//177 164//164
f 167//167 166//166 178//178
f 167//167 178//178 179//179
f 168//168 167//167 179//179
f 168//168 179//179 180//180
f 169//169 168//168 180//180
f 169//169 180//180 181//181
f 170//170 169//169 181//181
f 170//170 181//181 182//182
f 171//171 170//170 182//182
f 171//171 182//182 183//183
f 172//172 171//171 183//183
f 172//172 183//183 184//184
f 173//173 172//172 184//184
f 173//173 184//184 185//185
f 174//174 173//173 185//185
f 174//174 185//185 186//186
f 175//175 174//174 186//186
f 175//175 186//186 187//187
f 176//176 175//175 187//187
f 176//176 187//187 188//188
f 177//177 176//176 188//188
f 177//177 188//188 189//189
f 162//162 24//24 190//190
f 164//164 177//177 189//189
f 164//164 189//189 191//191
f 163//163 162//162 190//190
f 163//163 190//190 192//192
f 165//165 164//164 191//191
f 165//165 191//191 193//193
f 166//166 163//163 192//192
f 166//166 192//192 178//178
f 181//181 180//180 194//194
f 181//181 194//194 195//195
f 182//182 181//181 195//195
f 182//182 195//195 196//196
f 183//183 182//182 196//196
f 183//183 196//196 197//197
f 184//184 183//183 197//197
f 184//184 197//197 198//198
f 185//185 184//184 198//198
f 185//185 198//198 199//199
f 186//186 185//185 199//199
f 186//186 199//199 200//200
f 187//187 186//186 200//200
f 187//187 200//200 201//201
f 188//188 187//187 201//201
f 188//188 201//201 202//202
f 189//189 188//188 202//202
f 189//189 202//202 203//203
f 190//190 24//24 204//204
f 191//191 189//189 203//203
f 191//191 203//203 205//205
f 192//192 190//190 204//204
f 192//192 204//204 206//206
f 193//193 191//191 205//205
f 193//193 205//205 207//207
f 178//178 192//192 206//206
f 178//178 206//206 208//208
f 179//179 178//178 208//208
f 179//179 208//208 209//209
f 180//180 179//179 209//209
f 180//180 209//209 194//194
f 197//197 196//196 210//210
f 197//197 210//210 211//211
f 198//198 197//197 211//211
f 198//198 211//211 212//212
f 199//199 198//198 212//212
f 199//199 212//212 213//213
f 200//200 199//199 213//213
f 200//200 213//213 214//214
f 201//201 200//200 214//214
f 201//201 214//214 215//215
f 202//202 201//201 215//215
f 202//202 215//215 216//216
f 203//203 202//202 216//216
f 203//203 216//216 217//217
f 204//204 24//24 218//218
f 205//205 203//203 217//217
f 205//205 217//217 219//219
f 206//206 204//204 218//218
f 206//206 218//218 220//220
f 207//207 205//205 219//219
f 207//207 219//219 221//221
f 208//208 206//206 220//220
f 208//208 220//220 222//222
f 209//209 208//208 222//222
f 209//209 222//222 223//223
f 194//194 209//209 223//223
f 194//194 223//223 224//224
f 195//195 194//194 224//224
f 195//195 224//224 225//225
f 196//196 195//195 225//225
f 196//196 225//225 210//210
f 213//213 212//212 226//226
f 213//213 226//226 227//227
f 214//214 213//213 227//227
f 214//214 227//227 228//228
f 215//215 214//214 228//228
f 215//215 228//228 229//229
f 216//216 215//215 229//229
f 216//216 229//229 230//230
f 217//217 216//216 230//230
f 217//217 230//230 231//231
f 218//218 24//24 232//232
f 219//219 217//217 231//231
f 219//219 231//231 233//233
f 220//220 218//218 232//232
f 220//220 232//232 234//234
f 221//221 219//219 233//233
f 221//221 233//233 235//235
f 222//222 220//220 234//234
f 222//222 234//234 236//236
f 223//223 222//222 236//236
f 223//223 236//236 237//237
f 224//224 223//223 237//237
f 224//224 237//237 238//238
f 225//225 224//224 238//238
f 225//225 238//238 239//239
f 210//210 225//225 239//239
f 210//210 239//239 240//240
f 211//211 210//210 240//240
f 211//211 240//240 241//241
f 212//212 211//211 241//241
f 212//212 241//241 226//226
f 229//229 228//228 242//242
f 229//229 242//242 243//243
f 230//230 229//229 243//243
f 230//230 243//243 244//244
f 231//231 230//230 244//244
f 231//231 244//244 245//245
f 232//232 24//24 246//246
f 233//233 231//231 245//245
f 233//233 245//245 247//247
f 234//234 232//232 246//246
f 234//234 246//246 248//248
f 235//235 233//233 247//247
f 235//235 247//247 249//249
f 236//236 234//234 248//248
f 236//236 248//248 250//250
f 237//237 236//236 250//250
f 237//237 250//250 251//251
f 238//238 237//237 251//251
f 238//238 251//251 252//252
f 239//239 238//238 252//252
f 239//239 252//252 253//253
f 240//240 239//239 253//253
f 240//240 253//253 254//254
f 241//241 240//240 254//254
f 241//241 254//254 255//255
f 226//226 241//241 255//255
f 226//226 255//255 256//256
f 227//227 226//226 256//256
f 227//227 256//256 257//257
f 228//228 227//227 257//257
f 228//228 257//257 242//242
f 245//245 244//244 258//258
f 245//245 258//258 259//259
f 246//246 24//24 260//260
f 247//247 245//245 259//259
f 247//247 259//259 261//261
f 248//248 246//246 260//260
f 248//248 260//260 262//262
f 249//249 247//247 261//261
f 249//249 261//261 263//263
f 250//250 248//248 262//262
f 250//250 262//262 264//264
f 251//251 250//250 264//264
f 251//251 264//264 265//265
f 252//252 251//251 265//265
f 252//252 265//265 266//266
f 253//253 252//252 266//266
f 253//253 266//266 267//267
f 254//254 253//253 267//267
f 254//254 267//267 268//268
f 255//255 254//254 268//268
f 255//255 268//268 269//269
f 256//256 255//255 269//269
f 256//256 269//269 270//270
f 257//257 256//256 270//270
f 257//257 270//270 271//271
f 242//242 257//257 271//271
f 242//242 271//271 272//272
f 243//243 242//242 272//272
f 243//243 272//272 273//273
f 244//244 243//243 273//273
f 244//244 273//273 258//258
f 263//263 261//261 274//274
f 263//263 274//274 275//275
f 264//264 262//262 276//276
f 264//264 276//276 277//277
f 265//265 264//264 277//277
f 265//265 277//277 278//278
f 266//266 265//265 278//278
f 266//266 278//278 279//279
f 267//267 266//266 279//279
f 267//267 279//279 280//280
f 268//268 267//267 280//280
f 268//268 280//280 281//281
f 269//269 268//268 281//281
f 269//269 281//281 282//282
f 270//270 269//269 282//282
f 270//270 282//282 283//283
f 271//271 270//270 283//283
f 271//271 283//283 284//284
f 272//272 271//271 284//284
f 272//272 284//284 285//285
f 273//273 272//272 285//285
f 273//273 285//285 286//286
f 258//258 273//273 286//286
f 258//258 286//286 287//287
f 259//259 258//258 287//287
f 259//259 287//287 288//288
f 260//260 24//24 289//289
f 261//261 259//259 288//288
f 261//261 288//288 274//274
f 262//262 260//260 289//289
f 262//262 289//289 276//276
f 279//279 278//278 290//290
f 279//279 290//290 291//291
f 280//280 279//279 291//291
f 280//280 291//291 292//292
f 281//281 280//280 292//292
f 281//281 292//292 293//293
f 282//282 281//281 293//293
f 282//282 293//293 294//294
f 283//283 282//282 294//294
f 283//283 294//294 295//295
f 284//284 283//283 295//295
f 284//284 295//295 296//296
f 285//285 284//284 296//296
f 285//285 296//296 297//297
f 286//286 285//285 297//297
f 286//286 297//297 298//298
f 287//287 286//286 298//298
f 287//287 298//298 299//299
f 288//288 287//287 299//299
f 288//288 299//299 300//300
f 289//289 24//24 301//301
f 274//274 288//288 300//300
f 274//274 300//300 302//302
f 276//276 289//289 301//301
f 276//276 301//301 303//303
f 275//275 274//274 302//302
f 275//275 302//302 304//304
f 277//277 276//276 303//303
f 277//277 303//303 305//305
f 278//278 277//277 305//305
f 278//278 305//305 290//290
f 293//293 292//292 306//306
f 293//293 306//306 307//307
f 294//294 293//293 307//307
f 294//294 307//307 308//308
f 295//295 294//294 308//308
f 295//295 308//308 309//309
f 296//296 295//295 309//309
f 296//296 309//309 310//310
f 297//297 296//296 310//310
f 297//297 310//310 311//311
f 298//298 297//297 311//311
f 298//298 311//311 312//312
f 299//299 298//298 312//312
f 299//299 312//312 313//313
f 300//300 299//299 313//313
f 300//300 313//313 314//314
f 301//301 24//24 315//315
f 302//302 300//300 314//314
f 302//302 314//314 316//316
f 303//303 301//301 315//315
f 303//303 315//315 317//317
f 304//304 302//302 316//316
f 304//304 316//316 318//318
f 305//305 303//303 317//317
f 305//305 317//317 319//319
f 290//290 305//305 319//319
f 290//290 319//319 320//320
f 291//291 290//290 320//320
f 291//291 320//320 321//321
f 292//292 291//291 321//321
f 292//292 321//321 306//306
f 309//309 308//308 322//322
f 309//309 322//322 323//323
f 310//310 309//309 323//323
f 310//310 323//323 324//324
f 311//311 310//310 324//324
f 311//311 324//324 325//325
f 312//312 311//311 325//325
f 312//312 325//325 326//326
f 313//313 312//312 326//326
f 313//313 326//326 327//327
f 314//314 313//313 327//327
f 314//314 327//327 328//328
f 315//315 24//24 329//329
f 316//316 314//314 328//328
f 316//316 328//328 330//330
f 317//317 315//315 329//329
f 317//317 329//329 331//331
f 318//318 316//316 330//330
f 318//318 330//330 332//332
f 319//319 317//317 331//331
f 319//319 331//331 333//333
f 320//320 319//319 333//333
f 320//320 333//333 334//334
f 321//321 320//320 334//334
f 321//321 334//334 335//335
f 306//306 321//321 335//335
f 306//306 335//335 336//336
f 307//307 306//306 336//336
f 307//307 336//336 337//337
f 308//308 307//307 337//337
f 308//308 337//337 322//322
f 325//325 324//324 338//338
f 325//325 338//338 339//339
f 326//326 325//325 339//339
f 326//326 339//339 340//340
f 327//327 326//326 340//340
f 327//327 340//340 341//341
f 328//328 327//327 341//341
f 328//328 341//341 342//342
f 329//329 24//24 343//343
f 330//330 328//328 342//342
f 330//330 342//342 344//344
f 331//331 329//329 343//343
f 331//331 343//343 345//345
f 332//332 330//330 344//344
f 332//332 344//344 346//346
f 333//333 331//331 345//345
f 333//333 345//345 347//347
f 334//334 333//333 347//347
f 334//334 347//347 348//348
f 335//335 334//334 348//348
f 335//335 348//348 349//349
f 336//336 335//335 349//349
f 336//336 349//349 350//350
f 337//337 336//336 350//350
f 337//337 350//350 351//351
f 322//322 337//337 351//351
f 322//322 351//351 352//352
f 323//323 322//322 352//352
f 323//323 352//352 353//353
f 324//324 323//323 353//353
f 324//324 353//353 338//338
f 341//341 340//340 354//354
f 341//341 354//354 355//355
f 342//342 341//341 355//355
f 342//342 355//355 356//356
f 343//343 24//24 357//357
f 344//344 342//342 356//356
f 344//344 356//356 358//358
f 345//345 343//343 357//357
f 345//345 357//357 359//359
f 346//346 344//344 358//358
f 346//346 358//358 360//360
f 347//347 345//345 359//359
f 347//347 359//359 361//361
f 348//348 347//347 361//361
f 348//348 361//361 362//362
f 349//349 348//348 362//362
f 349//349 362//362 363//363
f 350//350 349//349 363//363
f 350//350 363//363 364//364
f 351//351 350//350 364//364
f 351//351 364//364 365//365
f 352//352 351//351 365//365
f 352//352 365//365 366//366
f 353//353 352//352 366//366
f 353//353 366//366 367//367
f 338//338 353//353 367//367
f 338//338 367//367 368//368
f 339//339 338//338 368//368
f 339//339 368//368 369//369
f 340//340 339//339 369//369
f 340//340 369//369 354//354
f 358//358 356//356 370//370
f 358//358 370//370 371//371
f 359//359 357//357 372//372
f 359//359 372//372 373//373
f 360//360 358//358 371//371
f 360//360 371//371 374//374
f 361//361 359//359 373//373
f 361//361 373//373 375//375
f 362//362 361//361 375//375
f 362//362 375//375 376//376
f 363//363 362//362 376//376
f 363//363 376//376 377//377
f 364//364 363//363 377//377
f 364//364 377//377 378//378
f 365//365 364//364 378//378
f 365//365 378//378 379//379
f 366//366 365//365 379//379
f 366//366 379//379 380//380
f 367//367 366//366 380//380
f 367//367 380//380 381//381
f 368//368 367//367 381//381
f 368//368 381//381 382//382
f 369//369 368//368 382//382
f 369//369 382//382 383//383
f 354//354 369//369 383//383
f 354//354 383//383 384//384
f 355//355 354//354 384//384
f 355//355 384//384 385//385
f 356//356 355//355 385//385
f 356//356 385//385 370//370
f 357//357 24//24 372//372
f 376//376 375//375 387//386
f 376//376 387//386 388//387
f 377//377 376//376 388//387
f 377//377 388//387 389//388
f 378//378 377//377 389//388
f 378//378 389//388 390//389
f 379//379 378//378 390//389
f 379//379 390//389 391//390
f 380//380 379//379 391//390
f 380//380 391//390 392//391
f 381//381 380//380 392//391
f 381//381 392//391 393//392
f 382//382 381//381 393//392
f 382//382 393//392 394//393
f 383//383 382//382 394//393
f 383//383 394//393 395//394
f 384//384 383//383 395//394
f 384//384 395//394 396//395
f 385//385 384//384 396//395
f 385//385 396//395 397//396
f 370//370 385//385 397//396
f 370//370 397//396 398//397
f 372//372 24//24 399//398
f 371//371 370//370 398//397
f 371//371 398//397 400//399
f 373//373 372//372 399//398
f 373//373 399//398 401//400
f 374//374 371//371 400//399
f 374//374 400//399 386//401
f 375//375 373//373 401//400
f 375//375 401//400 387//386
f 390//389 389//388 402//402
f 390//389 402//402 403//403
f 391//390 390//389 403//403
f 391//390 403//403 404//404
f 392//391 391//390 404//404
f 392//391 404//404 405//405
f 393//392 392//391 405//405
f 393//392 405//405 406//406
f 394//393 393//392 406//406
f 394//393 406//406 407//407
f 395//394 394//393 407//407
f 395//394 407//407 408//408
f 396//395 395//394 408//408
f 396//395 408//408 409//409
f 397//396 396//395 409//409
f 397//396 409//409 410//410
f 398//397 397//396 410//410
f 398//397 410//410 411//411
f 399//398 24//24 412//412
f 400//399 398//397 411//411
f 400//399 411//411 413//413
f 401//400 399//398 412//412
f 401//400 412//412 414//414
f 386//401 400//399 413//413
f 386//401 413//413 415//415
f 387//386 401//400 414//414
f 387//386 414//414 416//416
f 388//387 387//386 416//416
f 388//387 416//416 417//417
f 389//388 388//387 417//417
f 389//388 417//417 402//402
f 405//405 404//404 418//418
f 405//405 418//418 419//419
f 406//406 405//405 419//419
f 406//406 419//419 420//420
f 407//407 406//406 420//420
f 407//407 420//420 421//421
f 408//408 407//407 421//421
f 408//408 421//421 422//422
f 409//409 408//408 422//422
f 409//409 422//422 423//423
f 410//410 409//409 423//423
f 410//410 423//423 424//424
f 411//411 410//410 424//424
f 411//411 424//424 425//425
f 412//412 24//24 426//426
f 413//413 411//411 425//425
f 413//413 425//425 427//427
f 414//414 412//412 426//426
f 414//414 426//426 428//428
f 415//415 413//413 427//427
f 415//415 427//427 429//429
f 416//416 414//414 428//428
f 416//416 428//428 430//430
f 417//417 416//416 430//430
f 417//417 430//430 431//431
f 402//402 417//417 431//431
f 402//402 431//431 432//432
f 403//403 402//402 432//432
f 403//403 432//432 433//433
f 404//404 403//403 433//433
f 404//404 433//433 418//418
f 420//420 419//419 434//434
f 420//420 434//434 435//435
f 421//421 420//420 435//435
f 421//421 435//435 436//436
f 422//422 421//421 436//436
f 422//422 436//436 437//437
f 423//423 422//422 437//437
f 423//423 437//437 438//438
f 424//424 423//423 438//438
f 424//424 438//438 439//439
f 425//425 424//424 439//439
f 425//425 439//439 440//440
f 426//426 24//24 441//441
f 427//427 425//425 440//440
f 427//427 440//440 442//442
f 428//428 426//426 441//441
f 428//428 441//441 443//443
f 429//429 427//427 442//442
f 429//429 442//442 444//444
f 430//430 428//428 443//443
f 430//430 443//443 445//445
f 431//431 430//430 445//445
f 431//431 445//445 446//446
f 432//432 431//431 446//446
f 432//432 446//446 447//447
f 433//433 432//432 447//447
f 433//433 447//447 448//448
f 418//418 433//433 448//448
f 418//418 448//448 449//449
f 419//419 418//418 449//449
f 419//419 449//449 434//434
f 437//437 436//436 450//450
f 437//437 450//450 451//451
f 438//438 437//437 451//451
f 438//438 451//451 452//452
f 439//439 438//438 452//452
f 439//439 452//452 453//453
f 440//440 439//439 453//453
f 440//440 453//453 454//454
f 441//441 24//24 455//455
f 442//442 440//440 454//454
f 442//442 454//454 456//456
f 443//443 441//441 455//455
f 443//443 455//455 457//457
f 444//444 442//442 456//456
f 444//444 456//456 458//458
f 445//445 443//443 457//457
f 445//445 457//457 459//459
f 446//446 445//445 459//459
f 446//446 459//459 460//460
f 447//447 446//446 460//460
f 447//447 460//460 461//461
f 448//448 447//447 461//461
f 448//448 461//461 462//462
f 449//449 448//448 462//462
f 449//449 462//462 463//463
f 434//434 449//449 463//463
f 434//434 463//463 464//464
f 435//435 434//434 464//464
f 435//435 464//464 465//465
f 436//436 435//435 465//465
f 436//436 465//465 450//450
f 453//453 452//452 466//466
f 453//453 466//466 467//467
f 454//454 453//453 467//467
f 454//454 467//467 468//468
f 455//455 24//24 469//469
f 456//456 454//454 468//468
f 456//456 468//468 470//470
f 457//457 455//455 469//469
f 457//457 469//469 471//471
f 458//458 456//456 470//470
f 458//458 470//470 472//472
f 459//459 457//457 471//471
f 459//459 471//471 473//473
f 460//460 459//459 473//473
f 460//460 473//473 474//474
f 461//461 460//460 474//474
f 461//461 474//474 475//475
f 462//462 461//461 475//475
f 462//462 475//475 476//476
f 463//463 462//462 476//476
f 463//463 476//476 477//477
f 464//464 463//463 477//477
f 464//464 477//477 478//478
f 465//465 464//464 478//478
f 465//465 478//478 479//479
f 450//450 465//465 479//479
f 450//450 479//479 480//480
f 451//451 450//450 480//480
f 451//451 480//480 481//481
f 452//452 451//451 481//481
f 452//452 481//481 466//466
f 470//470 468//468 482//482
f 470//470 482//482 483//483
f 471//471 469//469 484//484
f 471//471 484//484 485//485
f 472//472 470//470 483//483
f 472//472 483//483 486//486
f 473//473 471//471 485//485
f 473//473 485//485 487//487
f 474//474 473//473 487//487
f 474//474 487//487 488//488
f 475//475 474//474 488//488
f 475//475 488//488 489//489
f 476//476 475//475 489//489
f 476//476 489//489 490//490
f 477//477 476//476 490//490
f 477//477 490//490 491//491
f 478//478 477//477 491//491
f 478//478 491//491 492//492
f 479//479 478//478 492//492
f 479//479 492//492 493//493
f 480//480 479//479 493//493
f 480//480 493//493 494//494
f 481//481 480//480 494//494
f 481//481 494//494 495//495
f 466//466 481//481 495//495
f 466//466 495//495 496//496
f 467//467 466//466 496//496
f 467//467 496//496 497//497
f 468//468 467//467 497//497
f 468//468 497//497 482//482
f 469//469 24//24 484//484
f 488//488 487//487 499//498
f 488//488 499//498 500//499
f 489//489 488//488 500//499
f 489//489 500//499 501//500
f 490//490 489//489 501//500
f 490//490 501//500 502//501
f 491//491 490//490 502//501
f 491//491 502//501 503//502
f 492//492 491//491 503//502
f 492//492 503//502 504//503
f 493//493 492//492 504//503
f 493//493 504//503 505//504
f 494//494 493//493 505//504
f 494//494 505//504 506//505
f 495//495 494//494 506//505
f 495//495 506//505 507//506
f 496//496 495//495 507//506
f 496//496 507//506 508//507
f 497//497 496//496 508//507
f 497//497 508//507 509//508
f 482//482 497//497 509//508
f 482//482 509//508 510//509
f 484//484 24//24 511//510
f 483//483 482//482 510//509
f 483//483 510//509 512//511
f 485//485 484//484 511//510
f 485//485 511//510 513//512
f 486//486 483//483 512//511
f 486//486 512//511 498//513
f 487//487 485//485 513//512
f 487//487 513//512 499//498
f 502//501 501//500 514//514
f 502//501 514//514 515//515
f 503//502 502//501 515//515
f 503//502 515//515 516//516
f 504//503 503//502 516//516
f 504//503 516//516 517//517
f 505//504 504//503 517//517
f 505//504 517//517 518//518
f 506//505 505//504 518//518
f 506//505 518//518 519//519
f 507//506 506//505 519//519
f 507//506 519//519 520//520
f 508//507 507//506 520//520
f 508//507 520//520 521//521
f 509//508 508//507 521//521
f 509//508 521//521 522//522
f 510//509 509//508 522//522
f 510//509 522//522 523//523
f 511//510 24//24 524//524
f 512//511 510//509 523//523
f 512//511 523//523 525//525
f 513//512 511//510 524//524
f 513//512 524//524 526//526
f 498//513 512//511 525//525
f 498//513 525//525 527//527
f 499//498 513//512 526//526
f 499//498 526//526 528//528
f 500//499 499//498 528//528
f 500//499 528//528 529//529
f 501//500 500//499 529//529
f 501//500 529//529 514//514
f 517//517 516//516 530//530
f 517//517 530//530 531//531
f 518//518 517//517 531//531
f 518//518 531//531 532//532
f 519//519 518//518 532//532
f 519//519 532//532 533//533
f 520//520 519//519 533//533
f 520//520 533//533 534//534
f 521//521 520//520 534//534
f 521//521 534//534 535//535
f 522//522 521//521 535//535
f 522//522 535//535 536//536
f 523//523 522//522 536//536
f 523//523 536//536 537//537
f 524//524 24//24 538//538
f 525//525 523//523 537//537
f 525//525 537//537 539//539
f 526//526 524//524 538//538
f 526//526 538//538 540//540
f 527//527 525//525 539//539
f 527//527 539//539 541//541
f 528//528 526//526 540//540
f 528//528 540//540 542//542
f 529//529 528//528 542//542
f 529//529 542//542 543//543
f 514//514 529//529 543//543
f 514//514 543//543 544//544
f 515//515 514//514 544//544
f 515//515 544//544 545//545
f 516//516 515//515 545//545
f 516//516 545//545 530//530
f 533//533 532//532 546//546
f 533//533 546//546 547//547
f 534//534 533//533 547//547
f 534//534 547//547 548//548
f 535//535 534//534 548//548
f 535//535 548//548 549//549
f 536//536 535//535 549//549
f 536//536 549//549 550//550
f 537//537 536//536 550//550
f 537//537 550//550 551//551
f 538//538 24//24 552//552
f 539//539 537//537 551//551
f 539//539 551//551 553//553
f 540//540 538//538 552//552
f 540//540 552//552 554//554
f 541//541 539//539 553//553
f 541//541 553//553 555//555
f 542//542 540//540 554//554
f 542//542 554//554 556//556
f 543//543 542//542 556//556
f 543//543 556//556 557//557
f 544//544 543//543 557//557
f 544//544 557//557 558//558
f 545//545 544//544 558//558
f 545//545 558//558 559//559
f 530//530 545//545 559//559
f 530//530 559//559 560//560
f 531//531 530//530 560//560
f 531//531 560//560 561//561
f 532//532 531//531 561//561
f 532//532 561//561 546//546
f 549//549 548//548 562//562
f 549//549 562//562 563//563
f 550//550 549//549 563//563
f 550//550 563//563 564//564
f 551//551 550//550 564//564
f 551//551 564//564 565//565
f 552//552 24//24 566//566
f 553//553 551//551 565//565
f 553//553 565//565 567//567
f 554//554 552//552 566//566
f 554//554 566//566 568//568
f 555//555 553//553 567//567
f 555//555 567//567 569//569
f 556//556 554//554 568//568
f 556//556 568//568 570//570
f 557//557 556//556 570//570
f 557//557 570//570 571//571
f 558//558 557//557 571//571
f 558//558 571//571 572//572
f 559//559 558//558 572//572
f 559//559 572//572 573//573
f 560//560 559//559 573//573
f 560//560 573//573 574//574
f 561//561 560//560 574//574
f 561//561 574//574 575//575
f 546//546 561//561 575//575
f 546//546 575//575 576//576
f 547//547 546//546 576//576
f 547//547 576//576 577//577
f 548//548 547//547 577//577
f 548//548 577//577 562//562
f 565//565 564//564 578//578
f 565//565 578//578 579//579
f 566//566 24//24 580//580
f 567//567 565//565 579//579
f 567//567 579//579 581//581
f 568//568 566//566 580//580
f 568//568 580//580 582//582
f 569//569 567//567 581//581
f 569//569 581//581 583//583
f 570//570 568//568 582//582
f 570//570 582//582 584//584
f 571//571 570//570 584//584
f 571//571 584//584 585//585
f 572//572 571//571 585//585
f 572//572 585//585 586//586
f 573//573 572//572 586//586
f 573//573 586//586 587//587
f 574//574 573//573 587//587
f 574//574 587//587 588//588
f 575//575 574//574 588//588
f 575//575 588//588 589//589
f 576//576 575//575 589//589
f 576//576 589//589 590//590
f 577//577 576//576 590//590
f 577//577 590//590 591//591
f 562//562 577//577 591//591
f 562//562 591//591 592//592
f 563//563 562//562 592//592
f 563//563 592//592 593//593
f 564//564 563//563 593//593
f 564//564 593//593 578//578
f 582//582 580//580 594//594
f 582//582 594//594 595//595
f 583//583 581//581 596//596
f 583//583 596//596 597//597
f 584//584 582//582 595//595
f 584//584 595//595 598//598
f 585//585 584//584 598//598
f 585//585 598//598 599//599
f 586//586 585//585 599//599
f 586//586 599//599 600//600
f 587//587 586//586 600//600
f 587//587 600//600 601//601
f 588//588 587//587 601//601
f 588//588 601//601 602//602
f 589//589 588//588 602//602
f 589//589 602//602 603//603
f 590//590 589//589 603//603
f 590//590 603//603 604//604
f 591//591 590//590 604//604
f 591//591 604//604 605//605
f 592//592 591//591 605//605
f 592//592 605//605 606//606
f 593//593 592//592 606//606
f 593//593 606//606 607//607
f 578//578 593//593 607//607
f 578//578 607//607 608//608
f 579//579 578//578 608//608
f 579//579 608//608 609//609
f 580//580 24//24 594//594
f 581//581 579//579 609//609
f 581//581 609//609 596//596
f 599//599 598//598 610//610
f 599//599 610//610 611//611
f 600//600 599//599 611//611
f 600//600 611//611 612//612
f 601//601 600//600 612//612
f 601//601 612//612 613//613
f 602//602 601//601 613//613
f 602//602 613//613 614//614
f 603//603 602//602 614//614
f 603//603 614//614 615//615
f 604//604 603//603 615//615
f 604//604 615//615 616//616
f 605//605 604//604 616//616
f 605//605 616//616 617//617
f 606//606 605//605 617//617
f 606//606 617//617 618//618
f 607//607 606//606 618//618
f 607//607 618//618 619//619
f 608//608 607//607 619//619
f 608//608 619//619 620//620
f 609//609 608//608 620//620
f 609//609 620//620 621//621
f 594//594 24//24 622//622
f 596//596 609//609 621//621
f 596//596 621//621 623//623
f 595//595 594//594 622//622
f 595//595 622//622 624//624
f 597//597 596//596 623//623
f 597//597 623//623 625//625
f 598//598 595//595 624//624
f 598//598 624//624 610//610
f 613//613 612//612 626//626
f 613//613 626//626 627//627
f 614//614 613//613 627//627
f 614//614 627//627 628//628
f 615//615 614//614 628//628
f 615//615 628//628 629//629
f 616//616 615//615 629//629
f 616//616 629//629 630//630
f 617//617 616//616 630//630
f 617//617 630//630 631//631
f 618//618 617//617 631//631
f 618//618 631//631 632//632
f 619//619 618//618 632//632
f 619//619 632//632 633//633
f 620//620 619//619 633//633
f 620//620 633//633 634//634
f 621//621 620//620 634//634
f 621//621 634//634 635//635
f 622//622 24//24 636//636
f 623//623 621//621 635//635
f 623//623 635//635 637//637
f 624//624 622//622 636//636
f 624//624 636//636 638//638
f 625//625 623//623 637//637
f 625//625 637//637 639//639
f 610//610 624//624 638//638
f 610//610 638//638 640//640
f 611//611 610//610 640//640
f 611//611 640//640 641//641
f 612//612 611//611 641//641
f 612//612 641//641 626//626
f 629//629 628//628 642//642
f 629//629 642//642 643//643
f 630//630 629//629 643//643
f 630//630 643//643 644//644
f 631//631 630//630 644//644
f 631//631 644//644 645//645
f 632//632 631//631 645//645
f 632//632 645//645 646//646
f 633//633 632//632 646//646
f 633//633 646//646 647//647
f 634//634 633//633 647//647
f 634//634 647//647 648//648
f 635//635 634//634 648//648
f 635//635 648//648 649//649
f 636//636 24//24 650//650
f 637//637 635//635 649//649
f 637//637 649//649 651//651
f 638//638 636//636 650//650
f 638//638 650//650 652//652
f 639//639 637//637 651//651
f 639//639 651//651 653//653
f 640//640 638//638 652//652
f 640//640 652//652 654//654
f 641//641 640//640 654//654
f 641//641 654//654 655//655
f 626//626 641//641 655//655
f 626//626 655//655 656//656
f 627//627 626//626 656//656
f 627//627 656//656 657//657
f 628//628 627//627 657//657
f 628//628 657//657 642//642
f 645//645 644//644 658//658
f 645//645 658//658 659//659
f 646//646 645//645 659//659
f 646//646 659//659 660//660
f 647//647 646//646 660//660
f 647//647 660//660 661//661
f 648//648 647//647 661//661
f 648//648 661//661 662//662
f 649//649 648//648 662//662
f 649//649 662//662 663//663
f 650//650 24//24 664//664
f 651//651 649//649 663//663
f 651//651 663//663 665//665
f 652//652 650//650 664//664
f 652//652 664//664 666//666
f 653//653 651//651 665//665
f 653//653 665//665 667//667
f 654//654 652//652 666//666
f 654//654 666//666 668//668
f 655//655 654//654 668//668
f 655//655 668//668 669//669
f 656//656 655//655 669//669
f 656//656 669//669 670//670
f 657//657 656//656 670//670
f 657//657 670//670 671//671
f 642//642 657//657 671//671
f 642//642 671//671 672//672
f 643//643 642//642 672//672
f 643//643 672//672 673//673
f 644//644 643//643 673//673
f 644//644 673//673 658//658
f 661//661 660//660 674//674
f 661//661 674//674 675//675
f 662//662 661//661 675//675
f 662//662 675//675 676//676
f 663//663 662//662 676//676
f 663//663 676//676 677//677
f 664//664 24//24 678//678
f 665//665 663//663 677//677
f 665//665 677//677 679//679
f 666//666 664//664 678//678
f 666//666 678//678 680//680
f 667//667 665//665 679//679
f 667//667 679//679 681//681
f 668//668 666//666 680//680
f 668//668 680//680 682//682
f 669//669 668//668 682//682
f 669//669 682//682 683//683
f 670//670 669//669 683//683
f 670//670 683//683 684//684
f 671//671 670//670 684//684
f 671//671 684//684 685//685
f 672//672 671//671 685//685
f 672//672 685//685 686//686
f 673//673 672//672 686//686
f 673//673 686//686 687//687
f 658//658 673//673 687//687
f 658//658 687//687 688//688
f 659//659 658//658 688//688
f 659//659 688//688 689//689
f 660//660 659//659 689//689
f 660//660 689//689 674//674
f 677//677 676//676 690//690
f 677//677 690//690 691//691
f 678//678 24//24 692//692
f 679//679 677//677 691//691
f 679//679 691//691 693//693
f 680//680 678//678 692//692
f 680//680 692//692 694//694
f 681//681 679//679 693//693
f 681//681 693//693 695//695
f 682//682 680//680 694//694
f 682//682 694//694 696//696
f 683//683 682//682 696//696
f 683//683 696//696 697//697
f 684//684 683//683 697//697
f 684//684 697//697 698//698
f 685//685 684//684 698//698
f 685//685 698//698 699//699
f 686//686 685//685 699//699
f 686//686 699//699 700//700
f 687//687 686//686 700//700
f 687//687 700//700 701//701
f 688//688 687//687 701//701
f 688//688 701//701 702//702
f 689//689 688//688 702//702
f 689//689 702//702 703//703
f 674//674 689//689 703//703
f 674//674 703//703 704//704
f 675//675 674//674 704//704
f 675//675 704//704 705//705
f 676//676 675//675 705//705
f 676//676 705//705 690//690
f 695//695 693//693 706//706
f 695//695 706//706 707//707
f 696//696 694//694 708//708
f 696//696 708//708 709//709
f 697//697 696//696 709//709
f 697//697 709//709 710//710
f 698//698 697//697 710//710
f 698//698 710//710 711//711
f 699//699 698//698 711//711
f 699//699 711//711 712//712
f 700//700 699//699 712//712
f 700//700 712//712 713//713
f 701//701 700//700 713//713
f 701//701 713//713 714//714
f 702//702 701//701 714//714
f 702//702 714//714 715//715
f 703//703 702//702 715//715
f 703//703 715//715 716//716
f 704//704 703//703 716//716
f 704//704 716//716 717//717
f 705//705 704//704 717//717
f 705//705 717//717 718//718
f 690//690 705//705 718//718
f 690//690 718//718 719//719
f 691//691 690//690 719//719
f 691//691 719//719 720//720
f 692//692 24//24 721//721
f 693//693 691//691 720//720
f 693//693 720//720 706//706
f 694//694 692//692 721//721
f 694//694 721//721 708//708
f 711//711 710//710 722//722
f 711//711 722//722 723//723
f 712//712 711//711 723//723
f 712//712 723//723 724//724
f 713//713 712//712 724//724
f 713//713 724//724 725//725
f 714//714 713//713 725//725
f 714//714 725//725 726//726
f 715//715 714//714 726//726
f 715//715 726//726 727//727
f 716//716 715//715 727//727
f 716//716 727//727 728//728
f 717//717 716//716 728//728
f 717//717 728//728 729//729
f 718//718 717//717 729//729
f 718//718 729//729 730//730
f 719//719 718//718 730//730
f 719//719 730//730 731//731
f 720//720 719//719 731//731
f 720//720 731//731 732//732
f 721//721 24//24 733//733
f 706//706 720//720 732//732
f 706//706 732//732 734//734
f 708//708 721//721 733//733
f 708//708 733//733 735//735
f 707//707 706//706 734//734
f 707//707 734//734 736//736
f 709//709 708//708 735//735
f 709//709 735//735 737//737
f 710//710 709//709 737//737
f 710//710 737//737 722//722
f 725//725 724//724 738//738
f 725//725 738//738 739//739
f 726//726 725//725 739//739
f 726//726 739//739 740//740
f 727//727 726//726 740//740
f 727//727 740//740 741//741
f 728//728 727//727 741//741
f 728//728 741//741 742//742
f 729//729 728//728 742//742
f 729//729 742//742 743//743
f 730//730 729//729 743//743
f 730//730 743//743 744//744
f 731//731 730//730 744//744
f 731//731 744//744 745//745
f 732//732 731//731 745//745
f 732//732 745//745 746//746
f 733//733 24//24 747//747
f 734//734 732//732 746//746
f 734//734 746//746 748//748
f 735//735 733//733 747//747
f 735//735 747//747 749//749
f 736//736 734//734 748//748
f 736//736 748//748 750//750
f 737//737 735//735 749//749
f 737//737 749//749 751//751
f 722//722 737//737 751//751
f 722//722 751//751 752//752
f 723//723 722//722 752//752
f 723//723 752//752 753//753
f 724//724 723//723 753//753
f 724//724 753//753 738//738
f 741//741 740//740 754//754
f 741//741 754//754 755//755
f 742//742 741//741 755//755
f 742//742 755//755 756//756
f 743//743 742//742 756//756
f 743//743 756//756 757//757
f 744//744 743//743 757//757
f 744//744 757//757 758//758
f 745//745 744//744 758//758
f 745//745 758//758 759//759
f 746//746 745//745 759//759
f 746//746 759//759 760//760
f 747//747 24//24 761//761
f 748//748 746//746 760//760
f 748//748 760//760 762//762
f 749//749 747//747 761//761
f 749//749 761//761 763//763
f 750//750 748//748 762//762
f 750//750 762//762 764//764
f 751//751 749//749 763//763
f 751//751 763//763 765//765
f 752//752 751//751 765//765
f 752//752 765//765 766//766
f 753//753 752//752 766//766
f 753//753 766//766 767//767
f 738//738 753//753 767//767
f 738//738 767//767 768//768
f 739//739 738//738 768//768
f 739//739 768//768 769//769
f 740//740 739//739 769//769
f 740//740 769//769 754//754
f 757//757 756//756 770//770
f 757//757 770//770 771//771
f 758//758 757//757 771//771
f 758//758 771//771 772//772
f 759//759 758//758 772//772
f 759//759 772//772 773//773
f 760//760 759//759 773//773
f 760//760 773//773 774//774
f 761//761 24//24 775//775
f 762//762 760//760 774//774
f 762//762 774//774 776//776
f 763//763 761//761 775//775
f 763//763 775//775 777//777
f 764//764 762//762 776//776
f 764//764 776//776 778//778
f 765//765 763//763 777//777
f 765//765 777//777 779//779
f 766//766 765//765 779//779
f 766//766 779//779 780//780
f 767//767 766//766 780//780
f 767//767 780//780 781//781
f 768//768 767//767 781//781
f 768//768 781//781 782//782
f 769//769 768//768 782//782
f 769//769 782//782 783//783
f 754//754 769//769 783//783
f 754//754 783//783 784//784
f 755//755 754//754 784//784
f 755//755 784//784 785//785
f 756//756 755//755 785//785
f 756//756 785//785 770//770
f 773//773 772//772 786//786
f 773//773 786//786 787//787
f 774//774 773//773 787//787
f 774//774 787//787 788//788
f 775//775 24//24 789//789
f 776//776 774//774 788//788
f 776//776 788//788 790//790
f 777//777 775//775 789//789
f 777//777 789//789 791//791
f 778//778 776//776 790//790
f 778//778 790//790 792//792
f 779//779 777//777 791//791
f 779//779 791//791 793//793
f 780//780 779//779 793//793
f 780//780 793//793 794//794
f 781//781 780//780 794//794
f 781//781 794//794 795//795
f 782//782 781//781 795//795
f 782//782 795//795 796//796
f 783//783 782//782 796//796
f 783//783 796//796 797//797
f 784//784 783//783 797//797
f 784//784 797//797 798//798
f 785//785 784//784 798//798
f 785//785 798//798 799//799
f 770//770 785//785 799//799
f 770//770 799//799 800//800
f 771//771 770//770 800//800
f 771//771 800//800 801//801
f 772//772 771//771 801//801
f 772//772 801//801 786//786
f 790//790 788//788 802//802
f 790//790 802//802 803//803
f 791//791 789//789 804//804
f 791//791 804//804 805//805
f 792//792 790//790 803//803
f 792//792 803//803 806//806
f 793//793 791//791 805//805
f 793//793 805//805 807//807
f 794//794 793//793 807//807
f 794//794 807//807 808//808
f 795//795 794//794 808//808
f 795//795 808//808 809//809
f 796//796 795//795 809//809
f 796//796 809//809 810//810
f 797//797 796//796 810//810
f 797//797 810//810 811//811
f 798//798 797//797 811//811
f 798//798 811//811 812//812
f 799//799 798//798 812//812
f 799//799 812//812 813//813
f 800//800 799//799 813//813
f 800//800 813//813 814//814
f 801//801 800//800 814//814
f 801//801 814//814 815//815
f 786//786 801//801 815//815
f 786//786 815//815 816//816
f 787//787 786//786 816//816
f 787//787 816//816 817//817
f 788//788 787//787 817//817
f 788//788 817//817 802//802
f 789//789 24//24 804//804
f 808//808 807//807 819//818
f 808//808 819//818 820//819
f 809//809 808//808 820//819
f 809//809 820//819 821//820
f 810//810 809//809 821//820
f 810//810 821//820 822//821
f 811//811 810//810 822//821
f 811//811 822//821 823//822
f 812//812 811//811 823//822
f 812//812 823//822 824//823
f 813//813 812//812 824//823
f 813//813 824//823 825//824
f 814//814 813//813 825//824
f 814//814 825//824 826//825
f 815//815 814//814 826//825
f 815//815 826//825 827//826
f 816//816 815//815 827//826
f 816//816 827//826 828//827
f 817//817 816//816 828//827
f 817//817 828//827 829//828
f 802//802 817//817 829//828
f 802//802 829//828 830//829
f 804//804 24//24 831//830
f 803//803 802//802 830//829
f 803//803 830//829 832//831
f 805//805 804//804 831//830
f 805//805 831//830 833//832
f 806//806 803//803 832//831
f 806//806 832//831 818//833
f 807//807 805//805 833//832
f 807//807 833//832 819//818
f 826//825 825//824 834//834
f 826//825 834//834 835//835
f 827//826 826//825 835//835
f 827//826 835//835 836//836
f 828//827 827//826 836//836
f 828//827 836//836 837//837
f 829//828 828//827 837//837
f 829//828 837//837 838//838
f 830//829 829//828 838//838
f 830//829 838//838 839//839
f 831//830 24//24 840//840
f 832//831 830//829 839//839
f 832//831 839//839 841//841
f 833//832 831//830 840//840
f 833//832 840//840 842//842
f 818//833 832//831 841//841
f 818//833 841//841 843//843
f 819//818 833//832 842//842
f 819//818 842//842 844//844
f 820//819 819//818 844//844
f 820//819 844//844 845//845
f 821//820 820//819 845//845
f 821//820 845//845 846//846
f 822//821 821//820 846//846
f 822//821 846//846 847//847
f 823//822 822//821 847//847
f 823//822 847//847 848//848
f 824//823 823//822 848//848
f 824//823 848//848 849//849
f 825//824 824//823 849//849
f 825//824 849//849 834//834
f 837//837 836//836 850//850
f 837//837 850//850 851//851
f 838//838 837//837 851//851
f 838//838 851//851 852//852
f 839//839 838//838 852//852
f 839//839 852//852 853//853
f 840//840 24//24 854//854
f 841//841 839//839 853//853
f 841//841 853//853 855//855
f 842//842 840//840 854//854
f 842//842 854//854 856//856
f 843//843 841//841 855//855
f 843//843 855//855 857//857
f 844//844 842//842 856//856
f 844//844 856//856 858//858
f 845//845 844//844 858//858
f 845//845 858//858 859//859
f 846//846 845//845 859//859
f 846//846 859//859 860//860
f 847//847 846//846 860//860
f 847//847 860//860 861//861
f 848//848 847//847 861//861
f 848//848 861//861 862//862
f 849//849 848//848 862//862
f 849//849 862//862 863//863
f 834//834 849//849 863//863
f 834//834 863//863 864//864
f 835//835 834//834 864//864
f 835//835 864//864 865//865
f 836//836 835//835 865//865
f 836//836 865//865 850//850
f 853//853 852//852 866//866
f 853//853 866//866 867//867
f 854//854 24//24 868//868
f 855//855 853//853 867//867
f 855//855 867//867 869//869
f 856//856 854//854 868//868
f 856//856 868//868 870//870
f 857//857 855//855 869//869
f 857//857 869//869 871//871
f 858//858 856//856 870//870
f 858//858 870//870 872//872
f 859//859 858//858 872//872
f 859//859 872//872 873//873
f 860//860 859//859 873//873
f 860//860 873//873 874//874
f 861//861 860//860 874//874
f 861//861 874//874 875//875
f 862//862 861//861 875//875
f 862//862 875//875 876//876
f 863//863 862//862 876//876
f 863//863 876//876 877//877
f 864//864 863//863 877//877
f 864//864 877//877 878//878
f 865//865 864//864 878//878
f 865//865 878//878 879//879
f 850//850 865//865 879//879
f 850//850 879//879 880//880
f 851//851 850//850 880//880
f 851//851 880//880 881//881
f 852//852 851//851 881//881
f 852//852 881//881 866//866
f 871//871 869//869 882//882
f 871//871 882//882 883//883
f 872//872 870//870 884//884
f 872//872 884//884 885//885
f 873//873 872//872 885//885
f 873//873 885//885 886//886
f 874//874 873//873 886//886
f 874//874 886//886 887//887
f 875//875 874//874 887//887
f 875//875 887//887 888//888
f 876//876 875//875 888//888
f 876//876 888//888 889//889
f 877//877 876//876 889//889
f 877//877 889//889 890//890
f 878//878 877//877 890//890
f 878//878 890//890 891//891
f 879//879 878//878 891//891
f 879//879 891//891 892//892
f 880//880 879//879 892//892
f 880//880 892//892 893//893
f 881//881 880//880 893//893
f 881//881 893//893 894//894
f 866//866 881//881 894//894
f 866//866 894//894 895//895
f 867//867 866//866 895//895
f 867//867 895//895 896//896
f 868//868 24//24 897//897
f 869//869 867//867 896//896
f 869//869 896//896 882//882
f 870//870 868//868 897//897
f 870//870 897//897 884//884
f 887//887 886//886 898//898
f 887//887 898//898 899//899
f 888//888 887//887 899//899
f 888//888 899//899 900//900
f 889//889 888//888 900//900
f 889//889 900//900 901//901
f 890//890 889//889 901//901
f 890//890 901//901 902//902
f 891//891 890//890 902//902
f 891//891 902//902 903//903
f 892//892 891//891 903//903
f 892//892 903//903 904//904
f 893//893 892//892 904//904
f 893//893 904//904 905//905
f 894//894 893//893 905//905
f 894//894 905//905 906//906
f 895//895 894//894 906//906
f 895//895 906//906 907//907
f 896//896 895//895 907//907
f 896//896 907//907 908//908
f 897//897 24//24 909//909
f 882//882 896//896 908//908
f 882//882 908//908 910//910
f 884//884 897//897 909//909
f 884//884 909//909 911//911
f 883//883 882//882 910//910
f 883//883 910//910 912//912
f 885//885 884//884 911//911
f 885//885 911//911 913//913
f 886//886 885//885 913//913
f 886//886 913//913 898//898
f 901//901 900//900 914//914
f 901//901 914//914 915//915
f 902//902 901//901 915//915
f 902//902 915//915 916//916
f 903//903 902//902 916//916
f 903//903 916//916 917//917
f 904//904 903//903 917//917
f 904//904 917//917 918//918
f 905//905 904//904 918//918
f 905//905 918//918 919//919
f 906//906 905//905 919//919
f 906//906 919//919 920//920
f 907//907 906//906 920//920
f 907//907 920//920 921//921
f 908//908 907//907 921//921
f 908//908 921//921 922//922
f 909//909 24//24 923//923
f 910//910 908//908 922//922
f 910//910 922//922 924//924
f 911//911 909//909 923//923
f 911//911 923//923 925//925
f 912//912 910//910 924//924
f 912//912 924//924 926//926
f 913//913 911//911 925//925
f 913//913 925//925 927//927
f 898//898 913//913 927//927
f 898//898 927//927 928//928
f 899//899 898//898 928//928
f 899//899 928//928 929//929
f 900//900 899//899 929//929
f 900//900 929//929 914//914
f 917//917 916//916 930//930
f 917//917 930//930 931//931
f 918//918 917//917 931//931
f 918//918 931//931 932//932
f 919//919 918//918 932//932
f 919//919 932//932 933//933
f 920//920 919//919 933//933
f 920//920 933//933 934//934
f 921//921 920//920 934//934
f 921//921 934//934 935//935
f 922//922 921//921 935//935
f 922//922 935//935 936//936
f 923//923 24//24 937//937
f 924//924 922//922 936//936
f 924//924 936//936 938//938
f 925//925 923//923 937//937
f 925//925 937//937 939//939
f 926//926 924//924 938//938
f 926//926 938//938 940//940
f 927//927 925//925 939//939
f 927//927 939//939 941//941
f 928//928 927//927 941//941
f 928//928 941//941 942//942
f 929//929 928//928 942//942
f 929//929 942//942 943//943
f 914//914 929//929 943//943
f 914//914 943//943 944//944
f 915//915 914//914 944//944
f 915//915 944//944 945//945
f 916//916 915//915 945//945
f 916//916 945//945 930//930
f 933//933 932//932 946//946
f 933//933 946//946 947//947
f 934//934 933//933 947//947
f 934//934 947//947 948//948
f 935//935 934//934 948//948
f 935//935 948//948 949//949
f 936//936 935//935 949//949
f 936//936 949//949 950//950
f 937//937 24//24 951//951
f 938//938 936//936 950//950
f 938//938 950//950 952//952
f 939//939 937//937 951//951
f 939//939 951//951 953//953
f 940//940 938//938 952//952
f 940//940 952//952 954//954
f 941//941 939//939 953//953
f 941//941 953//953 955//955
f 942//942 941//941 955//955
f 942//942 955//955 956//956
f 943//943 942//942 956//956
f 943//943 956//956 957//957
f 944//944 943//943 957//957
f 944//944 957//957 958//958
f 945//945 944//944 958//958
f 945//945 958//958 959//959
f 930//930 945//945 959//959
f 930//930 959//959 960//960
f 931//931 930//930 960//960
f 931//931 960//960 961//961
f 932//932 931//931 961//961
f 932//932 961//961 946//946
f 949//949 948//948 962//962
f 949//949 962//962 963//963
f 950//950 949//949 963//963
f 950//950 963//963 964//964
f 951//951 24//24 965//965
f 952//952 950//950 964//964
f 952//952 964//964 966//966
f 953//953 951//951 965//965
f 953//953 965//965 967//967
f 954//954 952//952 966//966
f 954//954 966//966 968//968
f 955//955 953//953 967//967
f 955//955 967//967 969//969
f 956//956 955//955 969//969
f 956//956 969//969 970//970
f 957//957 956//956 970//970
f 957//957 970//970 971//971
f 958//958 957//957 971//971
f 958//958 971//971 972//972
f 959//959 958//958 972//972
f 959//959 972//972 973//973
f 960//960 959//959 973//973
f 960//960 973//973 974//974
f 961//961 960//960 974//974
f 961//961 974//974 975//975
f 946//946 961//961 975//975
f 946//946 975//975 976//976
f 947//947 946//946 976//976
f 947//947 976//976 977//977
f 948//948 947//947 977//977
f 948//948 977//977 962//962
f 966//966 964//964 978//978
f 966//966 978//978 979//979
f 967//967 965//965 980//980
f 967//967 980//980 981//981
f 968//968 966//966 979//979
f 968//968 979//979 982//982
f 969//969 967//967 981//981
f 969//969 981//981 983//983
f 970//970 969//969 983//983
f 970//970 983//983 984//984
f 971//971 970//970 984//984
f 971//971 984//984 985//985
f 972//972 971//971 985//985
f 972//972 985//985 986//986
f 973//973 972//972 986//986
f 973//973 986//986 987//987
f 974//974 973//973 987//987
f 974//974 987//987 988//988
f 975//975 974//974 988//988
f 975//975 988//988 989//989
f 976//976 975//975 989//989
f 976//976 989//989 990//990
f 977//977 976//976 990//990
f 977//977 990//990 991//991
f 962//962 977//977 991//991
f 962//962 991//991 992//992
f 963//963 962//962 992//992
f 963//963 992//992 993//993
f 964//964 963//963 993//993
f 964//964 993//993 978//978
f 965//965 24//24 980//980
f 984//984 983//983 995//994
f 984//984 995//994 996//995
f 985//985 984//984 996//995
f 985//985 996//995 997//996
f 986//986 985//985 997//996
f 986//986 997//996 998//997
f 987//987 986//986 998//997
f 987//987 998//997 999//998
f 988//988 987//987 999//998
f 988//988 999//998 1000//999
f 989//989 988//988 1000//999
f 989//989 1000//999 1001//1000
f 990//990 989//989 1001//1000
f 990//990 1001//1000 1002//1001
f 991//991 990//990 1002//1001
f 991//991 1002//1001 1003//1002
f 992//992 991//991 1003//1002
f 992//992 1003//1002 1004//1003
f 993//993 992//992 1004//1003
f 993//993 1004//1003 1005//1004
f 978//978 993//993 1005//1004
f 978//978 1005//1004 1006//1005
f 980//980 24//24 1007//1006
f 979//979 978//978 1006//1005
f 979//979 1006//1005 1008//1007
f 981//981 980//980 1007//1006
f 981//981 1007//1006 1009//1008
f 982//982 979//979 1008//1007
f 982//982 1008//1007 994//1009
f 983//983 981//981 1009//1008
f 983//983 1009//1008 995//994
f 998//997 997//996 1010//1010
f 998//997 1010//1010 1011//1011
f 999//998 998//997 1011//1011
f 999//998 1011//1011 1012//1012
f 1000//999 999//998 1012//1012
f 1000//999 1012//1012 1013//1013
f 1001//1000 1000//999 1013//1013
f 1001//1000 1013//1013 1014//1014
f 1002//1001 1001//1000 1014//1014
f 1002//1001 1014//1014 1015//1015
f 1003//1002 1002//1001 1015//1015
f 1003//1002 1015//1015 1016//1016
f 1004//1003 1003//1002 1016//1016
f 1004//1003 1016//1016 1017//1017
f 1005//1004 1004//1003 1017//1017
f 1005//1004 1017//1017 1018//1018
f 1006//1005 1005//1004 1018//1018
f 1006//1005 1018//1018 1019//1019
f 1007//1006 24//24 1020//1020
f 1008//1007 1006//1005 1019//1019
f 1008//1007 1019//1019 1021//1021
f 1009//1008 1007//1006 1020//1020
f 1009//1008 1020//1020 1022//1022
f 994//1009 1008//1007 1021//1021
f 994//1009 1021//1021 1023//1023
f 995//994 1009//1008 1022//1022
f 995//994 1022//1022 1024//1024
f 996//995 995//994 1024//1024
f 996//995 1024//1024 1025//1025
f 997//996 996//995 1025//1025
f 997//996 1025//1025 1010//1010
f 1013//1013 1012//1012 7//7
f 1013//1013 7//7 9//9
f 1014//1014 1013//1013 9//9
f 1014//1014 9//9 11//11
f 1015//1015 1014//1014 11//11
f 1015//1015 11//11 13//13
f 1016//1016 1015//1015 13//13
f 1016//1016 13//13 15//15
f 1017//1017 1016//1016 15//15
f 1017//1017 15//15 17//17
f 1018//1018 1017//1017 17//17
f 1018//1018 17//17 19//19
f 1019//1019 1018//1018 19//19
f 1019//1019 19//19 21//21
f 1020//1020 24//24 23//23
f 1021//1021 1019//1019 21//21
f 1021//1021 21//21 26//26
f 1022//1022 1020//1020 23//23
f 1022//1022 23//23 28//28
f 1023//1023 1021//1021 26//26
f 1023//1023 26//26 30//30
f 1024//1024 1022//1022 28//28
f 1024//1024 28//28 32//32
f 1025//1025 1024//1024 32//32
f 1025//1025 32//32 2//2
f 1010//1010 1025//1025 2//2
f 1010//1010 2//2 1//1
f 1011//1011 1010//1010 1//1
f 1011//1011 1//1 5//5
f 1012//1012 1011//1011 5//5
f 1012//1012 5//5 7//7
