# Blender v3.1.2 OBJ File: ''
# www.blender.org
mtllib sphereHalf.mtl
o sphere
v 0.276388 0.447220 0.850649
v 0.300778 0.454897 0.838213
v 0.272347 0.472468 0.838213
v -0.723607 0.447220 0.525725
v -0.704243 0.454897 0.545079
v -0.713028 0.472468 0.518039
v -0.723607 0.447220 -0.525725
v -0.736029 0.454897 -0.501328
v -0.713028 0.472468 -0.518039
v 0.276388 0.447220 -0.850649
v 0.249346 0.454897 -0.854924
v 0.272347 0.472468 -0.838213
v 0.894426 0.447216 0.000000
v 0.890135 0.454893 -0.027039
v 0.881350 0.472464 0.000000
v 0.028431 0.999596 0.000000
v 0.008785 0.999596 -0.027039
v 0.000000 1.000000 0.000000
v 0.057805 0.998328 0.000000
v 0.037856 0.998905 -0.027504
v 0.088092 0.996112 0.000000
v 0.067882 0.997301 -0.027960
v 0.119245 0.992865 0.000000
v 0.098828 0.994699 -0.028404
v 0.151207 0.988502 0.000000
v 0.130641 0.991010 -0.028834
v 0.183906 0.982944 0.000000
v 0.163257 0.986150 -0.029246
v 0.217253 0.976115 0.000000
v 0.196594 0.980037 -0.029635
v 0.251147 0.967949 0.000000
v 0.230556 0.972596 -0.030000
v 0.285472 0.958387 0.000000
v 0.265032 0.963762 -0.030336
v 0.320097 0.947385 0.000000
v 0.299895 0.953480 -0.030639
v 0.354881 0.934911 0.000000
v 0.335007 0.941709 -0.030906
v 0.389674 0.920953 0.000000
v 0.370214 0.928424 -0.031134
v 0.424316 0.905514 0.000000
v 0.405359 0.913621 -0.031320
v 0.458647 0.888618 0.000000
v 0.440275 0.897312 -0.031462
v 0.492505 0.870310 0.000000
v 0.474794 0.879531 -0.031557
v 0.525730 0.850652 0.000000
v 0.508751 0.860334 -0.031605
v 0.558172 0.829725 0.000000
v 0.541983 0.839795 -0.031605
v 0.589689 0.807630 0.000000
v 0.574339 0.818009 -0.031557
v 0.620154 0.784480 0.000000
v 0.605680 0.795086 -0.031462
v 0.649456 0.760399 0.000000
v 0.635883 0.771150 -0.031320
v 0.677501 0.735522 0.000000
v 0.664841 0.746336 -0.031134
v 0.704213 0.709989 0.000000
v 0.692468 0.720786 -0.030906
v 0.729539 0.683939 0.000000
v 0.718699 0.694646 -0.030639
v 0.753442 0.657515 0.000000
v 0.743487 0.668062 -0.030336
v 0.775904 0.630851 0.000000
v 0.766807 0.641177 -0.030000
v 0.796925 0.604078 0.000000
v 0.788650 0.614127 -0.029636
v 0.816520 0.577317 0.000000
v 0.809027 0.587044 -0.029246
v 0.834716 0.550681 0.000000
v 0.827960 0.560045 -0.028834
v 0.851553 0.524269 0.000000
v 0.845487 0.533240 -0.028405
v 0.867079 0.498170 0.000000
v 0.861654 0.506725 -0.027960
v 0.876517 0.480585 -0.027504
v 0.017862 0.998328 -0.054975
v 0.047568 0.997301 -0.055919
v 0.027221 0.996113 -0.083779
v 0.078239 0.995313 -0.056844
v 0.057553 0.994699 -0.085213
v 0.036848 0.992865 -0.113408
v 0.109831 0.992272 -0.057741
v 0.088855 0.992272 -0.086612
v 0.067792 0.991010 -0.115336
v 0.046724 0.988502 -0.143805
v 0.142287 0.988089 -0.058606
v 0.121077 0.988738 -0.087967
v 0.099707 0.988089 -0.117212
v 0.078262 0.986150 -0.146228
v 0.056828 0.982944 -0.174903
v 0.175534 0.982678 -0.059431
v 0.154152 0.984006 -0.089266
v 0.132533 0.984006 -0.119022
v 0.110764 0.982678 -0.148576
v 0.088935 0.980037 -0.177812
v 0.067133 0.976116 -0.206618
v 0.209481 0.975957 -0.060207
v 0.188000 0.977991 -0.090499
v 0.166198 0.978672 -0.120749
v 0.144165 0.977991 -0.150832
v 0.121993 0.975958 -0.180622
v 0.099776 0.972597 -0.210000
v 0.077607 0.967950 -0.238853
v 0.244023 0.967853 -0.060929
v 0.222521 0.970610 -0.091653
v 0.200610 0.971997 -0.122379
v 0.178381 0.971998 -0.152974
v 0.155930 0.970610 -0.183306
v 0.133353 0.967854 -0.213250
v 0.110748 0.963763 -0.242684
v 0.088213 0.958388 -0.271497
v 0.279039 0.958303 -0.061587
v 0.257600 0.961793 -0.092717
v 0.235662 0.963905 -0.123894
v 0.213314 0.964613 -0.154982
v 0.190654 0.963906 -0.185841
v 0.167781 0.961793 -0.216340
v 0.144799 0.958304 -0.246348
v 0.121810 0.953481 -0.275747
v 0.098913 0.947386 -0.304427
v 0.314392 0.947255 -0.062175
v 0.293107 0.951479 -0.093679
v 0.271228 0.954327 -0.125279
v 0.248846 0.955761 -0.156834
v 0.226056 0.955761 -0.188201
v 0.202961 0.954328 -0.219239
v 0.179668 0.951480 -0.249811
v 0.156283 0.947256 -0.279789
v 0.132914 0.941710 -0.309057
v 0.109661 0.934913 -0.337509
v 0.349934 0.934675 -0.062687
v 0.328894 0.939624 -0.094528
v 0.307167 0.943208 -0.126518
v 0.284841 0.945378 -0.158511
v 0.262008 0.946105 -0.190360
v 0.238774 0.945378 -0.221916
v 0.215245 0.943209 -0.253036
v 0.191534 0.939625 -0.283584
v 0.167752 0.934676 -0.313433
v 0.144010 0.928426 -0.342471
v 0.120413 0.920955 -0.370598
v 0.385503 0.920545 -0.063114
v 0.364802 0.926200 -0.095253
v 0.343323 0.930510 -0.127595
v 0.321147 0.933417 -0.159992
v 0.298366 0.934881 -0.192292
v 0.275081 0.934881 -0.224340
v 0.251401 0.933417 -0.255988
v 0.227442 0.930511 -0.287089
v 0.203320 0.926201 -0.317511
v 0.179150 0.920547 -0.347129
v 0.155047 0.913623 -0.375838
v 0.131118 0.905516 -0.403545
v 0.420932 0.904870 -0.063453
v 0.400664 0.911198 -0.095846
v 0.379529 0.916213 -0.128497
v 0.357601 0.919846 -0.161259
v 0.334968 0.922047 -0.193973
v 0.311728 0.922785 -0.226483
v 0.287990 0.922047 -0.258631
v 0.263870 0.919847 -0.290266
v 0.239488 0.916214 -0.321243
v 0.214965 0.911200 -0.351434
v 0.190420 0.904872 -0.380720
v 0.165971 0.897313 -0.409001
v 0.141726 0.888621 -0.436196
v 0.456049 0.887672 -0.063699
v 0.436303 0.894632 -0.096297
v 0.415606 0.900320 -0.129212
v 0.394026 0.904657 -0.162294
v 0.371641 0.907584 -0.195383
v 0.348547 0.909058 -0.228316
v 0.324849 0.909058 -0.260933
v 0.300663 0.907585 -0.293074
v 0.276110 0.904658 -0.324587
v 0.251316 0.900321 -0.355334
v 0.226407 0.894634 -0.385189
v 0.201505 0.887674 -0.414042
v 0.176729 0.879533 -0.441801
v 0.152189 0.870312 -0.468396
v 0.490680 0.868998 -0.063847
v 0.471541 0.876537 -0.096602
v 0.451375 0.882854 -0.129731
v 0.430238 0.887862 -0.163083
v 0.408202 0.891492 -0.196500
v 0.385356 0.893692 -0.229816
v 0.361800 0.894429 -0.262863
v 0.337649 0.893693 -0.295477
v 0.313023 0.891493 -0.327500
v 0.288051 0.887863 -0.358783
v 0.262862 0.882855 -0.389192
v 0.237586 0.876539 -0.418608
v 0.212348 0.869000 -0.446931
v 0.187268 0.860336 -0.474081
v 0.162456 0.850654 -0.499995
v 0.524655 0.848914 -0.063897
v 0.506202 0.856970 -0.096755
v 0.486652 0.863863 -0.130045
v 0.466051 0.869498 -0.163616
v 0.444462 0.873797 -0.197310
v 0.421966 0.876700 -0.230960
v 0.398658 0.878162 -0.264394
v 0.374646 0.878162 -0.297443
v 0.350050 0.876700 -0.329942
v 0.324998 0.873798 -0.361735
v 0.299624 0.869499 -0.392679
v 0.274061 0.863864 -0.422645
v 0.248442 0.856973 -0.451525
v 0.222894 0.848916 -0.479228
v 0.197537 0.839798 -0.505686
v 0.172480 0.829728 -0.530849
v 0.557813 0.827507 -0.063847
v 0.540113 0.836012 -0.096755
v 0.521257 0.843417 -0.130150
v 0.501279 0.849624 -0.163885
v 0.480232 0.854548 -0.197801
v 0.458186 0.858118 -0.231732
v 0.435228 0.860282 -0.265504
v 0.411461 0.861006 -0.298944
v 0.387002 0.860282 -0.331880
v 0.361977 0.858119 -0.364150
v 0.336519 0.854549 -0.395602
v 0.310765 0.849626 -0.426100
v 0.284855 0.843419 -0.455524
v 0.258921 0.836014 -0.483777
v 0.233093 0.827510 -0.510779
v 0.207489 0.818012 -0.536474
v 0.182220 0.807634 -0.560824
v 0.590004 0.804884 -0.063699
v 0.573115 0.813761 -0.096602
v 0.555021 0.821608 -0.130045
v 0.535743 0.828324 -0.163885
v 0.515324 0.833817 -0.197966
v 0.493822 0.838009 -0.232121
v 0.471315 0.840840 -0.266177
v 0.447900 0.842266 -0.299957
v 0.423685 0.842266 -0.333286
v 0.398793 0.840840 -0.365994
v 0.373358 0.838010 -0.397922
v 0.347519 0.833819 -0.428926
v 0.321415 0.828326 -0.458877
v 0.295188 0.821611 -0.487668
v 0.268973 0.813764 -0.515211
v 0.242899 0.804887 -0.541440
v 0.217083 0.795089 -0.566311
v 0.191634 0.784483 -0.589799
v 0.621090 0.781166 -0.063453
v 0.605059 0.790336 -0.096297
v 0.587783 0.798549 -0.129731
v 0.569273 0.805703 -0.163616
v 0.549559 0.811702 -0.197801
v 0.528688 0.816461 -0.232121
v 0.506729 0.819912 -0.266403
v 0.483765 0.822004 -0.300468
v 0.459901 0.822705 -0.334138
v 0.435253 0.822004 -0.367238
v 0.409951 0.819913 -0.399604
v 0.384133 0.816462 -0.431082
v 0.357941 0.811703 -0.461536
v 0.331521 0.805705 -0.490849
v 0.305013 0.798552 -0.518924
v 0.278555 0.790338 -0.545685
v 0.252272 0.781169 -0.571081
v 0.226281 0.771153 -0.595079
v 0.200688 0.760403 -0.617666
v 0.650955 0.756488 -0.063115
v 0.635815 0.765868 -0.095846
v 0.619401 0.774368 -0.129213
v 0.601715 0.781884 -0.163084
v 0.582773 0.788317 -0.197311
v 0.562611 0.793580 -0.231732
v 0.541285 0.797597 -0.266177
v 0.518869 0.800309 -0.300468
v 0.495457 0.801675 -0.334423
v 0.471160 0.801676 -0.367865
v 0.446100 0.800309 -0.400624
v 0.420415 0.797598 -0.432538
v 0.394245 0.793581 -0.463465
v 0.367738 0.788319 -0.493277
v 0.341039 0.781886 -0.521868
v 0.314291 0.774371 -0.549155
v 0.287629 0.765871 -0.575075
v 0.261178 0.756491 -0.599589
v 0.235053 0.746340 -0.622677
v 0.209355 0.735526 -0.644338
v 0.679500 0.730992 -0.062687
v 0.665270 0.740501 -0.095254
v 0.649751 0.749207 -0.128498
v 0.632932 0.757006 -0.162294
v 0.614816 0.763799 -0.196501
v 0.595429 0.769494 -0.230960
v 0.574813 0.774014 -0.265505
v 0.553032 0.777291 -0.299958
v 0.530168 0.779278 -0.334138
v 0.506323 0.779944 -0.367866
v 0.481614 0.779278 -0.400965
v 0.456172 0.777292 -0.433272
v 0.430135 0.774015 -0.464633
v 0.403652 0.769496 -0.494915
v 0.376869 0.763801 -0.524002
v 0.349935 0.757008 -0.551801
v 0.322990 0.749210 -0.578241
v 0.296168 0.740504 -0.603273
v 0.269592 0.730996 -0.626869
v 0.243373 0.720790 -0.649023
v 0.217609 0.709993 -0.669744
v 0.706647 0.704829 -0.062176
v 0.693336 0.714387 -0.094528
v 0.678730 0.723218 -0.127596
v 0.662807 0.731220 -0.161259
v 0.645560 0.738294 -0.195383
v 0.627001 0.744349 -0.229817
v 0.607160 0.749301 -0.264395
v 0.586090 0.753081 -0.298945
v 0.563861 0.755633 -0.333286
v 0.540564 0.756919 -0.367239
v 0.516308 0.756919 -0.400624
v 0.491216 0.755634 -0.433272
v 0.465424 0.753082 -0.465025
v 0.439075 0.749303 -0.495740
v 0.412320 0.744350 -0.525295
v 0.385307 0.738296 -0.553586
v 0.358182 0.731222 -0.580534
v 0.331087 0.723221 -0.606080
v 0.304151 0.714391 -0.630189
v 0.277495 0.704833 -0.652846
v 0.251225 0.694650 -0.674053
v 0.225435 0.683944 -0.693830
v 0.732339 0.678149 -0.061588
v 0.719944 0.687680 -0.093680
v 0.706258 0.696558 -0.126519
v 0.691248 0.704683 -0.159993
v 0.674897 0.711961 -0.193974
v 0.657206 0.718297 -0.228318
v 0.638194 0.723610 -0.262864
v 0.617898 0.727825 -0.297444
v 0.596380 0.730880 -0.331881
v 0.573717 0.732733 -0.365995
v 0.550008 0.733353 -0.399605
v 0.525369 0.732733 -0.432539
v 0.499928 0.730881 -0.464634
v 0.473826 0.727826 -0.495741
v 0.447209 0.723612 -0.525728
v 0.420228 0.718299 -0.554485
v 0.393032 0.711963 -0.581923
v 0.365767 0.704686 -0.607974
v 0.338569 0.696561 -0.632593
v 0.311566 0.687684 -0.655758
v 0.284874 0.678153 -0.677463
v 0.258597 0.668066 -0.697722
v 0.232822 0.657519 -0.716563
v 0.756542 0.651101 -0.060929
v 0.745048 0.660535 -0.092718
v 0.732276 0.669386 -0.125280
v 0.718183 0.677559 -0.158512
v 0.702745 0.684962 -0.192293
v 0.685949 0.691504 -0.226484
v 0.667804 0.697102 -0.260934
v 0.648335 0.701679 -0.295479
v 0.627590 0.705172 -0.329944
v 0.605636 0.707530 -0.364152
v 0.582560 0.708718 -0.397923
v 0.558468 0.708718 -0.431083
v 0.533479 0.707530 -0.463466
v 0.507730 0.705173 -0.494916
v 0.481362 0.701681 -0.525295
v 0.454524 0.697104 -0.554486
v 0.427367 0.691507 -0.582388
v 0.400038 0.684965 -0.608927
v 0.372682 0.677562 -0.634049
v 0.345430 0.669389 -0.657721
v 0.318408 0.660538 -0.679930
v 0.291727 0.651105 -0.700684
v 0.265484 0.641181 -0.720004
v 0.239763 0.630856 -0.737926
v 0.779238 0.623830 -0.060208
v 0.768623 0.633102 -0.091654
v 0.756748 0.641858 -0.123895
v 0.743567 0.650008 -0.156835
v 0.729044 0.657463 -0.190361
v 0.713158 0.664136 -0.224342
v 0.695906 0.669944 -0.258633
v 0.677302 0.674811 -0.293075
v 0.657381 0.678670 -0.327502
v 0.636198 0.681468 -0.361737
v 0.613828 0.683164 -0.395604
v 0.590366 0.683732 -0.428927
v 0.565924 0.683164 -0.461538
v 0.540627 0.681469 -0.493278
v 0.514612 0.678671 -0.524003
v 0.488027 0.674812 -0.553587
v 0.461018 0.669946 -0.581924
v 0.433737 0.664138 -0.608928
v 0.406328 0.657466 -0.634537
v 0.378931 0.650011 -0.658709
v 0.351676 0.641861 -0.681424
v 0.324681 0.633106 -0.702680
v 0.298054 0.623834 -0.722492
v 0.271887 0.614132 -0.740891
v 0.246259 0.604083 -0.757919
v 0.800431 0.596472 -0.059431
v 0.790663 0.605526 -0.090500
v 0.779662 0.614125 -0.122380
v 0.767375 0.622186 -0.154983
v 0.753759 0.629624 -0.188203
v 0.738785 0.636357 -0.221917
v 0.722438 0.642302 -0.255989
v 0.704724 0.647386 -0.290267
v 0.685664 0.651542 -0.324589
v 0.665302 0.654711 -0.358785
v 0.643700 0.656850 -0.392681
v 0.620941 0.657928 -0.426102
v 0.597127 0.657928 -0.458879
v 0.572374 0.656851 -0.490851
v 0.546813 0.654712 -0.521869
v 0.520583 0.651543 -0.551802
v 0.493830 0.647388 -0.580535
v 0.466703 0.642304 -0.607975
v 0.439350 0.636359 -0.634049
v 0.411912 0.629627 -0.658709
v 0.384526 0.622190 -0.681924
v 0.357315 0.614129 -0.703684
v 0.330394 0.605530 -0.723998
v 0.303864 0.596476 -0.742888
v 0.277813 0.587048 -0.760391
v 0.252314 0.577322 -0.776555
v 0.820139 0.569156 -0.058607
v 0.811181 0.577942 -0.089267
v 0.801022 0.586331 -0.120750
v 0.789603 0.594244 -0.152975
v 0.776876 0.601602 -0.185843
v 0.762805 0.608327 -0.219240
v 0.747366 0.614342 -0.253038
v 0.730553 0.619573 -0.287091
v 0.712378 0.623954 -0.321246
v 0.692873 0.627426 -0.355337
v 0.672087 0.629942 -0.389194
v 0.650092 0.631466 -0.422647
v 0.626977 0.631977 -0.455527
v 0.602850 0.631467 -0.487670
v 0.577830 0.629943 -0.518926
v 0.552053 0.627427 -0.549157
v 0.525658 0.623955 -0.578242
v 0.498791 0.619575 -0.606081
v 0.471599 0.614344 -0.632594
v 0.444227 0.608330 -0.657721
v 0.416812 0.601605 -0.681424
v 0.389485 0.594247 -0.703685
v 0.362366 0.586334 -0.724502
v 0.335562 0.577946 -0.743893
v 0.309171 0.569160 -0.761886
v 0.283272 0.560049 -0.778525
v 0.257937 0.550685 -0.793860
v 0.838395 0.541996 -0.057742
v 0.830205 0.550475 -0.087968
v 0.820849 0.558606 -0.119023
v 0.810266 0.566320 -0.150833
v 0.798403 0.573543 -0.183308
v 0.785216 0.580200 -0.216342
v 0.770675 0.586220 -0.249813
v 0.754764 0.591532 -0.283586
v 0.737486 0.596070 -0.317513
v 0.718860 0.599777 -0.351436
v 0.698925 0.602604 -0.385192
v 0.677741 0.604510 -0.418611
v 0.655384 0.605470 -0.451528
v 0.631952 0.605470 -0.483780
v 0.607554 0.604510 -0.515213
v 0.582317 0.602604 -0.545688
v 0.556373 0.599779 -0.575078
v 0.529866 0.596072 -0.603275
v 0.502938 0.591534 -0.630191
v 0.475735 0.586222 -0.655759
v 0.448395 0.580203 -0.679931
v 0.421053 0.573545 -0.702681
v 0.393833 0.566323 -0.723999
v 0.366850 0.558609 -0.743893
v 0.340205 0.550478 -0.762387
v 0.313990 0.542000 -0.779517
v 0.288279 0.533244 -0.795327
v 0.263139 0.524273 -0.809874
v 0.855244 0.515099 -0.056844
v 0.847776 0.523235 -0.086613
v 0.839181 0.531071 -0.117213
v 0.829396 0.538542 -0.148578
v 0.818363 0.545580 -0.180623
v 0.806034 0.552117 -0.213252
v 0.792372 0.558084 -0.246351
v 0.777354 0.563415 -0.279792
v 0.760973 0.568048 -0.313436
v 0.743238 0.571924 -0.347132
v 0.724176 0.574995 -0.380723
v 0.703837 0.577218 -0.414045
v 0.682284 0.578565 -0.446934
v 0.659604 0.579016 -0.479232
v 0.635896 0.578565 -0.510782
v 0.611275 0.577219 -0.541443
v 0.585869 0.574996 -0.571084
v 0.559813 0.571926 -0.599592
v 0.533246 0.568049 -0.626872
v 0.506311 0.563417 -0.652848
v 0.479147 0.558086 -0.677464
v 0.451890 0.552119 -0.700685
v 0.424667 0.545583 -0.722494
v 0.397599 0.538545 -0.742889
v 0.370794 0.531074 -0.761887
v 0.344347 0.523239 -0.779517
v 0.318342 0.515103 -0.795818
v 0.292853 0.506729 -0.810841
v 0.267937 0.498175 -0.824640
v 0.870739 0.488556 -0.055920
v 0.863945 0.496323 -0.085214
v 0.856067 0.503833 -0.115337
v 0.847037 0.511024 -0.146229
v 0.836796 0.517836 -0.177814
v 0.825292 0.524206 -0.210002
v 0.812483 0.530070 -0.242687
v 0.798339 0.535365 -0.275750
v 0.782845 0.540033 -0.309060
v 0.766000 0.544017 -0.342474
v 0.747823 0.547269 -0.375841
v 0.728350 0.549747 -0.409005
v 0.707635 0.551417 -0.441805
v 0.685751 0.552259 -0.474084
v 0.662788 0.552259 -0.505690
v 0.638851 0.551418 -0.536477
v 0.614057 0.549748 -0.566314
v 0.588534 0.547270 -0.595082
v 0.562417 0.544019 -0.622680
v 0.535843 0.540035 -0.649026
v 0.508951 0.535367 -0.674055
v 0.481876 0.530072 -0.697724
v 0.454749 0.524209 -0.720006
v 0.427692 0.517839 -0.740893
v 0.400817 0.511027 -0.760393
v 0.374227 0.503836 -0.778526
v 0.348012 0.496327 -0.795328
v 0.322252 0.488560 -0.810841
v 0.297012 0.480589 -0.825117
v 0.884942 0.462445 -0.054976
v 0.878775 0.469825 -0.083779
v 0.871565 0.476984 -0.113408
v 0.863245 0.483867 -0.143806
v 0.853755 0.490419 -0.174903
v 0.843039 0.496582 -0.206618
v 0.831051 0.502299 -0.238853
v 0.817755 0.507510 -0.271498
v 0.803129 0.512160 -0.304428
v 0.787165 0.516196 -0.337510
v 0.769872 0.519570 -0.370600
v 0.751275 0.522241 -0.403547
v 0.731419 0.524174 -0.436197
v 0.710364 0.525344 -0.468398
v 0.688189 0.525736 -0.499997
v 0.664989 0.525345 -0.530851
v 0.640871 0.524175 -0.560826
v 0.615954 0.522242 -0.589800
v 0.590366 0.519572 -0.617668
v 0.564239 0.516198 -0.644340
v 0.537709 0.512162 -0.669745
v 0.510910 0.507512 -0.693832
v 0.483971 0.502302 -0.716565
v 0.457018 0.496586 -0.737928
v 0.430166 0.490423 -0.757920
v 0.403523 0.483871 -0.776556
v 0.377183 0.476988 -0.793861
v 0.351232 0.469829 -0.809874
v 0.325743 0.462449 -0.824641
v 0.300778 0.454897 -0.838213
v -0.023001 0.999596 -0.016711
v -0.014460 0.998905 -0.044502
v -0.005615 0.997302 -0.073199
v 0.003525 0.994699 -0.102767
v 0.012947 0.991011 -0.133156
v 0.022634 0.986150 -0.164302
v 0.032564 0.980037 -0.196128
v 0.042712 0.972597 -0.228540
v 0.053047 0.963763 -0.261432
v 0.063531 0.953481 -0.294683
v 0.074127 0.941710 -0.328158
v 0.084790 0.928426 -0.361713
v 0.095473 0.913623 -0.395195
v 0.106127 0.897313 -0.428445
v 0.116703 0.879533 -0.461305
v 0.127150 0.860336 -0.493614
v 0.137419 0.839798 -0.525219
v 0.147464 0.818012 -0.555977
v 0.157239 0.795089 -0.585755
v 0.166707 0.771154 -0.614435
v 0.175833 0.746340 -0.641919
v 0.184587 0.720790 -0.668124
v 0.192946 0.694650 -0.692988
v 0.200894 0.668066 -0.716470
v 0.208420 0.641181 -0.738545
v 0.215516 0.614132 -0.759207
v 0.222184 0.587048 -0.778466
v 0.228426 0.560049 -0.796346
v 0.234251 0.533244 -0.812882
v 0.239669 0.506729 -0.828121
v 0.244696 0.480590 -0.842115
v -0.046765 0.998328 -0.033976
v -0.038484 0.997302 -0.062520
v -0.071267 0.996113 -0.051778
v -0.029885 0.995313 -0.091975
v -0.063258 0.994699 -0.081068
v -0.096471 0.992865 -0.070089
v -0.020976 0.992272 -0.122298
v -0.054916 0.992272 -0.111270
v -0.088742 0.991011 -0.100115
v -0.122328 0.988502 -0.088876
v -0.011770 0.988089 -0.153433
v -0.046248 0.988738 -0.142333
v -0.080665 0.988089 -0.131047
v -0.114887 0.986150 -0.119619
v -0.148782 0.982944 -0.108095
v -0.002280 0.982678 -0.185306
v -0.037263 0.984007 -0.174191
v -0.072242 0.984007 -0.162825
v -0.107077 0.982678 -0.151255
v -0.141628 0.980037 -0.139529
v -0.175760 0.976116 -0.127696
v 0.007471 0.975958 -0.217831
v -0.027976 0.977991 -0.206763
v -0.063483 0.978672 -0.195376
v -0.098901 0.977991 -0.183717
v -0.134084 0.975958 -0.171837
v -0.168889 0.972597 -0.159786
v -0.203181 0.967950 -0.147618
v 0.017459 0.967854 -0.250906
v -0.018406 0.970611 -0.239951
v -0.054399 0.971998 -0.228607
v -0.090365 0.971998 -0.216921
v -0.126151 0.970611 -0.204942
v -0.161605 0.967854 -0.192723
v -0.196584 0.963763 -0.180321
v -0.230950 0.958388 -0.167793
v 0.027653 0.958304 -0.284411
v -0.008578 0.961793 -0.273642
v -0.045009 0.963906 -0.262412
v -0.081480 0.964613 -0.250764
v -0.117832 0.963906 -0.238750
v -0.153905 0.961793 -0.226421
v -0.189547 0.958304 -0.213837
v -0.224610 0.953481 -0.201058
v -0.258962 0.947386 -0.188145
v 0.038018 0.947256 -0.318216
v 0.001479 0.951480 -0.307707
v -0.035335 0.954328 -0.296665
v -0.072262 0.955761 -0.285129
v -0.109136 0.955761 -0.273148
v -0.145791 0.954328 -0.260775
v -0.182065 0.951480 -0.248069
v -0.217802 0.947256 -0.235093
v -0.252859 0.941710 -0.221912
v -0.287103 0.934913 -0.208590
v 0.048514 0.934676 -0.352175
v 0.011730 0.939625 -0.342004
v -0.025408 0.943209 -0.331227
v -0.062735 0.945379 -0.319880
v -0.100079 0.946105 -0.308007
v -0.137271 0.945379 -0.295661
v -0.174138 0.943209 -0.282901
v -0.210518 0.939625 -0.269791
v -0.246255 0.934676 -0.256397
v -0.281208 0.928426 -0.242791
v -0.315251 0.920955 -0.229040
v 0.059099 0.920547 -0.386136
v 0.022136 0.926201 -0.376380
v -0.015260 0.930511 -0.365947
v -0.052924 0.933417 -0.354867
v -0.090682 0.934881 -0.343182
v -0.128357 0.934881 -0.330940
v -0.165773 0.933417 -0.318200
v -0.202756 0.930511 -0.305024
v -0.239142 0.926201 -0.291484
v -0.274780 0.920547 -0.277650
v -0.309532 0.913622 -0.263599
v -0.343277 0.905516 -0.249403
v 0.069724 0.904872 -0.419936
v 0.032654 0.911200 -0.410669
v -0.004930 0.916214 -0.400658
v -0.042864 0.919847 -0.389928
v -0.080971 0.922048 -0.378512
v -0.119071 0.922785 -0.366456
v -0.156981 0.922048 -0.353815
v -0.194520 0.919847 -0.340651
v -0.231516 0.916214 -0.327035
v -0.267807 0.911200 -0.313042
v -0.303244 0.904872 -0.298749
v -0.337696 0.897313 -0.284236
v -0.371051 0.888621 -0.269582
v 0.080342 0.887674 -0.453409
v 0.043238 0.894634 -0.444703
v 0.005538 0.900321 -0.435191
v -0.032593 0.904658 -0.424889
v -0.070979 0.907585 -0.413825
v -0.109437 0.909059 -0.402039
v -0.147780 0.909059 -0.389580
v -0.185822 0.907585 -0.376510
v -0.223380 0.904658 -0.362898
v -0.260283 0.900321 -0.348819
v -0.296374 0.894634 -0.334355
v -0.331509 0.887674 -0.319588
v -0.365566 0.879533 -0.304603
v -0.398443 0.870312 -0.289482
v 0.090902 0.869000 -0.486391
v 0.053837 0.876539 -0.478311
v 0.016098 0.882855 -0.469369
v -0.022154 0.887864 -0.459573
v -0.060744 0.891494 -0.448942
v -0.099489 0.893693 -0.437510
v -0.138197 0.894430 -0.425320
v -0.176678 0.893693 -0.412429
v -0.214743 0.891494 -0.398904
v -0.252212 0.887864 -0.384821
v -0.288916 0.882855 -0.370262
v -0.324703 0.876539 -0.355314
v -0.359439 0.869000 -0.340064
v -0.393009 0.860336 -0.324601
v -0.425323 0.850654 -0.309011
v 0.101354 0.848916 -0.518719
v 0.064402 0.856973 -0.511322
v 0.026700 0.863865 -0.503016
v -0.011594 0.869500 -0.493798
v -0.050310 0.873799 -0.483678
v -0.089264 0.876701 -0.472682
v -0.128264 0.878163 -0.460846
v -0.167116 0.878163 -0.448222
v -0.205624 0.876701 -0.434873
v -0.243602 0.873799 -0.420873
v -0.280872 0.869499 -0.406302
v -0.317271 0.863864 -0.391251
v -0.352654 0.856973 -0.375810
v -0.386896 0.848916 -0.360074
v -0.419895 0.839798 -0.344134
v -0.451569 0.829728 -0.328080
v 0.111647 0.827510 -0.550238
v 0.074881 0.836014 -0.543574
v 0.037294 0.843419 -0.535960
v -0.000963 0.849626 -0.527385
v -0.039723 0.854550 -0.517849
v -0.078806 0.858119 -0.507367
v -0.118019 0.860283 -0.495969
v -0.157166 0.861007 -0.483699
v -0.196049 0.860283 -0.470615
v -0.234472 0.858119 -0.456787
v -0.272252 0.854550 -0.442294
v -0.309215 0.849626 -0.427226
v -0.345206 0.843419 -0.411677
v -0.380089 0.836014 -0.395743
v -0.413751 0.827510 -0.379523
v -0.446100 0.818012 -0.363113
v -0.477067 0.807634 -0.346605
v 0.121736 0.804887 -0.580807
v 0.085224 0.813764 -0.574913
v 0.047827 0.821611 -0.568039
v 0.009687 0.828327 -0.560162
v -0.029036 0.833819 -0.551274
v -0.068164 0.838011 -0.541379
v -0.107508 0.840841 -0.530498
v -0.146870 0.842267 -0.518667
v -0.186050 0.842267 -0.505937
v -0.224849 0.840841 -0.492371
v -0.263074 0.838011 -0.478048
v -0.300545 0.833819 -0.463054
v -0.337096 0.828326 -0.447483
v -0.372583 0.821611 -0.431437
v -0.406878 0.813764 -0.415017
v -0.439881 0.804887 -0.398324
v -0.471512 0.795089 -0.381458
v -0.501714 0.784483 -0.364512
v 0.131575 0.781169 -0.610297
v 0.095385 0.790339 -0.605200
v 0.058250 0.798552 -0.599101
v 0.020303 0.805706 -0.591968
v -0.018301 0.811704 -0.583783
v -0.057390 0.816463 -0.574539
v -0.096779 0.819913 -0.564248
v -0.136273 0.822005 -0.552935
v -0.175669 0.822706 -0.540643
v -0.214766 0.822005 -0.527431
v -0.253366 0.819913 -0.513369
v -0.291282 0.816463 -0.498542
v -0.328339 0.811704 -0.483044
v -0.364381 0.805705 -0.466975
v -0.399272 0.798552 -0.450440
v -0.432900 0.790338 -0.433546
v -0.465175 0.781169 -0.416398
v -0.496029 0.771153 -0.399096
v -0.525420 0.760403 -0.381735
v 0.141126 0.756491 -0.638596
v 0.105318 0.765871 -0.634310
v 0.068513 0.774371 -0.629011
v 0.030835 0.781887 -0.622658
v -0.007570 0.788320 -0.615219
v -0.046538 0.793582 -0.606681
v -0.085887 0.797598 -0.597043
v -0.125425 0.800310 -0.586321
v -0.164953 0.801677 -0.574548
v -0.204267 0.801677 -0.561774
v -0.243165 0.800310 -0.548064
v -0.281455 0.797598 -0.533498
v -0.318954 0.793582 -0.518166
v -0.355498 0.788319 -0.502169
v -0.390940 0.781887 -0.485612
v -0.425157 0.774371 -0.468606
v -0.458048 0.765871 -0.451259
v -0.489536 0.756491 -0.433678
v -0.519567 0.746340 -0.415966
v -0.548108 0.735526 -0.398219
v 0.150354 0.730996 -0.665611
v 0.114984 0.740505 -0.662142
v 0.078571 0.749210 -0.657655
v 0.041232 0.757009 -0.652102
v 0.003102 0.763801 -0.645444
v -0.035662 0.769497 -0.637654
v -0.074886 0.774016 -0.628722
v -0.114383 0.777293 -0.618653
v -0.153956 0.779279 -0.607471
v -0.193401 0.779945 -0.595216
v -0.232516 0.779279 -0.581945
v -0.271103 0.777293 -0.567731
v -0.308975 0.774016 -0.552661
v -0.345958 0.769497 -0.536831
v -0.381898 0.763801 -0.520348
v -0.416659 0.757009 -0.503322
v -0.450131 0.749210 -0.485867
v -0.482226 0.740504 -0.468093
v -0.512880 0.730996 -0.450110
v -0.542052 0.720790 -0.432021
v -0.569720 0.709992 -0.413921
v 0.159229 0.704833 -0.691272
v 0.124346 0.714391 -0.688610
v 0.088384 0.723221 -0.684937
v 0.051448 0.731223 -0.680196
v 0.013664 0.738297 -0.674338
v -0.024818 0.744351 -0.667327
v -0.063835 0.749303 -0.659143
v -0.103205 0.753083 -0.649780
v -0.142735 0.755635 -0.639252
v -0.182224 0.756921 -0.627587
v -0.221471 0.756921 -0.614835
v -0.260275 0.755635 -0.601060
v -0.298443 0.753083 -0.586343
v -0.335797 0.749303 -0.570776
v -0.372173 0.744351 -0.554463
v -0.407427 0.738296 -0.537515
v -0.441437 0.731223 -0.520045
v -0.474106 0.723221 -0.502170
v -0.505359 0.714391 -0.484003
v -0.535143 0.704833 -0.465653
v -0.563430 0.694650 -0.447222
v -0.590209 0.683943 -0.428807
v 0.167728 0.678153 -0.715525
v 0.133376 0.687684 -0.713654
v 0.097915 0.696561 -0.710785
v 0.061441 0.704687 -0.706853
v 0.024070 0.711964 -0.701804
v -0.014059 0.718300 -0.695591
v -0.052790 0.723612 -0.688185
v -0.091949 0.727827 -0.679569
v -0.131350 0.730882 -0.669745
v -0.170796 0.732734 -0.658733
v -0.210088 0.733355 -0.646571
v -0.249024 0.732734 -0.633315
v -0.287409 0.730882 -0.619037
v -0.325059 0.727827 -0.603825
v -0.361804 0.723612 -0.587778
v -0.397491 0.718300 -0.571005
v -0.431989 0.711963 -0.553619
v -0.465190 0.704687 -0.535738
v -0.497009 0.696561 -0.517479
v -0.527384 0.687684 -0.498956
v -0.556275 0.678153 -0.480278
v -0.583663 0.668066 -0.461547
v -0.609547 0.657519 -0.442856
v 0.175833 0.651105 -0.738339
v 0.142048 0.660539 -0.737232
v 0.107133 0.669389 -0.735147
v 0.071172 0.677563 -0.732013
v 0.034275 0.684965 -0.727769
v -0.003433 0.691507 -0.722361
v -0.041804 0.697105 -0.715750
v -0.080674 0.701682 -0.707909
v -0.119862 0.705174 -0.698829
v -0.159180 0.707532 -0.688520
v -0.198429 0.708719 -0.677010
v -0.237411 0.708719 -0.664344
v -0.275930 0.707532 -0.650585
v -0.313798 0.705174 -0.635815
v -0.350839 0.701682 -0.620125
v -0.386893 0.697104 -0.603621
v -0.421822 0.691507 -0.586416
v -0.455507 0.684965 -0.568627
v -0.487852 0.677562 -0.550372
v -0.518786 0.669389 -0.531770
v -0.548259 0.660539 -0.512933
v -0.576242 0.651105 -0.493971
v -0.602726 0.641181 -0.474983
v -0.627719 0.630855 -0.456059
v 0.183532 0.623834 -0.759702
v 0.150345 0.633106 -0.759324
v 0.116012 0.641862 -0.757994
v 0.080611 0.650011 -0.755637
v 0.044239 0.657466 -0.752184
v 0.007012 0.664139 -0.747576
v -0.030931 0.669946 -0.741765
v -0.069437 0.674813 -0.734715
v -0.108334 0.678672 -0.726407
v -0.147440 0.681470 -0.716840
v -0.186561 0.683165 -0.706031
v -0.225503 0.683733 -0.694015
v -0.264071 0.683165 -0.680846
v -0.302074 0.681470 -0.666596
v -0.339334 0.678672 -0.651349
v -0.375686 0.674813 -0.635207
v -0.410981 0.669946 -0.618277
v -0.445094 0.664139 -0.600676
v -0.477919 0.657466 -0.582522
v -0.509374 0.650011 -0.563936
v -0.539400 0.641861 -0.545034
v -0.567957 0.633106 -0.525930
v -0.595028 0.623834 -0.506728
v -0.620612 0.614131 -0.487527
v -0.644726 0.604082 -0.468415
v 0.190820 0.596476 -0.779618
v 0.158253 0.605530 -0.779929
v 0.124534 0.614129 -0.779318
v 0.089730 0.622190 -0.777707
v 0.053929 0.629628 -0.775023
v 0.017237 0.636360 -0.771200
v -0.020219 0.642305 -0.766182
v -0.058293 0.647389 -0.759927
v -0.096825 0.651544 -0.752406
v -0.135639 0.654713 -0.743608
v -0.174550 0.656852 -0.733538
v -0.213368 0.657929 -0.722221
v -0.251900 0.657929 -0.709701
v -0.289956 0.656852 -0.696039
v -0.327355 0.654713 -0.681314
v -0.363928 0.651544 -0.665618
v -0.399521 0.647389 -0.649054
v -0.434000 0.642305 -0.631734
v -0.467252 0.636359 -0.613777
v -0.499183 0.629628 -0.595303
v -0.529724 0.622190 -0.576431
v -0.558828 0.614129 -0.557276
v -0.586466 0.605530 -0.537951
v -0.612630 0.596476 -0.518557
v -0.637327 0.587048 -0.499189
v -0.660579 0.577322 -0.479933
v 0.197694 0.569160 -0.798107
v 0.165766 0.577946 -0.799062
v 0.132684 0.586335 -0.799129
v 0.098508 0.594247 -0.798227
v 0.063316 0.601606 -0.796280
v 0.027205 0.608331 -0.793217
v -0.009708 0.614345 -0.788978
v -0.047291 0.619576 -0.783511
v -0.085389 0.623956 -0.776780
v -0.123839 0.627428 -0.768764
v -0.162463 0.629944 -0.759458
v -0.201075 0.631468 -0.748877
v -0.239488 0.631979 -0.737054
v -0.277514 0.631468 -0.724040
v -0.314971 0.629944 -0.709904
v -0.351687 0.627428 -0.694730
v -0.387506 0.623956 -0.678615
v -0.422285 0.619575 -0.661666
v -0.455902 0.614345 -0.643998
v -0.488258 0.608330 -0.625730
v -0.519272 0.601605 -0.606982
v -0.548887 0.594247 -0.587872
v -0.577066 0.586334 -0.568513
v -0.603790 0.577946 -0.549014
v -0.629059 0.569159 -0.529474
v -0.652886 0.560049 -0.509985
v -0.675300 0.550685 -0.490628
v 0.204158 0.542001 -0.815202
v 0.172880 0.550478 -0.816753
v 0.140454 0.558610 -0.817452
v 0.106931 0.566323 -0.817217
v 0.072379 0.573546 -0.815970
v 0.036888 0.580203 -0.813636
v 0.000561 0.586223 -0.810150
v -0.036475 0.591534 -0.805454
v -0.074081 0.596073 -0.799506
v -0.112099 0.599779 -0.792274
v -0.150362 0.602606 -0.783746
v -0.188692 0.604512 -0.773926
v -0.226906 0.605472 -0.762835
v -0.264820 0.605472 -0.750516
v -0.302255 0.604512 -0.737026
v -0.339036 0.602606 -0.722441
v -0.375004 0.599779 -0.706850
v -0.410013 0.596073 -0.690353
v -0.443932 0.591534 -0.673061
v -0.476655 0.586223 -0.655090
v -0.508093 0.580203 -0.636558
v -0.538178 0.573546 -0.617584
v -0.566863 0.566323 -0.598284
v -0.594122 0.558609 -0.578769
v -0.619945 0.550478 -0.559144
v -0.644337 0.542000 -0.539505
v -0.667319 0.533244 -0.519939
v -0.688922 0.524273 -0.500525
v 0.210218 0.515103 -0.830949
v 0.179598 0.523239 -0.833046
v 0.147840 0.531075 -0.834328
v 0.114987 0.538545 -0.834714
v 0.081101 0.545583 -0.834123
v 0.046259 0.552120 -0.832480
v 0.010559 0.558087 -0.829715
v -0.025886 0.563418 -0.825766
v -0.062946 0.568050 -0.820583
v -0.100473 0.571927 -0.814129
v -0.138309 0.574997 -0.806380
v -0.176286 0.577220 -0.797333
v -0.214225 0.578567 -0.786999
v -0.251950 0.579018 -0.775409
v -0.289283 0.578567 -0.762611
v -0.326051 0.577220 -0.748671
v -0.362092 0.574997 -0.733668
v -0.397256 0.571926 -0.717696
v -0.431410 0.568050 -0.700860
v -0.464438 0.563418 -0.683270
v -0.496244 0.558087 -0.665042
v -0.526751 0.552120 -0.646295
v -0.555904 0.545583 -0.627144
v -0.583665 0.538545 -0.607704
v -0.610017 0.531074 -0.588081
v -0.634956 0.523239 -0.568376
v -0.658496 0.515103 -0.548682
v -0.680659 0.506729 -0.529083
v -0.701483 0.498175 -0.509651
v 0.215885 0.488560 -0.845401
v 0.185926 0.496327 -0.847992
v 0.154842 0.503836 -0.849808
v 0.122672 0.511028 -0.850766
v 0.089468 0.517839 -0.850787
v 0.055302 0.524209 -0.849792
v 0.020258 0.530073 -0.847710
v -0.015557 0.535368 -0.844476
v -0.052025 0.540035 -0.840033
v -0.089009 0.544020 -0.834338
v -0.126360 0.547271 -0.827362
v -0.163917 0.549749 -0.819089
v -0.201513 0.551419 -0.809524
v -0.238975 0.552260 -0.798686
v -0.276129 0.552260 -0.786614
v -0.312807 0.551419 -0.773362
v -0.348845 0.549749 -0.759002
v -0.384092 0.547271 -0.743618
v -0.418410 0.544020 -0.727307
v -0.451677 0.540035 -0.710176
v -0.483792 0.535368 -0.692335
v -0.514668 0.530072 -0.673899
v -0.544242 0.524209 -0.654985
v -0.572468 0.517839 -0.635707
v -0.599318 0.511027 -0.616173
v -0.624781 0.503836 -0.596488
v -0.648861 0.496327 -0.576749
v -0.671575 0.488559 -0.557043
v -0.692952 0.480589 -0.537450
v 0.221172 0.462449 -0.858617
v 0.191872 0.469829 -0.861653
v 0.161465 0.476988 -0.863951
v 0.129984 0.483871 -0.865432
v 0.097476 0.490423 -0.866016
v 0.064001 0.496586 -0.865625
v 0.029639 0.502302 -0.864184
v -0.005516 0.507513 -0.861627
v -0.041355 0.512163 -0.857892
v -0.077750 0.516199 -0.852933
v -0.114564 0.519572 -0.846711
v -0.151645 0.522243 -0.839206
v -0.188834 0.524176 -0.830411
v -0.225964 0.525346 -0.820337
v -0.262869 0.525738 -0.809012
v -0.299382 0.525346 -0.796481
v -0.335342 0.524176 -0.782806
v -0.370598 0.522243 -0.768062
v -0.405008 0.519572 -0.752338
v -0.438448 0.516198 -0.735733
v -0.470808 0.512162 -0.718352
v -0.501996 0.507513 -0.700307
v -0.531941 0.502302 -0.681713
v -0.560587 0.496586 -0.662680
v -0.587898 0.490422 -0.643321
v -0.613855 0.483870 -0.623740
v -0.638453 0.476987 -0.604038
v -0.661701 0.469829 -0.584305
v -0.683621 0.462449 -0.564627
v -0.704243 0.454897 -0.545079
v -0.023001 0.999596 0.016711
v -0.046792 0.998905 0.000000
v -0.071352 0.997301 -0.017280
v -0.096649 0.994699 -0.035109
v -0.122639 0.991010 -0.053461
v -0.149267 0.986150 -0.072298
v -0.176466 0.980037 -0.091578
v -0.204156 0.972597 -0.111245
v -0.232245 0.963763 -0.131238
v -0.260628 0.953481 -0.151484
v -0.289190 0.941710 -0.171906
v -0.317808 0.928426 -0.192415
v -0.346350 0.913622 -0.212922
v -0.374681 0.897313 -0.233330
v -0.402664 0.879533 -0.253543
v -0.430164 0.860336 -0.273462
v -0.457049 0.839798 -0.292995
v -0.483197 0.818012 -0.312053
v -0.508497 0.795089 -0.330552
v -0.532848 0.771153 -0.348419
v -0.556166 0.746339 -0.365591
v -0.578384 0.720790 -0.382014
v -0.599448 0.694650 -0.397648
v -0.619324 0.668066 -0.412463
v -0.637993 0.641180 -0.426442
v -0.655451 0.614131 -0.439576
v -0.671707 0.587047 -0.451868
v -0.686783 0.560049 -0.463330
v -0.700710 0.533244 -0.473980
v -0.713528 0.506729 -0.483842
v -0.725284 0.480589 -0.492947
v -0.046765 0.998328 0.033976
v -0.071352 0.997301 0.017280
v -0.071267 0.996113 0.051778
v -0.096708 0.995313 0.000000
v -0.096649 0.994699 0.035109
v -0.096471 0.992865 0.070089
v -0.122795 0.992272 -0.017843
v -0.122795 0.992272 0.017843
v -0.122639 0.991010 0.053461
v -0.122328 0.988502 0.088876
v -0.149560 0.988089 -0.036220
v -0.149659 0.988738 0.000000
v -0.149560 0.988089 0.036220
v -0.149267 0.986150 0.072298
v -0.148782 0.982944 0.108095
v -0.176942 0.982678 -0.055095
v -0.177181 0.984006 -0.018390
v -0.177181 0.984006 0.018390
v -0.176942 0.982678 0.055095
v -0.176466 0.980037 0.091578
v -0.175760 0.976116 0.127696
v -0.204862 0.975958 -0.074420
v -0.205289 0.977991 -0.037287
v -0.205432 0.978671 0.000000
v -0.205289 0.977991 0.037287
v -0.204862 0.975958 0.074420
v -0.204156 0.972597 0.111245
v -0.203181 0.967950 0.147618
v -0.233231 0.967854 -0.094139
v -0.233895 0.970610 -0.056644
v -0.234229 0.971997 -0.018908
v -0.234229 0.971997 0.018908
v -0.233895 0.970610 0.056644
v -0.233231 0.967854 0.094139
v -0.232245 0.963763 0.131238
v -0.230950 0.958388 0.167793
v -0.261946 0.958303 -0.114188
v -0.262900 0.961793 -0.076402
v -0.263478 0.963906 -0.038285
v -0.263671 0.964613 0.000000
v -0.263478 0.963906 0.038285
v -0.262900 0.961793 0.076402
v -0.261946 0.958303 0.114188
v -0.260628 0.953481 0.151484
v -0.258962 0.947386 0.188145
v -0.290893 0.947255 -0.134492
v -0.292191 0.951480 -0.096494
v -0.293065 0.954327 -0.058070
v -0.293505 0.955761 -0.019386
v -0.293505 0.955761 0.019386
v -0.293065 0.954327 0.058070
v -0.292191 0.951480 0.096494
v -0.290893 0.947255 0.134492
v -0.289190 0.941710 0.171906
v -0.287103 0.934913 0.208590
v -0.319948 0.934676 -0.154969
v -0.321642 0.939625 -0.116842
v -0.322868 0.943208 -0.078192
v -0.323611 0.945378 -0.039186
v -0.323860 0.946105 0.000000
v -0.323611 0.945378 0.039186
v -0.322868 0.943208 0.078192
v -0.321642 0.939625 0.116842
v -0.319948 0.934676 0.154969
v -0.317808 0.928426 0.192415
v -0.315251 0.920955 0.229040
v -0.348975 0.920546 -0.175529
v -0.351119 0.926201 -0.137361
v -0.352752 0.930510 -0.098572
v -0.353854 0.933417 -0.059328
v -0.354409 0.934881 -0.019807
v -0.354409 0.934881 0.019807
v -0.353854 0.933417 0.059328
v -0.352752 0.930510 0.098572
v -0.351119 0.926201 0.137361
v -0.348975 0.920546 0.175529
v -0.346350 0.913622 0.212922
v -0.343277 0.905516 0.249403
v -0.377837 0.904871 -0.196080
v -0.380479 0.911199 -0.157961
v -0.382573 0.916214 -0.119122
v -0.384090 0.919847 -0.079730
v -0.385009 0.922047 -0.039960
v -0.385317 0.922784 0.000000
v -0.385009 0.922047 0.039960
v -0.384090 0.919847 0.079730
v -0.382573 0.916214 0.119122
v -0.380479 0.911199 0.157961
v -0.377837 0.904871 0.196080
v -0.374681 0.897313 0.233330
v -0.371051 0.888621 0.269582
v -0.406391 0.887674 -0.216522
v -0.409577 0.894633 -0.178543
v -0.412181 0.900320 -0.139750
v -0.414167 0.904658 -0.100302
v -0.415506 0.907584 -0.060376
v -0.416181 0.909058 -0.020158
v -0.416181 0.909058 0.020158
v -0.415506 0.907584 0.060376
v -0.414167 0.904658 0.100302
v -0.412181 0.900320 0.139750
v -0.409577 0.894633 0.178543
v -0.406391 0.887674 0.216522
v -0.402664 0.879533 0.253543
v -0.398443 0.870312 0.289482
v -0.434495 0.869000 -0.236757
v -0.438265 0.876538 -0.199009
v -0.441423 0.882855 -0.160354
v -0.443927 0.887863 -0.120948
v -0.445742 0.891493 -0.080962
v -0.446842 0.893692 -0.040581
v -0.447210 0.894429 0.000000
v -0.446842 0.893692 0.040581
v -0.445742 0.891493 0.080962
v -0.443927 0.887863 0.120948
v -0.441423 0.882855 0.160354
v -0.438265 0.876538 0.199009
v -0.434495 0.869000 0.236757
v -0.430164 0.860336 0.273462
v -0.425323 0.850654 0.309011
v -0.462011 0.848916 -0.256686
v -0.466396 0.856972 -0.219257
v -0.470147 0.863864 -0.180835
v -0.473213 0.869499 -0.141567
v -0.475553 0.873798 -0.101619
v -0.477132 0.876700 -0.061174
v -0.477928 0.878162 -0.020425
v -0.477928 0.878162 0.020425
v -0.477132 0.876700 0.061174
v -0.475553 0.873798 0.101619
v -0.473213 0.869499 0.141567
v -0.470147 0.863864 0.180835
v -0.466396 0.856972 0.219257
v -0.462011 0.848916 0.256686
v -0.457049 0.839798 0.292996
v -0.451569 0.829728 0.328080
v -0.488808 0.827509 -0.276216
v -0.493831 0.836014 -0.239190
v -0.498205 0.843418 -0.201090
v -0.501871 0.849625 -0.162056
v -0.504780 0.854549 -0.122246
v -0.506888 0.858118 -0.081838
v -0.508166 0.860282 -0.041022
v -0.508594 0.861006 0.000000
v -0.508166 0.860282 0.041022
v -0.506888 0.858118 0.081838
v -0.504780 0.854549 0.122247
v -0.501871 0.849625 0.162056
v -0.498205 0.843418 0.201090
v -0.493831 0.836014 0.239190
v -0.488808 0.827509 0.276216
v -0.483197 0.818012 0.312053
v -0.477067 0.807634 0.346605
v -0.514763 0.804886 -0.295257
v -0.520440 0.813763 -0.258712
v -0.525458 0.821610 -0.221021
v -0.529753 0.828326 -0.182313
v -0.533266 0.833818 -0.142740
v -0.535947 0.838010 -0.102469
v -0.537757 0.840840 -0.061689
v -0.538669 0.842266 -0.020598
v -0.538669 0.842266 0.020598
v -0.537757 0.840840 0.061689
v -0.535947 0.838010 0.102469
v -0.533266 0.833818 0.142740
v -0.529753 0.828326 0.182313
v -0.525458 0.821610 0.221021
v -0.520440 0.813763 0.258712
v -0.514763 0.804886 0.295257
v -0.508497 0.795089 0.330552
v -0.501714 0.784483 0.364512
v -0.539769 0.781169 -0.313728
v -0.546104 0.790338 -0.277734
v -0.551779 0.798551 -0.240532
v -0.556722 0.805705 -0.202239
v -0.560867 0.811702 -0.162995
v -0.564155 0.816461 -0.122963
v -0.566539 0.819912 -0.082322
v -0.567985 0.822004 -0.041266
v -0.568469 0.822705 0.000000
v -0.567985 0.822004 0.041266
v -0.566539 0.819912 0.082322
v -0.564155 0.816461 0.122963
v -0.560867 0.811702 0.162995
v -0.556722 0.805705 0.202239
v -0.551779 0.798551 0.240532
v -0.546104 0.790338 0.277734
v -0.539769 0.781169 0.313728
v -0.532848 0.771153 0.348419
v -0.525420 0.760403 0.381735
v -0.563731 0.756491 -0.331556
v -0.570721 0.765870 -0.296177
v -0.577055 0.774370 -0.259536
v -0.582655 0.781886 -0.221738
v -0.587449 0.788318 -0.182915
v -0.591370 0.793581 -0.143217
v -0.594363 0.797597 -0.102815
v -0.596384 0.800309 -0.061899
v -0.597402 0.801675 -0.020668
v -0.597402 0.801675 0.020668
v -0.596384 0.800309 0.061899
v -0.594363 0.797597 0.102816
v -0.591370 0.793581 0.143217
v -0.587449 0.788318 0.182915
v -0.582655 0.781886 0.221738
v -0.577055 0.774370 0.259536
v -0.570721 0.765870 0.296177
v -0.563731 0.756491 0.331556
v -0.556166 0.746339 0.365591
v -0.548108 0.735526 0.398219
v -0.586573 0.730995 -0.348680
v -0.594203 0.740504 -0.313970
v -0.601188 0.749209 -0.277953
v -0.607446 0.757008 -0.240726
v -0.612896 0.763800 -0.202405
v -0.617467 0.769495 -0.163131
v -0.621093 0.774014 -0.123067
v -0.623722 0.777291 -0.082392
v -0.625316 0.779278 -0.041301
v -0.625850 0.779943 0.000000
v -0.625316 0.779278 0.041301
v -0.623722 0.777291 0.082392
v -0.621093 0.774014 0.123067
v -0.617467 0.769495 0.163131
v -0.612896 0.763800 0.202405
v -0.607446 0.757008 0.240726
v -0.601188 0.749209 0.277953
v -0.594203 0.740504 0.313970
v -0.586573 0.730995 0.348681
v -0.578384 0.720790 0.382014
v -0.569720 0.709992 0.413921
v -0.608235 0.704832 -0.365051
v -0.616483 0.714390 -0.331053
v -0.624103 0.723220 -0.295716
v -0.631007 0.731221 -0.259123
v -0.637112 0.738295 -0.221379
v -0.642336 0.744350 -0.182614
v -0.646610 0.749302 -0.142978
v -0.649871 0.753081 -0.102642
v -0.652074 0.755633 -0.061794
v -0.653183 0.756919 -0.020633
v -0.653183 0.756919 0.020633
v -0.652074 0.755633 0.061794
v -0.649871 0.753081 0.102642
v -0.646610 0.749302 0.142978
v -0.642336 0.744350 0.182614
v -0.637112 0.738295 0.221379
v -0.631007 0.731221 0.259123
v -0.624103 0.723220 0.295716
v -0.616483 0.714390 0.331053
v -0.608235 0.704832 0.365051
v -0.599448 0.694650 0.397648
v -0.590209 0.683943 0.428807
v -0.628675 0.678152 -0.380628
v -0.637510 0.687683 -0.347380
v -0.645740 0.696560 -0.312768
v -0.653272 0.704685 -0.276864
v -0.660018 0.711962 -0.239763
v -0.665892 0.718299 -0.201581
v -0.670817 0.723611 -0.162457
v -0.674723 0.727825 -0.122552
v -0.677556 0.730881 -0.082045
v -0.679273 0.732732 -0.041126
v -0.679848 0.733353 0.000000
v -0.679273 0.732732 0.041126
v -0.677556 0.730881 0.082045
v -0.674723 0.727825 0.122552
v -0.670817 0.723611 0.162457
v -0.665892 0.718299 0.201580
v -0.660018 0.711962 0.239763
v -0.653272 0.704686 0.276864
v -0.645740 0.696560 0.312768
v -0.637510 0.687683 0.347380
v -0.628675 0.678152 0.380628
v -0.619324 0.668066 0.412463
v -0.609547 0.657519 0.442856
v -0.647868 0.651104 -0.395386
v -0.657255 0.660538 -0.362913
v -0.666061 0.669388 -0.329063
v -0.674193 0.677561 -0.293895
v -0.681559 0.684964 -0.257491
v -0.688068 0.691506 -0.219958
v -0.693638 0.697103 -0.181422
v -0.698192 0.701680 -0.142033
v -0.701667 0.705172 -0.101957
v -0.704013 0.707530 -0.061379
v -0.705195 0.708718 -0.020494
v -0.705195 0.708718 0.020494
v -0.704013 0.707530 0.061379
v -0.701667 0.705172 0.101957
v -0.698192 0.701680 0.142033
v -0.693638 0.697103 0.181422
v -0.688068 0.691506 0.219958
v -0.681559 0.684964 0.257491
v -0.674193 0.677561 0.293895
v -0.666061 0.669388 0.329063
v -0.657255 0.660538 0.362913
v -0.647868 0.651104 0.395386
v -0.637993 0.641180 0.426442
v -0.627719 0.630855 0.456059
v -0.665806 0.623833 -0.409310
v -0.675702 0.633105 -0.377631
v -0.685046 0.641861 -0.344568
v -0.693744 0.650010 -0.310171
v -0.701700 0.657465 -0.274512
v -0.708821 0.664137 -0.237684
v -0.715020 0.669945 -0.199802
v -0.720214 0.674811 -0.161003
v -0.724333 0.678671 -0.121443
v -0.727318 0.681468 -0.081296
v -0.729128 0.683163 -0.040749
v -0.729734 0.683731 0.000000
v -0.729128 0.683163 0.040749
v -0.727318 0.681468 0.081296
v -0.724333 0.678671 0.121443
v -0.720214 0.674811 0.161003
v -0.715020 0.669945 0.199802
v -0.708821 0.664137 0.237684
v -0.701700 0.657465 0.274512
v -0.693744 0.650010 0.310171
v -0.685046 0.641861 0.344568
v -0.675702 0.633105 0.377631
v -0.665806 0.623833 0.409310
v -0.655451 0.614131 0.439576
v -0.644726 0.604082 0.468415
v -0.682495 0.596476 -0.422395
v -0.692854 0.605529 -0.391519
v -0.702693 0.614128 -0.359262
v -0.711916 0.622189 -0.325664
v -0.720426 0.629627 -0.290786
v -0.728129 0.636358 -0.254709
v -0.734931 0.642303 -0.217536
v -0.740748 0.647387 -0.179393
v -0.745503 0.651542 -0.140423
v -0.749129 0.654711 -0.100790
v -0.751576 0.656850 -0.060672
v -0.752809 0.657928 -0.020257
v -0.752809 0.657928 0.020257
v -0.751576 0.656850 0.060672
v -0.749129 0.654711 0.100790
v -0.745503 0.651542 0.140423
v -0.740748 0.647387 0.179393
v -0.734931 0.642303 0.217536
v -0.728129 0.636358 0.254709
v -0.720426 0.629627 0.290786
v -0.711916 0.622189 0.325664
v -0.702693 0.614128 0.359262
v -0.692854 0.605529 0.391519
v -0.682495 0.596476 0.422395
v -0.671707 0.587047 0.451868
v -0.660579 0.577322 0.479933
v -0.697954 0.569159 -0.434647
v -0.708729 0.577945 -0.404577
v -0.719015 0.586333 -0.373135
v -0.728719 0.594246 -0.340354
v -0.737742 0.601604 -0.306283
v -0.745988 0.608329 -0.270993
v -0.753363 0.614343 -0.234576
v -0.759778 0.619574 -0.197144
v -0.765150 0.623954 -0.158831
v -0.769407 0.627426 -0.119786
v -0.772492 0.629942 -0.080177
v -0.774361 0.631466 -0.040186
v -0.774987 0.631977 0.000000
v -0.774361 0.631466 0.040186
v -0.772492 0.629942 0.080177
v -0.769407 0.627426 0.119786
v -0.765150 0.623954 0.158831
v -0.759778 0.619574 0.197144
v -0.753363 0.614343 0.234576
v -0.745988 0.608329 0.270993
v -0.737742 0.601604 0.306283
v -0.728719 0.594246 0.340354
v -0.719015 0.586333 0.373135
v -0.708729 0.577945 0.404577
v -0.697954 0.569159 0.434647
v -0.686783 0.560049 0.463330
v -0.675300 0.550685 0.490628
v -0.712216 0.542000 -0.446077
v -0.723356 0.550478 -0.416810
v -0.734041 0.558609 -0.386187
v -0.744177 0.566322 -0.354232
v -0.753667 0.573545 -0.320986
v -0.762415 0.580202 -0.286511
v -0.770325 0.586221 -0.250885
v -0.777305 0.591533 -0.214211
v -0.783268 0.596071 -0.176608
v -0.788139 0.599778 -0.138216
v -0.791852 0.602603 -0.099191
v -0.794357 0.604510 -0.059703
v -0.795619 0.605470 -0.019933
v -0.795619 0.605470 0.019933
v -0.794357 0.604510 0.059703
v -0.791852 0.602603 0.099191
v -0.788139 0.599778 0.138216
v -0.783268 0.596071 0.176608
v -0.777305 0.591533 0.214211
v -0.770325 0.586221 0.250885
v -0.762416 0.580202 0.286511
v -0.753667 0.573545 0.320986
v -0.744177 0.566322 0.354232
v -0.734041 0.558609 0.386187
v -0.723356 0.550478 0.416810
v -0.712216 0.542000 0.446077
v -0.700710 0.533244 0.473980
v -0.688922 0.524273 0.500525
v -0.725319 0.515103 -0.456707
v -0.736775 0.523238 -0.428234
v -0.747808 0.531074 -0.398426
v -0.758327 0.538544 -0.367300
v -0.768237 0.545582 -0.334890
v -0.777442 0.552119 -0.301247
v -0.785844 0.558085 -0.266440
v -0.793350 0.563416 -0.230558
v -0.799873 0.568049 -0.193712
v -0.805331 0.571925 -0.156027
v -0.809654 0.574995 -0.117648
v -0.812785 0.577219 -0.078736
v -0.814681 0.578565 -0.039460
v -0.815316 0.579016 0.000000
v -0.814681 0.578565 0.039460
v -0.812785 0.577219 0.078735
v -0.809654 0.574995 0.117648
v -0.805331 0.571925 0.156027
v -0.799873 0.568049 0.193712
v -0.793350 0.563416 0.230558
v -0.785844 0.558086 0.266440
v -0.777442 0.552119 0.301247
v -0.768237 0.545582 0.334890
v -0.758327 0.538544 0.367300
v -0.747808 0.531074 0.398426
v -0.736775 0.523238 0.428234
v -0.725319 0.515103 0.456707
v -0.713528 0.506729 0.483842
v -0.701483 0.498175 0.509651
v -0.737312 0.488559 -0.466562
v -0.749035 0.496327 -0.438870
v -0.760367 0.503835 -0.409869
v -0.771219 0.511027 -0.379570
v -0.781499 0.517838 -0.347998
v -0.791112 0.524208 -0.315196
v -0.799961 0.530071 -0.281225
v -0.807952 0.535366 -0.246163
v -0.814996 0.540034 -0.210108
v -0.821009 0.544018 -0.173175
v -0.825916 0.547270 -0.135496
v -0.829654 0.549747 -0.097221
v -0.832175 0.551417 -0.058510
v -0.833444 0.552258 -0.019533
v -0.833444 0.552258 0.019533
v -0.832175 0.551417 0.058510
v -0.829654 0.549747 0.097221
v -0.825916 0.547270 0.135496
v -0.821009 0.544018 0.173175
v -0.814996 0.540034 0.210108
v -0.807952 0.535366 0.246163
v -0.799961 0.530071 0.281225
v -0.791112 0.524208 0.315196
v -0.781499 0.517838 0.347998
v -0.771219 0.511027 0.379570
v -0.760367 0.503835 0.409869
v -0.749035 0.496327 0.438870
v -0.737312 0.488559 0.466562
v -0.725284 0.480589 0.492947
v -0.748248 0.462449 -0.475674
v -0.760189 0.469829 -0.448746
v -0.771771 0.476987 -0.420539
v -0.782908 0.483870 -0.391056
v -0.793509 0.490422 -0.360320
v -0.803481 0.496585 -0.328363
v -0.812729 0.502301 -0.295238
v -0.821160 0.507511 -0.261013
v -0.828684 0.512161 -0.225775
v -0.835214 0.516197 -0.189629
v -0.840673 0.519571 -0.152694
v -0.844993 0.522241 -0.115109
v -0.848121 0.524174 -0.077024
v -0.850014 0.525344 -0.038598
v -0.850648 0.525736 0.000000
v -0.850014 0.525344 0.038598
v -0.848121 0.524174 0.077024
v -0.844993 0.522241 0.115109
v -0.840673 0.519571 0.152694
v -0.835214 0.516197 0.189628
v -0.828684 0.512161 0.225775
v -0.821160 0.507511 0.261013
v -0.812729 0.502301 0.295238
v -0.803481 0.496585 0.328363
v -0.793509 0.490422 0.360319
v -0.782908 0.483870 0.391056
v -0.771771 0.476987 0.420539
v -0.760189 0.469829 0.448746
v -0.748248 0.462449 0.475674
v -0.736029 0.454897 0.501328
v 0.008785 0.999596 0.027039
v -0.014460 0.998905 0.044502
v -0.038484 0.997302 0.062520
v -0.063258 0.994699 0.081068
v -0.088742 0.991011 0.100115
v -0.114887 0.986150 0.119619
v -0.141628 0.980037 0.139529
v -0.168889 0.972597 0.159786
v -0.196584 0.963763 0.180321
v -0.224610 0.953481 0.201058
v -0.252859 0.941710 0.221912
v -0.281208 0.928426 0.242791
v -0.309532 0.913622 0.263599
v -0.337696 0.897313 0.284236
v -0.365566 0.879533 0.304603
v -0.393009 0.860336 0.324601
v -0.419895 0.839798 0.344134
v -0.446100 0.818012 0.363113
v -0.471512 0.795089 0.381458
v -0.496029 0.771153 0.399096
v -0.519567 0.746339 0.415966
v -0.542052 0.720790 0.432021
v -0.563430 0.694650 0.447222
v -0.583663 0.668066 0.461547
v -0.602726 0.641181 0.474983
v -0.620612 0.614131 0.487527
v -0.637327 0.587048 0.499189
v -0.652886 0.560049 0.509985
v -0.667319 0.533244 0.519939
v -0.680659 0.506729 0.529083
v -0.692952 0.480589 0.537450
v 0.017862 0.998328 0.054975
v -0.005615 0.997302 0.073199
v 0.027221 0.996113 0.083779
v -0.029885 0.995313 0.091975
v 0.003525 0.994699 0.102767
v 0.036848 0.992865 0.113408
v -0.054916 0.992272 0.111270
v -0.020976 0.992272 0.122298
v 0.012947 0.991011 0.133156
v 0.046724 0.988502 0.143805
v -0.080665 0.988089 0.131047
v -0.046248 0.988738 0.142333
v -0.011770 0.988089 0.153432
v 0.022634 0.986150 0.164302
v 0.056828 0.982944 0.174903
v -0.107077 0.982678 0.151255
v -0.072242 0.984007 0.162825
v -0.037263 0.984007 0.174191
v -0.002280 0.982678 0.185306
v 0.032564 0.980037 0.196128
v 0.067133 0.976116 0.206618
v -0.134084 0.975958 0.171837
v -0.098901 0.977991 0.183717
v -0.063483 0.978672 0.195376
v -0.027976 0.977991 0.206763
v 0.007471 0.975958 0.217831
v 0.042712 0.972597 0.228540
v 0.077607 0.967950 0.238853
v -0.161605 0.967854 0.192723
v -0.126151 0.970611 0.204942
v -0.090365 0.971998 0.216921
v -0.054399 0.971998 0.228607
v -0.018406 0.970611 0.239951
v 0.017459 0.967854 0.250906
v 0.053047 0.963763 0.261432
v 0.088213 0.958388 0.271497
v -0.189547 0.958304 0.213837
v -0.153905 0.961793 0.226421
v -0.117832 0.963906 0.238750
v -0.081480 0.964613 0.250764
v -0.045009 0.963906 0.262412
v -0.008578 0.961793 0.273642
v 0.027653 0.958304 0.284411
v 0.063531 0.953481 0.294683
v 0.098913 0.947386 0.304427
v -0.217802 0.947256 0.235093
v -0.182065 0.951480 0.248069
v -0.145791 0.954328 0.260775
v -0.109136 0.955761 0.273148
v -0.072262 0.955761 0.285129
v -0.035335 0.954328 0.296665
v 0.001479 0.951480 0.307707
v 0.038018 0.947256 0.318216
v 0.074127 0.941710 0.328158
v 0.109661 0.934913 0.337509
v -0.246255 0.934676 0.256397
v -0.210518 0.939625 0.269791
v -0.174138 0.943209 0.282901
v -0.137271 0.945379 0.295661
v -0.100080 0.946105 0.308007
v -0.062735 0.945379 0.319880
v -0.025408 0.943209 0.331227
v 0.011730 0.939625 0.342005
v 0.048514 0.934676 0.352175
v 0.084790 0.928426 0.361713
v 0.120413 0.920955 0.370598
v -0.274780 0.920547 0.277650
v -0.239142 0.926201 0.291484
v -0.202756 0.930511 0.305024
v -0.165773 0.933417 0.318200
v -0.128357 0.934881 0.330940
v -0.090682 0.934881 0.343182
v -0.052924 0.933417 0.354867
v -0.015260 0.930511 0.365946
v 0.022136 0.926201 0.376380
v 0.059099 0.920547 0.386136
v 0.095473 0.913623 0.395195
v 0.131118 0.905516 0.403545
v -0.303244 0.904872 0.298749
v -0.267807 0.911200 0.313042
v -0.231516 0.916214 0.327035
v -0.194520 0.919847 0.340651
v -0.156981 0.922048 0.353815
v -0.119071 0.922785 0.366456
v -0.080971 0.922048 0.378512
v -0.042864 0.919847 0.389928
v -0.004930 0.916214 0.400658
v 0.032654 0.911200 0.410669
v 0.069724 0.904872 0.419936
v 0.106127 0.897313 0.428445
v 0.141726 0.888621 0.436196
v -0.331509 0.887674 0.319588
v -0.296374 0.894634 0.334355
v -0.260283 0.900321 0.348819
v -0.223380 0.904658 0.362898
v -0.185822 0.907585 0.376510
v -0.147780 0.909059 0.389580
v -0.109437 0.909059 0.402039
v -0.070979 0.907585 0.413826
v -0.032593 0.904658 0.424889
v 0.005538 0.900321 0.435191
v 0.043238 0.894634 0.444703
v 0.080342 0.887674 0.453409
v 0.116703 0.879533 0.461305
v 0.152189 0.870312 0.468396
v -0.359439 0.869000 0.340064
v -0.324703 0.876539 0.355314
v -0.288916 0.882855 0.370262
v -0.252212 0.887864 0.384821
v -0.214743 0.891494 0.398904
v -0.176678 0.893693 0.412429
v -0.138197 0.894430 0.425320
v -0.099489 0.893693 0.437510
v -0.060744 0.891494 0.448942
v -0.022154 0.887864 0.459573
v 0.016098 0.882855 0.469369
v 0.053837 0.876539 0.478311
v 0.090902 0.869000 0.486391
v 0.127150 0.860336 0.493614
v 0.162456 0.850654 0.499995
v -0.386896 0.848916 0.360074
v -0.352654 0.856972 0.375810
v -0.317271 0.863864 0.391251
v -0.280872 0.869499 0.406302
v -0.243602 0.873799 0.420873
v -0.205624 0.876701 0.434873
v -0.167116 0.878162 0.448222
v -0.128264 0.878162 0.460846
v -0.089264 0.876701 0.472682
v -0.050310 0.873799 0.483678
v -0.011594 0.869500 0.493798
v 0.026700 0.863865 0.503016
v 0.064402 0.856973 0.511322
v 0.101354 0.848916 0.518719
v 0.137419 0.839798 0.525219
v 0.172480 0.829728 0.530849
v -0.413751 0.827510 0.379523
v -0.380089 0.836014 0.395743
v -0.345206 0.843419 0.411677
v -0.309215 0.849626 0.427226
v -0.272252 0.854549 0.442294
v -0.234472 0.858119 0.456787
v -0.196049 0.860283 0.470615
v -0.157166 0.861007 0.483699
v -0.118019 0.860283 0.495969
v -0.078806 0.858119 0.507367
v -0.039723 0.854550 0.517849
v -0.000963 0.849626 0.527385
v 0.037294 0.843419 0.535960
v 0.074881 0.836014 0.543574
v 0.111647 0.827510 0.550238
v 0.147464 0.818012 0.555977
v 0.182220 0.807634 0.560824
v -0.439881 0.804887 0.398324
v -0.406878 0.813764 0.415017
v -0.372583 0.821611 0.431437
v -0.337097 0.828326 0.447483
v -0.300545 0.833819 0.463054
v -0.263074 0.838011 0.478048
v -0.224849 0.840841 0.492371
v -0.186050 0.842267 0.505937
v -0.146870 0.842267 0.518667
v -0.107508 0.840841 0.530498
v -0.068164 0.838011 0.541379
v -0.029036 0.833819 0.551274
v 0.009687 0.828326 0.560162
v 0.047827 0.821611 0.568039
v 0.085224 0.813764 0.574913
v 0.121736 0.804887 0.580807
v 0.157239 0.795089 0.585755
v 0.191634 0.784483 0.589799
v -0.465175 0.781169 0.416398
v -0.432900 0.790338 0.433546
v -0.399272 0.798552 0.450440
v -0.364381 0.805705 0.466975
v -0.328339 0.811704 0.483044
v -0.291282 0.816462 0.498542
v -0.253366 0.819913 0.513369
v -0.214766 0.822005 0.527431
v -0.175669 0.822706 0.540643
v -0.136273 0.822005 0.552935
v -0.096779 0.819913 0.564248
v -0.057390 0.816463 0.574539
v -0.018301 0.811704 0.583783
v 0.020303 0.805705 0.591968
v 0.058250 0.798552 0.599101
v 0.095385 0.790339 0.605200
v 0.131575 0.781169 0.610297
v 0.166707 0.771154 0.614435
v 0.200688 0.760403 0.617666
v -0.489536 0.756491 0.433678
v -0.458048 0.765871 0.451259
v -0.425157 0.774371 0.468606
v -0.390940 0.781886 0.485612
v -0.355498 0.788319 0.502169
v -0.318954 0.793582 0.518166
v -0.281455 0.797598 0.533498
v -0.243165 0.800310 0.548064
v -0.204267 0.801677 0.561774
v -0.164953 0.801677 0.574548
v -0.125425 0.800310 0.586321
v -0.085887 0.797598 0.597043
v -0.046538 0.793582 0.606681
v -0.007570 0.788320 0.615219
v 0.030835 0.781887 0.622658
v 0.068513 0.774371 0.629012
v 0.105318 0.765871 0.634310
v 0.141126 0.756491 0.638596
v 0.175833 0.746340 0.641919
v 0.209355 0.735526 0.644338
v -0.512880 0.730996 0.450110
v -0.482226 0.740504 0.468093
v -0.450131 0.749210 0.485867
v -0.416659 0.757009 0.503322
v -0.381898 0.763801 0.520348
v -0.345958 0.769497 0.536831
v -0.308975 0.774016 0.552661
v -0.271103 0.777293 0.567731
v -0.232516 0.779279 0.581945
v -0.193401 0.779945 0.595216
v -0.153956 0.779279 0.607472
v -0.114383 0.777293 0.618654
v -0.074886 0.774016 0.628722
v -0.035662 0.769497 0.637654
v 0.003102 0.763801 0.645444
v 0.041232 0.757009 0.652103
v 0.078571 0.749210 0.657655
v 0.114984 0.740505 0.662142
v 0.150354 0.730996 0.665612
v 0.184587 0.720790 0.668124
v 0.217609 0.709993 0.669744
v -0.535143 0.704833 0.465653
v -0.505359 0.714390 0.484003
v -0.474106 0.723221 0.502170
v -0.441437 0.731222 0.520045
v -0.407427 0.738296 0.537515
v -0.372173 0.744351 0.554463
v -0.335797 0.749303 0.570776
v -0.298443 0.753083 0.586343
v -0.260275 0.755635 0.601060
v -0.221471 0.756920 0.614835
v -0.182224 0.756920 0.627587
v -0.142735 0.755635 0.639252
v -0.103205 0.753083 0.649781
v -0.063835 0.749303 0.659143
v -0.024818 0.744351 0.667327
v 0.013665 0.738296 0.674338
v 0.051448 0.731223 0.680196
v 0.088384 0.723221 0.684937
v 0.124346 0.714391 0.688610
v 0.159229 0.704833 0.691272
v 0.192946 0.694650 0.692988
v 0.225435 0.683944 0.693830
v -0.556275 0.678153 0.480278
v -0.527384 0.687684 0.498956
v -0.497009 0.696561 0.517479
v -0.465191 0.704686 0.535738
v -0.431989 0.711963 0.553619
v -0.397491 0.718300 0.571005
v -0.361804 0.723612 0.587779
v -0.325059 0.727826 0.603826
v -0.287409 0.730882 0.619038
v -0.249024 0.732734 0.633315
v -0.210088 0.733354 0.646571
v -0.170796 0.732734 0.658733
v -0.131350 0.730882 0.669745
v -0.091949 0.727826 0.679569
v -0.052790 0.723612 0.688185
v -0.014059 0.718300 0.695592
v 0.024070 0.711963 0.701804
v 0.061441 0.704687 0.706854
v 0.097915 0.696561 0.710785
v 0.133376 0.687684 0.713654
v 0.167728 0.678153 0.715525
v 0.200894 0.668066 0.716470
v 0.232822 0.657519 0.716563
v -0.576242 0.651105 0.493971
v -0.548259 0.660538 0.512934
v -0.518786 0.669389 0.531770
v -0.487853 0.677562 0.550372
v -0.455507 0.684965 0.568627
v -0.421822 0.691507 0.586416
v -0.386893 0.697104 0.603622
v -0.350839 0.701681 0.620125
v -0.313798 0.705174 0.635815
v -0.275930 0.707531 0.650586
v -0.237411 0.708719 0.664344
v -0.198429 0.708719 0.677010
v -0.159180 0.707531 0.688521
v -0.119862 0.705174 0.698830
v -0.080674 0.701681 0.707909
v -0.041804 0.697104 0.715750
v -0.003433 0.691507 0.722362
v 0.034275 0.684965 0.727769
v 0.071173 0.677562 0.732013
v 0.107133 0.669389 0.735147
v 0.142048 0.660539 0.737232
v 0.175833 0.651105 0.738339
v 0.208420 0.641181 0.738545
v 0.239763 0.630856 0.737926
v -0.595028 0.623833 0.506728
v -0.567957 0.633106 0.525930
v -0.539400 0.641861 0.545034
v -0.509374 0.650011 0.563936
v -0.477919 0.657466 0.582522
v -0.445094 0.664138 0.600676
v -0.410981 0.669946 0.618277
v -0.375686 0.674813 0.635207
v -0.339334 0.678672 0.651350
v -0.302074 0.681470 0.666596
v -0.264071 0.683165 0.680847
v -0.225503 0.683733 0.694015
v -0.186561 0.683165 0.706031
v -0.147440 0.681470 0.716841
v -0.108334 0.678672 0.726407
v -0.069437 0.674813 0.734715
v -0.030932 0.669946 0.741765
v 0.007012 0.664139 0.747576
v 0.044239 0.657466 0.752184
v 0.080611 0.650011 0.755637
v 0.116012 0.641862 0.757994
v 0.150345 0.633106 0.759324
v 0.183532 0.623834 0.759702
v 0.215516 0.614132 0.759207
v 0.246259 0.604083 0.757919
v -0.612630 0.596476 0.518557
v -0.586466 0.605530 0.537951
v -0.558828 0.614129 0.557276
v -0.529724 0.622190 0.576431
v -0.499183 0.629628 0.595303
v -0.467252 0.636359 0.613777
v -0.434001 0.642305 0.631734
v -0.399521 0.647389 0.649054
v -0.363928 0.651544 0.665618
v -0.327355 0.654713 0.681314
v -0.289956 0.656852 0.696040
v -0.251900 0.657929 0.709701
v -0.213368 0.657929 0.722221
v -0.174550 0.656852 0.733538
v -0.135639 0.654713 0.743608
v -0.096825 0.651544 0.752407
v -0.058293 0.647389 0.759928
v -0.020218 0.642305 0.766182
v 0.017237 0.636360 0.771200
v 0.053929 0.629628 0.775023
v 0.089730 0.622190 0.777707
v 0.124534 0.614129 0.779318
v 0.158253 0.605530 0.779929
v 0.190820 0.596476 0.779618
v 0.222184 0.587048 0.778466
v 0.252314 0.577322 0.776555
v -0.629059 0.569159 0.529474
v -0.603790 0.577946 0.549014
v -0.577066 0.586334 0.568513
v -0.548887 0.594247 0.587872
v -0.519272 0.601605 0.606982
v -0.488258 0.608330 0.625730
v -0.455902 0.614344 0.643998
v -0.422285 0.619575 0.661666
v -0.387506 0.623956 0.678615
v -0.351688 0.627428 0.694730
v -0.314971 0.629944 0.709904
v -0.277514 0.631468 0.724040
v -0.239488 0.631978 0.737054
v -0.201075 0.631468 0.748877
v -0.162463 0.629944 0.759458
v -0.123839 0.627428 0.768764
v -0.085389 0.623956 0.776780
v -0.047291 0.619575 0.783511
v -0.009708 0.614345 0.788978
v 0.027205 0.608330 0.793218
v 0.063316 0.601606 0.796280
v 0.098508 0.594247 0.798227
v 0.132684 0.586334 0.799129
v 0.165766 0.577946 0.799062
v 0.197694 0.569160 0.798107
v 0.228426 0.560049 0.796346
v 0.257937 0.550685 0.793860
v -0.644337 0.542000 0.539505
v -0.619945 0.550478 0.559144
v -0.594122 0.558609 0.578770
v -0.566863 0.566323 0.598284
v -0.538178 0.573546 0.617584
v -0.508093 0.580203 0.636558
v -0.476655 0.586223 0.655090
v -0.443932 0.591534 0.673061
v -0.410012 0.596072 0.690353
v -0.375004 0.599779 0.706850
v -0.339036 0.602605 0.722441
v -0.302255 0.604511 0.737026
v -0.264820 0.605471 0.750516
v -0.226906 0.605471 0.762836
v -0.188692 0.604511 0.773926
v -0.150362 0.602605 0.783746
v -0.112099 0.599779 0.792274
v -0.074081 0.596072 0.799506
v -0.036475 0.591534 0.805454
v 0.000561 0.586223 0.810150
v 0.036888 0.580203 0.813636
v 0.072379 0.573546 0.815970
v 0.106931 0.566323 0.817217
v 0.140454 0.558610 0.817452
v 0.172880 0.550478 0.816753
v 0.204158 0.542000 0.815203
v 0.234251 0.533244 0.812882
v 0.263139 0.524273 0.809874
v -0.658496 0.515103 0.548682
v -0.634956 0.523239 0.568376
v -0.610017 0.531074 0.588081
v -0.583665 0.538545 0.607704
v -0.555904 0.545583 0.627145
v -0.526751 0.552119 0.646295
v -0.496244 0.558087 0.665042
v -0.464438 0.563418 0.683270
v -0.431410 0.568050 0.700860
v -0.397256 0.571926 0.717696
v -0.362092 0.574996 0.733668
v -0.326051 0.577220 0.748671
v -0.289283 0.578567 0.762611
v -0.251950 0.579018 0.775409
v -0.214225 0.578567 0.786999
v -0.176285 0.577220 0.797333
v -0.138309 0.574997 0.806380
v -0.100473 0.571926 0.814129
v -0.062946 0.568050 0.820583
v -0.025886 0.563418 0.825766
v 0.010559 0.558087 0.829715
v 0.046259 0.552120 0.832481
v 0.081101 0.545583 0.834123
v 0.114987 0.538545 0.834714
v 0.147840 0.531075 0.834328
v 0.179598 0.523239 0.833046
v 0.210218 0.515103 0.830949
v 0.239669 0.506729 0.828121
v 0.267937 0.498175 0.824640
v -0.671575 0.488560 0.557043
v -0.648861 0.496327 0.576749
v -0.624781 0.503836 0.596488
v -0.599318 0.511027 0.616173
v -0.572468 0.517839 0.635707
v -0.544242 0.524209 0.654985
v -0.514668 0.530072 0.673899
v -0.483792 0.535368 0.692334
v -0.451677 0.540035 0.710176
v -0.418410 0.544020 0.727307
v -0.384092 0.547271 0.743618
v -0.348845 0.549749 0.759002
v -0.312807 0.551419 0.773362
v -0.276129 0.552260 0.786614
v -0.238975 0.552260 0.798686
v -0.201513 0.551419 0.809524
v -0.163917 0.549749 0.819089
v -0.126360 0.547271 0.827362
v -0.089009 0.544020 0.834338
v -0.052025 0.540035 0.840033
v -0.015557 0.535368 0.844476
v 0.020258 0.530073 0.847710
v 0.055302 0.524209 0.849792
v 0.089468 0.517839 0.850787
v 0.122672 0.511028 0.850766
v 0.154842 0.503836 0.849808
v 0.185926 0.496327 0.847992
v 0.215885 0.488560 0.845401
v 0.244696 0.480590 0.842115
v -0.683621 0.462449 0.564627
v -0.661701 0.469829 0.584305
v -0.638452 0.476987 0.604038
v -0.613855 0.483871 0.623740
v -0.587898 0.490423 0.643321
v -0.560587 0.496586 0.662680
v -0.531941 0.502302 0.681712
v -0.501996 0.507513 0.700307
v -0.470808 0.512163 0.718352
v -0.438448 0.516198 0.735732
v -0.405008 0.519572 0.752338
v -0.370598 0.522243 0.768062
v -0.335342 0.524176 0.782806
v -0.299382 0.525346 0.796481
v -0.262869 0.525738 0.809012
v -0.225964 0.525346 0.820336
v -0.188833 0.524176 0.830410
v -0.151645 0.522243 0.839206
v -0.114564 0.519573 0.846711
v -0.077750 0.516199 0.852933
v -0.041354 0.512163 0.857892
v -0.005516 0.507513 0.861626
v 0.029639 0.502302 0.864184
v 0.064001 0.496586 0.865625
v 0.097476 0.490423 0.866016
v 0.129984 0.483871 0.865432
v 0.161465 0.476988 0.863951
v 0.191872 0.469829 0.861653
v 0.221172 0.462449 0.858617
v 0.249346 0.454897 0.854924
v 0.037856 0.998905 0.027504
v 0.047568 0.997301 0.055919
v 0.057553 0.994699 0.085213
v 0.067793 0.991010 0.115336
v 0.078262 0.986150 0.146228
v 0.088935 0.980037 0.177812
v 0.099776 0.972597 0.210000
v 0.110749 0.963763 0.242684
v 0.121810 0.953481 0.275747
v 0.132914 0.941710 0.309057
v 0.144010 0.928426 0.342471
v 0.155047 0.913622 0.375838
v 0.165971 0.897313 0.409001
v 0.176729 0.879533 0.441801
v 0.187268 0.860336 0.474081
v 0.197537 0.839798 0.505686
v 0.207489 0.818012 0.536474
v 0.217083 0.795089 0.566311
v 0.226281 0.771154 0.595079
v 0.235053 0.746340 0.622677
v 0.243373 0.720790 0.649023
v 0.251225 0.694650 0.674053
v 0.258597 0.668066 0.697722
v 0.265484 0.641181 0.720004
v 0.271887 0.614132 0.740891
v 0.277813 0.587048 0.760391
v 0.283272 0.560049 0.778525
v 0.288279 0.533244 0.795327
v 0.292853 0.506729 0.810841
v 0.297012 0.480589 0.825117
v 0.067882 0.997301 0.027960
v 0.078239 0.995313 0.056844
v 0.098828 0.994699 0.028404
v 0.088855 0.992272 0.086612
v 0.109831 0.992272 0.057741
v 0.130641 0.991010 0.028834
v 0.099707 0.988089 0.117212
v 0.121077 0.988738 0.087967
v 0.142287 0.988089 0.058606
v 0.163257 0.986150 0.029246
v 0.110764 0.982678 0.148576
v 0.132533 0.984007 0.119022
v 0.154152 0.984006 0.089266
v 0.175534 0.982678 0.059431
v 0.196594 0.980037 0.029635
v 0.121993 0.975958 0.180622
v 0.144165 0.977991 0.150832
v 0.166198 0.978672 0.120749
v 0.188000 0.977991 0.090499
v 0.209481 0.975957 0.060207
v 0.230556 0.972596 0.030000
v 0.133353 0.967854 0.213250
v 0.155930 0.970610 0.183306
v 0.178381 0.971998 0.152974
v 0.200610 0.971997 0.122379
v 0.222521 0.970610 0.091653
v 0.244023 0.967853 0.060929
v 0.265032 0.963762 0.030336
v 0.144799 0.958304 0.246348
v 0.167781 0.961793 0.216340
v 0.190654 0.963906 0.185841
v 0.213314 0.964613 0.154981
v 0.235662 0.963905 0.123894
v 0.257600 0.961793 0.092717
v 0.279039 0.958303 0.061587
v 0.299895 0.953480 0.030639
v 0.156283 0.947256 0.279790
v 0.179668 0.951480 0.249811
v 0.202961 0.954328 0.219239
v 0.226056 0.955761 0.188201
v 0.248846 0.955761 0.156834
v 0.271228 0.954327 0.125279
v 0.293107 0.951479 0.093679
v 0.314392 0.947255 0.062175
v 0.335007 0.941709 0.030906
v 0.167752 0.934676 0.313433
v 0.191534 0.939625 0.283584
v 0.215245 0.943209 0.253036
v 0.238774 0.945379 0.221916
v 0.262008 0.946105 0.190360
v 0.284841 0.945378 0.158511
v 0.307167 0.943208 0.126518
v 0.328894 0.939624 0.094528
v 0.349934 0.934675 0.062687
v 0.370214 0.928424 0.031134
v 0.179150 0.920547 0.347129
v 0.203320 0.926201 0.317511
v 0.227442 0.930511 0.287089
v 0.251401 0.933417 0.255988
v 0.275081 0.934881 0.224340
v 0.298366 0.934881 0.192292
v 0.321147 0.933417 0.159992
v 0.343323 0.930510 0.127595
v 0.364802 0.926200 0.095253
v 0.385503 0.920545 0.063114
v 0.405359 0.913621 0.031320
v 0.190420 0.904872 0.380720
v 0.214965 0.911200 0.351434
v 0.239488 0.916214 0.321243
v 0.263870 0.919847 0.290266
v 0.287990 0.922047 0.258631
v 0.311728 0.922784 0.226483
v 0.334968 0.922047 0.193973
v 0.357601 0.919846 0.161259
v 0.379529 0.916213 0.128497
v 0.400664 0.911198 0.095846
v 0.420932 0.904870 0.063453
v 0.440275 0.897312 0.031462
v 0.201505 0.887674 0.414042
v 0.226407 0.894634 0.385189
v 0.251316 0.900321 0.355334
v 0.276110 0.904658 0.324587
v 0.300663 0.907584 0.293074
v 0.324849 0.909058 0.260933
v 0.348547 0.909058 0.228317
v 0.371641 0.907584 0.195383
v 0.394026 0.904657 0.162294
v 0.415606 0.900320 0.129212
v 0.436303 0.894632 0.096297
v 0.456049 0.887672 0.063699
v 0.474794 0.879531 0.031557
v 0.212348 0.869000 0.446931
v 0.237586 0.876539 0.418608
v 0.262862 0.882855 0.389192
v 0.288051 0.887863 0.358783
v 0.313023 0.891493 0.327500
v 0.337649 0.893693 0.295477
v 0.361800 0.894429 0.262863
v 0.385356 0.893692 0.229816
v 0.408202 0.891492 0.196500
v 0.430238 0.887862 0.163083
v 0.451375 0.882854 0.129731
v 0.471541 0.876537 0.096602
v 0.490680 0.868998 0.063847
v 0.508751 0.860334 0.031605
v 0.222894 0.848916 0.479228
v 0.248442 0.856972 0.451525
v 0.274061 0.863864 0.422645
v 0.299624 0.869499 0.392679
v 0.324999 0.873798 0.361735
v 0.350050 0.876700 0.329942
v 0.374646 0.878162 0.297443
v 0.398658 0.878161 0.264394
v 0.421966 0.876700 0.230960
v 0.444462 0.873797 0.197310
v 0.466051 0.869498 0.163616
v 0.486652 0.863863 0.130045
v 0.506202 0.856970 0.096755
v 0.524655 0.848914 0.063897
v 0.541983 0.839795 0.031605
v 0.233093 0.827510 0.510779
v 0.258921 0.836014 0.483777
v 0.284855 0.843419 0.455524
v 0.310765 0.849626 0.426100
v 0.336518 0.854549 0.395602
v 0.361976 0.858119 0.364150
v 0.387002 0.860282 0.331880
v 0.411461 0.861007 0.298944
v 0.435228 0.860282 0.265504
v 0.458185 0.858118 0.231732
v 0.480232 0.854548 0.197801
v 0.501279 0.849624 0.163885
v 0.521257 0.843417 0.130150
v 0.540113 0.836012 0.096755
v 0.557813 0.827507 0.063847
v 0.574339 0.818009 0.031557
v 0.242899 0.804887 0.541440
v 0.268973 0.813764 0.515211
v 0.295188 0.821611 0.487668
v 0.321415 0.828326 0.458877
v 0.347519 0.833819 0.428926
v 0.373358 0.838011 0.397922
v 0.398793 0.840840 0.365993
v 0.423684 0.842266 0.333286
v 0.447899 0.842266 0.299957
v 0.471315 0.840840 0.266177
v 0.493822 0.838010 0.232121
v 0.515323 0.833817 0.197966
v 0.535743 0.828324 0.163885
v 0.555021 0.821608 0.130045
v 0.573115 0.813761 0.096602
v 0.590004 0.804884 0.063699
v 0.605680 0.795086 0.031462
v 0.252272 0.781169 0.571081
v 0.278555 0.790338 0.545685
v 0.305014 0.798552 0.518924
v 0.331521 0.805705 0.490849
v 0.357941 0.811703 0.461536
v 0.384133 0.816462 0.431082
v 0.409951 0.819913 0.399604
v 0.435253 0.822004 0.367238
v 0.459901 0.822705 0.334137
v 0.483765 0.822004 0.300468
v 0.506729 0.819912 0.266403
v 0.528688 0.816461 0.232121
v 0.549559 0.811702 0.197801
v 0.569273 0.805703 0.163616
v 0.587783 0.798549 0.129731
v 0.605059 0.790336 0.096297
v 0.621090 0.781166 0.063453
v 0.635883 0.771150 0.031320
v 0.261178 0.756491 0.599589
v 0.287629 0.765871 0.575075
v 0.314291 0.774371 0.549155
v 0.341039 0.781886 0.521868
v 0.367738 0.788319 0.493276
v 0.394245 0.793581 0.463465
v 0.420415 0.797598 0.432538
v 0.446100 0.800309 0.400624
v 0.471160 0.801676 0.367865
v 0.495457 0.801675 0.334423
v 0.518869 0.800309 0.300468
v 0.541285 0.797597 0.266177
v 0.562611 0.793580 0.231732
v 0.582773 0.788317 0.197311
v 0.601715 0.781884 0.163084
v 0.619401 0.774368 0.129213
v 0.635815 0.765868 0.095846
v 0.650955 0.756488 0.063115
v 0.664841 0.746336 0.031134
v 0.269592 0.730996 0.626869
v 0.296168 0.740504 0.603272
v 0.322990 0.749210 0.578240
v 0.349935 0.757008 0.551800
v 0.376869 0.763801 0.524002
v 0.403652 0.769496 0.494915
v 0.430135 0.774015 0.464633
v 0.456172 0.777292 0.433272
v 0.481614 0.779278 0.400965
v 0.506323 0.779944 0.367865
v 0.530168 0.779278 0.334138
v 0.553032 0.777291 0.299957
v 0.574813 0.774014 0.265505
v 0.595429 0.769495 0.230960
v 0.614816 0.763799 0.196501
v 0.632932 0.757006 0.162294
v 0.649751 0.749207 0.128498
v 0.665270 0.740501 0.095254
v 0.679500 0.730992 0.062687
v 0.692468 0.720786 0.030906
v 0.277495 0.704833 0.652846
v 0.304151 0.714391 0.630189
v 0.331087 0.723221 0.606080
v 0.358182 0.731222 0.580534
v 0.385307 0.738296 0.553586
v 0.412320 0.744350 0.525295
v 0.439075 0.749303 0.495740
v 0.465423 0.753082 0.465025
v 0.491216 0.755634 0.433272
v 0.516308 0.756919 0.400624
v 0.540564 0.756919 0.367239
v 0.563861 0.755633 0.333286
v 0.586090 0.753081 0.298945
v 0.607160 0.749301 0.264395
v 0.627000 0.744349 0.229816
v 0.645560 0.738294 0.195383
v 0.662807 0.731220 0.161259
v 0.678730 0.723218 0.127596
v 0.693336 0.714387 0.094528
v 0.706647 0.704829 0.062176
v 0.718699 0.694646 0.030639
v 0.284874 0.678153 0.677463
v 0.311566 0.687684 0.655757
v 0.338569 0.696561 0.632593
v 0.365767 0.704686 0.607974
v 0.393032 0.711963 0.581923
v 0.420228 0.718300 0.554485
v 0.447209 0.723612 0.525728
v 0.473826 0.727826 0.495741
v 0.499928 0.730881 0.464634
v 0.525369 0.732733 0.432539
v 0.550008 0.733353 0.399605
v 0.573717 0.732733 0.365994
v 0.596380 0.730880 0.331881
v 0.617898 0.727825 0.297444
v 0.638194 0.723610 0.262864
v 0.657206 0.718298 0.228317
v 0.674897 0.711961 0.193974
v 0.691248 0.704684 0.159993
v 0.706258 0.696558 0.126519
v 0.719944 0.687680 0.093680
v 0.732339 0.678149 0.061587
v 0.743487 0.668062 0.030336
v 0.291727 0.651105 0.700684
v 0.318408 0.660539 0.679930
v 0.345430 0.669389 0.657720
v 0.372682 0.677562 0.634049
v 0.400038 0.684965 0.608927
v 0.427367 0.691507 0.582388
v 0.454524 0.697104 0.554486
v 0.481362 0.701681 0.525295
v 0.507730 0.705173 0.494916
v 0.533479 0.707530 0.463466
v 0.558468 0.708718 0.431083
v 0.582560 0.708718 0.397923
v 0.605636 0.707530 0.364151
v 0.627590 0.705172 0.329944
v 0.648335 0.701679 0.295479
v 0.667804 0.697102 0.260934
v 0.685949 0.691505 0.226484
v 0.702745 0.684962 0.192293
v 0.718183 0.677559 0.158512
v 0.732276 0.669386 0.125280
v 0.745048 0.660535 0.092718
v 0.756541 0.651101 0.060929
v 0.766807 0.641177 0.030000
v 0.298054 0.623834 0.722492
v 0.324681 0.633106 0.702680
v 0.351676 0.641861 0.681424
v 0.378931 0.650011 0.658709
v 0.406328 0.657466 0.634537
v 0.433737 0.664138 0.608928
v 0.461018 0.669946 0.581923
v 0.488027 0.674812 0.553587
v 0.514613 0.678671 0.524003
v 0.540627 0.681469 0.493278
v 0.565924 0.683164 0.461538
v 0.590366 0.683732 0.428927
v 0.613828 0.683164 0.395604
v 0.636198 0.681468 0.361737
v 0.657381 0.678670 0.327502
v 0.677302 0.674811 0.293075
v 0.695906 0.669944 0.258633
v 0.713158 0.664136 0.224342
v 0.729044 0.657463 0.190361
v 0.743567 0.650008 0.156835
v 0.756748 0.641858 0.123895
v 0.768623 0.633102 0.091654
v 0.779238 0.623830 0.060208
v 0.788650 0.614127 0.029636
v 0.303864 0.596476 0.742888
v 0.330394 0.605530 0.723998
v 0.357315 0.614129 0.703684
v 0.384526 0.622189 0.681924
v 0.411912 0.629627 0.658709
v 0.439350 0.636359 0.634050
v 0.466703 0.642304 0.607975
v 0.493830 0.647388 0.580535
v 0.520583 0.651543 0.551802
v 0.546813 0.654712 0.521869
v 0.572374 0.656851 0.490851
v 0.597127 0.657928 0.458879
v 0.620942 0.657928 0.426102
v 0.643700 0.656850 0.392681
v 0.665302 0.654711 0.358785
v 0.685664 0.651542 0.324589
v 0.704724 0.647386 0.290267
v 0.722438 0.642302 0.255989
v 0.738785 0.636357 0.221917
v 0.753759 0.629625 0.188203
v 0.767375 0.622186 0.154983
v 0.779662 0.614125 0.122380
v 0.790663 0.605526 0.090500
v 0.800430 0.596472 0.059431
v 0.809027 0.587044 0.029246
v 0.309171 0.569159 0.761886
v 0.335562 0.577946 0.743893
v 0.362366 0.586334 0.724502
v 0.389485 0.594247 0.703685
v 0.416812 0.601605 0.681424
v 0.444227 0.608330 0.657722
v 0.471599 0.614344 0.632595
v 0.498791 0.619575 0.606082
v 0.525658 0.623955 0.578242
v 0.552053 0.627427 0.549157
v 0.577830 0.629943 0.518926
v 0.602850 0.631467 0.487670
v 0.626977 0.631977 0.455527
v 0.650092 0.631466 0.422648
v 0.672087 0.629942 0.389195
v 0.692873 0.627426 0.355337
v 0.712378 0.623954 0.321246
v 0.730553 0.619573 0.287091
v 0.747366 0.614342 0.253038
v 0.762805 0.608327 0.219241
v 0.776876 0.601602 0.185843
v 0.789603 0.594244 0.152975
v 0.801022 0.586331 0.120750
v 0.811181 0.577942 0.089267
v 0.820139 0.569155 0.058607
v 0.827960 0.560045 0.028834
v 0.313990 0.542000 0.779517
v 0.340205 0.550478 0.762387
v 0.366850 0.558609 0.743893
v 0.393833 0.566323 0.723999
v 0.421053 0.573545 0.702681
v 0.448395 0.580203 0.679932
v 0.475735 0.586222 0.655759
v 0.502939 0.591533 0.630191
v 0.529866 0.596072 0.603275
v 0.556374 0.599778 0.575078
v 0.582317 0.602604 0.545688
v 0.607554 0.604510 0.515213
v 0.631952 0.605470 0.483780
v 0.655385 0.605470 0.451528
v 0.677741 0.604510 0.418611
v 0.698925 0.602603 0.385191
v 0.718860 0.599777 0.351436
v 0.737486 0.596070 0.317513
v 0.754764 0.591532 0.283586
v 0.770675 0.586220 0.249813
v 0.785216 0.580200 0.216342
v 0.798403 0.573542 0.183308
v 0.810266 0.566320 0.150833
v 0.820849 0.558606 0.119023
v 0.830205 0.550474 0.087968
v 0.838395 0.541996 0.057742
v 0.845487 0.533240 0.028405
v 0.318342 0.515103 0.795818
v 0.344347 0.523239 0.779517
v 0.370794 0.531074 0.761887
v 0.397599 0.538545 0.742889
v 0.424667 0.545583 0.722494
v 0.451890 0.552119 0.700686
v 0.479147 0.558086 0.677465
v 0.506311 0.563417 0.652848
v 0.533246 0.568049 0.626872
v 0.559813 0.571925 0.599592
v 0.585869 0.574996 0.571084
v 0.611275 0.577219 0.541443
v 0.635896 0.578565 0.510782
v 0.659604 0.579016 0.479232
v 0.682284 0.578565 0.446935
v 0.703837 0.577218 0.414045
v 0.724176 0.574995 0.380723
v 0.743237 0.571924 0.347132
v 0.760973 0.568048 0.313436
v 0.777354 0.563415 0.279792
v 0.792372 0.558084 0.246351
v 0.806034 0.552117 0.213252
v 0.818363 0.545580 0.180623
v 0.829396 0.538542 0.148578
v 0.839181 0.531071 0.117213
v 0.847775 0.523235 0.086613
v 0.855244 0.515099 0.056844
v 0.861654 0.506725 0.027960
v 0.322252 0.488560 0.810841
v 0.348012 0.496327 0.795328
v 0.374227 0.503836 0.778526
v 0.400817 0.511027 0.760393
v 0.427692 0.517839 0.740893
v 0.454749 0.524208 0.720006
v 0.481876 0.530072 0.697724
v 0.508951 0.535367 0.674056
v 0.535843 0.540035 0.649026
v 0.562417 0.544019 0.622681
v 0.588534 0.547270 0.595082
v 0.614057 0.549748 0.566314
v 0.638851 0.551418 0.536478
v 0.662788 0.552258 0.505690
v 0.685751 0.552258 0.474084
v 0.707635 0.551417 0.441805
v 0.728350 0.549747 0.409005
v 0.747823 0.547269 0.375841
v 0.766000 0.544017 0.342474
v 0.782845 0.540033 0.309060
v 0.798340 0.535365 0.275750
v 0.812484 0.530070 0.242687
v 0.825292 0.524206 0.210002
v 0.836796 0.517836 0.177814
v 0.847037 0.511024 0.146229
v 0.856067 0.503833 0.115337
v 0.863945 0.496323 0.085214
v 0.870739 0.488556 0.055920
v 0.876517 0.480585 0.027504
v 0.325743 0.462449 0.824641
v 0.351232 0.469829 0.809874
v 0.377183 0.476988 0.793861
v 0.403523 0.483871 0.776556
v 0.430166 0.490423 0.757920
v 0.457018 0.496586 0.737927
v 0.483971 0.502302 0.716565
v 0.510910 0.507513 0.693832
v 0.537709 0.512162 0.669745
v 0.564239 0.516198 0.644340
v 0.590366 0.519572 0.617668
v 0.615954 0.522242 0.589800
v 0.640871 0.524175 0.560826
v 0.664989 0.525345 0.530851
v 0.688189 0.525736 0.499997
v 0.710364 0.525344 0.468398
v 0.731419 0.524174 0.436197
v 0.751275 0.522241 0.403547
v 0.769872 0.519570 0.370600
v 0.787165 0.516196 0.337510
v 0.803129 0.512160 0.304428
v 0.817755 0.507510 0.271498
v 0.831051 0.502299 0.238853
v 0.843039 0.496583 0.206618
v 0.853755 0.490419 0.174903
v 0.863245 0.483867 0.143806
v 0.871565 0.476984 0.113408
v 0.878775 0.469825 0.083779
v 0.884942 0.462445 0.054976
v 0.890135 0.454893 0.027039
v 0.904351 0.426462 -0.016711
v 0.913845 0.404639 -0.033976
v 0.899913 0.433793 -0.044502
v 0.922821 0.381733 -0.051778
v 0.909223 0.411588 -0.062520
v 0.931188 0.357738 -0.070089
v 0.917975 0.388265 -0.081068
v 0.938850 0.332659 -0.088876
v 0.926073 0.363821 -0.100115
v 0.945709 0.306512 -0.108095
v 0.933418 0.338263 -0.119619
v 0.951667 0.279328 -0.127696
v 0.939910 0.311611 -0.139529
v 0.956626 0.251149 -0.147618
v 0.945447 0.283900 -0.159786
v 0.960492 0.222036 -0.167794
v 0.949931 0.255178 -0.180322
v 0.963179 0.192060 -0.188146
v 0.953268 0.225512 -0.201059
v 0.964608 0.161311 -0.208591
v 0.955373 0.194981 -0.221913
v 0.964711 0.129893 -0.229041
v 0.956169 0.163683 -0.242792
v 0.963436 0.097920 -0.249404
v 0.955595 0.131729 -0.263600
v 0.960746 0.065522 -0.269583
v 0.953604 0.099244 -0.284237
v 0.956620 0.032834 -0.289483
v 0.950164 0.066364 -0.304605
v 0.951058 0.000000 -0.309013
v 0.945267 0.033233 -0.324602
v 0.944079 -0.032834 -0.328081
v 0.938920 0.000000 -0.344136
v 0.931153 -0.033182 -0.363115
v 0.894523 0.440987 -0.073200
v 0.903599 0.418390 -0.091975
v 0.888108 0.447998 -0.102768
v 0.912073 0.394641 -0.111271
v 0.896895 0.424998 -0.122298
v 0.880595 0.454776 -0.133157
v 0.919847 0.369740 -0.131047
v 0.905035 0.400814 -0.142333
v 0.889036 0.431363 -0.153433
v 0.871916 0.461268 -0.164303
v 0.926820 0.343696 -0.151256
v 0.912429 0.375448 -0.162826
v 0.896785 0.406735 -0.174191
v 0.879952 0.437431 -0.185307
v 0.862007 0.467416 -0.196129
v 0.932887 0.316534 -0.171837
v 0.918971 0.348913 -0.183718
v 0.903740 0.380897 -0.195377
v 0.887251 0.412352 -0.206763
v 0.869580 0.443148 -0.217832
v 0.850813 0.473166 -0.228541
v 0.937947 0.288294 -0.192724
v 0.924556 0.321239 -0.204943
v 0.909793 0.353868 -0.216922
v 0.893708 0.386038 -0.228608
v 0.876370 0.417611 -0.239952
v 0.857865 0.448457 -0.250907
v 0.838290 0.478459 -0.261433
v 0.941900 0.259031 -0.213838
v 0.929082 0.292471 -0.226422
v 0.914839 0.325682 -0.238751
v 0.899214 0.358513 -0.250766
v 0.882270 0.390818 -0.262413
v 0.864088 0.422458 -0.273643
v 0.844763 0.453304 -0.284412
v 0.824404 0.483239 -0.294684
v 0.944655 0.228817 -0.235094
v 0.932451 0.262672 -0.248070
v 0.918776 0.296390 -0.260776
v 0.903665 0.329817 -0.273149
v 0.887174 0.362799 -0.285130
v 0.869377 0.395187 -0.296666
v 0.850366 0.426842 -0.307708
v 0.830246 0.457635 -0.318217
v 0.809137 0.487452 -0.328159
v 0.946128 0.197742 -0.256398
v 0.934572 0.231920 -0.269792
v 0.921508 0.266063 -0.282903
v 0.906961 0.300009 -0.295663
v 0.890978 0.333600 -0.308009
v 0.873626 0.366678 -0.319882
v 0.854992 0.399094 -0.331229
v 0.835178 0.430709 -0.342006
v 0.814300 0.461397 -0.352177
v 0.792486 0.491049 -0.361714
v 0.946247 0.165909 -0.277652
v 0.935367 0.200314 -0.291485
v 0.922949 0.234787 -0.305026
v 0.909009 0.269167 -0.318201
v 0.893585 0.303287 -0.330942
v 0.876736 0.336986 -0.343184
v 0.858540 0.370104 -0.354869
v 0.839096 0.402492 -0.365948
v 0.818516 0.434014 -0.376381
v 0.796928 0.464546 -0.386137
v 0.774468 0.493984 -0.395196
v 0.944956 0.133440 -0.298750
v 0.934768 0.167967 -0.313043
v 0.923023 0.202669 -0.327037
v 0.909727 0.237385 -0.340653
v 0.894907 0.271946 -0.353816
v 0.878612 0.306184 -0.366458
v 0.860914 0.339933 -0.378514
v 0.841903 0.373034 -0.389930
v 0.821689 0.405338 -0.400660
v 0.800394 0.436713 -0.410671
v 0.778156 0.467040 -0.419937
v 0.755115 0.496220 -0.428447
v 0.942215 0.100467 -0.319590
v 0.932727 0.135007 -0.334356
v 0.921673 0.169831 -0.348821
v 0.909049 0.204779 -0.362900
v 0.894869 0.239682 -0.376512
v 0.879175 0.274367 -0.389582
v 0.862027 0.308663 -0.402041
v 0.843509 0.342402 -0.413828
v 0.823724 0.375428 -0.424892
v 0.802791 0.407594 -0.435193
v 0.780844 0.438771 -0.444705
v 0.758025 0.468846 -0.453411
v 0.734481 0.497728 -0.461306
v 0.938002 0.067134 -0.340065
v 0.929211 0.101575 -0.355315
v 0.918856 0.136410 -0.370264
v 0.906921 0.171479 -0.384823
v 0.893411 0.206617 -0.398906
v 0.878355 0.241647 -0.412431
v 0.861804 0.276396 -0.425322
v 0.843834 0.310690 -0.437512
v 0.824539 0.344361 -0.448945
v 0.804033 0.377255 -0.459576
v 0.782446 0.409229 -0.469371
v 0.759919 0.440159 -0.478313
v 0.736599 0.469940 -0.486393
v 0.712639 0.498488 -0.493616
v 0.932318 0.033593 -0.360076
v 0.924210 0.067824 -0.375812
v 0.914551 0.102555 -0.391253
v 0.903313 0.137632 -0.406305
v 0.890490 0.172890 -0.420875
v 0.876101 0.208157 -0.434876
v 0.860187 0.243255 -0.448225
v 0.842811 0.278006 -0.460849
v 0.824062 0.312236 -0.472684
v 0.804045 0.345781 -0.483681
v 0.782885 0.378487 -0.493801
v 0.760718 0.410219 -0.503019
v 0.737693 0.440858 -0.511325
v 0.713961 0.470307 -0.518721
v 0.689676 0.498488 -0.525221
v 0.925181 0.000000 -0.379525
v 0.917734 0.033912 -0.395745
v 0.908757 0.068425 -0.411679
v 0.898212 0.103393 -0.427229
v 0.886086 0.138656 -0.442297
v 0.872383 0.174045 -0.456790
v 0.857134 0.209380 -0.470618
v 0.840393 0.244483 -0.483702
v 0.822237 0.279173 -0.495972
v 0.802765 0.313280 -0.507370
v 0.782093 0.346641 -0.517852
v 0.760355 0.379108 -0.527388
v 0.737693 0.410551 -0.535963
v 0.714260 0.440859 -0.543577
v 0.690211 0.469941 -0.550241
v 0.665697 0.497729 -0.555979
v 0.916632 -0.033489 -0.398326
v 0.909813 0.000000 -0.415019
v 0.901494 0.034185 -0.431439
v 0.891631 0.068929 -0.447486
v 0.880197 0.104079 -0.463056
v 0.867188 0.139469 -0.478051
v 0.852625 0.174926 -0.492374
v 0.836548 0.210267 -0.505940
v 0.819026 0.245311 -0.518670
v 0.800147 0.279881 -0.530501
v 0.780020 0.313806 -0.541382
v 0.758771 0.346929 -0.551277
v 0.736541 0.379108 -0.560165
v 0.713476 0.410219 -0.568042
v 0.689733 0.440160 -0.574916
v 0.665464 0.468847 -0.580810
v 0.640822 0.496221 -0.585757
v 0.900498 -0.033752 -0.433549
v 0.892805 0.000000 -0.450443
v 0.883600 0.034408 -0.466977
v 0.872846 0.069328 -0.483047
v 0.860530 0.104602 -0.498545
v 0.846660 0.140059 -0.513372
v 0.831268 0.175520 -0.527434
v 0.814409 0.210804 -0.540647
v 0.796163 0.245729 -0.552939
v 0.776630 0.280118 -0.564251
v 0.755927 0.313806 -0.574543
v 0.734189 0.346641 -0.583786
v 0.711559 0.378488 -0.591971
v 0.688190 0.409230 -0.599104
v 0.664236 0.438772 -0.605202
v 0.639849 0.467041 -0.610300
v 0.615179 0.493985 -0.614438
v 0.882753 -0.033966 -0.468608
v 0.874173 0.000000 -0.485615
v 0.864076 0.034578 -0.502172
v 0.852440 0.069618 -0.518169
v 0.839262 0.104955 -0.533501
v 0.824564 0.140416 -0.548068
v 0.808389 0.175820 -0.561777
v 0.790807 0.210984 -0.574551
v 0.771907 0.245729 -0.586324
v 0.751799 0.279881 -0.597047
v 0.730608 0.313281 -0.606685
v 0.708474 0.345781 -0.615223
v 0.685545 0.377255 -0.622661
v 0.661972 0.407595 -0.629015
v 0.637908 0.436714 -0.634313
v 0.613504 0.464548 -0.638598
v 0.588903 0.491050 -0.641921
v 0.863423 -0.034130 -0.503325
v 0.853952 0.000000 -0.520351
v 0.842974 0.034693 -0.536835
v 0.830476 0.069794 -0.552664
v 0.816470 0.105134 -0.567735
v 0.800990 0.140536 -0.581949
v 0.784092 0.175820 -0.595220
v 0.765856 0.210804 -0.607476
v 0.746381 0.245312 -0.618658
v 0.725786 0.279174 -0.628726
v 0.704202 0.312237 -0.637658
v 0.681771 0.344362 -0.645448
v 0.658643 0.375429 -0.652106
v 0.634968 0.405340 -0.657658
v 0.610897 0.434016 -0.662144
v 0.586574 0.461399 -0.665614
v 0.562135 0.487454 -0.668126
v 0.842557 -0.034240 -0.537518
v 0.832206 0.000000 -0.554467
v 0.820368 0.034751 -0.570780
v 0.807043 0.069852 -0.586347
v 0.792255 0.105134 -0.601064
v 0.776051 0.140417 -0.614839
v 0.758499 0.175521 -0.627592
v 0.739689 0.210267 -0.639256
v 0.719727 0.244483 -0.649785
v 0.698739 0.278007 -0.659147
v 0.676861 0.310691 -0.667331
v 0.654235 0.342404 -0.674342
v 0.631010 0.373035 -0.680200
v 0.607334 0.402494 -0.684941
v 0.583352 0.430711 -0.688613
v 0.559203 0.457637 -0.691274
v 0.535016 0.483241 -0.692990
v 0.820228 -0.034296 -0.571008
v 0.809019 0.000000 -0.587782
v 0.796356 0.034751 -0.603830
v 0.782251 0.069794 -0.619042
v 0.766740 0.104956 -0.633319
v 0.749882 0.140059 -0.646576
v 0.731755 0.174926 -0.658738
v 0.712457 0.209381 -0.669750
v 0.692103 0.243256 -0.679573
v 0.670820 0.276397 -0.688189
v 0.648748 0.308664 -0.695595
v 0.626028 0.339935 -0.701808
v 0.602806 0.370106 -0.706857
v 0.579226 0.399096 -0.710788
v 0.555426 0.426844 -0.713656
v 0.531539 0.453307 -0.715527
v 0.507684 0.478462 -0.716472
v 0.796530 -0.034296 -0.603625
v 0.784499 0.000000 -0.620130
v 0.771058 0.034693 -0.635819
v 0.756231 0.069618 -0.650590
v 0.740067 0.104602 -0.664349
v 0.722633 0.139470 -0.677015
v 0.704018 0.174045 -0.688525
v 0.684325 0.208158 -0.698834
v 0.663675 0.241649 -0.707913
v 0.642198 0.274368 -0.715754
v 0.620031 0.306186 -0.722366
v 0.597315 0.336988 -0.727773
v 0.574192 0.366680 -0.732017
v 0.550799 0.395189 -0.735150
v 0.527268 0.422461 -0.737235
v 0.503721 0.448460 -0.738342
v 0.480271 0.473169 -0.738547
v 0.771579 -0.034240 -0.635211
v 0.758774 0.000000 -0.651354
v 0.744613 0.034578 -0.666600
v 0.729133 0.069329 -0.680851
v 0.712393 0.104079 -0.694020
v 0.694469 0.138657 -0.706036
v 0.675457 0.172891 -0.716845
v 0.655465 0.206618 -0.726412
v 0.634618 0.239683 -0.734719
v 0.613044 0.271948 -0.741769
v 0.590880 0.303289 -0.747581
v 0.568263 0.333602 -0.752188
v 0.545328 0.362801 -0.755640
v 0.522207 0.390821 -0.757997
v 0.499021 0.417614 -0.759327
v 0.475885 0.443151 -0.759704
v 0.452903 0.467420 -0.759208
v 0.745508 -0.034130 -0.665622
v 0.731987 0.000000 -0.681319
v 0.717174 0.034408 -0.696044
v 0.701118 0.068929 -0.709706
v 0.683886 0.103394 -0.722226
v 0.665562 0.137633 -0.733543
v 0.646246 0.171480 -0.743613
v 0.626053 0.204780 -0.752411
v 0.605104 0.237387 -0.759932
v 0.583529 0.269169 -0.766187
v 0.561460 0.300012 -0.771204
v 0.539029 0.329820 -0.775027
v 0.516365 0.358516 -0.777710
v 0.493590 0.386041 -0.779321
v 0.470819 0.412355 -0.779931
v 0.448156 0.437434 -0.779620
v 0.425697 0.461271 -0.778467
v 0.718464 -0.033966 -0.694735
v 0.704293 0.000000 -0.709909
v 0.688905 0.034185 -0.724045
v 0.672355 0.068426 -0.737059
v 0.654720 0.102556 -0.748882
v 0.636088 0.136411 -0.759463
v 0.616564 0.169832 -0.768769
v 0.596263 0.202671 -0.776785
v 0.575306 0.234789 -0.783516
v 0.553820 0.266065 -0.788982
v 0.531931 0.296393 -0.793222
v 0.509767 0.325684 -0.796284
v 0.487446 0.353871 -0.798230
v 0.465085 0.380900 -0.799132
v 0.442787 0.406738 -0.799064
v 0.420649 0.431366 -0.798109
v 0.398756 0.454780 -0.796347
v 0.690603 -0.033752 -0.722446
v 0.675859 0.000000 -0.737031
v 0.659976 0.033913 -0.750521
v 0.643020 0.067825 -0.762841
v 0.625071 0.101576 -0.773931
v 0.606224 0.135008 -0.783751
v 0.586584 0.167968 -0.792279
v 0.566265 0.200316 -0.799511
v 0.545388 0.231922 -0.805459
v 0.524073 0.262674 -0.810154
v 0.502443 0.292474 -0.813640
v 0.480616 0.321242 -0.815973
v 0.458703 0.348916 -0.817220
v 0.436812 0.375451 -0.817455
v 0.415037 0.400818 -0.816755
v 0.393466 0.425002 -0.815204
v 0.372176 0.448002 -0.812883
v 0.662090 -0.033489 -0.748675
v 0.646851 0.000000 -0.762616
v 0.630559 0.033594 -0.775414
v 0.613284 0.067135 -0.787004
v 0.595112 0.100468 -0.797338
v 0.576139 0.133441 -0.806385
v 0.556471 0.165911 -0.814133
v 0.536221 0.197744 -0.820588
v 0.515504 0.228820 -0.825771
v 0.494436 0.259034 -0.829719
v 0.473133 0.288297 -0.832484
v 0.451705 0.316537 -0.834127
v 0.430255 0.343699 -0.834717
v 0.408880 0.369743 -0.834330
v 0.387669 0.394645 -0.833048
v 0.366698 0.418394 -0.830951
v 0.346037 0.440991 -0.828122
v 0.633090 -0.033182 -0.773367
v 0.617439 0.000000 -0.786619
v 0.600822 0.033233 -0.798691
v 0.583316 0.066365 -0.809529
v 0.565009 0.099245 -0.819095
v 0.545996 0.131730 -0.827367
v 0.526383 0.163685 -0.834343
v 0.506279 0.194983 -0.840037
v 0.485795 0.225514 -0.844480
v 0.465041 0.255181 -0.847714
v 0.444125 0.283903 -0.849796
v 0.423147 0.311614 -0.850790
v 0.402205 0.338266 -0.850768
v 0.381386 0.363825 -0.849810
v 0.360768 0.388269 -0.847994
v 0.340422 0.411592 -0.845402
v 0.320408 0.433797 -0.842116
v 0.603765 -0.032834 -0.796486
v 0.587786 0.000000 -0.809017
v 0.570931 0.032834 -0.820342
v 0.553278 0.065522 -0.830415
v 0.534918 0.097921 -0.839211
v 0.515946 0.129894 -0.846716
v 0.496464 0.161313 -0.852937
v 0.476577 0.192062 -0.857897
v 0.456390 0.222038 -0.861631
v 0.436007 0.251152 -0.864188
v 0.415527 0.279331 -0.865628
v 0.395044 0.306515 -0.866019
v 0.374645 0.332662 -0.865435
v 0.354409 0.357742 -0.863953
v 0.334408 0.381737 -0.861654
v 0.314703 0.404643 -0.858618
v 0.295348 0.426466 -0.854924
v 0.263562 0.426466 -0.865252
v 0.250075 0.404643 -0.879617
v 0.235760 0.433797 -0.869619
v 0.235919 0.381737 -0.893655
v 0.221500 0.411592 -0.884042
v 0.221089 0.357741 -0.907271
v 0.206564 0.388269 -0.898097
v 0.205589 0.332662 -0.920364
v 0.190952 0.363824 -0.911685
v 0.189430 0.306515 -0.932826
v 0.174672 0.338266 -0.924698
v 0.172630 0.279330 -0.944549
v 0.157743 0.311614 -0.937024
v 0.155215 0.251152 -0.955422
v 0.140188 0.283902 -0.948550
v 0.137222 0.222037 -0.965334
v 0.122043 0.255180 -0.959160
v 0.118697 0.192062 -0.974178
v 0.103352 0.225513 -0.968743
v 0.099693 0.161313 -0.981855
v 0.084170 0.194982 -0.977189
v 0.080276 0.129894 -0.988273
v 0.064559 0.163684 -0.984398
v 0.060516 0.097921 -0.993353
v 0.044592 0.131730 -0.990282
v 0.040494 0.065522 -0.997029
v 0.024349 0.099245 -0.994765
v 0.020292 0.032834 -0.999255
v 0.003916 0.066364 -0.997788
v 0.000000 0.000000 -1.000000
v -0.016616 0.033233 -0.999310
v -0.020292 -0.032834 -0.999255
v -0.037155 0.000000 -0.999310
v -0.057605 -0.033182 -0.997788
v 0.206801 0.440991 -0.873362
v 0.191749 0.418393 -0.887795
v 0.176697 0.448002 -0.876397
v 0.176016 0.394645 -0.901817
v 0.160837 0.425002 -0.890789
v 0.145474 0.454780 -0.878642
v 0.159610 0.369743 -0.915322
v 0.144299 0.400817 -0.904723
v 0.128798 0.431366 -0.892936
v 0.113169 0.461271 -0.880012
v 0.142545 0.343699 -0.928198
v 0.127094 0.375451 -0.918087
v 0.111450 0.406738 -0.906721
v 0.095677 0.437434 -0.894146
v 0.079839 0.467420 -0.880423
v 0.124846 0.316537 -0.940329
v 0.109246 0.348916 -0.930765
v 0.093451 0.380900 -0.919882
v 0.077526 0.412355 -0.907719
v 0.061538 0.443151 -0.894332
v 0.045554 0.473169 -0.879793
v 0.106545 0.288296 -0.951595
v 0.090786 0.321241 -0.942636
v 0.074831 0.353870 -0.932296
v 0.058746 0.386040 -0.920610
v 0.042600 0.417613 -0.907626
v 0.026462 0.448460 -0.893411
v 0.010402 0.478462 -0.878047
v 0.087685 0.259033 -0.961880
v 0.071756 0.292473 -0.953578
v 0.055630 0.325684 -0.943841
v 0.039374 0.358515 -0.932693
v 0.023061 0.390821 -0.920178
v 0.006762 0.422461 -0.906356
v -0.009452 0.453307 -0.891304
v -0.025513 0.483242 -0.875115
v 0.068321 0.228819 -0.971069
v 0.052209 0.262673 -0.963471
v 0.035899 0.296392 -0.954391
v 0.019462 0.329819 -0.943843
v 0.002971 0.362801 -0.931862
v -0.013500 0.395189 -0.918501
v -0.029877 0.426844 -0.903832
v -0.046088 0.457637 -0.887944
v -0.062067 0.487455 -0.870939
v 0.048515 0.197743 -0.979053
v 0.032206 0.231922 -0.972201
v 0.015700 0.266064 -0.963827
v -0.000931 0.300011 -0.953935
v -0.017612 0.333602 -0.942550
v -0.034266 0.366680 -0.929716
v -0.050816 0.399096 -0.915500
v -0.067189 0.430711 -0.899985
v -0.083314 0.461400 -0.883272
v -0.099125 0.491051 -0.865473
v 0.028339 0.165910 -0.985734
v 0.011820 0.200315 -0.979660
v -0.004896 0.234789 -0.972034
v -0.021734 0.269168 -0.962848
v -0.038617 0.303289 -0.952116
v -0.055467 0.336988 -0.939874
v -0.072203 0.370106 -0.926179
v -0.088749 0.402494 -0.911110
v -0.105030 0.434016 -0.894762
v -0.120980 0.464548 -0.877245
v -0.136536 0.493986 -0.858682
v 0.007874 0.133441 -0.991025
v -0.008868 0.167967 -0.985753
v -0.025806 0.202670 -0.978907
v -0.042864 0.237386 -0.970469
v -0.059963 0.271948 -0.960442
v -0.077022 0.306185 -0.948851
v -0.093957 0.339934 -0.935744
v -0.110689 0.373035 -0.921191
v -0.127141 0.405340 -0.905282
v -0.143242 0.436715 -0.888123
v -0.158927 0.467042 -0.869836
v -0.174140 0.496222 -0.850552
v -0.012792 0.100468 -0.994858
v -0.029769 0.135007 -0.990397
v -0.046941 0.169832 -0.984354
v -0.064232 0.204780 -0.976698
v -0.081560 0.239683 -0.967419
v -0.098841 0.274368 -0.956532
v -0.115989 0.308664 -0.944073
v -0.132921 0.342404 -0.930103
v -0.149557 0.375430 -0.914705
v -0.165823 0.407596 -0.897980
v -0.181651 0.438773 -0.880046
v -0.196983 0.468848 -0.861034
v -0.211767 0.497730 -0.841082
v -0.033567 0.067135 -0.997179
v -0.050788 0.101576 -0.993531
v -0.068205 0.136410 -0.988302
v -0.085740 0.171480 -0.981450
v -0.103309 0.206617 -0.972953
v -0.120824 0.241648 -0.962812
v -0.138199 0.276397 -0.951055
v -0.155345 0.310691 -0.937731
v -0.172181 0.344362 -0.922913
v -0.188628 0.377256 -0.906696
v -0.204615 0.409230 -0.889193
v -0.220080 0.440161 -0.870531
v -0.234971 0.469942 -0.850849
v -0.249245 0.498489 -0.830293
v -0.054355 0.033593 -0.997956
v -0.071827 0.067824 -0.995108
v -0.089497 0.102555 -0.990693
v -0.107285 0.137632 -0.984656
v -0.125104 0.172891 -0.976963
v -0.142866 0.208158 -0.967605
v -0.160480 0.243256 -0.956594
v -0.177855 0.278007 -0.943970
v -0.194906 0.312237 -0.929796
v -0.211550 0.345782 -0.914156
v -0.227713 0.378488 -0.897159
v -0.243329 0.410220 -0.878926
v -0.258344 0.440860 -0.859594
v -0.272712 0.470308 -0.839308
v -0.286399 0.498489 -0.818220
v -0.075057 0.000000 -0.997179
v -0.092785 0.033912 -0.995109
v -0.110713 0.068425 -0.991494
v -0.128760 0.103393 -0.986271
v -0.146839 0.138657 -0.979394
v -0.164856 0.174045 -0.970840
v -0.182720 0.209380 -0.960611
v -0.200337 0.244483 -0.948732
v -0.217617 0.279174 -0.935256
v -0.234474 0.313281 -0.920259
v -0.250831 0.346642 -0.903838
v -0.266618 0.379109 -0.886110
v -0.281776 0.410552 -0.867208
v -0.296259 0.440860 -0.847274
v -0.310028 0.469942 -0.826460
v -0.323061 0.497730 -0.804920
v -0.095580 -0.033489 -0.994858
v -0.113563 0.000000 -0.993531
v -0.131751 0.034185 -0.990693
v -0.150060 0.068929 -0.986271
v -0.168401 0.104079 -0.980209
v -0.186682 0.139470 -0.972470
v -0.204805 0.174926 -0.963045
v -0.222674 0.210267 -0.951947
v -0.240197 0.245311 -0.939217
v -0.257283 0.279881 -0.924917
v -0.273850 0.313807 -0.909138
v -0.289827 0.346930 -0.891987
v -0.305150 0.379109 -0.873590
v -0.319768 0.410220 -0.854089
v -0.333643 0.440161 -0.833631
v -0.346748 0.468848 -0.812371
v -0.359068 0.496222 -0.790464
v -0.134064 -0.033752 -0.990398
v -0.152509 0.000000 -0.988302
v -0.171079 0.034408 -0.984656
v -0.189685 0.069328 -0.979394
v -0.208230 0.104602 -0.972470
v -0.226618 0.140059 -0.963861
v -0.244748 0.175521 -0.953567
v -0.262524 0.210804 -0.941617
v -0.279852 0.245729 -0.928062
v -0.296648 0.280118 -0.912981
v -0.312833 0.313807 -0.896471
v -0.328341 0.346642 -0.878653
v -0.343119 0.378488 -0.859660
v -0.357124 0.409230 -0.839639
v -0.370326 0.438773 -0.818741
v -0.382710 0.467042 -0.797123
v -0.394269 0.493986 -0.774939
v -0.172891 -0.033967 -0.984355
v -0.191717 0.000000 -0.981450
v -0.210584 0.034578 -0.976964
v -0.229394 0.069618 -0.970841
v -0.248048 0.104955 -0.963046
v -0.266443 0.140416 -0.953568
v -0.284480 0.175820 -0.942422
v -0.302062 0.210984 -0.929647
v -0.319099 0.245729 -0.915310
v -0.335511 0.279881 -0.899499
v -0.351225 0.313281 -0.882324
v -0.366185 0.345782 -0.863912
v -0.380345 0.377256 -0.844403
v -0.393672 0.407596 -0.823947
v -0.406147 0.436715 -0.802698
v -0.417764 0.464548 -0.780813
v -0.428526 0.491051 -0.758442
v -0.211882 -0.034130 -0.976699
v -0.231001 0.000000 -0.972953
v -0.250070 0.034693 -0.967606
v -0.268988 0.069793 -0.960612
v -0.287649 0.105133 -0.951948
v -0.305951 0.140536 -0.941618
v -0.323794 0.175820 -0.929648
v -0.341085 0.210804 -0.916091
v -0.357738 0.245311 -0.901025
v -0.373678 0.279174 -0.884549
v -0.388842 0.312237 -0.866781
v -0.403182 0.344362 -0.847855
v -0.416662 0.375430 -0.827917
v -0.429258 0.405340 -0.807116
v -0.440963 0.434016 -0.785609
v -0.451779 0.461400 -0.763548
v -0.461720 0.487455 -0.741082
v -0.250849 -0.034241 -0.967421
v -0.270167 0.000000 -0.962814
v -0.289340 0.034750 -0.956595
v -0.308262 0.069852 -0.948733
v -0.326829 0.105133 -0.939218
v -0.344937 0.140416 -0.928063
v -0.362489 0.175521 -0.915311
v -0.379396 0.210267 -0.901025
v -0.395578 0.244483 -0.885294
v -0.410968 0.278007 -0.868227
v -0.425512 0.310691 -0.849948
v -0.439171 0.342404 -0.830595
v -0.451919 0.373035 -0.810317
v -0.463744 0.402494 -0.789265
v -0.474647 0.430712 -0.767592
v -0.484641 0.457637 -0.745447
v -0.493747 0.483241 -0.722974
v -0.289600 -0.034297 -0.956533
v -0.309017 0.000000 -0.951057
v -0.328192 0.034750 -0.943972
v -0.347018 0.069793 -0.935258
v -0.365390 0.104955 -0.924919
v -0.383207 0.140059 -0.912982
v -0.400375 0.174926 -0.899500
v -0.416812 0.209381 -0.884550
v -0.432444 0.243256 -0.868227
v -0.447215 0.276397 -0.850649
v -0.461080 0.308664 -0.831945
v -0.474009 0.339935 -0.812256
v -0.485987 0.370106 -0.791731
v -0.497012 0.399096 -0.770520
v -0.507094 0.426844 -0.748772
v -0.516255 0.453307 -0.726631
v -0.524525 0.478462 -0.704236
v -0.327943 -0.034297 -0.944075
v -0.347357 0.000000 -0.937733
v -0.366433 0.034693 -0.929798
v -0.385062 0.069618 -0.920261
v -0.403142 0.104602 -0.909139
v -0.420576 0.139470 -0.896473
v -0.437276 0.174045 -0.882325
v -0.453165 0.208158 -0.866782
v -0.468181 0.241648 -0.849948
v -0.482275 0.274368 -0.831945
v -0.495413 0.306186 -0.812906
v -0.507575 0.336988 -0.792973
v -0.518757 0.366680 -0.772293
v -0.528965 0.395189 -0.751014
v -0.538219 0.422461 -0.729278
v -0.546549 0.448460 -0.707225
v -0.553990 0.473169 -0.684986
v -0.365693 -0.034241 -0.930106
v -0.385003 0.000000 -0.922916
v -0.403879 0.034578 -0.914159
v -0.422216 0.069328 -0.903840
v -0.439913 0.104079 -0.891989
v -0.456880 0.138657 -0.878655
v -0.473035 0.172891 -0.863913
v -0.488311 0.206617 -0.847857
v -0.502655 0.239683 -0.830596
v -0.516026 0.271948 -0.812257
v -0.528402 0.303289 -0.792974
v -0.539773 0.333602 -0.772887
v -0.550143 0.362801 -0.752142
v -0.559530 0.390821 -0.730880
v -0.567959 0.417614 -0.709240
v -0.575467 0.443151 -0.687354
v -0.582098 0.467420 -0.665343
v -0.402672 -0.034130 -0.914708
v -0.421779 0.000000 -0.906699
v -0.440361 0.034408 -0.897161
v -0.458315 0.068929 -0.886113
v -0.475547 0.103393 -0.873593
v -0.491973 0.137632 -0.859663
v -0.507519 0.171480 -0.844405
v -0.522127 0.204780 -0.827918
v -0.535753 0.237386 -0.810319
v -0.548369 0.269168 -0.791732
v -0.559960 0.300011 -0.772294
v -0.570527 0.329819 -0.752142
v -0.580083 0.358515 -0.731417
v -0.588652 0.386041 -0.710254
v -0.596270 0.412355 -0.688786
v -0.602976 0.437434 -0.667136
v -0.608821 0.461271 -0.645420
v -0.438716 -0.033967 -0.897984
v -0.457527 0.000000 -0.889196
v -0.475726 0.034185 -0.878929
v -0.493217 0.068425 -0.867211
v -0.509911 0.102555 -0.854092
v -0.525732 0.136410 -0.839642
v -0.540615 0.169832 -0.823949
v -0.554513 0.202670 -0.807119
v -0.567390 0.234789 -0.789267
v -0.579229 0.266065 -0.770522
v -0.590024 0.296392 -0.751015
v -0.599786 0.325684 -0.730881
v -0.608534 0.353871 -0.710255
v -0.616302 0.380900 -0.689266
v -0.623128 0.406738 -0.668038
v -0.629060 0.431366 -0.646689
v -0.634150 0.454780 -0.625323
v -0.473680 -0.033752 -0.880050
v -0.492108 0.000000 -0.870534
v -0.509846 0.033912 -0.859597
v -0.526802 0.067825 -0.847278
v -0.542896 0.101576 -0.833634
v -0.558060 0.135007 -0.818744
v -0.572239 0.167968 -0.802701
v -0.585395 0.200316 -0.785612
v -0.597504 0.231922 -0.767594
v -0.608556 0.262674 -0.748774
v -0.618555 0.292474 -0.729280
v -0.627519 0.321242 -0.709241
v -0.635477 0.348916 -0.688787
v -0.642465 0.375451 -0.668039
v -0.648528 0.400817 -0.647114
v -0.653719 0.425002 -0.626119
v -0.658090 0.448002 -0.605154
v -0.507437 -0.033490 -0.861038
v -0.525404 0.000000 -0.850853
v -0.542610 0.033593 -0.839312
v -0.558972 0.067135 -0.826465
v -0.574415 0.100468 -0.812375
v -0.588882 0.133441 -0.797127
v -0.602329 0.165911 -0.780816
v -0.614725 0.197743 -0.763551
v -0.626056 0.228819 -0.745450
v -0.636322 0.259033 -0.726634
v -0.645534 0.288296 -0.707227
v -0.653718 0.316537 -0.687355
v -0.660908 0.343699 -0.667137
v -0.667145 0.369743 -0.646690
v -0.672480 0.394644 -0.626120
v -0.676966 0.418393 -0.605528
v -0.680660 0.440991 -0.585003
v -0.539881 -0.033182 -0.841087
v -0.557321 0.000000 -0.830297
v -0.573937 0.033233 -0.818225
v -0.589654 0.066364 -0.804925
v -0.604409 0.099245 -0.790469
v -0.618151 0.131730 -0.774943
v -0.630847 0.163684 -0.758446
v -0.642475 0.194983 -0.741086
v -0.653030 0.225513 -0.722977
v -0.662519 0.255180 -0.704238
v -0.670962 0.283902 -0.684988
v -0.678390 0.311614 -0.665345
v -0.684842 0.338266 -0.645421
v -0.690363 0.363824 -0.625324
v -0.695007 0.388269 -0.605155
v -0.698830 0.411592 -0.585004
v -0.701889 0.433796 -0.564954
v -0.570930 -0.032834 -0.820342
v -0.587785 0.000000 -0.809017
v -0.603765 0.032834 -0.796486
v -0.618800 0.065522 -0.782811
v -0.632839 0.097921 -0.768067
v -0.645839 0.129894 -0.752343
v -0.657776 0.161313 -0.735737
v -0.668638 0.192062 -0.718356
v -0.678428 0.222038 -0.700311
v -0.687159 0.251152 -0.681715
v -0.694857 0.279330 -0.662683
v -0.701558 0.306515 -0.643323
v -0.707306 0.332662 -0.623742
v -0.712150 0.357741 -0.604039
v -0.716145 0.381737 -0.584306
v -0.719346 0.404643 -0.564628
v -0.721814 0.426466 -0.545079
v -0.741459 0.426466 -0.518039
v -0.759289 0.404643 -0.509651
v -0.754204 0.433796 -0.492947
v -0.777015 0.381736 -0.500525
v -0.772327 0.411591 -0.483843
v -0.794547 0.357741 -0.490629
v -0.790310 0.388268 -0.473980
v -0.811788 0.332661 -0.479934
v -0.808057 0.363824 -0.463331
v -0.828635 0.306514 -0.468416
v -0.825464 0.338265 -0.451869
v -0.844976 0.279329 -0.456060
v -0.842419 0.311613 -0.439577
v -0.860698 0.251151 -0.442858
v -0.858805 0.283901 -0.426443
v -0.875685 0.222037 -0.428808
v -0.874504 0.255179 -0.412464
v -0.889821 0.192061 -0.413922
v -0.889393 0.225512 -0.397649
v -0.902994 0.161312 -0.398221
v -0.903353 0.194982 -0.382015
v -0.915098 0.129893 -0.381737
v -0.916270 0.163683 -0.365592
v -0.926035 0.097920 -0.364514
v -0.928036 0.131729 -0.348420
v -0.935719 0.065522 -0.346607
v -0.938555 0.099244 -0.330553
v -0.944079 0.032834 -0.328081
v -0.947744 0.066364 -0.312054
v -0.951058 0.000000 -0.309013
v -0.955536 0.033233 -0.292997
v -0.956620 -0.032834 -0.289483
v -0.961882 0.000000 -0.273464
v -0.966755 -0.033182 -0.253544
v -0.766712 0.440990 -0.466562
v -0.785090 0.418393 -0.456707
v -0.778902 0.448001 -0.438870
v -0.803288 0.394644 -0.446077
v -0.797490 0.425001 -0.428234
v -0.790685 0.454779 -0.409869
v -0.821202 0.369742 -0.434647
v -0.815852 0.400817 -0.416810
v -0.809432 0.431365 -0.398426
v -0.801970 0.461270 -0.379570
v -0.838721 0.343698 -0.422396
v -0.833879 0.375450 -0.404577
v -0.827904 0.406737 -0.386187
v -0.820818 0.437433 -0.367301
v -0.812661 0.467419 -0.347998
v -0.855727 0.316536 -0.409311
v -0.851452 0.348915 -0.391520
v -0.845982 0.380899 -0.373136
v -0.839336 0.412353 -0.354232
v -0.831545 0.443150 -0.334891
v -0.822656 0.473168 -0.315196
v -0.872098 0.288295 -0.395387
v -0.868446 0.321240 -0.377632
v -0.863543 0.353869 -0.359263
v -0.857399 0.386039 -0.340354
v -0.850040 0.417612 -0.320987
v -0.841507 0.448459 -0.301247
v -0.831858 0.478460 -0.281225
v -0.887707 0.259032 -0.380629
v -0.884733 0.292472 -0.362914
v -0.880456 0.325683 -0.344569
v -0.874877 0.358514 -0.325665
v -0.868016 0.390819 -0.306283
v -0.859906 0.422460 -0.286511
v -0.850602 0.453306 -0.266440
v -0.840168 0.483240 -0.246163
v -0.902430 0.228818 -0.365052
v -0.900183 0.262673 -0.347381
v -0.896588 0.296391 -0.329064
v -0.891635 0.329818 -0.310172
v -0.885336 0.362800 -0.290786
v -0.877718 0.395188 -0.270993
v -0.868828 0.426842 -0.250886
v -0.858727 0.457636 -0.230559
v -0.847493 0.487453 -0.210108
v -0.916144 0.197742 -0.348682
v -0.914667 0.231921 -0.331054
v -0.911804 0.266063 -0.312769
v -0.907535 0.300010 -0.293895
v -0.901861 0.333600 -0.274513
v -0.894802 0.366679 -0.254709
v -0.886396 0.399095 -0.234577
v -0.876700 0.430710 -0.214211
v -0.865787 0.461398 -0.193712
v -0.853745 0.491049 -0.173175
v -0.928732 0.165910 -0.331558
v -0.928061 0.200314 -0.313971
v -0.925973 0.234788 -0.295717
v -0.922440 0.269167 -0.276865
v -0.917450 0.303288 -0.257492
v -0.911014 0.336986 -0.237685
v -0.903161 0.370104 -0.217537
v -0.893943 0.402493 -0.197145
v -0.883426 0.434014 -0.176609
v -0.871695 0.464547 -0.156027
v -0.858848 0.493984 -0.135497
v -0.940089 0.133440 -0.313729
v -0.940248 0.167967 -0.296178
v -0.938971 0.202669 -0.277954
v -0.936217 0.237385 -0.259124
v -0.931965 0.271946 -0.239764
v -0.926212 0.306184 -0.219959
v -0.918980 0.339933 -0.199803
v -0.910310 0.373034 -0.179393
v -0.900263 0.405338 -0.158831
v -0.888919 0.436713 -0.138216
v -0.876374 0.467040 -0.117648
v -0.862736 0.496220 -0.097221
v -0.950120 0.100467 -0.295259
v -0.951124 0.135007 -0.277735
v -0.950683 0.169831 -0.259537
v -0.948745 0.204779 -0.240727
v -0.945274 0.239682 -0.221380
v -0.940260 0.274367 -0.201581
v -0.933709 0.308663 -0.181423
v -0.925656 0.342402 -0.161004
v -0.916152 0.375428 -0.140424
v -0.905273 0.407594 -0.119786
v -0.893108 0.438771 -0.099191
v -0.879763 0.468846 -0.078736
v -0.865357 0.497728 -0.058510
v -0.958748 0.067134 -0.276218
v -0.960599 0.101575 -0.258713
v -0.961008 0.136410 -0.240533
v -0.959910 0.171479 -0.221739
v -0.957257 0.206616 -0.202405
v -0.953026 0.241647 -0.182614
v -0.947213 0.276396 -0.162458
v -0.939840 0.310689 -0.142033
v -0.930950 0.344361 -0.121443
v -0.920609 0.377254 -0.100791
v -0.908902 0.409229 -0.080178
v -0.895933 0.440159 -0.059703
v -0.881816 0.469940 -0.039460
v -0.866677 0.498487 -0.019533
v -0.965910 0.033593 -0.256688
v -0.968601 0.067824 -0.239191
v -0.969862 0.102555 -0.221022
v -0.969617 0.137632 -0.202240
v -0.967807 0.172890 -0.182916
v -0.964396 0.208157 -0.163132
v -0.959367 0.243255 -0.142978
v -0.952730 0.278006 -0.122553
v -0.944518 0.312236 -0.101957
v -0.934787 0.345780 -0.081296
v -0.923616 0.378487 -0.060672
v -0.911101 0.410219 -0.040186
v -0.897356 0.440858 -0.019933
v -0.882503 0.470306 0.000000
v -0.866677 0.498487 0.019533
v -0.971569 0.000000 -0.236758
v -0.975077 0.033912 -0.219258
v -0.977180 0.068425 -0.201091
v -0.977789 0.103393 -0.182314
v -0.976835 0.138656 -0.162996
v -0.974268 0.174044 -0.143217
v -0.970059 0.209380 -0.123067
v -0.964206 0.244482 -0.102643
v -0.956729 0.279173 -0.082045
v -0.947675 0.313280 -0.061379
v -0.937113 0.346640 -0.040749
v -0.925131 0.379107 -0.020257
v -0.911838 0.410550 0.000000
v -0.897356 0.440858 0.019933
v -0.881816 0.469940 0.039460
v -0.865357 0.497728 0.058510
v -0.975703 -0.033489 -0.216523
v -0.979997 0.000000 -0.199010
v -0.982919 0.034185 -0.180836
v -0.984371 0.068929 -0.162057
v -0.984273 0.104079 -0.142740
v -0.982562 0.139469 -0.122964
v -0.979199 0.174925 -0.102816
v -0.974166 0.210266 -0.082392
v -0.967473 0.245311 -0.061794
v -0.959154 0.279880 -0.041126
v -0.949266 0.313806 -0.020494
v -0.937892 0.346929 0.000000
v -0.925131 0.379107 0.020257
v -0.911101 0.410219 0.040186
v -0.895933 0.440159 0.059703
v -0.879763 0.468847 0.078736
v -0.862736 0.496221 0.097221
v -0.983353 -0.033751 -0.178544
v -0.987059 0.000000 -0.160355
v -0.989330 0.034408 -0.141568
v -0.990075 0.069328 -0.122247
v -0.989221 0.104602 -0.102470
v -0.986715 0.140059 -0.082322
v -0.982528 0.175520 -0.061899
v -0.976656 0.210804 -0.041301
v -0.969119 0.245728 -0.020633
v -0.959966 0.280117 0.000000
v -0.949266 0.313806 0.020494
v -0.937113 0.346640 0.040749
v -0.923616 0.378487 0.060672
v -0.908902 0.409229 0.080178
v -0.893108 0.438771 0.099191
v -0.876374 0.467040 0.117648
v -0.858848 0.493984 0.135496
v -0.989604 -0.033966 -0.139750
v -0.992659 0.000000 -0.120948
v -0.994222 0.034578 -0.101620
v -0.994211 0.069618 -0.081838
v -0.992562 0.104955 -0.061689
v -0.989232 0.140416 -0.041266
v -0.984205 0.175820 -0.020668
v -0.977490 0.210984 0.000000
v -0.969119 0.245728 0.020633
v -0.959154 0.279880 0.041126
v -0.947675 0.313280 0.061379
v -0.934787 0.345780 0.081296
v -0.920609 0.377255 0.100791
v -0.905272 0.407594 0.119786
v -0.888919 0.436714 0.138216
v -0.871695 0.464547 0.156027
v -0.853745 0.491049 0.173175
v -0.994371 -0.034129 -0.100302
v -0.996717 0.000000 -0.080962
v -0.997524 0.034693 -0.061174
v -0.996718 0.069794 -0.041022
v -0.994245 0.105133 -0.020598
v -0.990076 0.140536 0.000000
v -0.984205 0.175820 0.020669
v -0.976655 0.210804 0.041302
v -0.967473 0.245311 0.061794
v -0.956729 0.279173 0.082045
v -0.944517 0.312236 0.101957
v -0.930950 0.344361 0.121443
v -0.916152 0.375428 0.140424
v -0.900263 0.405339 0.158831
v -0.883426 0.434015 0.176608
v -0.865787 0.461398 0.193712
v -0.847493 0.487453 0.210108
v -0.997588 -0.034240 -0.060376
v -0.999176 0.000001 -0.040581
v -0.999187 0.034751 -0.020425
v -0.997557 0.069853 0.000000
v -0.994245 0.105134 0.020598
v -0.989232 0.140416 0.041266
v -0.982528 0.175520 0.061900
v -0.974166 0.210267 0.082392
v -0.964206 0.244483 0.102643
v -0.952729 0.278006 0.122553
v -0.939840 0.310690 0.142033
v -0.925655 0.342403 0.161004
v -0.910309 0.373034 0.179393
v -0.893942 0.402493 0.197145
v -0.876700 0.430710 0.214211
v -0.858727 0.457636 0.230559
v -0.840168 0.483240 0.246163
v -0.999208 -0.034295 -0.020158
v -1.000000 0.000001 0.000000
v -0.999187 0.034751 0.020426
v -0.996718 0.069794 0.041023
v -0.992562 0.104956 0.061690
v -0.986715 0.140059 0.082323
v -0.979199 0.174926 0.102816
v -0.970059 0.209380 0.123068
v -0.959366 0.243256 0.142979
v -0.947213 0.276397 0.162458
v -0.933709 0.308663 0.181423
v -0.918980 0.339934 0.199803
v -0.903161 0.370105 0.217537
v -0.886395 0.399095 0.234577
v -0.868828 0.426843 0.250886
v -0.850602 0.453306 0.266440
v -0.831858 0.478461 0.281225
v -0.999208 -0.034295 0.020159
v -0.999176 0.000001 0.040581
v -0.997524 0.034694 0.061175
v -0.994211 0.069619 0.081839
v -0.989221 0.104603 0.102470
v -0.982562 0.139470 0.122964
v -0.974267 0.174045 0.143218
v -0.964395 0.208158 0.163132
v -0.953026 0.241648 0.182615
v -0.940259 0.274368 0.201582
v -0.926212 0.306185 0.219959
v -0.911013 0.336987 0.237685
v -0.894801 0.366679 0.254709
v -0.877718 0.395188 0.270994
v -0.859906 0.422460 0.286511
v -0.841507 0.448459 0.301247
v -0.822656 0.473168 0.315196
v -0.997588 -0.034239 0.060377
v -0.996717 0.000001 0.080963
v -0.994222 0.034579 0.101620
v -0.990075 0.069329 0.122248
v -0.984273 0.104080 0.142741
v -0.976835 0.138657 0.162997
v -0.967807 0.172891 0.182916
v -0.957257 0.206617 0.202406
v -0.945274 0.239683 0.221380
v -0.931964 0.271947 0.239764
v -0.917450 0.303289 0.257492
v -0.901861 0.333601 0.274513
v -0.885335 0.362800 0.290786
v -0.868015 0.390820 0.306283
v -0.850039 0.417613 0.320987
v -0.831545 0.443150 0.334891
v -0.812661 0.467419 0.347998
v -0.994371 -0.034129 0.100303
v -0.992659 0.000001 0.120949
v -0.989330 0.034409 0.141568
v -0.984371 0.068930 0.162058
v -0.977789 0.103394 0.182315
v -0.969616 0.137633 0.202240
v -0.959909 0.171481 0.221740
v -0.948744 0.204780 0.240727
v -0.936217 0.237386 0.259124
v -0.922439 0.269168 0.276866
v -0.907534 0.300011 0.293896
v -0.891635 0.329819 0.310172
v -0.874877 0.358515 0.325665
v -0.857399 0.386040 0.340354
v -0.839335 0.412354 0.354232
v -0.820818 0.437433 0.367301
v -0.801971 0.461270 0.379570
v -0.989604 -0.033965 0.139751
v -0.987059 0.000001 0.160356
v -0.982919 0.034186 0.180837
v -0.977180 0.068427 0.201092
v -0.969861 0.102556 0.221023
v -0.961008 0.136411 0.240534
v -0.950683 0.169832 0.259537
v -0.938970 0.202671 0.277955
v -0.925973 0.234789 0.295718
v -0.911803 0.266065 0.312769
v -0.896587 0.296392 0.329064
v -0.880456 0.325684 0.344569
v -0.863543 0.353870 0.359263
v -0.845982 0.380900 0.373136
v -0.827903 0.406738 0.386187
v -0.809432 0.431366 0.398426
v -0.790685 0.454779 0.409869
v -0.983353 -0.033750 0.178545
v -0.979997 0.000002 0.199011
v -0.975077 0.033914 0.219259
v -0.968601 0.067826 0.239192
v -0.960598 0.101577 0.258714
v -0.951123 0.135008 0.277736
v -0.940247 0.167968 0.296179
v -0.928060 0.200316 0.313972
v -0.914666 0.231922 0.331055
v -0.900183 0.262674 0.347381
v -0.884733 0.292473 0.362915
v -0.868446 0.321241 0.377632
v -0.851452 0.348915 0.391520
v -0.833879 0.375450 0.404578
v -0.815852 0.400817 0.416810
v -0.797489 0.425001 0.428234
v -0.778901 0.448002 0.438870
v -0.975703 -0.033487 0.216524
v -0.971568 0.000002 0.236759
v -0.965910 0.033595 0.256689
v -0.958747 0.067136 0.276219
v -0.950120 0.100469 0.295260
v -0.940089 0.133442 0.313730
v -0.928732 0.165911 0.331558
v -0.916143 0.197744 0.348683
v -0.902429 0.228820 0.365052
v -0.887706 0.259034 0.380630
v -0.872097 0.288297 0.395388
v -0.855727 0.316537 0.409312
v -0.838721 0.343699 0.422397
v -0.821202 0.369743 0.434647
v -0.803288 0.394644 0.446078
v -0.785090 0.418393 0.456707
v -0.766712 0.440991 0.466562
v -0.966754 -0.033180 0.253545
v -0.961882 0.000002 0.273465
v -0.955535 0.033235 0.292998
v -0.947743 0.066366 0.312055
v -0.938554 0.099246 0.330554
v -0.928035 0.131731 0.348421
v -0.916269 0.163685 0.365593
v -0.903352 0.194983 0.382016
v -0.889392 0.225514 0.397650
v -0.874503 0.255181 0.412465
v -0.858805 0.283903 0.426443
v -0.842418 0.311614 0.439577
v -0.825463 0.338266 0.451870
v -0.808057 0.363824 0.463331
v -0.790310 0.388269 0.473981
v -0.772327 0.411592 0.483843
v -0.754204 0.433796 0.492948
v -0.956620 -0.032834 0.289483
v -0.951058 -0.000000 0.309013
v -0.944079 0.032834 0.328081
v -0.935719 0.065522 0.346607
v -0.926035 0.097920 0.364514
v -0.915098 0.129893 0.381737
v -0.902994 0.161312 0.398221
v -0.889821 0.192061 0.413922
v -0.875685 0.222037 0.428808
v -0.860698 0.251151 0.442858
v -0.844976 0.279329 0.456060
v -0.828635 0.306514 0.468416
v -0.811788 0.332661 0.479934
v -0.794547 0.357741 0.490629
v -0.777015 0.381736 0.500525
v -0.759289 0.404643 0.509651
v -0.741459 0.426466 0.518039
v -0.721814 0.426466 0.545079
v -0.719346 0.404643 0.564628
v -0.701889 0.433797 0.564954
v -0.716145 0.381737 0.584306
v -0.698830 0.411592 0.585003
v -0.712150 0.357741 0.604039
v -0.695007 0.388269 0.605155
v -0.707306 0.332662 0.623742
v -0.690363 0.363824 0.625324
v -0.701558 0.306515 0.643323
v -0.684842 0.338266 0.645421
v -0.694857 0.279331 0.662683
v -0.678390 0.311614 0.665345
v -0.687159 0.251152 0.681715
v -0.670963 0.283902 0.684988
v -0.678428 0.222038 0.700311
v -0.662519 0.255181 0.704238
v -0.668639 0.192062 0.718356
v -0.653030 0.225514 0.722977
v -0.657776 0.161313 0.735737
v -0.642475 0.194983 0.741085
v -0.645839 0.129894 0.752342
v -0.630847 0.163684 0.758446
v -0.632839 0.097921 0.768067
v -0.618151 0.131730 0.774943
v -0.618801 0.065522 0.782811
v -0.604409 0.099245 0.790468
v -0.603765 0.032834 0.796486
v -0.589655 0.066364 0.804924
v -0.587786 -0.000000 0.809017
v -0.573937 0.033233 0.818224
v -0.570931 -0.032834 0.820342
v -0.557321 -0.000000 0.830297
v -0.539881 -0.033182 0.841087
v -0.680660 0.440991 0.585003
v -0.676966 0.418393 0.605527
v -0.658091 0.448002 0.605154
v -0.672480 0.394645 0.626120
v -0.653719 0.425002 0.626119
v -0.634150 0.454780 0.625323
v -0.667145 0.369743 0.646689
v -0.648529 0.400818 0.647114
v -0.629060 0.431366 0.646689
v -0.608821 0.461271 0.645419
v -0.660908 0.343699 0.667137
v -0.642465 0.375451 0.668039
v -0.623128 0.406738 0.668038
v -0.602977 0.437434 0.667136
v -0.582098 0.467420 0.665343
v -0.653718 0.316537 0.687355
v -0.635477 0.348916 0.688787
v -0.616302 0.380900 0.689265
v -0.596270 0.412355 0.688786
v -0.575467 0.443151 0.687353
v -0.553990 0.473169 0.684986
v -0.645535 0.288296 0.707227
v -0.627520 0.321242 0.709241
v -0.608535 0.353871 0.710254
v -0.588653 0.386040 0.710254
v -0.567959 0.417613 0.709240
v -0.546549 0.448460 0.707225
v -0.524525 0.478462 0.704235
v -0.636322 0.259033 0.726633
v -0.618555 0.292473 0.729279
v -0.599786 0.325684 0.730881
v -0.580083 0.358515 0.731417
v -0.559530 0.390821 0.730880
v -0.538220 0.422461 0.729278
v -0.516256 0.453307 0.726631
v -0.493747 0.483242 0.722974
v -0.626056 0.228819 0.745450
v -0.608556 0.262674 0.748774
v -0.590025 0.296392 0.751014
v -0.570527 0.329819 0.752142
v -0.550144 0.362801 0.752142
v -0.528966 0.395189 0.751013
v -0.507095 0.426844 0.748772
v -0.484641 0.457637 0.745447
v -0.461720 0.487455 0.741082
v -0.614725 0.197743 0.763551
v -0.597504 0.231922 0.767594
v -0.579229 0.266065 0.770521
v -0.559960 0.300011 0.772294
v -0.539773 0.333602 0.772887
v -0.518757 0.366680 0.772293
v -0.497012 0.399096 0.770520
v -0.474648 0.430711 0.767592
v -0.451779 0.461400 0.763548
v -0.428526 0.491051 0.758442
v -0.602329 0.165911 0.780816
v -0.585396 0.200315 0.785611
v -0.567391 0.234789 0.789267
v -0.548369 0.269168 0.791732
v -0.528403 0.303289 0.792973
v -0.507576 0.336987 0.792973
v -0.485987 0.370106 0.791731
v -0.463745 0.402494 0.789265
v -0.440964 0.434016 0.785609
v -0.417764 0.464548 0.780813
v -0.394269 0.493986 0.774939
v -0.588883 0.133441 0.797126
v -0.572240 0.167968 0.802701
v -0.554513 0.202670 0.807118
v -0.535754 0.237386 0.810318
v -0.516027 0.271948 0.812257
v -0.495414 0.306185 0.812906
v -0.474009 0.339934 0.812256
v -0.451920 0.373035 0.810317
v -0.429259 0.405340 0.807116
v -0.406148 0.436715 0.802698
v -0.382710 0.467042 0.797123
v -0.359068 0.496222 0.790464
v -0.574416 0.100468 0.812375
v -0.558060 0.135007 0.818744
v -0.540616 0.169832 0.823949
v -0.522127 0.204780 0.827918
v -0.502655 0.239683 0.830596
v -0.482276 0.274368 0.831945
v -0.461080 0.308664 0.831944
v -0.439172 0.342404 0.830595
v -0.416662 0.375429 0.827916
v -0.393673 0.407596 0.823946
v -0.370326 0.438773 0.818741
v -0.346748 0.468848 0.812371
v -0.323061 0.497730 0.804920
v -0.558972 0.067135 0.826464
v -0.542896 0.101576 0.833634
v -0.525733 0.136410 0.839641
v -0.507519 0.171480 0.844404
v -0.488312 0.206617 0.847856
v -0.468182 0.241648 0.849948
v -0.447216 0.276397 0.850648
v -0.425513 0.310690 0.849947
v -0.403183 0.344362 0.847855
v -0.380346 0.377256 0.844402
v -0.357124 0.409230 0.839639
v -0.333644 0.440161 0.833631
v -0.310029 0.469942 0.826460
v -0.286399 0.498489 0.818220
v -0.542611 0.033593 0.839312
v -0.526802 0.067824 0.847278
v -0.509912 0.102555 0.854091
v -0.491973 0.137632 0.859662
v -0.473036 0.172891 0.863913
v -0.453166 0.208158 0.866782
v -0.432445 0.243256 0.868227
v -0.410968 0.278007 0.868227
v -0.388843 0.312237 0.866781
v -0.366186 0.345781 0.863911
v -0.343120 0.378488 0.859660
v -0.319769 0.410220 0.854089
v -0.296259 0.440859 0.847274
v -0.272712 0.470308 0.839308
v -0.249245 0.498489 0.830293
v -0.525405 -0.000000 0.850852
v -0.509846 0.033912 0.859597
v -0.493218 0.068425 0.867210
v -0.475548 0.103393 0.873592
v -0.456881 0.138656 0.878655
v -0.437277 0.174045 0.882325
v -0.416813 0.209380 0.884549
v -0.395579 0.244483 0.885294
v -0.373679 0.279174 0.884549
v -0.351226 0.313281 0.882324
v -0.328342 0.346642 0.878653
v -0.305151 0.379109 0.873590
v -0.281777 0.410552 0.867208
v -0.258345 0.440860 0.859593
v -0.234971 0.469942 0.850848
v -0.211767 0.497730 0.841082
v -0.507437 -0.033490 0.861038
v -0.492108 -0.000000 0.870534
v -0.475727 0.034185 0.878928
v -0.458316 0.068928 0.886113
v -0.439914 0.104079 0.891988
v -0.420577 0.139469 0.896473
v -0.400376 0.174925 0.899500
v -0.379397 0.210267 0.901025
v -0.357739 0.245311 0.901025
v -0.335512 0.279881 0.899499
v -0.312834 0.313807 0.896471
v -0.289828 0.346930 0.891986
v -0.266619 0.379109 0.886110
v -0.243330 0.410220 0.878925
v -0.220081 0.440161 0.870530
v -0.196983 0.468848 0.861034
v -0.174140 0.496222 0.850552
v -0.473681 -0.033752 0.880050
v -0.457527 -0.000001 0.889196
v -0.440361 0.034407 0.897161
v -0.422217 0.069328 0.903840
v -0.403143 0.104602 0.909139
v -0.383208 0.140059 0.912982
v -0.362490 0.175520 0.915311
v -0.341086 0.210804 0.916091
v -0.319100 0.245729 0.915310
v -0.296649 0.280118 0.912981
v -0.273851 0.313807 0.909138
v -0.250832 0.346642 0.903838
v -0.227713 0.378488 0.897158
v -0.204616 0.409230 0.889192
v -0.181652 0.438773 0.880046
v -0.158927 0.467042 0.869835
v -0.136537 0.493986 0.858682
v -0.438717 -0.033967 0.897983
v -0.421779 -0.000001 0.906698
v -0.403880 0.034578 0.914158
v -0.385063 0.069617 0.920261
v -0.365391 0.104955 0.924918
v -0.344938 0.140416 0.928063
v -0.323795 0.175820 0.929647
v -0.302063 0.210984 0.929647
v -0.279853 0.245729 0.928062
v -0.257284 0.279881 0.924917
v -0.234475 0.313281 0.920259
v -0.211551 0.345781 0.914156
v -0.188629 0.377256 0.906696
v -0.165824 0.407596 0.897980
v -0.143242 0.436715 0.888123
v -0.120981 0.464548 0.877245
v -0.099125 0.491051 0.865473
v -0.402672 -0.034131 0.914708
v -0.385003 -0.000001 0.922915
v -0.366434 0.034692 0.929797
v -0.347019 0.069793 0.935258
v -0.326830 0.105133 0.939217
v -0.305952 0.140536 0.941617
v -0.284481 0.175820 0.942421
v -0.262525 0.210804 0.941617
v -0.240198 0.245311 0.939216
v -0.217618 0.279174 0.935256
v -0.194907 0.312237 0.929796
v -0.172182 0.344362 0.922913
v -0.149558 0.375429 0.914705
v -0.127141 0.405340 0.905281
v -0.105031 0.434016 0.894762
v -0.083314 0.461400 0.883272
v -0.062067 0.487455 0.870939
v -0.365694 -0.034241 0.930105
v -0.347358 -0.000001 0.937733
v -0.328193 0.034750 0.943971
v -0.308263 0.069852 0.948733
v -0.287650 0.105133 0.951948
v -0.266444 0.140416 0.953568
v -0.244749 0.175520 0.953567
v -0.222675 0.210267 0.951947
v -0.200338 0.244483 0.948732
v -0.177856 0.278007 0.943970
v -0.155346 0.310690 0.937731
v -0.132921 0.342404 0.930103
v -0.110689 0.373035 0.921191
v -0.088749 0.402494 0.911110
v -0.067189 0.430711 0.899985
v -0.046089 0.457637 0.887944
v -0.025513 0.483242 0.875115
v -0.327944 -0.034297 0.944074
v -0.309017 -0.000001 0.951056
v -0.289340 0.034750 0.956595
v -0.268988 0.069793 0.960611
v -0.248049 0.104955 0.963045
v -0.226619 0.140059 0.963861
v -0.204806 0.174925 0.963045
v -0.182721 0.209380 0.960611
v -0.160481 0.243256 0.956594
v -0.138199 0.276397 0.951055
v -0.115989 0.308664 0.944073
v -0.093957 0.339934 0.935744
v -0.072203 0.370106 0.926179
v -0.050817 0.399096 0.915500
v -0.029877 0.426844 0.903832
v -0.009452 0.453307 0.891304
v 0.010402 0.478462 0.878047
v -0.289600 -0.034297 0.956533
v -0.270167 -0.000001 0.962813
v -0.250071 0.034692 0.967606
v -0.229395 0.069617 0.970841
v -0.208231 0.104602 0.972470
v -0.186683 0.139469 0.972470
v -0.164857 0.174045 0.970840
v -0.142867 0.208158 0.967605
v -0.120825 0.241648 0.962812
v -0.098841 0.274368 0.956532
v -0.077022 0.306185 0.948851
v -0.055467 0.336987 0.939874
v -0.034266 0.366680 0.929716
v -0.013500 0.395189 0.918501
v 0.006762 0.422461 0.906356
v 0.026462 0.448460 0.893411
v 0.045554 0.473169 0.879793
v -0.250850 -0.034241 0.967420
v -0.231002 -0.000001 0.972953
v -0.210585 0.034578 0.976964
v -0.189685 0.069328 0.979394
v -0.168402 0.104079 0.980208
v -0.146839 0.138656 0.979394
v -0.125105 0.172891 0.976963
v -0.103309 0.206617 0.972952
v -0.081561 0.239683 0.967419
v -0.059964 0.271947 0.960442
v -0.038618 0.303289 0.952116
v -0.017613 0.333602 0.942550
v 0.002970 0.362801 0.931862
v 0.023061 0.390821 0.920178
v 0.042600 0.417614 0.907626
v 0.061538 0.443151 0.894332
v 0.079839 0.467420 0.880423
v -0.211883 -0.034131 0.976699
v -0.191718 -0.000001 0.981450
v -0.171080 0.034408 0.984656
v -0.150061 0.068928 0.986271
v -0.128761 0.103393 0.986271
v -0.107285 0.137632 0.984656
v -0.085741 0.171480 0.981450
v -0.064233 0.204780 0.976698
v -0.042865 0.237386 0.970469
v -0.021734 0.269168 0.962848
v -0.000932 0.300011 0.953935
v 0.019461 0.329819 0.943844
v 0.039374 0.358515 0.932693
v 0.058745 0.386040 0.920609
v 0.077526 0.412355 0.907719
v 0.095677 0.437434 0.894146
v 0.113169 0.461271 0.880012
v -0.172892 -0.033967 0.984355
v -0.152509 -0.000001 0.988302
v -0.131751 0.034185 0.990693
v -0.110714 0.068425 0.991494
v -0.089497 0.102555 0.990693
v -0.068206 0.136410 0.988302
v -0.046941 0.169831 0.984354
v -0.025806 0.202670 0.978907
v -0.004896 0.234788 0.972034
v 0.015699 0.266064 0.963827
v 0.035898 0.296392 0.954391
v 0.055629 0.325684 0.943841
v 0.074830 0.353870 0.932296
v 0.093451 0.380900 0.919882
v 0.111450 0.406738 0.906721
v 0.128798 0.431366 0.892936
v 0.145474 0.454780 0.878642
v -0.134064 -0.033752 0.990398
v -0.113563 -0.000000 0.993531
v -0.092785 0.033912 0.995109
v -0.071827 0.067824 0.995108
v -0.050788 0.101575 0.993530
v -0.029769 0.135007 0.990397
v -0.008868 0.167967 0.985753
v 0.011820 0.200315 0.979660
v 0.032206 0.231922 0.972201
v 0.052208 0.262673 0.963471
v 0.071756 0.292473 0.953578
v 0.090786 0.321241 0.942636
v 0.109246 0.348916 0.930765
v 0.127094 0.375451 0.918087
v 0.144299 0.400817 0.904723
v 0.160837 0.425002 0.890789
v 0.176697 0.448002 0.876397
v -0.095580 -0.033490 0.994858
v -0.075058 -0.000000 0.997179
v -0.054355 0.033593 0.997957
v -0.033568 0.067135 0.997179
v -0.012793 0.100468 0.994858
v 0.007874 0.133441 0.991026
v 0.028339 0.165910 0.985734
v 0.048515 0.197743 0.979053
v 0.068321 0.228819 0.971069
v 0.087685 0.259033 0.961880
v 0.106544 0.288296 0.951595
v 0.124845 0.316537 0.940329
v 0.142545 0.343699 0.928198
v 0.159610 0.369743 0.915322
v 0.176016 0.394645 0.901817
v 0.191749 0.418393 0.887795
v 0.206801 0.440991 0.873362
v -0.057605 -0.033182 0.997788
v -0.037155 -0.000000 0.999310
v -0.016616 0.033233 0.999310
v 0.003916 0.066364 0.997788
v 0.024349 0.099245 0.994765
v 0.044592 0.131730 0.990282
v 0.064559 0.163684 0.984398
v 0.084170 0.194982 0.977189
v 0.103352 0.225513 0.968743
v 0.122043 0.255180 0.959160
v 0.140188 0.283902 0.948550
v 0.157743 0.311614 0.937024
v 0.174672 0.338266 0.924698
v 0.190952 0.363824 0.911685
v 0.206564 0.388269 0.898097
v 0.221500 0.411592 0.884042
v 0.235760 0.433797 0.869619
v -0.020292 -0.032834 0.999255
v 0.000000 -0.000000 1.000000
v 0.020292 0.032834 0.999255
v 0.040494 0.065522 0.997029
v 0.060516 0.097921 0.993353
v 0.080276 0.129893 0.988273
v 0.099693 0.161312 0.981855
v 0.118697 0.192061 0.974178
v 0.137222 0.222037 0.965334
v 0.155215 0.251151 0.955422
v 0.172630 0.279330 0.944549
v 0.189430 0.306515 0.932826
v 0.205589 0.332662 0.920364
v 0.221089 0.357741 0.907271
v 0.235919 0.381737 0.893655
v 0.250075 0.404643 0.879617
v 0.263562 0.426466 0.865252
v 0.295348 0.426466 0.854924
v 0.314703 0.404644 0.858618
v 0.320408 0.433797 0.842116
v 0.334408 0.381737 0.861654
v 0.340422 0.411592 0.845402
v 0.354409 0.357742 0.863953
v 0.360768 0.388269 0.847994
v 0.374645 0.332662 0.865435
v 0.381386 0.363825 0.849810
v 0.395044 0.306515 0.866019
v 0.402205 0.338266 0.850768
v 0.415527 0.279331 0.865628
v 0.423147 0.311614 0.850790
v 0.436007 0.251152 0.864188
v 0.444125 0.283902 0.849796
v 0.456390 0.222038 0.861631
v 0.465041 0.255181 0.847714
v 0.476577 0.192062 0.857897
v 0.485795 0.225514 0.844480
v 0.496464 0.161313 0.852937
v 0.506279 0.194983 0.840037
v 0.515946 0.129894 0.846716
v 0.526383 0.163684 0.834343
v 0.534918 0.097921 0.839211
v 0.545996 0.131730 0.827367
v 0.553278 0.065522 0.830416
v 0.565008 0.099245 0.819095
v 0.570930 0.032834 0.820342
v 0.583316 0.066364 0.809529
v 0.587785 -0.000000 0.809017
v 0.600822 0.033233 0.798692
v 0.603765 -0.032834 0.796486
v 0.617439 -0.000000 0.786619
v 0.633090 -0.033182 0.773367
v 0.346037 0.440991 0.828122
v 0.366698 0.418394 0.830951
v 0.372176 0.448002 0.812883
v 0.387669 0.394645 0.833048
v 0.393466 0.425002 0.815204
v 0.398756 0.454780 0.796347
v 0.408880 0.369743 0.834330
v 0.415037 0.400818 0.816756
v 0.420649 0.431366 0.798109
v 0.425696 0.461271 0.778467
v 0.430255 0.343699 0.834717
v 0.436812 0.375451 0.817455
v 0.442787 0.406738 0.799064
v 0.448156 0.437434 0.779620
v 0.452903 0.467420 0.759208
v 0.451705 0.316537 0.834127
v 0.458703 0.348916 0.817220
v 0.465085 0.380900 0.799132
v 0.470819 0.412355 0.779932
v 0.475885 0.443151 0.759704
v 0.480271 0.473169 0.738547
v 0.473133 0.288296 0.832484
v 0.480616 0.321242 0.815973
v 0.487446 0.353871 0.798230
v 0.493590 0.386040 0.779321
v 0.499021 0.417613 0.759327
v 0.503721 0.448460 0.738342
v 0.507684 0.478462 0.716472
v 0.494436 0.259033 0.829719
v 0.502443 0.292473 0.813640
v 0.509767 0.325684 0.796284
v 0.516365 0.358515 0.777711
v 0.522206 0.390820 0.757997
v 0.527268 0.422461 0.737235
v 0.531539 0.453307 0.715528
v 0.535016 0.483241 0.692990
v 0.515504 0.228819 0.825771
v 0.524073 0.262674 0.810154
v 0.531931 0.296392 0.793222
v 0.539029 0.329819 0.775027
v 0.545328 0.362801 0.755641
v 0.550799 0.395189 0.735150
v 0.555426 0.426844 0.713657
v 0.559203 0.457637 0.691275
v 0.562135 0.487454 0.668126
v 0.536221 0.197743 0.820588
v 0.545388 0.231922 0.805459
v 0.553820 0.266064 0.788983
v 0.561460 0.300011 0.771204
v 0.568263 0.333601 0.752189
v 0.574192 0.366680 0.732017
v 0.579226 0.399096 0.710788
v 0.583352 0.430711 0.688613
v 0.586574 0.461399 0.665614
v 0.588903 0.491050 0.641921
v 0.556471 0.165910 0.814134
v 0.566265 0.200315 0.799511
v 0.575306 0.234788 0.783516
v 0.583529 0.269168 0.766187
v 0.590880 0.303288 0.747581
v 0.597315 0.336987 0.727773
v 0.602806 0.370105 0.706857
v 0.607334 0.402494 0.684941
v 0.610897 0.434015 0.662145
v 0.613504 0.464547 0.638599
v 0.615179 0.493985 0.614438
v 0.576139 0.133441 0.806386
v 0.586584 0.167967 0.792279
v 0.596263 0.202670 0.776785
v 0.605104 0.237386 0.759933
v 0.613043 0.271947 0.741770
v 0.620031 0.306185 0.722366
v 0.626027 0.339934 0.701808
v 0.631010 0.373035 0.680200
v 0.634968 0.405339 0.657659
v 0.637908 0.436714 0.634314
v 0.639849 0.467041 0.610300
v 0.640822 0.496221 0.585757
v 0.595112 0.100467 0.797338
v 0.606224 0.135007 0.783751
v 0.616564 0.169831 0.768769
v 0.626053 0.204779 0.752412
v 0.634617 0.239682 0.734720
v 0.642198 0.274367 0.715755
v 0.648747 0.308663 0.695596
v 0.654235 0.342403 0.674342
v 0.658643 0.375429 0.652107
v 0.661972 0.407595 0.629015
v 0.664236 0.438771 0.605203
v 0.665464 0.468847 0.580810
v 0.665697 0.497729 0.555979
v 0.613284 0.067134 0.787005
v 0.625071 0.101575 0.773931
v 0.636088 0.136410 0.759463
v 0.646246 0.171479 0.743613
v 0.655465 0.206617 0.726413
v 0.663675 0.241647 0.707914
v 0.670820 0.276396 0.688190
v 0.676860 0.310690 0.667332
v 0.681771 0.344361 0.645449
v 0.685545 0.377255 0.622662
v 0.688190 0.409229 0.599104
v 0.689732 0.440159 0.574916
v 0.690211 0.469941 0.550241
v 0.689676 0.498488 0.525222
v 0.630558 0.033593 0.775414
v 0.643019 0.067824 0.762841
v 0.654719 0.102555 0.748882
v 0.665561 0.137631 0.733543
v 0.675456 0.172890 0.716846
v 0.684325 0.208157 0.698835
v 0.692103 0.243255 0.679574
v 0.698739 0.278006 0.659148
v 0.704202 0.312236 0.637659
v 0.708474 0.345780 0.615224
v 0.711559 0.378487 0.591972
v 0.713476 0.410219 0.568042
v 0.714260 0.440858 0.543577
v 0.713961 0.470307 0.518721
v 0.712639 0.498487 0.493616
v 0.646851 -0.000001 0.762616
v 0.659976 0.033912 0.750521
v 0.672355 0.068425 0.737059
v 0.683885 0.103393 0.722226
v 0.694468 0.138656 0.706037
v 0.704017 0.174044 0.688526
v 0.712457 0.209379 0.669750
v 0.719727 0.244482 0.649786
v 0.725786 0.279173 0.628727
v 0.730608 0.313279 0.606686
v 0.734189 0.346640 0.583787
v 0.736540 0.379107 0.560166
v 0.737693 0.410550 0.535964
v 0.737693 0.440858 0.511325
v 0.736599 0.469940 0.486393
v 0.734481 0.497728 0.461307
v 0.662090 -0.033490 0.748676
v 0.675859 -0.000001 0.737031
v 0.688905 0.034184 0.724045
v 0.701118 0.068928 0.709706
v 0.712393 0.104078 0.694021
v 0.722633 0.139468 0.677016
v 0.731755 0.174925 0.658738
v 0.739688 0.210266 0.639257
v 0.746381 0.245310 0.618658
v 0.751799 0.279880 0.597048
v 0.755927 0.313805 0.574544
v 0.758771 0.346928 0.551278
v 0.760355 0.379107 0.527388
v 0.760718 0.410218 0.503019
v 0.759919 0.440159 0.478313
v 0.758025 0.468846 0.453411
v 0.755115 0.496220 0.428447
v 0.690603 -0.033753 0.722446
v 0.704293 -0.000001 0.709909
v 0.717173 0.034407 0.696045
v 0.729133 0.069327 0.680852
v 0.740066 0.104601 0.664349
v 0.749882 0.140058 0.646577
v 0.758499 0.175519 0.627593
v 0.765855 0.210803 0.607477
v 0.771907 0.245727 0.586326
v 0.776630 0.280117 0.564253
v 0.780020 0.313805 0.541383
v 0.782093 0.346640 0.517853
v 0.782885 0.378486 0.493801
v 0.782446 0.409228 0.469372
v 0.780844 0.438770 0.444706
v 0.778156 0.467040 0.419938
v 0.774467 0.493984 0.395196
v 0.718463 -0.033967 0.694735
v 0.731986 -0.000001 0.681319
v 0.744612 0.034577 0.666601
v 0.756231 0.069617 0.650591
v 0.766740 0.104954 0.633320
v 0.776051 0.140415 0.614840
v 0.784091 0.175819 0.595221
v 0.790807 0.210983 0.574553
v 0.796163 0.245727 0.552940
v 0.800147 0.279879 0.530503
v 0.802765 0.313279 0.507371
v 0.804045 0.345779 0.483682
v 0.804033 0.377253 0.459576
v 0.802791 0.407593 0.435194
v 0.800394 0.436713 0.410671
v 0.796928 0.464546 0.386138
v 0.792486 0.491048 0.361714
v 0.745507 -0.034131 0.665623
v 0.758773 -0.000001 0.651355
v 0.771057 0.034691 0.635820
v 0.782250 0.069792 0.619043
v 0.792255 0.105132 0.601065
v 0.800989 0.140534 0.581950
v 0.808389 0.175818 0.561779
v 0.814409 0.210802 0.540648
v 0.819026 0.245309 0.518672
v 0.822237 0.279172 0.495973
v 0.824062 0.312235 0.472686
v 0.824539 0.344360 0.448946
v 0.823724 0.375427 0.424893
v 0.821689 0.405338 0.400661
v 0.818516 0.434013 0.376382
v 0.814300 0.461397 0.352177
v 0.809137 0.487452 0.328159
v 0.771578 -0.034242 0.635212
v 0.784499 -0.000002 0.620130
v 0.796355 0.034749 0.603830
v 0.807042 0.069850 0.586348
v 0.816470 0.105132 0.567736
v 0.824563 0.140415 0.548069
v 0.831267 0.175519 0.527435
v 0.836548 0.210265 0.505941
v 0.840393 0.244481 0.483704
v 0.842811 0.278004 0.460850
v 0.843833 0.310688 0.437513
v 0.843509 0.342401 0.413829
v 0.841903 0.373033 0.389931
v 0.839096 0.402492 0.365949
v 0.835178 0.430709 0.342007
v 0.830246 0.457634 0.318217
v 0.824404 0.483239 0.294684
v 0.796529 -0.034298 0.603626
v 0.809019 -0.000002 0.587783
v 0.820367 0.034749 0.570781
v 0.830476 0.069791 0.552665
v 0.839262 0.104953 0.533502
v 0.846659 0.140057 0.513373
v 0.852624 0.174923 0.492375
v 0.857134 0.209378 0.470619
v 0.860187 0.243253 0.448226
v 0.861804 0.276394 0.425323
v 0.862027 0.308661 0.402042
v 0.860914 0.339931 0.378515
v 0.858540 0.370103 0.354870
v 0.854992 0.399093 0.331230
v 0.850366 0.426841 0.307709
v 0.844763 0.453304 0.284412
v 0.838290 0.478459 0.261433
v 0.820227 -0.034298 0.571009
v 0.832205 -0.000002 0.554468
v 0.842973 0.034691 0.536836
v 0.852439 0.069616 0.518171
v 0.860529 0.104600 0.498546
v 0.867188 0.139467 0.478052
v 0.872383 0.174043 0.456791
v 0.876101 0.208155 0.434877
v 0.878355 0.241646 0.412432
v 0.879175 0.274365 0.389584
v 0.878613 0.306183 0.366459
v 0.876736 0.336985 0.343185
v 0.873627 0.366677 0.319882
v 0.869377 0.395186 0.296667
v 0.864088 0.422458 0.273643
v 0.857865 0.448457 0.250907
v 0.850813 0.473166 0.228541
v 0.842556 -0.034242 0.537519
v 0.853952 -0.000002 0.520352
v 0.864076 0.034576 0.502173
v 0.872845 0.069326 0.483048
v 0.880196 0.104077 0.463058
v 0.886085 0.138654 0.442298
v 0.890490 0.172888 0.420876
v 0.893411 0.206615 0.398908
v 0.894869 0.239680 0.376514
v 0.894907 0.271945 0.353818
v 0.893585 0.303286 0.330943
v 0.890978 0.333599 0.308010
v 0.887174 0.362798 0.285131
v 0.882270 0.390817 0.262413
v 0.876370 0.417610 0.239952
v 0.869580 0.443147 0.217833
v 0.862007 0.467416 0.196129
v 0.863422 -0.034132 0.503326
v 0.874172 -0.000002 0.485617
v 0.883599 0.034406 0.466979
v 0.891630 0.068927 0.447487
v 0.898212 0.103391 0.427230
v 0.903312 0.137630 0.406306
v 0.906921 0.171477 0.384825
v 0.909048 0.204777 0.362901
v 0.909727 0.237383 0.340654
v 0.909009 0.269165 0.318203
v 0.906961 0.300008 0.295664
v 0.903665 0.329816 0.273150
v 0.899214 0.358512 0.250766
v 0.893708 0.386037 0.228609
v 0.887252 0.412351 0.206764
v 0.879952 0.437431 0.185307
v 0.871916 0.461267 0.164303
v 0.882752 -0.033968 0.468609
v 0.892805 -0.000002 0.450444
v 0.901493 0.034183 0.431441
v 0.908756 0.068423 0.411680
v 0.914551 0.102553 0.391255
v 0.918856 0.136407 0.370266
v 0.921673 0.169829 0.348822
v 0.923023 0.202667 0.327038
v 0.922949 0.234785 0.305027
v 0.921508 0.266061 0.282904
v 0.918776 0.296389 0.260777
v 0.914839 0.325681 0.238752
v 0.909793 0.353867 0.216923
v 0.903740 0.380896 0.195377
v 0.896786 0.406734 0.174192
v 0.889036 0.431362 0.153433
v 0.880595 0.454776 0.133157
v 0.900497 -0.033754 0.433550
v 0.909812 -0.000002 0.415020
v 0.917734 0.033910 0.395746
v 0.924210 0.067822 0.375814
v 0.929211 0.101573 0.355317
v 0.932727 0.135004 0.334358
v 0.934768 0.167965 0.313044
v 0.935367 0.200312 0.291486
v 0.934572 0.231919 0.269793
v 0.932451 0.262670 0.248072
v 0.929082 0.292470 0.226423
v 0.924556 0.321238 0.204944
v 0.918971 0.348912 0.183719
v 0.912429 0.375447 0.162826
v 0.905036 0.400814 0.142334
v 0.896895 0.424998 0.122299
v 0.888108 0.447998 0.102768
v 0.916632 -0.033491 0.398327
v 0.925181 -0.000002 0.379526
v 0.932318 0.033591 0.360077
v 0.938002 0.067132 0.340067
v 0.942215 0.100465 0.319591
v 0.944956 0.133438 0.298752
v 0.946247 0.165907 0.277653
v 0.946128 0.197740 0.256400
v 0.944655 0.228816 0.235096
v 0.941900 0.259030 0.213839
v 0.937947 0.288293 0.192725
v 0.932887 0.316533 0.171838
v 0.926820 0.343695 0.151256
v 0.919848 0.369739 0.131048
v 0.912073 0.394641 0.111271
v 0.903599 0.418389 0.091975
v 0.894524 0.440987 0.073200
v 0.931153 -0.033184 0.363116
v 0.938920 -0.000002 0.344137
v 0.945266 0.033230 0.324604
v 0.950164 0.066362 0.304606
v 0.953603 0.099242 0.284239
v 0.955595 0.131727 0.263601
v 0.956170 0.163681 0.242793
v 0.955373 0.194979 0.221914
v 0.953268 0.225510 0.201060
v 0.949931 0.255177 0.180323
v 0.945447 0.283898 0.159787
v 0.939910 0.311610 0.139530
v 0.933418 0.338262 0.119620
v 0.926073 0.363820 0.100116
v 0.917975 0.388265 0.081069
v 0.909223 0.411588 0.062520
v 0.899913 0.433793 0.044502
v 0.944079 -0.032834 0.328081
v 0.951058 -0.000000 0.309013
v 0.956620 0.032834 0.289483
v 0.960746 0.065522 0.269583
v 0.963436 0.097920 0.249404
v 0.964711 0.129893 0.229041
v 0.964608 0.161311 0.208591
v 0.963179 0.192060 0.188146
v 0.960492 0.222036 0.167794
v 0.956626 0.251149 0.147618
v 0.951667 0.279328 0.127696
v 0.945709 0.306512 0.108095
v 0.938850 0.332659 0.088876
v 0.931188 0.357738 0.070089
v 0.922821 0.381733 0.051778
v 0.913845 0.404639 0.033976
v 0.904351 0.426462 0.016711
v 0.282552 0.404877 -0.869620
v 0.301938 0.382193 -0.873362
v 0.321672 0.358402 -0.876399
v 0.341698 0.333506 -0.878644
v 0.361951 0.307515 -0.880015
v 0.382357 0.280453 -0.880426
v 0.402833 0.252358 -0.879796
v 0.423288 0.223283 -0.878050
v 0.443625 0.193298 -0.875119
v 0.463741 0.162486 -0.870944
v 0.483531 0.130948 -0.865477
v 0.502888 0.098798 -0.858687
v 0.521705 0.066163 -0.850556
v 0.539881 0.033182 -0.841087
v 0.557321 0.000000 -0.830297
v 0.573937 -0.033233 -0.818225
v 0.269069 0.382192 -0.884042
v 0.288459 0.358623 -0.887796
v 0.254889 0.358402 -0.898098
v 0.308193 0.333930 -0.890790
v 0.274253 0.333930 -0.901818
v 0.240008 0.333506 -0.911685
v 0.328215 0.308119 -0.892938
v 0.293959 0.308322 -0.904724
v 0.259318 0.308119 -0.915323
v 0.224429 0.307515 -0.924698
v 0.348455 0.281208 -0.894148
v 0.313946 0.281589 -0.906723
v 0.278966 0.281588 -0.918088
v 0.243656 0.281208 -0.928199
v 0.208162 0.280452 -0.937024
v 0.368836 0.253230 -0.894335
v 0.334141 0.253757 -0.907721
v 0.298886 0.253934 -0.919883
v 0.263215 0.253757 -0.930766
v 0.227278 0.253230 -0.940329
v 0.191228 0.252357 -0.948550
v 0.389271 0.224231 -0.893414
v 0.354465 0.224869 -0.907628
v 0.319004 0.225191 -0.920611
v 0.283038 0.225191 -0.932298
v 0.246718 0.224869 -0.942637
v 0.210204 0.224231 -0.951596
v 0.173654 0.223283 -0.959161
v 0.409668 0.194275 -0.891308
v 0.374828 0.194983 -0.906359
v 0.339239 0.195411 -0.920180
v 0.303049 0.195554 -0.932695
v 0.266415 0.195411 -0.943842
v 0.229499 0.194983 -0.953579
v 0.192465 0.194275 -0.961881
v 0.155479 0.193297 -0.968743
v 0.429926 0.163443 -0.887947
v 0.395134 0.164171 -0.903835
v 0.359497 0.164663 -0.918503
v 0.323163 0.164910 -0.931864
v 0.286289 0.164910 -0.943845
v 0.249040 0.164663 -0.954393
v 0.211588 0.164171 -0.963472
v 0.174102 0.163442 -0.971069
v 0.136750 0.162485 -0.977189
v 0.449939 0.131829 -0.883275
v 0.415280 0.132527 -0.899988
v 0.379681 0.133033 -0.915502
v 0.343286 0.133339 -0.929718
v 0.306252 0.133441 -0.942551
v 0.268748 0.133339 -0.953937
v 0.230948 0.133033 -0.963828
v 0.193029 0.132527 -0.972202
v 0.155166 0.131829 -0.979053
v 0.117528 0.130947 -0.984398
v 0.469601 0.099547 -0.877249
v 0.435159 0.100158 -0.894765
v 0.399685 0.100624 -0.911113
v 0.363316 0.100938 -0.926182
v 0.326210 0.101097 -0.939876
v 0.288534 0.101097 -0.952117
v 0.250466 0.100938 -0.962849
v 0.212186 0.100624 -0.972035
v 0.173877 0.100158 -0.979661
v 0.135717 0.099546 -0.985734
v 0.097877 0.098798 -0.990282
v 0.488802 0.066721 -0.869840
v 0.454662 0.067187 -0.888126
v 0.419400 0.067557 -0.905284
v 0.383148 0.067825 -0.921193
v 0.346060 0.067987 -0.935746
v 0.308301 0.068041 -0.948853
v 0.270049 0.067987 -0.960443
v 0.231490 0.067825 -0.970470
v 0.192811 0.067557 -0.978908
v 0.154197 0.067187 -0.985753
v 0.115829 0.066721 -0.991026
v 0.077876 0.066163 -0.994765
v 0.507437 0.033489 -0.861038
v 0.473681 0.033752 -0.880050
v 0.438717 0.033966 -0.897983
v 0.402672 0.034130 -0.914708
v 0.365694 0.034240 -0.930105
v 0.327944 0.034296 -0.944074
v 0.289600 0.034296 -0.956533
v 0.250850 0.034240 -0.967420
v 0.211883 0.034130 -0.976699
v 0.172892 0.033966 -0.984355
v 0.134064 0.033752 -0.990398
v 0.095580 0.033489 -0.994858
v 0.057605 0.033182 -0.997788
v 0.525405 0.000000 -0.850852
v 0.492108 0.000000 -0.870534
v 0.457527 0.000000 -0.889196
v 0.421779 0.000000 -0.906699
v 0.385004 0.000000 -0.922915
v 0.347358 0.000000 -0.937733
v 0.309017 0.000000 -0.951056
v 0.270167 0.000000 -0.962813
v 0.231002 0.000000 -0.972953
v 0.191718 0.000000 -0.981450
v 0.152509 0.000000 -0.988302
v 0.113564 0.000000 -0.993531
v 0.075058 0.000000 -0.997179
v 0.037155 0.000000 -0.999309
v 0.542611 -0.033594 -0.839312
v 0.509846 -0.033912 -0.859597
v 0.475727 -0.034185 -0.878928
v 0.440361 -0.034408 -0.897161
v 0.403880 -0.034578 -0.914158
v 0.366434 -0.034693 -0.929797
v 0.328193 -0.034751 -0.943971
v 0.289340 -0.034751 -0.956595
v 0.250071 -0.034693 -0.967606
v 0.210584 -0.034578 -0.976964
v 0.171080 -0.034408 -0.984656
v 0.131751 -0.034185 -0.990693
v 0.092786 -0.033912 -0.995108
v 0.054355 -0.033594 -0.997956
v 0.016616 -0.033233 -0.999310
v -0.739745 0.404877 -0.537450
v -0.737314 0.382192 -0.557044
v -0.734103 0.358402 -0.576750
v -0.730051 0.333506 -0.596490
v -0.725095 0.307515 -0.616175
v -0.719180 0.280453 -0.635709
v -0.712254 0.252358 -0.654988
v -0.704273 0.223283 -0.673902
v -0.695201 0.193297 -0.692338
v -0.685013 0.162486 -0.710180
v -0.673699 0.130947 -0.727312
v -0.661260 0.098798 -0.743623
v -0.647713 0.066163 -0.759007
v -0.633090 0.033182 -0.773367
v -0.617439 0.000000 -0.786619
v -0.600822 -0.033233 -0.798692
v -0.757628 0.382192 -0.529083
v -0.755206 0.358623 -0.548683
v -0.775378 0.358402 -0.519940
v -0.751956 0.333930 -0.568378
v -0.772932 0.333930 -0.539506
v -0.792899 0.333505 -0.509986
v -0.747811 0.308119 -0.588083
v -0.769606 0.308321 -0.559146
v -0.790392 0.308119 -0.529475
v -0.810089 0.307514 -0.499190
v -0.742708 0.281208 -0.607706
v -0.765331 0.281588 -0.578772
v -0.786950 0.281588 -0.549016
v -0.807477 0.281208 -0.518558
v -0.826839 0.280452 -0.487529
v -0.736588 0.253230 -0.627147
v -0.760040 0.253757 -0.598287
v -0.782501 0.253933 -0.568515
v -0.803875 0.253757 -0.537953
v -0.824075 0.253229 -0.506730
v -0.843034 0.252357 -0.474984
v -0.729397 0.224231 -0.646298
v -0.753671 0.224869 -0.617587
v -0.776977 0.225190 -0.587874
v -0.799206 0.225190 -0.557279
v -0.820262 0.224869 -0.525932
v -0.840066 0.224230 -0.493973
v -0.858555 0.223282 -0.461549
v -0.721090 0.194275 -0.665046
v -0.746171 0.194982 -0.636561
v -0.770314 0.195411 -0.606985
v -0.793400 0.195554 -0.576434
v -0.815322 0.195410 -0.545037
v -0.835990 0.194982 -0.512936
v -0.855329 0.194274 -0.480280
v -0.873285 0.193297 -0.447224
v -0.711635 0.163442 -0.683274
v -0.737496 0.164171 -0.655094
v -0.762459 0.164662 -0.625734
v -0.786394 0.164910 -0.595306
v -0.809183 0.164910 -0.563939
v -0.830725 0.164662 -0.531773
v -0.850934 0.164171 -0.498959
v -0.869743 0.163442 -0.465655
v -0.887105 0.162485 -0.432022
v -0.701007 0.131829 -0.700864
v -0.727612 0.132527 -0.673065
v -0.753368 0.133032 -0.644002
v -0.778135 0.133338 -0.613781
v -0.801784 0.133441 -0.582526
v -0.824201 0.133338 -0.550375
v -0.845290 0.133032 -0.517482
v -0.864971 0.132527 -0.484006
v -0.883188 0.131828 -0.450112
v -0.899902 0.130947 -0.415968
v -0.689200 0.099546 -0.717701
v -0.716502 0.100158 -0.690358
v -0.743012 0.100624 -0.661671
v -0.768582 0.100938 -0.631739
v -0.793072 0.101096 -0.600680
v -0.816357 0.101096 -0.568631
v -0.838327 0.100938 -0.535741
v -0.858893 0.100624 -0.502173
v -0.877983 0.100158 -0.468096
v -0.895551 0.099546 -0.433680
v -0.911570 0.098797 -0.399097
v -0.676219 0.066721 -0.733673
v -0.704161 0.067187 -0.706855
v -0.731376 0.067557 -0.678620
v -0.757709 0.067825 -0.649058
v -0.783011 0.067987 -0.618282
v -0.807144 0.068041 -0.586421
v -0.829988 0.067987 -0.553623
v -0.851439 0.067825 -0.520049
v -0.871416 0.067557 -0.485870
v -0.889859 0.067187 -0.451261
v -0.906730 0.066720 -0.416400
v -0.922015 0.066163 -0.381460
v -0.662090 0.033489 -0.748676
v -0.690603 0.033752 -0.722446
v -0.718463 0.033966 -0.694735
v -0.745507 0.034130 -0.665623
v -0.771578 0.034240 -0.635212
v -0.796529 0.034296 -0.603626
v -0.820227 0.034296 -0.571009
v -0.842556 0.034240 -0.537519
v -0.863422 0.034130 -0.503326
v -0.882752 0.033966 -0.468609
v -0.900498 0.033752 -0.433549
v -0.916632 0.033489 -0.398326
v -0.931153 0.033182 -0.363115
v -0.646851 0.000000 -0.762617
v -0.675858 0.000000 -0.737032
v -0.704293 0.000000 -0.709910
v -0.731986 0.000000 -0.681320
v -0.758773 0.000000 -0.651355
v -0.784499 0.000000 -0.620130
v -0.809018 0.000000 -0.587783
v -0.832205 0.000000 -0.554468
v -0.853952 0.000000 -0.520352
v -0.874172 0.000000 -0.485616
v -0.892805 0.000000 -0.450444
v -0.909812 0.000000 -0.415020
v -0.925181 0.000000 -0.379526
v -0.938920 0.000000 -0.344136
v -0.630558 -0.033594 -0.775415
v -0.659975 -0.033912 -0.750522
v -0.688904 -0.034185 -0.724046
v -0.717173 -0.034408 -0.696045
v -0.744612 -0.034578 -0.666601
v -0.771057 -0.034693 -0.635820
v -0.796355 -0.034751 -0.603831
v -0.820367 -0.034751 -0.570781
v -0.842973 -0.034693 -0.536836
v -0.864075 -0.034578 -0.502173
v -0.883599 -0.034408 -0.466979
v -0.901494 -0.034185 -0.431440
v -0.917734 -0.033912 -0.395746
v -0.932318 -0.033593 -0.360076
v -0.945266 -0.033232 -0.324603
v -0.739745 0.404877 0.537450
v -0.757628 0.382192 0.529083
v -0.775378 0.358402 0.519940
v -0.792899 0.333505 0.509986
v -0.810089 0.307514 0.499190
v -0.826839 0.280452 0.487529
v -0.843034 0.252357 0.474984
v -0.858555 0.223282 0.461549
v -0.873285 0.193297 0.447224
v -0.887105 0.162485 0.432022
v -0.899902 0.130947 0.415968
v -0.911570 0.098797 0.399098
v -0.922015 0.066163 0.381460
v -0.931153 0.033182 0.363115
v -0.938920 -0.000000 0.344136
v -0.945267 -0.033233 0.324603
v -0.737314 0.382192 0.557043
v -0.755206 0.358623 0.548683
v -0.734103 0.358402 0.576750
v -0.772932 0.333930 0.539506
v -0.751956 0.333930 0.568378
v -0.730051 0.333506 0.596490
v -0.790391 0.308119 0.529475
v -0.769606 0.308321 0.559146
v -0.747811 0.308119 0.588083
v -0.725095 0.307515 0.616175
v -0.807477 0.281208 0.518558
v -0.786950 0.281588 0.549016
v -0.765331 0.281588 0.578772
v -0.742708 0.281208 0.607706
v -0.719180 0.280453 0.635709
v -0.824075 0.253229 0.506730
v -0.803875 0.253757 0.537953
v -0.782501 0.253934 0.568515
v -0.760040 0.253757 0.598287
v -0.736588 0.253230 0.627147
v -0.712254 0.252358 0.654988
v -0.840066 0.224230 0.493973
v -0.820262 0.224869 0.525932
v -0.799206 0.225190 0.557279
v -0.776977 0.225191 0.587874
v -0.753671 0.224869 0.617587
v -0.729397 0.224231 0.646298
v -0.704273 0.223283 0.673902
v -0.855329 0.194274 0.480280
v -0.835990 0.194982 0.512936
v -0.815322 0.195410 0.545037
v -0.793400 0.195554 0.576434
v -0.770314 0.195411 0.606985
v -0.746171 0.194983 0.636561
v -0.721090 0.194275 0.665046
v -0.695201 0.193297 0.692338
v -0.869743 0.163442 0.465655
v -0.850934 0.164171 0.498959
v -0.830725 0.164662 0.531773
v -0.809183 0.164910 0.563939
v -0.786394 0.164910 0.595307
v -0.762459 0.164663 0.625734
v -0.737496 0.164171 0.655094
v -0.711635 0.163443 0.683274
v -0.685013 0.162486 0.710179
v -0.883188 0.131828 0.450112
v -0.864971 0.132527 0.484006
v -0.845290 0.133032 0.517482
v -0.824201 0.133338 0.550375
v -0.801784 0.133441 0.582526
v -0.778135 0.133338 0.613781
v -0.753368 0.133032 0.644002
v -0.727612 0.132527 0.673065
v -0.701007 0.131829 0.700864
v -0.673699 0.130948 0.727312
v -0.895551 0.099546 0.433680
v -0.877983 0.100157 0.468096
v -0.858893 0.100624 0.502173
v -0.838327 0.100938 0.535741
v -0.816357 0.101096 0.568631
v -0.793072 0.101096 0.600680
v -0.768582 0.100938 0.631738
v -0.743012 0.100624 0.661670
v -0.716502 0.100158 0.690357
v -0.689200 0.099547 0.717701
v -0.661260 0.098798 0.743622
v -0.906730 0.066720 0.416400
v -0.889859 0.067187 0.451261
v -0.871416 0.067557 0.485870
v -0.851439 0.067825 0.520049
v -0.829988 0.067987 0.553623
v -0.807144 0.068041 0.586421
v -0.783011 0.067987 0.618282
v -0.757709 0.067825 0.649058
v -0.731376 0.067557 0.678620
v -0.704161 0.067187 0.706854
v -0.676220 0.066721 0.733673
v -0.647713 0.066163 0.759006
v -0.916632 0.033489 0.398326
v -0.900498 0.033752 0.433549
v -0.882752 0.033966 0.468609
v -0.863422 0.034130 0.503326
v -0.842556 0.034240 0.537519
v -0.820227 0.034296 0.571009
v -0.796529 0.034296 0.603626
v -0.771578 0.034240 0.635212
v -0.745507 0.034130 0.665623
v -0.718463 0.033966 0.694735
v -0.690603 0.033752 0.722446
v -0.662090 0.033489 0.748676
v -0.633090 0.033182 0.773367
v -0.925181 -0.000000 0.379526
v -0.909813 -0.000000 0.415020
v -0.892805 -0.000000 0.450444
v -0.874172 -0.000000 0.485616
v -0.853952 -0.000000 0.520352
v -0.832205 -0.000000 0.554467
v -0.809018 -0.000000 0.587783
v -0.784499 -0.000000 0.620130
v -0.758773 -0.000000 0.651355
v -0.731986 -0.000000 0.681320
v -0.704293 -0.000000 0.709909
v -0.675858 -0.000000 0.737031
v -0.646851 -0.000000 0.762616
v -0.617439 -0.000000 0.786619
v -0.932318 -0.033593 0.360076
v -0.917734 -0.033912 0.395746
v -0.901493 -0.034185 0.431440
v -0.883599 -0.034408 0.466979
v -0.864075 -0.034578 0.502173
v -0.842973 -0.034693 0.536836
v -0.820367 -0.034751 0.570781
v -0.796355 -0.034751 0.603831
v -0.771057 -0.034693 0.635820
v -0.744612 -0.034578 0.666601
v -0.717173 -0.034408 0.696045
v -0.688904 -0.034185 0.724046
v -0.659975 -0.033912 0.750521
v -0.630558 -0.033594 0.775414
v -0.600822 -0.033233 0.798691
v 0.282552 0.404877 0.869620
v 0.269069 0.382192 0.884042
v 0.254889 0.358402 0.898098
v 0.240008 0.333506 0.911685
v 0.224429 0.307515 0.924698
v 0.208162 0.280452 0.937024
v 0.191228 0.252357 0.948550
v 0.173654 0.223283 0.959161
v 0.155479 0.193297 0.968743
v 0.136750 0.162485 0.977189
v 0.117528 0.130947 0.984398
v 0.097877 0.098797 0.990282
v 0.077875 0.066163 0.994765
v 0.057605 0.033182 0.997788
v 0.037155 -0.000000 0.999310
v 0.016616 -0.033233 0.999310
v 0.301938 0.382193 0.873362
v 0.288458 0.358623 0.887796
v 0.321672 0.358402 0.876399
v 0.274253 0.333930 0.901818
v 0.308193 0.333930 0.890790
v 0.341698 0.333506 0.878644
v 0.259318 0.308119 0.915323
v 0.293959 0.308322 0.904724
v 0.328215 0.308119 0.892938
v 0.361951 0.307515 0.880015
v 0.243656 0.281208 0.928199
v 0.278966 0.281588 0.918088
v 0.313946 0.281589 0.906723
v 0.348455 0.281208 0.894148
v 0.382357 0.280453 0.880426
v 0.227278 0.253230 0.940329
v 0.263215 0.253757 0.930766
v 0.298886 0.253934 0.919883
v 0.334141 0.253757 0.907721
v 0.368835 0.253230 0.894335
v 0.402833 0.252358 0.879796
v 0.210204 0.224231 0.951596
v 0.246718 0.224869 0.942637
v 0.283038 0.225191 0.932298
v 0.319004 0.225191 0.920611
v 0.354464 0.224869 0.907628
v 0.389271 0.224231 0.893414
v 0.423288 0.223283 0.878050
v 0.192465 0.194275 0.961881
v 0.229499 0.194982 0.953579
v 0.266415 0.195411 0.943842
v 0.303049 0.195554 0.932695
v 0.339239 0.195411 0.920180
v 0.374828 0.194983 0.906359
v 0.409668 0.194275 0.891308
v 0.443625 0.193298 0.875119
v 0.174102 0.163442 0.971069
v 0.211588 0.164171 0.963472
v 0.249040 0.164663 0.954393
v 0.286289 0.164910 0.943845
v 0.323163 0.164910 0.931864
v 0.359497 0.164663 0.918503
v 0.395134 0.164171 0.903835
v 0.429926 0.163443 0.887947
v 0.463741 0.162486 0.870944
v 0.155165 0.131829 0.979053
v 0.193029 0.132527 0.972202
v 0.230948 0.133032 0.963828
v 0.268748 0.133339 0.953937
v 0.306252 0.133441 0.942551
v 0.343286 0.133339 0.929718
v 0.379681 0.133033 0.915502
v 0.415280 0.132527 0.899988
v 0.449939 0.131829 0.883276
v 0.483531 0.130948 0.865477
v 0.135717 0.099546 0.985734
v 0.173877 0.100158 0.979661
v 0.212186 0.100624 0.972035
v 0.250465 0.100938 0.962849
v 0.288534 0.101097 0.952117
v 0.326210 0.101097 0.939876
v 0.363316 0.100938 0.926182
v 0.399684 0.100624 0.911113
v 0.435159 0.100158 0.894765
v 0.469601 0.099547 0.877249
v 0.502887 0.098798 0.858687
v 0.115829 0.066720 0.991026
v 0.154197 0.067187 0.985753
v 0.192810 0.067557 0.978908
v 0.231490 0.067825 0.970470
v 0.270049 0.067987 0.960443
v 0.308300 0.068041 0.948853
v 0.346059 0.067987 0.935746
v 0.383148 0.067825 0.921193
v 0.419400 0.067557 0.905285
v 0.454662 0.067187 0.888126
v 0.488802 0.066721 0.869840
v 0.521705 0.066163 0.850557
v 0.095580 0.033489 0.994858
v 0.134064 0.033752 0.990398
v 0.172892 0.033966 0.984355
v 0.211883 0.034130 0.976699
v 0.250849 0.034240 0.967420
v 0.289600 0.034296 0.956533
v 0.327944 0.034296 0.944074
v 0.365694 0.034241 0.930105
v 0.402672 0.034130 0.914708
v 0.438717 0.033966 0.897983
v 0.473680 0.033752 0.880050
v 0.507437 0.033489 0.861038
v 0.539881 0.033182 0.841087
v 0.075058 -0.000000 0.997179
v 0.113563 -0.000000 0.993531
v 0.152509 -0.000000 0.988302
v 0.191718 -0.000000 0.981450
v 0.231002 -0.000000 0.972953
v 0.270167 -0.000000 0.962813
v 0.309017 -0.000000 0.951056
v 0.347358 -0.000000 0.937733
v 0.385003 -0.000000 0.922915
v 0.421779 -0.000000 0.906699
v 0.457527 -0.000000 0.889196
v 0.492108 -0.000000 0.870534
v 0.525405 -0.000000 0.850853
v 0.557321 -0.000000 0.830297
v 0.054355 -0.033594 0.997956
v 0.092785 -0.033912 0.995108
v 0.131751 -0.034185 0.990693
v 0.171079 -0.034408 0.984656
v 0.210584 -0.034578 0.976964
v 0.250071 -0.034693 0.967606
v 0.289340 -0.034751 0.956595
v 0.328192 -0.034751 0.943971
v 0.366434 -0.034693 0.929797
v 0.403880 -0.034578 0.914158
v 0.440361 -0.034408 0.897161
v 0.475727 -0.034185 0.878929
v 0.509846 -0.033912 0.859597
v 0.542611 -0.033594 0.839312
v 0.573937 -0.033233 0.818225
v 0.914373 0.404873 0.000000
v 0.923923 0.382189 0.017280
v 0.932908 0.358399 0.035109
v 0.941232 0.333503 0.053461
v 0.948794 0.307512 0.072299
v 0.955490 0.280450 0.091578
v 0.961219 0.252355 0.111245
v 0.965879 0.223281 0.131238
v 0.969376 0.193296 0.151485
v 0.971621 0.162484 0.171906
v 0.972538 0.130946 0.192416
v 0.972061 0.098797 0.212923
v 0.970144 0.066163 0.233331
v 0.966755 0.033182 0.253544
v 0.961882 -0.000000 0.273463
v 0.955536 -0.033233 0.292997
v 0.923923 0.382189 -0.017280
v 0.933484 0.358620 0.000000
v 0.932908 0.358399 -0.035109
v 0.942430 0.333927 0.017843
v 0.942430 0.333927 -0.017843
v 0.941232 0.333503 -0.053461
v 0.950659 0.308116 0.036220
v 0.951283 0.308319 0.000000
v 0.950659 0.308116 -0.036220
v 0.948794 0.307512 -0.072299
v 0.958065 0.281206 0.055095
v 0.959360 0.281586 0.018390
v 0.959360 0.281586 -0.018390
v 0.958065 0.281206 -0.055095
v 0.955490 0.280450 -0.091578
v 0.964540 0.253227 0.074420
v 0.966550 0.253755 0.037287
v 0.967222 0.253931 0.000000
v 0.966550 0.253755 -0.037287
v 0.964540 0.253227 -0.074420
v 0.961219 0.252355 -0.111245
v 0.969979 0.224229 0.094139
v 0.972742 0.224867 0.056644
v 0.974132 0.225189 0.018908
v 0.974132 0.225189 -0.018908
v 0.972742 0.224867 -0.056645
v 0.969979 0.224229 -0.094139
v 0.965879 0.223281 -0.131238
v 0.974279 0.194273 0.114188
v 0.977827 0.194981 0.076403
v 0.979974 0.195409 0.038285
v 0.980693 0.195552 0.000000
v 0.979974 0.195409 -0.038285
v 0.977827 0.194981 -0.076403
v 0.974279 0.194273 -0.114188
v 0.969376 0.193296 -0.151485
v 0.977343 0.163441 0.134492
v 0.981701 0.164170 0.096494
v 0.984639 0.164661 0.058070
v 0.986118 0.164908 0.019386
v 0.986118 0.164908 -0.019386
v 0.984639 0.164661 -0.058070
v 0.981701 0.164170 -0.096494
v 0.977343 0.163441 -0.134492
v 0.971621 0.162484 -0.171906
v 0.979084 0.131828 0.154969
v 0.984269 0.132526 0.116842
v 0.988023 0.133031 0.078192
v 0.990296 0.133337 0.039186
v 0.991057 0.133440 0.000000
v 0.990296 0.133337 -0.039186
v 0.988023 0.133031 -0.078192
v 0.984269 0.132526 -0.116842
v 0.979084 0.131828 -0.154969
v 0.972537 0.130946 -0.192416
v 0.979428 0.099546 0.175530
v 0.985444 0.100157 0.137362
v 0.990030 0.100623 0.098572
v 0.993122 0.100937 0.059328
v 0.994680 0.101096 0.019807
v 0.994680 0.101096 -0.019807
v 0.993122 0.100937 -0.059328
v 0.990030 0.100623 -0.098572
v 0.985444 0.100157 -0.137362
v 0.979428 0.099546 -0.175530
v 0.972061 0.098797 -0.212923
v 0.978315 0.066720 0.196080
v 0.985157 0.067187 0.157961
v 0.990579 0.067556 0.119123
v 0.994506 0.067824 0.079730
v 0.996886 0.067986 0.039960
v 0.997683 0.068041 0.000000
v 0.996886 0.067986 -0.039960
v 0.994506 0.067824 -0.079730
v 0.990579 0.067556 -0.119123
v 0.985157 0.067187 -0.157961
v 0.978315 0.066720 -0.196080
v 0.970144 0.066163 -0.233331
v 0.975703 0.033489 0.216523
v 0.983353 0.033752 0.178544
v 0.989604 0.033966 0.139750
v 0.994371 0.034130 0.100302
v 0.997588 0.034240 0.060376
v 0.999208 0.034296 0.020158
v 0.999208 0.034296 -0.020158
v 0.997588 0.034240 -0.060376
v 0.994371 0.034130 -0.100303
v 0.989604 0.033966 -0.139750
v 0.983353 0.033752 -0.178544
v 0.975703 0.033489 -0.216523
v 0.966755 0.033182 -0.253544
v 0.971569 -0.000000 0.236758
v 0.979997 -0.000000 0.199010
v 0.987059 -0.000000 0.160355
v 0.992659 -0.000000 0.120949
v 0.996717 -0.000000 0.080962
v 0.999176 -0.000000 0.040581
v 1.000000 0.000000 0.000000
v 0.999176 0.000000 -0.040581
v 0.996717 0.000000 -0.080962
v 0.992659 0.000000 -0.120949
v 0.987059 0.000000 -0.160355
v 0.979997 0.000000 -0.199010
v 0.971569 0.000000 -0.236758
v 0.961882 0.000000 -0.273463
v 0.965910 -0.033593 0.256687
v 0.975077 -0.033912 0.219258
v 0.982919 -0.034185 0.180836
v 0.989330 -0.034408 0.141568
v 0.994222 -0.034578 0.101620
v 0.997524 -0.034693 0.061174
v 0.999187 -0.034751 0.020425
v 0.999187 -0.034751 -0.020425
v 0.997524 -0.034693 -0.061174
v 0.994222 -0.034578 -0.101620
v 0.989330 -0.034408 -0.141568
v 0.982919 -0.034185 -0.180836
v 0.975077 -0.033912 -0.219258
v 0.965910 -0.033593 -0.256688
v 0.955536 -0.033232 -0.292997
vt 0.818181 0.314921
vt 0.812499 0.314921
vt 0.815340 0.319842
vt 1.000000 0.314921
vt 0.994318 0.314921
vt 0.997159 0.319842
vt 0.272727 0.314921
vt 0.267045 0.314921
vt 0.269886 0.319842
vt 0.454545 0.314921
vt 0.448863 0.314921
vt 0.451704 0.319842
vt 0.636363 0.314921
vt 0.630681 0.314921
vt 0.633522 0.319842
vt 0.548295 0.467461
vt 0.542613 0.467461
vt 0.545454 0.472382
vt 0.551136 0.462541
vt 0.545454 0.462541
vt 0.553977 0.457620
vt 0.548295 0.457620
vt 0.556818 0.452699
vt 0.551136 0.452699
vt 0.559659 0.447779
vt 0.553977 0.447779
vt 0.562499 0.442858
vt 0.556818 0.442858
vt 0.565340 0.437937
vt 0.559658 0.437937
vt 0.568181 0.433017
vt 0.562499 0.433017
vt 0.571022 0.428096
vt 0.565340 0.428096
vt 0.573863 0.423175
vt 0.568181 0.423175
vt 0.576704 0.418255
vt 0.571022 0.418255
vt 0.579545 0.413334
vt 0.573863 0.413334
vt 0.582386 0.408413
vt 0.576704 0.408413
vt 0.585227 0.403493
vt 0.579545 0.403493
vt 0.588068 0.398572
vt 0.582386 0.398572
vt 0.590908 0.393651
vt 0.585227 0.393651
vt 0.593749 0.388731
vt 0.588067 0.388731
vt 0.596590 0.383810
vt 0.590908 0.383810
vt 0.599431 0.378889
vt 0.593749 0.378889
vt 0.602272 0.373969
vt 0.596590 0.373969
vt 0.605113 0.369048
vt 0.599431 0.369048
vt 0.607954 0.364127
vt 0.602272 0.364127
vt 0.610795 0.359207
vt 0.605113 0.359207
vt 0.613636 0.354286
vt 0.607954 0.354286
vt 0.616477 0.349366
vt 0.610795 0.349366
vt 0.619318 0.344445
vt 0.613636 0.344445
vt 0.622159 0.339524
vt 0.616477 0.339524
vt 0.624999 0.334604
vt 0.619318 0.334604
vt 0.627840 0.329683
vt 0.622158 0.329683
vt 0.630681 0.324762
vt 0.624999 0.324762
vt 0.627840 0.319842
vt 0.539772 0.462541
vt 0.542613 0.457620
vt 0.536931 0.457620
vt 0.545454 0.452699
vt 0.539772 0.452699
vt 0.534090 0.452699
vt 0.548295 0.447779
vt 0.542613 0.447779
vt 0.536931 0.447779
vt 0.531250 0.447779
vt 0.551136 0.442858
vt 0.545454 0.442858
vt 0.539772 0.442858
vt 0.534090 0.442858
vt 0.528409 0.442858
vt 0.553977 0.437937
vt 0.548295 0.437937
vt 0.542613 0.437937
vt 0.536931 0.437937
vt 0.531250 0.437937
vt 0.525568 0.437937
vt 0.556818 0.433017
vt 0.551136 0.433017
vt 0.545454 0.433017
vt 0.539772 0.433017
vt 0.534090 0.433017
vt 0.528409 0.433017
vt 0.522727 0.433017
vt 0.559658 0.428096
vt 0.553977 0.428096
vt 0.548295 0.428096
vt 0.542613 0.428096
vt 0.536931 0.428096
vt 0.531249 0.428096
vt 0.525568 0.428096
vt 0.519886 0.428096
vt 0.562499 0.423175
vt 0.556818 0.423175
vt 0.551136 0.423175
vt 0.545454 0.423175
vt 0.539772 0.423176
vt 0.534090 0.423175
vt 0.528409 0.423175
vt 0.522727 0.423175
vt 0.517045 0.423175
vt 0.565340 0.418255
vt 0.559658 0.418255
vt 0.553977 0.418255
vt 0.548295 0.418255
vt 0.542613 0.418255
vt 0.536931 0.418255
vt 0.531249 0.418255
vt 0.525568 0.418255
vt 0.519886 0.418255
vt 0.514204 0.418255
vt 0.568181 0.413334
vt 0.562499 0.413334
vt 0.556818 0.413334
vt 0.551136 0.413334
vt 0.545454 0.413334
vt 0.539772 0.413334
vt 0.534090 0.413334
vt 0.528408 0.413334
vt 0.522727 0.413334
vt 0.517045 0.413334
vt 0.511363 0.413334
vt 0.571022 0.408413
vt 0.565340 0.408413
vt 0.559659 0.408413
vt 0.553977 0.408413
vt 0.548295 0.408413
vt 0.542613 0.408413
vt 0.536931 0.408413
vt 0.531249 0.408413
vt 0.525568 0.408413
vt 0.519886 0.408413
vt 0.514204 0.408413
vt 0.508522 0.408413
vt 0.573863 0.403493
vt 0.568181 0.403493
vt 0.562499 0.403493
vt 0.556818 0.403493
vt 0.551136 0.403493
vt 0.545454 0.403493
vt 0.539772 0.403493
vt 0.534090 0.403493
vt 0.528409 0.403493
vt 0.522727 0.403493
vt 0.517045 0.403493
vt 0.511363 0.403493
vt 0.505681 0.403493
vt 0.576704 0.398572
vt 0.571022 0.398572
vt 0.565340 0.398572
vt 0.559658 0.398572
vt 0.553977 0.398572
vt 0.548295 0.398572
vt 0.542613 0.398572
vt 0.536931 0.398572
vt 0.531249 0.398572
vt 0.525568 0.398572
vt 0.519886 0.398572
vt 0.514204 0.398572
vt 0.508522 0.398572
vt 0.502840 0.398572
vt 0.579545 0.393651
vt 0.573863 0.393651
vt 0.568181 0.393651
vt 0.562499 0.393651
vt 0.556818 0.393651
vt 0.551136 0.393651
vt 0.545454 0.393651
vt 0.539772 0.393651
vt 0.534090 0.393651
vt 0.528408 0.393651
vt 0.522727 0.393651
vt 0.517045 0.393651
vt 0.511363 0.393651
vt 0.505681 0.393651
vt 0.499999 0.393652
vt 0.582386 0.388731
vt 0.576704 0.388731
vt 0.571022 0.388731
vt 0.565340 0.388731
vt 0.559658 0.388731
vt 0.553977 0.388731
vt 0.548295 0.388731
vt 0.542613 0.388731
vt 0.536931 0.388731
vt 0.531249 0.388731
vt 0.525568 0.388731
vt 0.519886 0.388731
vt 0.514204 0.388731
vt 0.508522 0.388731
vt 0.502840 0.388731
vt 0.497159 0.388731
vt 0.585227 0.383810
vt 0.579545 0.383810
vt 0.573863 0.383810
vt 0.568181 0.383810
vt 0.562499 0.383810
vt 0.556818 0.383810
vt 0.551136 0.383810
vt 0.545454 0.383810
vt 0.539772 0.383810
vt 0.534090 0.383810
vt 0.528408 0.383810
vt 0.522727 0.383810
vt 0.517045 0.383810
vt 0.511363 0.383810
vt 0.505681 0.383810
vt 0.499999 0.383810
vt 0.494318 0.383810
vt 0.588068 0.378889
vt 0.582386 0.378889
vt 0.576704 0.378889
vt 0.571022 0.378889
vt 0.565340 0.378889
vt 0.559658 0.378889
vt 0.553977 0.378890
vt 0.548295 0.378890
vt 0.542613 0.378889
vt 0.536931 0.378890
vt 0.531249 0.378890
vt 0.525568 0.378890
vt 0.519886 0.378890
vt 0.514204 0.378890
vt 0.508522 0.378890
vt 0.502840 0.378890
vt 0.497158 0.378890
vt 0.491477 0.378890
vt 0.590908 0.373969
vt 0.585227 0.373969
vt 0.579545 0.373969
vt 0.573863 0.373969
vt 0.568181 0.373969
vt 0.562499 0.373969
vt 0.556818 0.373969
vt 0.551136 0.373969
vt 0.545454 0.373969
vt 0.539772 0.373969
vt 0.534090 0.373969
vt 0.528408 0.373969
vt 0.522727 0.373969
vt 0.517045 0.373969
vt 0.511363 0.373969
vt 0.505681 0.373969
vt 0.499999 0.373969
vt 0.494318 0.373969
vt 0.488636 0.373969
vt 0.593749 0.369048
vt 0.588068 0.369048
vt 0.582386 0.369048
vt 0.576704 0.369048
vt 0.571022 0.369048
vt 0.565340 0.369048
vt 0.559658 0.369048
vt 0.553977 0.369048
vt 0.548295 0.369048
vt 0.542613 0.369048
vt 0.536931 0.369048
vt 0.531249 0.369048
vt 0.525568 0.369048
vt 0.519886 0.369048
vt 0.514204 0.369048
vt 0.508522 0.369048
vt 0.502840 0.369048
vt 0.497159 0.369048
vt 0.491477 0.369048
vt 0.485795 0.369048
vt 0.596590 0.364127
vt 0.590908 0.364127
vt 0.585227 0.364128
vt 0.579545 0.364128
vt 0.573863 0.364128
vt 0.568181 0.364128
vt 0.562499 0.364128
vt 0.556818 0.364128
vt 0.551136 0.364128
vt 0.545454 0.364128
vt 0.539772 0.364128
vt 0.534090 0.364128
vt 0.528409 0.364128
vt 0.522727 0.364128
vt 0.517045 0.364128
vt 0.511363 0.364128
vt 0.505681 0.364128
vt 0.499999 0.364128
vt 0.494318 0.364128
vt 0.488636 0.364128
vt 0.482954 0.364128
vt 0.599431 0.359207
vt 0.593749 0.359207
vt 0.588068 0.359207
vt 0.582386 0.359207
vt 0.576704 0.359207
vt 0.571022 0.359207
vt 0.565340 0.359207
vt 0.559658 0.359207
vt 0.553977 0.359207
vt 0.548295 0.359207
vt 0.542613 0.359207
vt 0.536931 0.359207
vt 0.531249 0.359207
vt 0.525568 0.359207
vt 0.519886 0.359207
vt 0.514204 0.359207
vt 0.508522 0.359207
vt 0.502840 0.359207
vt 0.497159 0.359207
vt 0.491477 0.359207
vt 0.485795 0.359207
vt 0.480113 0.359207
vt 0.602272 0.354286
vt 0.596590 0.354286
vt 0.590908 0.354286
vt 0.585227 0.354286
vt 0.579545 0.354286
vt 0.573863 0.354286
vt 0.568181 0.354286
vt 0.562499 0.354286
vt 0.556818 0.354286
vt 0.551136 0.354286
vt 0.545454 0.354286
vt 0.539772 0.354286
vt 0.534090 0.354286
vt 0.528409 0.354286
vt 0.522727 0.354286
vt 0.517045 0.354286
vt 0.511363 0.354286
vt 0.505681 0.354286
vt 0.499999 0.354286
vt 0.494318 0.354286
vt 0.488636 0.354286
vt 0.482954 0.354286
vt 0.477272 0.354286
vt 0.605113 0.349366
vt 0.599431 0.349366
vt 0.593749 0.349366
vt 0.588068 0.349366
vt 0.582386 0.349366
vt 0.576704 0.349366
vt 0.571022 0.349366
vt 0.565340 0.349366
vt 0.559658 0.349366
vt 0.553977 0.349366
vt 0.548295 0.349366
vt 0.542613 0.349366
vt 0.536931 0.349366
vt 0.531249 0.349366
vt 0.525568 0.349366
vt 0.519886 0.349366
vt 0.514204 0.349366
vt 0.508522 0.349366
vt 0.502840 0.349366
vt 0.497159 0.349366
vt 0.491477 0.349366
vt 0.485795 0.349366
vt 0.480113 0.349366
vt 0.474431 0.349366
vt 0.607954 0.344445
vt 0.602272 0.344445
vt 0.596590 0.344445
vt 0.590909 0.344445
vt 0.585227 0.344445
vt 0.579545 0.344445
vt 0.573863 0.344445
vt 0.568181 0.344445
vt 0.562499 0.344445
vt 0.556818 0.344445
vt 0.551136 0.344445
vt 0.545454 0.344445
vt 0.539772 0.344445
vt 0.534090 0.344445
vt 0.528409 0.344445
vt 0.522727 0.344445
vt 0.517045 0.344445
vt 0.511363 0.344445
vt 0.505681 0.344445
vt 0.500000 0.344445
vt 0.494318 0.344445
vt 0.488636 0.344445
vt 0.482954 0.344445
vt 0.477272 0.344445
vt 0.471590 0.344445
vt 0.610795 0.339524
vt 0.605113 0.339524
vt 0.599431 0.339524
vt 0.593749 0.339524
vt 0.588068 0.339524
vt 0.582386 0.339524
vt 0.576704 0.339524
vt 0.571022 0.339524
vt 0.565340 0.339524
vt 0.559659 0.339524
vt 0.553977 0.339524
vt 0.548295 0.339524
vt 0.542613 0.339524
vt 0.536931 0.339524
vt 0.531249 0.339524
vt 0.525568 0.339524
vt 0.519886 0.339524
vt 0.514204 0.339524
vt 0.508522 0.339524
vt 0.502840 0.339524
vt 0.497159 0.339524
vt 0.491477 0.339524
vt 0.485795 0.339524
vt 0.480113 0.339524
vt 0.474431 0.339524
vt 0.468749 0.339524
vt 0.613636 0.334604
vt 0.607954 0.334604
vt 0.602272 0.334604
vt 0.596590 0.334604
vt 0.590909 0.334604
vt 0.585227 0.334604
vt 0.579545 0.334604
vt 0.573863 0.334604
vt 0.568181 0.334604
vt 0.562499 0.334604
vt 0.556818 0.334604
vt 0.551136 0.334604
vt 0.545454 0.334604
vt 0.539772 0.334604
vt 0.534090 0.334604
vt 0.528409 0.334604
vt 0.522727 0.334604
vt 0.517045 0.334604
vt 0.511363 0.334604
vt 0.505681 0.334604
vt 0.499999 0.334604
vt 0.494318 0.334604
vt 0.488636 0.334604
vt 0.482954 0.334604
vt 0.477272 0.334604
vt 0.471590 0.334604
vt 0.465909 0.334604
vt 0.616477 0.329683
vt 0.610795 0.329683
vt 0.605113 0.329683
vt 0.599431 0.329683
vt 0.593749 0.329683
vt 0.588068 0.329683
vt 0.582386 0.329683
vt 0.576704 0.329683
vt 0.571022 0.329683
vt 0.565340 0.329683
vt 0.559658 0.329683
vt 0.553977 0.329683
vt 0.548295 0.329683
vt 0.542613 0.329683
vt 0.536931 0.329683
vt 0.531249 0.329683
vt 0.525568 0.329683
vt 0.519886 0.329683
vt 0.514204 0.329683
vt 0.508522 0.329683
vt 0.502840 0.329683
vt 0.497159 0.329683
vt 0.491477 0.329683
vt 0.485795 0.329683
vt 0.480113 0.329683
vt 0.474431 0.329683
vt 0.468750 0.329683
vt 0.463068 0.329683
vt 0.619318 0.324762
vt 0.613636 0.324762
vt 0.607954 0.324762
vt 0.602272 0.324762
vt 0.596590 0.324762
vt 0.590909 0.324762
vt 0.585227 0.324762
vt 0.579545 0.324762
vt 0.573863 0.324762
vt 0.568181 0.324762
vt 0.562500 0.324762
vt 0.556818 0.324762
vt 0.551136 0.324762
vt 0.545454 0.324762
vt 0.539772 0.324762
vt 0.534090 0.324762
vt 0.528409 0.324762
vt 0.522727 0.324762
vt 0.517045 0.324762
vt 0.511363 0.324762
vt 0.505681 0.324762
vt 0.500000 0.324762
vt 0.494318 0.324762
vt 0.488636 0.324762
vt 0.482954 0.324762
vt 0.477272 0.324762
vt 0.471590 0.324762
vt 0.465909 0.324762
vt 0.460227 0.324762
vt 0.622158 0.319842
vt 0.616477 0.319842
vt 0.610795 0.319842
vt 0.605113 0.319842
vt 0.599431 0.319842
vt 0.593749 0.319842
vt 0.588068 0.319842
vt 0.582386 0.319842
vt 0.576704 0.319842
vt 0.571022 0.319842
vt 0.565340 0.319842
vt 0.559659 0.319842
vt 0.553977 0.319842
vt 0.548295 0.319842
vt 0.542613 0.319842
vt 0.536931 0.319842
vt 0.531249 0.319842
vt 0.525568 0.319842
vt 0.519886 0.319842
vt 0.514204 0.319842
vt 0.508522 0.319842
vt 0.502840 0.319842
vt 0.497159 0.319842
vt 0.491477 0.319842
vt 0.485795 0.319842
vt 0.480113 0.319842
vt 0.474431 0.319842
vt 0.468750 0.319842
vt 0.463068 0.319842
vt 0.457386 0.319842
vt 0.624999 0.314921
vt 0.619318 0.314921
vt 0.613636 0.314921
vt 0.607954 0.314921
vt 0.602272 0.314921
vt 0.596590 0.314921
vt 0.590909 0.314921
vt 0.585227 0.314921
vt 0.579545 0.314921
vt 0.573863 0.314921
vt 0.568181 0.314921
vt 0.562499 0.314921
vt 0.556818 0.314921
vt 0.551136 0.314921
vt 0.545454 0.314921
vt 0.539772 0.314921
vt 0.534090 0.314921
vt 0.528409 0.314921
vt 0.522727 0.314921
vt 0.517045 0.314921
vt 0.511363 0.314921
vt 0.505681 0.314921
vt 0.499999 0.314921
vt 0.494318 0.314921
vt 0.488636 0.314921
vt 0.482954 0.314921
vt 0.477272 0.314921
vt 0.471590 0.314921
vt 0.465909 0.314921
vt 0.460227 0.314921
vt 0.366477 0.467461
vt 0.360795 0.467461
vt 0.363636 0.472382
vt 0.369318 0.462541
vt 0.363636 0.462541
vt 0.372159 0.457620
vt 0.366477 0.457620
vt 0.375000 0.452699
vt 0.369318 0.452699
vt 0.377841 0.447779
vt 0.372159 0.447779
vt 0.380681 0.442858
vt 0.375000 0.442858
vt 0.383522 0.437937
vt 0.377841 0.437937
vt 0.386363 0.433017
vt 0.380681 0.433017
vt 0.389204 0.428096
vt 0.383522 0.428096
vt 0.392045 0.423175
vt 0.386363 0.423175
vt 0.394886 0.418255
vt 0.389204 0.418255
vt 0.397727 0.413334
vt 0.392045 0.413334
vt 0.400568 0.408413
vt 0.394886 0.408413
vt 0.403409 0.403493
vt 0.397727 0.403493
vt 0.406250 0.398572
vt 0.400568 0.398572
vt 0.409090 0.393652
vt 0.403409 0.393652
vt 0.411931 0.388731
vt 0.406250 0.388731
vt 0.414772 0.383810
vt 0.409090 0.383810
vt 0.417613 0.378890
vt 0.411931 0.378890
vt 0.420454 0.373969
vt 0.414772 0.373969
vt 0.423295 0.369048
vt 0.417613 0.369048
vt 0.426136 0.364128
vt 0.420454 0.364128
vt 0.428977 0.359207
vt 0.423295 0.359207
vt 0.431818 0.354286
vt 0.426136 0.354286
vt 0.434659 0.349366
vt 0.428977 0.349366
vt 0.437500 0.344445
vt 0.431818 0.344445
vt 0.440340 0.339524
vt 0.434659 0.339524
vt 0.443181 0.334604
vt 0.437500 0.334604
vt 0.446022 0.329683
vt 0.440340 0.329683
vt 0.448863 0.324762
vt 0.443181 0.324762
vt 0.446022 0.319842
vt 0.357954 0.462541
vt 0.360795 0.457620
vt 0.355113 0.457620
vt 0.363636 0.452699
vt 0.357954 0.452699
vt 0.352272 0.452699
vt 0.366477 0.447779
vt 0.360795 0.447779
vt 0.355113 0.447779
vt 0.349431 0.447779
vt 0.369318 0.442858
vt 0.363636 0.442858
vt 0.357954 0.442858
vt 0.352272 0.442858
vt 0.346591 0.442858
vt 0.372159 0.437937
vt 0.366477 0.437937
vt 0.360795 0.437937
vt 0.355113 0.437937
vt 0.349431 0.437937
vt 0.343750 0.437937
vt 0.375000 0.433017
vt 0.369318 0.433017
vt 0.363636 0.433017
vt 0.357954 0.433017
vt 0.352272 0.433017
vt 0.346591 0.433017
vt 0.340909 0.433017
vt 0.377840 0.428096
vt 0.372159 0.428096
vt 0.366477 0.428096
vt 0.360795 0.428096
vt 0.355113 0.428096
vt 0.349431 0.428096
vt 0.343750 0.428096
vt 0.338068 0.428096
vt 0.380681 0.423175
vt 0.375000 0.423175
vt 0.369318 0.423176
vt 0.363636 0.423176
vt 0.357954 0.423176
vt 0.352272 0.423175
vt 0.346591 0.423175
vt 0.340909 0.423175
vt 0.335227 0.423175
vt 0.383522 0.418255
vt 0.377840 0.418255
vt 0.372159 0.418255
vt 0.366477 0.418255
vt 0.360795 0.418255
vt 0.355113 0.418255
vt 0.349431 0.418255
vt 0.343750 0.418255
vt 0.338068 0.418255
vt 0.332386 0.418255
vt 0.386363 0.413334
vt 0.380681 0.413334
vt 0.375000 0.413334
vt 0.369318 0.413334
vt 0.363636 0.413334
vt 0.357954 0.413334
vt 0.352272 0.413334
vt 0.346591 0.413334
vt 0.340909 0.413334
vt 0.335227 0.413334
vt 0.329545 0.413334
vt 0.389204 0.408413
vt 0.383522 0.408413
vt 0.377840 0.408413
vt 0.372159 0.408413
vt 0.366477 0.408413
vt 0.360795 0.408413
vt 0.355113 0.408413
vt 0.349431 0.408413
vt 0.343750 0.408413
vt 0.338068 0.408413
vt 0.332386 0.408413
vt 0.326704 0.408413
vt 0.392045 0.403493
vt 0.386363 0.403493
vt 0.380681 0.403493
vt 0.375000 0.403493
vt 0.369318 0.403493
vt 0.363636 0.403493
vt 0.357954 0.403493
vt 0.352272 0.403493
vt 0.346591 0.403493
vt 0.340909 0.403493
vt 0.335227 0.403493
vt 0.329545 0.403493
vt 0.323863 0.403493
vt 0.394886 0.398572
vt 0.389204 0.398572
vt 0.383522 0.398572
vt 0.377841 0.398572
vt 0.372159 0.398572
vt 0.366477 0.398572
vt 0.360795 0.398572
vt 0.355113 0.398572
vt 0.349431 0.398572
vt 0.343750 0.398572
vt 0.338068 0.398572
vt 0.332386 0.398572
vt 0.326704 0.398572
vt 0.321022 0.398572
vt 0.397727 0.393652
vt 0.392045 0.393652
vt 0.386363 0.393652
vt 0.380681 0.393652
vt 0.375000 0.393652
vt 0.369318 0.393652
vt 0.363636 0.393652
vt 0.357954 0.393652
vt 0.352272 0.393652
vt 0.346591 0.393652
vt 0.340909 0.393652
vt 0.335227 0.393652
vt 0.329545 0.393652
vt 0.323863 0.393652
vt 0.318181 0.393652
vt 0.400568 0.388731
vt 0.394886 0.388731
vt 0.389204 0.388731
vt 0.383522 0.388731
vt 0.377840 0.388731
vt 0.372159 0.388731
vt 0.366477 0.388731
vt 0.360795 0.388731
vt 0.355113 0.388731
vt 0.349431 0.388731
vt 0.343750 0.388731
vt 0.338068 0.388731
vt 0.332386 0.388731
vt 0.326704 0.388731
vt 0.321022 0.388731
vt 0.315341 0.388731
vt 0.403409 0.383810
vt 0.397727 0.383810
vt 0.392045 0.383810
vt 0.386363 0.383810
vt 0.380681 0.383810
vt 0.375000 0.383810
vt 0.369318 0.383810
vt 0.363636 0.383810
vt 0.357954 0.383810
vt 0.352272 0.383810
vt 0.346591 0.383810
vt 0.340909 0.383810
vt 0.335227 0.383810
vt 0.329545 0.383810
vt 0.323863 0.383810
vt 0.318181 0.383810
vt 0.312500 0.383810
vt 0.406250 0.378889
vt 0.400568 0.378889
vt 0.394886 0.378889
vt 0.389204 0.378890
vt 0.383522 0.378890
vt 0.377840 0.378890
vt 0.372159 0.378890
vt 0.366477 0.378890
vt 0.360795 0.378890
vt 0.355113 0.378890
vt 0.349431 0.378890
vt 0.343750 0.378890
vt 0.338068 0.378890
vt 0.332386 0.378890
vt 0.326704 0.378890
vt 0.321022 0.378890
vt 0.315341 0.378890
vt 0.309659 0.378890
vt 0.409090 0.373969
vt 0.403409 0.373969
vt 0.397727 0.373969
vt 0.392045 0.373969
vt 0.386363 0.373969
vt 0.380681 0.373969
vt 0.375000 0.373969
vt 0.369318 0.373969
vt 0.363636 0.373969
vt 0.357954 0.373969
vt 0.352272 0.373969
vt 0.346591 0.373969
vt 0.340909 0.373969
vt 0.335227 0.373969
vt 0.329545 0.373969
vt 0.323863 0.373969
vt 0.318181 0.373969
vt 0.312500 0.373969
vt 0.306818 0.373969
vt 0.411931 0.369048
vt 0.406250 0.369048
vt 0.400568 0.369048
vt 0.394886 0.369048
vt 0.389204 0.369048
vt 0.383522 0.369048
vt 0.377840 0.369048
vt 0.372159 0.369048
vt 0.366477 0.369048
vt 0.360795 0.369048
vt 0.355113 0.369048
vt 0.349431 0.369048
vt 0.343750 0.369048
vt 0.338068 0.369048
vt 0.332386 0.369048
vt 0.326704 0.369048
vt 0.321022 0.369048
vt 0.315341 0.369048
vt 0.309659 0.369048
vt 0.303977 0.369048
vt 0.414772 0.364128
vt 0.409090 0.364128
vt 0.403409 0.364128
vt 0.397727 0.364128
vt 0.392045 0.364128
vt 0.386363 0.364128
vt 0.380681 0.364128
vt 0.375000 0.364128
vt 0.369318 0.364128
vt 0.363636 0.364128
vt 0.357954 0.364128
vt 0.352272 0.364128
vt 0.346590 0.364128
vt 0.340909 0.364128
vt 0.335227 0.364128
vt 0.329545 0.364128
vt 0.323863 0.364128
vt 0.318181 0.364128
vt 0.312500 0.364128
vt 0.306818 0.364128
vt 0.301136 0.364128
vt 0.417613 0.359207
vt 0.411931 0.359207
vt 0.406250 0.359207
vt 0.400568 0.359207
vt 0.394886 0.359207
vt 0.389204 0.359207
vt 0.383522 0.359207
vt 0.377840 0.359207
vt 0.372159 0.359207
vt 0.366477 0.359207
vt 0.360795 0.359207
vt 0.355113 0.359207
vt 0.349431 0.359207
vt 0.343750 0.359207
vt 0.338068 0.359207
vt 0.332386 0.359207
vt 0.326704 0.359207
vt 0.321022 0.359207
vt 0.315341 0.359207
vt 0.309659 0.359207
vt 0.303977 0.359207
vt 0.298295 0.359207
vt 0.420454 0.354286
vt 0.414772 0.354286
vt 0.409090 0.354286
vt 0.403409 0.354286
vt 0.397727 0.354286
vt 0.392045 0.354286
vt 0.386363 0.354286
vt 0.380681 0.354286
vt 0.375000 0.354286
vt 0.369318 0.354286
vt 0.363636 0.354286
vt 0.357954 0.354286
vt 0.352272 0.354286
vt 0.346591 0.354286
vt 0.340909 0.354286
vt 0.335227 0.354286
vt 0.329545 0.354286
vt 0.323863 0.354286
vt 0.318181 0.354286
vt 0.312500 0.354286
vt 0.306818 0.354286
vt 0.301136 0.354286
vt 0.295454 0.354286
vt 0.423295 0.349366
vt 0.417613 0.349366
vt 0.411931 0.349366
vt 0.406250 0.349366
vt 0.400568 0.349366
vt 0.394886 0.349366
vt 0.389204 0.349366
vt 0.383522 0.349366
vt 0.377841 0.349366
vt 0.372159 0.349366
vt 0.366477 0.349366
vt 0.360795 0.349366
vt 0.355113 0.349366
vt 0.349431 0.349366
vt 0.343750 0.349366
vt 0.338068 0.349366
vt 0.332386 0.349366
vt 0.326704 0.349366
vt 0.321022 0.349366
vt 0.315341 0.349366
vt 0.309659 0.349366
vt 0.303977 0.349366
vt 0.298295 0.349366
vt 0.292613 0.349366
vt 0.426136 0.344445
vt 0.420454 0.344445
vt 0.414772 0.344445
vt 0.409090 0.344445
vt 0.403409 0.344445
vt 0.397727 0.344445
vt 0.392045 0.344445
vt 0.386363 0.344445
vt 0.380681 0.344445
vt 0.375000 0.344445
vt 0.369318 0.344445
vt 0.363636 0.344445
vt 0.357954 0.344445
vt 0.352272 0.344445
vt 0.346591 0.344445
vt 0.340909 0.344445
vt 0.335227 0.344445
vt 0.329545 0.344445
vt 0.323863 0.344445
vt 0.318181 0.344445
vt 0.312500 0.344445
vt 0.306818 0.344445
vt 0.301136 0.344445
vt 0.295454 0.344445
vt 0.289772 0.344445
vt 0.428977 0.339524
vt 0.423295 0.339524
vt 0.417613 0.339524
vt 0.411931 0.339524
vt 0.406250 0.339524
vt 0.400568 0.339524
vt 0.394886 0.339524
vt 0.389204 0.339524
vt 0.383522 0.339524
vt 0.377841 0.339524
vt 0.372159 0.339524
vt 0.366477 0.339524
vt 0.360795 0.339524
vt 0.355113 0.339524
vt 0.349431 0.339524
vt 0.343750 0.339524
vt 0.338068 0.339524
vt 0.332386 0.339524
vt 0.326704 0.339524
vt 0.321022 0.339524
vt 0.315341 0.339524
vt 0.309659 0.339524
vt 0.303977 0.339524
vt 0.298295 0.339524
vt 0.292613 0.339524
vt 0.286932 0.339524
vt 0.431818 0.334604
vt 0.426136 0.334604
vt 0.420454 0.334604
vt 0.414772 0.334604
vt 0.409091 0.334604
vt 0.403409 0.334604
vt 0.397727 0.334604
vt 0.392045 0.334604
vt 0.386363 0.334604
vt 0.380681 0.334604
vt 0.375000 0.334604
vt 0.369318 0.334604
vt 0.363636 0.334604
vt 0.357954 0.334604
vt 0.352272 0.334604
vt 0.346591 0.334604
vt 0.340909 0.334604
vt 0.335227 0.334604
vt 0.329545 0.334604
vt 0.323863 0.334604
vt 0.318182 0.334604
vt 0.312500 0.334604
vt 0.306818 0.334604
vt 0.301136 0.334604
vt 0.295454 0.334604
vt 0.289772 0.334604
vt 0.284091 0.334604
vt 0.434659 0.329683
vt 0.428977 0.329683
vt 0.423295 0.329683
vt 0.417613 0.329683
vt 0.411931 0.329683
vt 0.406250 0.329683
vt 0.400568 0.329683
vt 0.394886 0.329683
vt 0.389204 0.329683
vt 0.383522 0.329683
vt 0.377840 0.329683
vt 0.372159 0.329683
vt 0.366477 0.329683
vt 0.360795 0.329683
vt 0.355113 0.329683
vt 0.349431 0.329683
vt 0.343750 0.329683
vt 0.338068 0.329683
vt 0.332386 0.329683
vt 0.326704 0.329683
vt 0.321022 0.329683
vt 0.315341 0.329683
vt 0.309659 0.329683
vt 0.303977 0.329683
vt 0.298295 0.329683
vt 0.292613 0.329683
vt 0.286932 0.329683
vt 0.281250 0.329683
vt 0.437500 0.324762
vt 0.431818 0.324762
vt 0.426136 0.324762
vt 0.420454 0.324762
vt 0.414772 0.324762
vt 0.409091 0.324762
vt 0.403409 0.324762
vt 0.397727 0.324762
vt 0.392045 0.324762
vt 0.386363 0.324762
vt 0.380681 0.324762
vt 0.375000 0.324762
vt 0.369318 0.324762
vt 0.363636 0.324762
vt 0.357954 0.324762
vt 0.352272 0.324762
vt 0.346591 0.324762
vt 0.340909 0.324762
vt 0.335227 0.324762
vt 0.329545 0.324762
vt 0.323863 0.324762
vt 0.318182 0.324762
vt 0.312500 0.324762
vt 0.306818 0.324762
vt 0.301136 0.324762
vt 0.295454 0.324762
vt 0.289772 0.324762
vt 0.284091 0.324762
vt 0.278409 0.324762
vt 0.440340 0.319842
vt 0.434659 0.319842
vt 0.428977 0.319842
vt 0.423295 0.319842
vt 0.417613 0.319842
vt 0.411931 0.319842
vt 0.406250 0.319842
vt 0.400568 0.319842
vt 0.394886 0.319842
vt 0.389204 0.319842
vt 0.383522 0.319842
vt 0.377841 0.319842
vt 0.372159 0.319842
vt 0.366477 0.319842
vt 0.360795 0.319842
vt 0.355113 0.319842
vt 0.349431 0.319842
vt 0.343750 0.319842
vt 0.338068 0.319842
vt 0.332386 0.319842
vt 0.326704 0.319842
vt 0.321022 0.319842
vt 0.315341 0.319842
vt 0.309659 0.319842
vt 0.303977 0.319842
vt 0.298295 0.319842
vt 0.292613 0.319842
vt 0.286932 0.319842
vt 0.281250 0.319842
vt 0.275568 0.319842
vt 0.443181 0.314921
vt 0.437500 0.314921
vt 0.431818 0.314921
vt 0.426136 0.314921
vt 0.420454 0.314921
vt 0.414772 0.314921
vt 0.409090 0.314921
vt 0.403409 0.314921
vt 0.397727 0.314921
vt 0.392045 0.314921
vt 0.386363 0.314921
vt 0.380681 0.314921
vt 0.375000 0.314921
vt 0.369318 0.314921
vt 0.363636 0.314921
vt 0.357954 0.314921
vt 0.352272 0.314921
vt 0.346591 0.314921
vt 0.340909 0.314921
vt 0.335227 0.314921
vt 0.329545 0.314921
vt 0.323863 0.314921
vt 0.318181 0.314921
vt 0.312500 0.314921
vt 0.306818 0.314921
vt 0.301136 0.314921
vt 0.295454 0.314921
vt 0.289772 0.314921
vt 0.284091 0.314921
vt 0.278409 0.314921
vt 0.184659 0.467461
vt 0.178977 0.467461
vt 0.181818 0.472382
vt 0.187500 0.462541
vt 0.181818 0.462541
vt 0.190341 0.457620
vt 0.184659 0.457620
vt 0.193182 0.452699
vt 0.187500 0.452699
vt 0.196023 0.447779
vt 0.190341 0.447779
vt 0.198863 0.442858
vt 0.193182 0.442858
vt 0.201704 0.437937
vt 0.196023 0.437937
vt 0.204545 0.433017
vt 0.198863 0.433017
vt 0.207386 0.428096
vt 0.201704 0.428096
vt 0.210227 0.423175
vt 0.204545 0.423175
vt 0.213068 0.418255
vt 0.207386 0.418255
vt 0.215909 0.413334
vt 0.210227 0.413334
vt 0.218750 0.408413
vt 0.213068 0.408413
vt 0.221591 0.403493
vt 0.215909 0.403493
vt 0.224432 0.398572
vt 0.218750 0.398572
vt 0.227273 0.393652
vt 0.221591 0.393652
vt 0.230113 0.388731
vt 0.224432 0.388731
vt 0.232954 0.383810
vt 0.227273 0.383810
vt 0.235795 0.378890
vt 0.230113 0.378890
vt 0.238636 0.373969
vt 0.232954 0.373969
vt 0.241477 0.369048
vt 0.235795 0.369048
vt 0.244318 0.364128
vt 0.238636 0.364128
vt 0.247159 0.359207
vt 0.241477 0.359207
vt 0.250000 0.354286
vt 0.244318 0.354286
vt 0.252841 0.349366
vt 0.247159 0.349366
vt 0.255682 0.344445
vt 0.250000 0.344445
vt 0.258522 0.339524
vt 0.252841 0.339524
vt 0.261363 0.334604
vt 0.255682 0.334604
vt 0.264204 0.329683
vt 0.258522 0.329683
vt 0.267045 0.324762
vt 0.261363 0.324762
vt 0.264204 0.319842
vt 0.176136 0.462541
vt 0.178977 0.457620
vt 0.173295 0.457620
vt 0.181818 0.452699
vt 0.176136 0.452699
vt 0.170454 0.452699
vt 0.184659 0.447779
vt 0.178977 0.447779
vt 0.173295 0.447779
vt 0.167613 0.447779
vt 0.187500 0.442858
vt 0.181818 0.442858
vt 0.176136 0.442858
vt 0.170454 0.442858
vt 0.164773 0.442858
vt 0.190341 0.437937
vt 0.184659 0.437937
vt 0.178977 0.437937
vt 0.173295 0.437937
vt 0.167613 0.437937
vt 0.161932 0.437937
vt 0.193182 0.433017
vt 0.187500 0.433017
vt 0.181818 0.433017
vt 0.176136 0.433017
vt 0.170454 0.433017
vt 0.164773 0.433017
vt 0.159091 0.433017
vt 0.196023 0.428096
vt 0.190341 0.428096
vt 0.184659 0.428096
vt 0.178977 0.428096
vt 0.173295 0.428096
vt 0.167613 0.428096
vt 0.161932 0.428096
vt 0.156250 0.428096
vt 0.198863 0.423175
vt 0.193182 0.423175
vt 0.187500 0.423176
vt 0.181818 0.423176
vt 0.176136 0.423176
vt 0.170454 0.423175
vt 0.164773 0.423175
vt 0.159091 0.423175
vt 0.153409 0.423175
vt 0.201704 0.418255
vt 0.196023 0.418255
vt 0.190341 0.418255
vt 0.184659 0.418255
vt 0.178977 0.418255
vt 0.173295 0.418255
vt 0.167613 0.418255
vt 0.161932 0.418255
vt 0.156250 0.418255
vt 0.150568 0.418255
vt 0.204545 0.413334
vt 0.198863 0.413334
vt 0.193182 0.413334
vt 0.187500 0.413334
vt 0.181818 0.413334
vt 0.176136 0.413334
vt 0.170454 0.413334
vt 0.164773 0.413334
vt 0.159091 0.413334
vt 0.153409 0.413334
vt 0.147727 0.413334
vt 0.207386 0.408413
vt 0.201704 0.408413
vt 0.196023 0.408413
vt 0.190341 0.408413
vt 0.184659 0.408413
vt 0.178977 0.408413
vt 0.173295 0.408413
vt 0.167613 0.408413
vt 0.161932 0.408413
vt 0.156250 0.408413
vt 0.150568 0.408413
vt 0.144886 0.408413
vt 0.210227 0.403493
vt 0.204545 0.403493
vt 0.198863 0.403493
vt 0.193182 0.403493
vt 0.187500 0.403493
vt 0.181818 0.403493
vt 0.176136 0.403493
vt 0.170454 0.403493
vt 0.164773 0.403493
vt 0.159091 0.403493
vt 0.153409 0.403493
vt 0.147727 0.403493
vt 0.142045 0.403493
vt 0.213068 0.398572
vt 0.207386 0.398572
vt 0.201704 0.398572
vt 0.196023 0.398572
vt 0.190341 0.398572
vt 0.184659 0.398572
vt 0.178977 0.398572
vt 0.173295 0.398572
vt 0.167613 0.398572
vt 0.161932 0.398572
vt 0.156250 0.398572
vt 0.150568 0.398572
vt 0.144886 0.398572
vt 0.139204 0.398572
vt 0.215909 0.393652
vt 0.210227 0.393652
vt 0.204545 0.393652
vt 0.198863 0.393652
vt 0.193182 0.393652
vt 0.187500 0.393652
vt 0.181818 0.393652
vt 0.176136 0.393652
vt 0.170454 0.393652
vt 0.164773 0.393652
vt 0.159091 0.393652
vt 0.153409 0.393652
vt 0.147727 0.393652
vt 0.142045 0.393652
vt 0.136364 0.393652
vt 0.218750 0.388731
vt 0.213068 0.388731
vt 0.207386 0.388731
vt 0.201704 0.388731
vt 0.196023 0.388731
vt 0.190341 0.388731
vt 0.184659 0.388731
vt 0.178977 0.388731
vt 0.173295 0.388731
vt 0.167613 0.388731
vt 0.161932 0.388731
vt 0.156250 0.388731
vt 0.150568 0.388731
vt 0.144886 0.388731
vt 0.139204 0.388731
vt 0.133523 0.388731
vt 0.221591 0.383810
vt 0.215909 0.383810
vt 0.210227 0.383810
vt 0.204545 0.383810
vt 0.198863 0.383810
vt 0.193182 0.383810
vt 0.187500 0.383810
vt 0.181818 0.383810
vt 0.176136 0.383810
vt 0.170454 0.383810
vt 0.164773 0.383810
vt 0.159091 0.383810
vt 0.153409 0.383810
vt 0.147727 0.383810
vt 0.142045 0.383810
vt 0.136364 0.383810
vt 0.130682 0.383810
vt 0.224432 0.378889
vt 0.218750 0.378889
vt 0.213068 0.378889
vt 0.207386 0.378890
vt 0.201704 0.378890
vt 0.196023 0.378890
vt 0.190341 0.378890
vt 0.184659 0.378890
vt 0.178977 0.378890
vt 0.173295 0.378890
vt 0.167613 0.378890
vt 0.161932 0.378890
vt 0.156250 0.378890
vt 0.150568 0.378890
vt 0.144886 0.378890
vt 0.139204 0.378890
vt 0.133523 0.378890
vt 0.127841 0.378890
vt 0.227272 0.373969
vt 0.221591 0.373969
vt 0.215909 0.373969
vt 0.210227 0.373969
vt 0.204545 0.373969
vt 0.198863 0.373969
vt 0.193182 0.373969
vt 0.187500 0.373969
vt 0.181818 0.373969
vt 0.176136 0.373969
vt 0.170454 0.373969
vt 0.164773 0.373969
vt 0.159091 0.373969
vt 0.153409 0.373969
vt 0.147727 0.373969
vt 0.142045 0.373969
vt 0.136364 0.373969
vt 0.130682 0.373969
vt 0.125000 0.373969
vt 0.230113 0.369048
vt 0.224432 0.369048
vt 0.218750 0.369048
vt 0.213068 0.369048
vt 0.207386 0.369048
vt 0.201704 0.369048
vt 0.196023 0.369048
vt 0.190341 0.369048
vt 0.184659 0.369048
vt 0.178977 0.369048
vt 0.173295 0.369048
vt 0.167613 0.369048
vt 0.161932 0.369048
vt 0.156250 0.369048
vt 0.150568 0.369048
vt 0.144886 0.369048
vt 0.139204 0.369048
vt 0.133523 0.369048
vt 0.127841 0.369048
vt 0.122159 0.369048
vt 0.232954 0.364128
vt 0.227272 0.364128
vt 0.221591 0.364128
vt 0.215909 0.364128
vt 0.210227 0.364128
vt 0.204545 0.364128
vt 0.198863 0.364128
vt 0.193182 0.364128
vt 0.187500 0.364128
vt 0.181818 0.364128
vt 0.176136 0.364128
vt 0.170454 0.364128
vt 0.164773 0.364128
vt 0.159091 0.364128
vt 0.153409 0.364128
vt 0.147727 0.364128
vt 0.142045 0.364128
vt 0.136363 0.364128
vt 0.130682 0.364128
vt 0.125000 0.364128
vt 0.119318 0.364128
vt 0.235795 0.359207
vt 0.230113 0.359207
vt 0.224432 0.359207
vt 0.218750 0.359207
vt 0.213068 0.359207
vt 0.207386 0.359207
vt 0.201704 0.359207
vt 0.196023 0.359207
vt 0.190341 0.359207
vt 0.184659 0.359207
vt 0.178977 0.359207
vt 0.173295 0.359207
vt 0.167613 0.359207
vt 0.161932 0.359207
vt 0.156250 0.359207
vt 0.150568 0.359207
vt 0.144886 0.359207
vt 0.139204 0.359207
vt 0.133523 0.359207
vt 0.127841 0.359207
vt 0.122159 0.359207
vt 0.116477 0.359207
vt 0.238636 0.354286
vt 0.232954 0.354286
vt 0.227272 0.354286
vt 0.221591 0.354286
vt 0.215909 0.354286
vt 0.210227 0.354286
vt 0.204545 0.354286
vt 0.198863 0.354286
vt 0.193182 0.354286
vt 0.187500 0.354286
vt 0.181818 0.354286
vt 0.176136 0.354286
vt 0.170454 0.354286
vt 0.164773 0.354286
vt 0.159091 0.354286
vt 0.153409 0.354286
vt 0.147727 0.354286
vt 0.142045 0.354286
vt 0.136363 0.354286
vt 0.130682 0.354286
vt 0.125000 0.354286
vt 0.119318 0.354286
vt 0.113636 0.354286
vt 0.241477 0.349366
vt 0.235795 0.349366
vt 0.230113 0.349366
vt 0.224432 0.349366
vt 0.218750 0.349366
vt 0.213068 0.349366
vt 0.207386 0.349366
vt 0.201704 0.349366
vt 0.196022 0.349366
vt 0.190341 0.349366
vt 0.184659 0.349366
vt 0.178977 0.349366
vt 0.173295 0.349366
vt 0.167613 0.349366
vt 0.161932 0.349366
vt 0.156250 0.349366
vt 0.150568 0.349366
vt 0.144886 0.349366
vt 0.139204 0.349366
vt 0.133523 0.349366
vt 0.127841 0.349366
vt 0.122159 0.349366
vt 0.116477 0.349366
vt 0.110795 0.349366
vt 0.244318 0.344445
vt 0.238636 0.344445
vt 0.232954 0.344445
vt 0.227272 0.344445
vt 0.221591 0.344445
vt 0.215909 0.344445
vt 0.210227 0.344445
vt 0.204545 0.344445
vt 0.198863 0.344445
vt 0.193182 0.344445
vt 0.187500 0.344445
vt 0.181818 0.344445
vt 0.176136 0.344445
vt 0.170454 0.344445
vt 0.164773 0.344445
vt 0.159091 0.344445
vt 0.153409 0.344445
vt 0.147727 0.344445
vt 0.142045 0.344445
vt 0.136363 0.344445
vt 0.130682 0.344445
vt 0.125000 0.344445
vt 0.119318 0.344445
vt 0.113636 0.344445
vt 0.107954 0.344445
vt 0.247159 0.339524
vt 0.241477 0.339524
vt 0.235795 0.339524
vt 0.230113 0.339524
vt 0.224432 0.339524
vt 0.218750 0.339524
vt 0.213068 0.339524
vt 0.207386 0.339524
vt 0.201704 0.339524
vt 0.196023 0.339524
vt 0.190341 0.339524
vt 0.184659 0.339524
vt 0.178977 0.339524
vt 0.173295 0.339524
vt 0.167613 0.339524
vt 0.161932 0.339524
vt 0.156250 0.339524
vt 0.150568 0.339524
vt 0.144886 0.339524
vt 0.139204 0.339524
vt 0.133523 0.339524
vt 0.127841 0.339524
vt 0.122159 0.339524
vt 0.116477 0.339524
vt 0.110795 0.339524
vt 0.105114 0.339524
vt 0.250000 0.334604
vt 0.244318 0.334604
vt 0.238636 0.334604
vt 0.232954 0.334604
vt 0.227273 0.334604
vt 0.221591 0.334604
vt 0.215909 0.334604
vt 0.210227 0.334604
vt 0.204545 0.334604
vt 0.198863 0.334604
vt 0.193182 0.334604
vt 0.187500 0.334604
vt 0.181818 0.334604
vt 0.176136 0.334604
vt 0.170454 0.334604
vt 0.164773 0.334604
vt 0.159091 0.334604
vt 0.153409 0.334604
vt 0.147727 0.334604
vt 0.142045 0.334604
vt 0.136364 0.334604
vt 0.130682 0.334604
vt 0.125000 0.334604
vt 0.119318 0.334604
vt 0.113636 0.334604
vt 0.107954 0.334604
vt 0.102273 0.334604
vt 0.252841 0.329683
vt 0.247159 0.329683
vt 0.241477 0.329683
vt 0.235795 0.329683
vt 0.230113 0.329683
vt 0.224432 0.329683
vt 0.218750 0.329683
vt 0.213068 0.329683
vt 0.207386 0.329683
vt 0.201704 0.329683
vt 0.196022 0.329683
vt 0.190341 0.329683
vt 0.184659 0.329683
vt 0.178977 0.329683
vt 0.173295 0.329683
vt 0.167613 0.329683
vt 0.161932 0.329683
vt 0.156250 0.329683
vt 0.150568 0.329683
vt 0.144886 0.329683
vt 0.139204 0.329683
vt 0.133523 0.329683
vt 0.127841 0.329683
vt 0.122159 0.329683
vt 0.116477 0.329683
vt 0.110795 0.329683
vt 0.105114 0.329683
vt 0.099432 0.329683
vt 0.255682 0.324762
vt 0.250000 0.324762
vt 0.244318 0.324762
vt 0.238636 0.324762
vt 0.232954 0.324762
vt 0.227273 0.324762
vt 0.221591 0.324762
vt 0.215909 0.324762
vt 0.210227 0.324762
vt 0.204545 0.324762
vt 0.198863 0.324762
vt 0.193182 0.324762
vt 0.187500 0.324762
vt 0.181818 0.324762
vt 0.176136 0.324762
vt 0.170454 0.324762
vt 0.164773 0.324762
vt 0.159091 0.324762
vt 0.153409 0.324762
vt 0.147727 0.324762
vt 0.142045 0.324762
vt 0.136364 0.324762
vt 0.130682 0.324762
vt 0.125000 0.324762
vt 0.119318 0.324762
vt 0.113636 0.324762
vt 0.107954 0.324762
vt 0.102273 0.324762
vt 0.096591 0.324762
vt 0.258522 0.319842
vt 0.252841 0.319842
vt 0.247159 0.319842
vt 0.241477 0.319842
vt 0.235795 0.319842
vt 0.230113 0.319842
vt 0.224432 0.319842
vt 0.218750 0.319842
vt 0.213068 0.319842
vt 0.207386 0.319842
vt 0.201704 0.319842
vt 0.196023 0.319842
vt 0.190341 0.319842
vt 0.184659 0.319842
vt 0.178977 0.319842
vt 0.173295 0.319842
vt 0.167613 0.319842
vt 0.161932 0.319842
vt 0.156250 0.319842
vt 0.150568 0.319842
vt 0.144886 0.319842
vt 0.139204 0.319842
vt 0.133523 0.319842
vt 0.127841 0.319842
vt 0.122159 0.319842
vt 0.116477 0.319842
vt 0.110795 0.319842
vt 0.105114 0.319842
vt 0.099432 0.319842
vt 0.093750 0.319842
vt 0.261363 0.314921
vt 0.255682 0.314921
vt 0.250000 0.314921
vt 0.244318 0.314921
vt 0.238636 0.314921
vt 0.232954 0.314921
vt 0.227272 0.314921
vt 0.221591 0.314921
vt 0.215909 0.314921
vt 0.210227 0.314921
vt 0.204545 0.314921
vt 0.198863 0.314921
vt 0.193182 0.314921
vt 0.187500 0.314921
vt 0.181818 0.314921
vt 0.176136 0.314921
vt 0.170454 0.314921
vt 0.164773 0.314921
vt 0.159091 0.314921
vt 0.153409 0.314921
vt 0.147727 0.314921
vt 0.142045 0.314921
vt 0.136363 0.314921
vt 0.130682 0.314921
vt 0.125000 0.314921
vt 0.119318 0.314921
vt 0.113636 0.314921
vt 0.107954 0.314921
vt 0.102273 0.314921
vt 0.096591 0.314921
vt 0.090909 0.314921
vt 0.911931 0.467461
vt 0.906249 0.467461
vt 0.909090 0.472382
vt 0.914772 0.462541
vt 0.909090 0.462541
vt 0.917613 0.457620
vt 0.911931 0.457620
vt 0.920454 0.452699
vt 0.914772 0.452699
vt 0.923295 0.447779
vt 0.917613 0.447779
vt 0.926136 0.442858
vt 0.920454 0.442858
vt 0.928977 0.437937
vt 0.923295 0.437937
vt 0.931818 0.433017
vt 0.926136 0.433017
vt 0.934658 0.428096
vt 0.928977 0.428096
vt 0.937499 0.423175
vt 0.931818 0.423175
vt 0.940340 0.418255
vt 0.934658 0.418255
vt 0.943181 0.413334
vt 0.937499 0.413334
vt 0.946022 0.408413
vt 0.940340 0.408413
vt 0.948863 0.403493
vt 0.943181 0.403493
vt 0.951704 0.398572
vt 0.946022 0.398572
vt 0.954545 0.393652
vt 0.948863 0.393652
vt 0.957386 0.388731
vt 0.951704 0.388731
vt 0.960227 0.383810
vt 0.954545 0.383810
vt 0.963068 0.378890
vt 0.957386 0.378890
vt 0.965909 0.373969
vt 0.960227 0.373969
vt 0.968750 0.369048
vt 0.963068 0.369048
vt 0.971591 0.364128
vt 0.965909 0.364128
vt 0.974432 0.359207
vt 0.968750 0.359207
vt 0.977273 0.354286
vt 0.971591 0.354286
vt 0.980113 0.349366
vt 0.974432 0.349366
vt 0.982954 0.344445
vt 0.977273 0.344445
vt 0.985795 0.339524
vt 0.980113 0.339524
vt 0.988636 0.334604
vt 0.982954 0.334604
vt 0.991477 0.329683
vt 0.985795 0.329683
vt 0.994318 0.324762
vt 0.988636 0.324762
vt 0.991477 0.319842
vt 0.903408 0.462541
vt 0.906249 0.457620
vt 0.900567 0.457620
vt 0.909090 0.452699
vt 0.903408 0.452699
vt 0.897726 0.452699
vt 0.911931 0.447779
vt 0.906249 0.447779
vt 0.900567 0.447779
vt 0.894885 0.447779
vt 0.914772 0.442858
vt 0.909090 0.442858
vt 0.903408 0.442858
vt 0.897726 0.442858
vt 0.892045 0.442858
vt 0.917613 0.437937
vt 0.911931 0.437937
vt 0.906249 0.437937
vt 0.900567 0.437937
vt 0.894885 0.437937
vt 0.889204 0.437937
vt 0.920454 0.433017
vt 0.914772 0.433017
vt 0.909090 0.433017
vt 0.903408 0.433017
vt 0.897726 0.433017
vt 0.892045 0.433017
vt 0.886363 0.433017
vt 0.923295 0.428096
vt 0.917613 0.428096
vt 0.911931 0.428096
vt 0.906249 0.428096
vt 0.900567 0.428096
vt 0.894885 0.428096
vt 0.889204 0.428096
vt 0.883522 0.428096
vt 0.926136 0.423175
vt 0.920454 0.423175
vt 0.914772 0.423176
vt 0.909090 0.423176
vt 0.903408 0.423176
vt 0.897726 0.423175
vt 0.892044 0.423175
vt 0.886363 0.423175
vt 0.880681 0.423175
vt 0.928977 0.418255
vt 0.923295 0.418255
vt 0.917613 0.418255
vt 0.911931 0.418255
vt 0.906249 0.418255
vt 0.900567 0.418255
vt 0.894885 0.418255
vt 0.889204 0.418255
vt 0.883522 0.418255
vt 0.877840 0.418255
vt 0.931818 0.413334
vt 0.926136 0.413334
vt 0.920454 0.413334
vt 0.914772 0.413334
vt 0.909090 0.413334
vt 0.903408 0.413334
vt 0.897726 0.413334
vt 0.892045 0.413334
vt 0.886363 0.413334
vt 0.880681 0.413334
vt 0.874999 0.413334
vt 0.934658 0.408413
vt 0.928977 0.408413
vt 0.923295 0.408413
vt 0.917613 0.408413
vt 0.911931 0.408413
vt 0.906249 0.408413
vt 0.900567 0.408413
vt 0.894886 0.408413
vt 0.889204 0.408413
vt 0.883522 0.408413
vt 0.877840 0.408413
vt 0.872158 0.408413
vt 0.937499 0.403493
vt 0.931818 0.403493
vt 0.926136 0.403493
vt 0.920454 0.403493
vt 0.914772 0.403493
vt 0.909090 0.403493
vt 0.903408 0.403493
vt 0.897727 0.403493
vt 0.892045 0.403493
vt 0.886363 0.403493
vt 0.880681 0.403493
vt 0.874999 0.403493
vt 0.869317 0.403493
vt 0.940340 0.398572
vt 0.934658 0.398572
vt 0.928977 0.398572
vt 0.923295 0.398572
vt 0.917613 0.398572
vt 0.911931 0.398572
vt 0.906249 0.398572
vt 0.900567 0.398572
vt 0.894886 0.398572
vt 0.889204 0.398572
vt 0.883522 0.398572
vt 0.877840 0.398572
vt 0.872158 0.398572
vt 0.866476 0.398572
vt 0.943181 0.393652
vt 0.937499 0.393652
vt 0.931818 0.393652
vt 0.926136 0.393652
vt 0.920454 0.393652
vt 0.914772 0.393652
vt 0.909090 0.393652
vt 0.903408 0.393652
vt 0.897727 0.393652
vt 0.892045 0.393652
vt 0.886363 0.393652
vt 0.880681 0.393652
vt 0.874999 0.393652
vt 0.869317 0.393652
vt 0.863635 0.393652
vt 0.946022 0.388731
vt 0.940340 0.388731
vt 0.934659 0.388731
vt 0.928977 0.388731
vt 0.923295 0.388731
vt 0.917613 0.388731
vt 0.911931 0.388731
vt 0.906249 0.388731
vt 0.900567 0.388731
vt 0.894886 0.388731
vt 0.889204 0.388731
vt 0.883522 0.388731
vt 0.877840 0.388731
vt 0.872158 0.388731
vt 0.866476 0.388731
vt 0.860794 0.388731
vt 0.948863 0.383810
vt 0.943181 0.383810
vt 0.937500 0.383810
vt 0.931818 0.383810
vt 0.926136 0.383810
vt 0.920454 0.383810
vt 0.914772 0.383810
vt 0.909090 0.383810
vt 0.903408 0.383810
vt 0.897727 0.383810
vt 0.892045 0.383810
vt 0.886363 0.383810
vt 0.880681 0.383810
vt 0.874999 0.383810
vt 0.869317 0.383810
vt 0.863635 0.383810
vt 0.857954 0.383810
vt 0.951704 0.378889
vt 0.946022 0.378889
vt 0.940341 0.378889
vt 0.934659 0.378890
vt 0.928977 0.378890
vt 0.923295 0.378890
vt 0.917613 0.378890
vt 0.911931 0.378890
vt 0.906249 0.378890
vt 0.900567 0.378890
vt 0.894886 0.378890
vt 0.889204 0.378890
vt 0.883522 0.378890
vt 0.877840 0.378890
vt 0.872158 0.378890
vt 0.866476 0.378890
vt 0.860795 0.378890
vt 0.855113 0.378890
vt 0.954545 0.373969
vt 0.948863 0.373969
vt 0.943181 0.373969
vt 0.937500 0.373969
vt 0.931818 0.373969
vt 0.926136 0.373969
vt 0.920454 0.373969
vt 0.914772 0.373969
vt 0.909090 0.373969
vt 0.903409 0.373969
vt 0.897727 0.373969
vt 0.892045 0.373969
vt 0.886363 0.373969
vt 0.880681 0.373969
vt 0.874999 0.373969
vt 0.869317 0.373969
vt 0.863636 0.373969
vt 0.857954 0.373969
vt 0.852272 0.373969
vt 0.957386 0.369048
vt 0.951704 0.369048
vt 0.946022 0.369048
vt 0.940340 0.369048
vt 0.934659 0.369048
vt 0.928977 0.369048
vt 0.923295 0.369048
vt 0.917613 0.369048
vt 0.911931 0.369048
vt 0.906249 0.369048
vt 0.900568 0.369048
vt 0.894886 0.369048
vt 0.889204 0.369048
vt 0.883522 0.369048
vt 0.877840 0.369048
vt 0.872158 0.369048
vt 0.866477 0.369048
vt 0.860795 0.369048
vt 0.855113 0.369048
vt 0.849431 0.369048
vt 0.960227 0.364128
vt 0.954545 0.364128
vt 0.948863 0.364128
vt 0.943181 0.364128
vt 0.937500 0.364128
vt 0.931818 0.364128
vt 0.926136 0.364128
vt 0.920454 0.364128
vt 0.914772 0.364128
vt 0.909090 0.364128
vt 0.903408 0.364128
vt 0.897727 0.364128
vt 0.892045 0.364128
vt 0.886363 0.364128
vt 0.880681 0.364128
vt 0.874999 0.364128
vt 0.869317 0.364128
vt 0.863636 0.364128
vt 0.857954 0.364128
vt 0.852272 0.364128
vt 0.846590 0.364128
vt 0.963068 0.359207
vt 0.957386 0.359207
vt 0.951704 0.359207
vt 0.946022 0.359207
vt 0.940341 0.359207
vt 0.934659 0.359207
vt 0.928977 0.359207
vt 0.923295 0.359207
vt 0.917613 0.359207
vt 0.911931 0.359207
vt 0.906249 0.359207
vt 0.900568 0.359207
vt 0.894886 0.359207
vt 0.889204 0.359207
vt 0.883522 0.359207
vt 0.877840 0.359207
vt 0.872158 0.359207
vt 0.866476 0.359207
vt 0.860795 0.359207
vt 0.855113 0.359207
vt 0.849431 0.359207
vt 0.843749 0.359207
vt 0.965909 0.354286
vt 0.960227 0.354286
vt 0.954545 0.354286
vt 0.948863 0.354286
vt 0.943181 0.354286
vt 0.937500 0.354286
vt 0.931818 0.354286
vt 0.926136 0.354286
vt 0.920454 0.354286
vt 0.914772 0.354286
vt 0.909090 0.354286
vt 0.903408 0.354286
vt 0.897727 0.354286
vt 0.892045 0.354286
vt 0.886363 0.354286
vt 0.880681 0.354286
vt 0.874999 0.354286
vt 0.869317 0.354286
vt 0.863636 0.354286
vt 0.857954 0.354286
vt 0.852272 0.354286
vt 0.846590 0.354286
vt 0.840908 0.354286
vt 0.968750 0.349366
vt 0.963068 0.349366
vt 0.957386 0.349366
vt 0.951704 0.349366
vt 0.946022 0.349366
vt 0.940341 0.349366
vt 0.934659 0.349366
vt 0.928977 0.349366
vt 0.923295 0.349366
vt 0.917613 0.349366
vt 0.911931 0.349366
vt 0.906249 0.349366
vt 0.900568 0.349366
vt 0.894886 0.349366
vt 0.889204 0.349366
vt 0.883522 0.349366
vt 0.877840 0.349366
vt 0.872158 0.349366
vt 0.866477 0.349366
vt 0.860795 0.349366
vt 0.855113 0.349366
vt 0.849431 0.349366
vt 0.843749 0.349366
vt 0.838067 0.349366
vt 0.971591 0.344445
vt 0.965909 0.344445
vt 0.960227 0.344445
vt 0.954545 0.344445
vt 0.948863 0.344445
vt 0.943182 0.344445
vt 0.937500 0.344445
vt 0.931818 0.344445
vt 0.926136 0.344445
vt 0.920454 0.344445
vt 0.914772 0.344445
vt 0.909090 0.344445
vt 0.903409 0.344445
vt 0.897727 0.344445
vt 0.892045 0.344445
vt 0.886363 0.344445
vt 0.880681 0.344445
vt 0.874999 0.344445
vt 0.869318 0.344445
vt 0.863636 0.344445
vt 0.857954 0.344445
vt 0.852272 0.344445
vt 0.846590 0.344445
vt 0.840908 0.344445
vt 0.835226 0.344445
vt 0.974432 0.339524
vt 0.968750 0.339524
vt 0.963068 0.339524
vt 0.957386 0.339524
vt 0.951704 0.339524
vt 0.946022 0.339524
vt 0.940341 0.339524
vt 0.934659 0.339524
vt 0.928977 0.339524
vt 0.923295 0.339524
vt 0.917613 0.339524
vt 0.911931 0.339524
vt 0.906249 0.339524
vt 0.900568 0.339524
vt 0.894886 0.339524
vt 0.889204 0.339524
vt 0.883522 0.339524
vt 0.877840 0.339524
vt 0.872158 0.339524
vt 0.866477 0.339524
vt 0.860795 0.339524
vt 0.855113 0.339524
vt 0.849431 0.339524
vt 0.843749 0.339524
vt 0.838067 0.339524
vt 0.832385 0.339524
vt 0.977273 0.334604
vt 0.971591 0.334604
vt 0.965909 0.334604
vt 0.960227 0.334604
vt 0.954545 0.334604
vt 0.948863 0.334604
vt 0.943181 0.334604
vt 0.937500 0.334604
vt 0.931818 0.334604
vt 0.926136 0.334604
vt 0.920454 0.334604
vt 0.914772 0.334604
vt 0.909090 0.334604
vt 0.903409 0.334604
vt 0.897727 0.334604
vt 0.892045 0.334604
vt 0.886363 0.334604
vt 0.880681 0.334604
vt 0.874999 0.334604
vt 0.869317 0.334604
vt 0.863636 0.334604
vt 0.857954 0.334604
vt 0.852272 0.334604
vt 0.846590 0.334604
vt 0.840908 0.334604
vt 0.835226 0.334604
vt 0.829545 0.334604
vt 0.980114 0.329683
vt 0.974432 0.329683
vt 0.968750 0.329683
vt 0.963068 0.329683
vt 0.957386 0.329683
vt 0.951704 0.329683
vt 0.946022 0.329683
vt 0.940341 0.329683
vt 0.934659 0.329683
vt 0.928977 0.329683
vt 0.923295 0.329683
vt 0.917613 0.329683
vt 0.911931 0.329683
vt 0.906250 0.329683
vt 0.900568 0.329683
vt 0.894886 0.329683
vt 0.889204 0.329683
vt 0.883522 0.329683
vt 0.877840 0.329683
vt 0.872158 0.329683
vt 0.866477 0.329683
vt 0.860795 0.329683
vt 0.855113 0.329683
vt 0.849431 0.329683
vt 0.843749 0.329683
vt 0.838067 0.329683
vt 0.832386 0.329683
vt 0.826704 0.329683
vt 0.982954 0.324762
vt 0.977273 0.324762
vt 0.971591 0.324762
vt 0.965909 0.324762
vt 0.960227 0.324762
vt 0.954545 0.324762
vt 0.948863 0.324762
vt 0.943181 0.324762
vt 0.937500 0.324762
vt 0.931818 0.324762
vt 0.926136 0.324762
vt 0.920454 0.324762
vt 0.914772 0.324762
vt 0.909090 0.324762
vt 0.903409 0.324762
vt 0.897727 0.324762
vt 0.892045 0.324762
vt 0.886363 0.324762
vt 0.880681 0.324762
vt 0.874999 0.324762
vt 0.869317 0.324762
vt 0.863636 0.324762
vt 0.857954 0.324762
vt 0.852272 0.324762
vt 0.846590 0.324762
vt 0.840908 0.324762
vt 0.835226 0.324762
vt 0.829545 0.324762
vt 0.823863 0.324762
vt 0.985795 0.319842
vt 0.980114 0.319842
vt 0.974432 0.319842
vt 0.968750 0.319842
vt 0.963068 0.319842
vt 0.957386 0.319842
vt 0.951704 0.319842
vt 0.946022 0.319842
vt 0.940341 0.319842
vt 0.934659 0.319842
vt 0.928977 0.319842
vt 0.923295 0.319842
vt 0.917613 0.319842
vt 0.911931 0.319842
vt 0.906250 0.319842
vt 0.900568 0.319842
vt 0.894886 0.319842
vt 0.889204 0.319842
vt 0.883522 0.319842
vt 0.877840 0.319842
vt 0.872159 0.319842
vt 0.866477 0.319842
vt 0.860795 0.319842
vt 0.855113 0.319842
vt 0.849431 0.319842
vt 0.843749 0.319842
vt 0.838067 0.319842
vt 0.832386 0.319842
vt 0.826704 0.319842
vt 0.821022 0.319842
vt 0.988636 0.314921
vt 0.982955 0.314921
vt 0.977273 0.314921
vt 0.971591 0.314921
vt 0.965909 0.314921
vt 0.960227 0.314921
vt 0.954545 0.314921
vt 0.948863 0.314921
vt 0.943182 0.314921
vt 0.937500 0.314921
vt 0.931818 0.314921
vt 0.926136 0.314921
vt 0.920454 0.314921
vt 0.914772 0.314921
vt 0.909091 0.314921
vt 0.903409 0.314921
vt 0.897727 0.314921
vt 0.892045 0.314921
vt 0.886363 0.314921
vt 0.880681 0.314921
vt 0.874999 0.314921
vt 0.869318 0.314921
vt 0.863636 0.314921
vt 0.857954 0.314921
vt 0.852272 0.314921
vt 0.846590 0.314921
vt 0.840908 0.314921
vt 0.835227 0.314921
vt 0.829545 0.314921
vt 0.823863 0.314921
vt 0.730113 0.467461
vt 0.724431 0.467461
vt 0.727272 0.472382
vt 0.732954 0.462541
vt 0.727272 0.462541
vt 0.735795 0.457620
vt 0.730113 0.457620
vt 0.738636 0.452699
vt 0.732954 0.452699
vt 0.741476 0.447779
vt 0.735795 0.447779
vt 0.744317 0.442858
vt 0.738636 0.442858
vt 0.747158 0.437937
vt 0.741476 0.437937
vt 0.749999 0.433017
vt 0.744317 0.433017
vt 0.752840 0.428096
vt 0.747158 0.428096
vt 0.755681 0.423175
vt 0.749999 0.423175
vt 0.758522 0.418255
vt 0.752840 0.418255
vt 0.761363 0.413334
vt 0.755681 0.413334
vt 0.764204 0.408413
vt 0.758522 0.408413
vt 0.767045 0.403493
vt 0.761363 0.403493
vt 0.769885 0.398572
vt 0.764204 0.398572
vt 0.772726 0.393652
vt 0.767045 0.393652
vt 0.775567 0.388731
vt 0.769886 0.388731
vt 0.778408 0.383810
vt 0.772726 0.383810
vt 0.781249 0.378890
vt 0.775567 0.378890
vt 0.784090 0.373969
vt 0.778408 0.373969
vt 0.786931 0.369048
vt 0.781249 0.369048
vt 0.789772 0.364128
vt 0.784090 0.364128
vt 0.792613 0.359207
vt 0.786931 0.359207
vt 0.795454 0.354286
vt 0.789772 0.354286
vt 0.798295 0.349366
vt 0.792613 0.349366
vt 0.801136 0.344445
vt 0.795454 0.344445
vt 0.803976 0.339524
vt 0.798295 0.339524
vt 0.806817 0.334604
vt 0.801136 0.334604
vt 0.809658 0.329683
vt 0.803976 0.329683
vt 0.812499 0.324762
vt 0.806817 0.324762
vt 0.809658 0.319842
vt 0.721590 0.462541
vt 0.724431 0.457620
vt 0.718749 0.457620
vt 0.727272 0.452699
vt 0.721590 0.452699
vt 0.715908 0.452699
vt 0.730113 0.447779
vt 0.724431 0.447779
vt 0.718749 0.447779
vt 0.713067 0.447779
vt 0.732954 0.442858
vt 0.727272 0.442858
vt 0.721590 0.442858
vt 0.715908 0.442858
vt 0.710227 0.442858
vt 0.735795 0.437937
vt 0.730113 0.437937
vt 0.724431 0.437937
vt 0.718749 0.437937
vt 0.713067 0.437937
vt 0.707386 0.437937
vt 0.738636 0.433017
vt 0.732954 0.433017
vt 0.727272 0.433017
vt 0.721590 0.433017
vt 0.715908 0.433017
vt 0.710226 0.433017
vt 0.704545 0.433017
vt 0.741477 0.428096
vt 0.735795 0.428096
vt 0.730113 0.428096
vt 0.724431 0.428096
vt 0.718749 0.428096
vt 0.713067 0.428096
vt 0.707386 0.428096
vt 0.701704 0.428096
vt 0.744317 0.423175
vt 0.738636 0.423175
vt 0.732954 0.423175
vt 0.727272 0.423175
vt 0.721590 0.423175
vt 0.715908 0.423175
vt 0.710227 0.423175
vt 0.704545 0.423175
vt 0.698863 0.423175
vt 0.747158 0.418255
vt 0.741476 0.418255
vt 0.735795 0.418255
vt 0.730113 0.418255
vt 0.724431 0.418255
vt 0.718749 0.418255
vt 0.713067 0.418255
vt 0.707386 0.418255
vt 0.701704 0.418255
vt 0.696022 0.418255
vt 0.749999 0.413334
vt 0.744317 0.413334
vt 0.738635 0.413334
vt 0.732954 0.413334
vt 0.727272 0.413334
vt 0.721590 0.413334
vt 0.715908 0.413334
vt 0.710227 0.413334
vt 0.704545 0.413334
vt 0.698863 0.413334
vt 0.693181 0.413334
vt 0.752840 0.408413
vt 0.747158 0.408413
vt 0.741476 0.408413
vt 0.735795 0.408413
vt 0.730113 0.408413
vt 0.724431 0.408413
vt 0.718749 0.408413
vt 0.713067 0.408413
vt 0.707386 0.408413
vt 0.701704 0.408413
vt 0.696022 0.408413
vt 0.690340 0.408413
vt 0.755681 0.403493
vt 0.749999 0.403493
vt 0.744317 0.403493
vt 0.738636 0.403493
vt 0.732954 0.403493
vt 0.727272 0.403493
vt 0.721590 0.403493
vt 0.715908 0.403493
vt 0.710227 0.403493
vt 0.704545 0.403493
vt 0.698863 0.403493
vt 0.693181 0.403493
vt 0.687499 0.403493
vt 0.758522 0.398572
vt 0.752840 0.398572
vt 0.747158 0.398572
vt 0.741476 0.398572
vt 0.735795 0.398572
vt 0.730113 0.398572
vt 0.724431 0.398572
vt 0.718749 0.398572
vt 0.713067 0.398572
vt 0.707386 0.398572
vt 0.701704 0.398572
vt 0.696022 0.398572
vt 0.690340 0.398572
vt 0.684658 0.398572
vt 0.761363 0.393652
vt 0.755681 0.393651
vt 0.749999 0.393651
vt 0.744317 0.393651
vt 0.738635 0.393651
vt 0.732954 0.393651
vt 0.727272 0.393651
vt 0.721590 0.393651
vt 0.715908 0.393651
vt 0.710226 0.393651
vt 0.704545 0.393651
vt 0.698863 0.393651
vt 0.693181 0.393651
vt 0.687499 0.393651
vt 0.681817 0.393651
vt 0.764204 0.388731
vt 0.758522 0.388731
vt 0.752840 0.388731
vt 0.747158 0.388731
vt 0.741476 0.388731
vt 0.735795 0.388731
vt 0.730113 0.388731
vt 0.724431 0.388731
vt 0.718749 0.388731
vt 0.713067 0.388731
vt 0.707386 0.388731
vt 0.701704 0.388731
vt 0.696022 0.388731
vt 0.690340 0.388731
vt 0.684658 0.388731
vt 0.678976 0.388731
vt 0.767045 0.383810
vt 0.761363 0.383810
vt 0.755681 0.383810
vt 0.749999 0.383810
vt 0.744317 0.383810
vt 0.738635 0.383810
vt 0.732954 0.383810
vt 0.727272 0.383810
vt 0.721590 0.383810
vt 0.715908 0.383810
vt 0.710226 0.383810
vt 0.704545 0.383810
vt 0.698863 0.383810
vt 0.693181 0.383810
vt 0.687499 0.383810
vt 0.681817 0.383810
vt 0.676136 0.383810
vt 0.769885 0.378889
vt 0.764204 0.378889
vt 0.758522 0.378889
vt 0.752840 0.378889
vt 0.747158 0.378889
vt 0.741476 0.378889
vt 0.735795 0.378889
vt 0.730113 0.378889
vt 0.724431 0.378889
vt 0.718749 0.378889
vt 0.713067 0.378889
vt 0.707386 0.378889
vt 0.701704 0.378889
vt 0.696022 0.378889
vt 0.690340 0.378889
vt 0.684658 0.378889
vt 0.678976 0.378889
vt 0.673295 0.378889
vt 0.772726 0.373969
vt 0.767045 0.373969
vt 0.761363 0.373969
vt 0.755681 0.373969
vt 0.749999 0.373969
vt 0.744317 0.373969
vt 0.738636 0.373969
vt 0.732954 0.373969
vt 0.727272 0.373969
vt 0.721590 0.373969
vt 0.715908 0.373969
vt 0.710226 0.373969
vt 0.704545 0.373969
vt 0.698863 0.373969
vt 0.693181 0.373969
vt 0.687499 0.373969
vt 0.681817 0.373969
vt 0.676136 0.373969
vt 0.670454 0.373969
vt 0.775567 0.369048
vt 0.769886 0.369048
vt 0.764204 0.369048
vt 0.758522 0.369048
vt 0.752840 0.369048
vt 0.747158 0.369048
vt 0.741476 0.369048
vt 0.735795 0.369048
vt 0.730113 0.369048
vt 0.724431 0.369048
vt 0.718749 0.369048
vt 0.713067 0.369048
vt 0.707386 0.369048
vt 0.701704 0.369048
vt 0.696022 0.369048
vt 0.690340 0.369048
vt 0.684658 0.369048
vt 0.678976 0.369048
vt 0.673295 0.369048
vt 0.667613 0.369048
vt 0.778408 0.364128
vt 0.772726 0.364128
vt 0.767045 0.364128
vt 0.761363 0.364128
vt 0.755681 0.364128
vt 0.749999 0.364128
vt 0.744317 0.364128
vt 0.738635 0.364128
vt 0.732954 0.364128
vt 0.727272 0.364128
vt 0.721590 0.364128
vt 0.715908 0.364128
vt 0.710226 0.364128
vt 0.704545 0.364127
vt 0.698863 0.364128
vt 0.693181 0.364128
vt 0.687499 0.364128
vt 0.681817 0.364128
vt 0.676136 0.364127
vt 0.670454 0.364127
vt 0.664772 0.364127
vt 0.781249 0.359207
vt 0.775567 0.359207
vt 0.769886 0.359207
vt 0.764204 0.359207
vt 0.758522 0.359207
vt 0.752840 0.359207
vt 0.747158 0.359207
vt 0.741477 0.359207
vt 0.735795 0.359207
vt 0.730113 0.359207
vt 0.724431 0.359207
vt 0.718749 0.359207
vt 0.713067 0.359207
vt 0.707386 0.359207
vt 0.701704 0.359207
vt 0.696022 0.359207
vt 0.690340 0.359207
vt 0.684658 0.359207
vt 0.678976 0.359207
vt 0.673295 0.359207
vt 0.667613 0.359207
vt 0.661931 0.359207
vt 0.784090 0.354286
vt 0.778408 0.354286
vt 0.772726 0.354286
vt 0.767045 0.354286
vt 0.761363 0.354286
vt 0.755681 0.354286
vt 0.749999 0.354286
vt 0.744317 0.354286
vt 0.738636 0.354286
vt 0.732954 0.354286
vt 0.727272 0.354286
vt 0.721590 0.354286
vt 0.715908 0.354286
vt 0.710226 0.354286
vt 0.704545 0.354286
vt 0.698863 0.354286
vt 0.693181 0.354286
vt 0.687499 0.354286
vt 0.681817 0.354286
vt 0.676136 0.354286
vt 0.670454 0.354286
vt 0.664772 0.354286
vt 0.659090 0.354286
vt 0.786931 0.349366
vt 0.781249 0.349366
vt 0.775567 0.349366
vt 0.769885 0.349366
vt 0.764204 0.349366
vt 0.758522 0.349366
vt 0.752840 0.349366
vt 0.747158 0.349366
vt 0.741476 0.349366
vt 0.735795 0.349366
vt 0.730113 0.349366
vt 0.724431 0.349366
vt 0.718749 0.349366
vt 0.713067 0.349366
vt 0.707386 0.349366
vt 0.701704 0.349366
vt 0.696022 0.349366
vt 0.690340 0.349366
vt 0.684658 0.349366
vt 0.678976 0.349366
vt 0.673295 0.349366
vt 0.667613 0.349366
vt 0.661931 0.349366
vt 0.656249 0.349366
vt 0.789772 0.344445
vt 0.784090 0.344445
vt 0.778408 0.344445
vt 0.772726 0.344445
vt 0.767045 0.344445
vt 0.761363 0.344445
vt 0.755681 0.344445
vt 0.749999 0.344445
vt 0.744317 0.344445
vt 0.738636 0.344445
vt 0.732954 0.344445
vt 0.727272 0.344445
vt 0.721590 0.344445
vt 0.715908 0.344445
vt 0.710227 0.344445
vt 0.704545 0.344445
vt 0.698863 0.344445
vt 0.693181 0.344445
vt 0.687499 0.344445
vt 0.681817 0.344445
vt 0.676136 0.344445
vt 0.670454 0.344445
vt 0.664772 0.344445
vt 0.659090 0.344445
vt 0.653408 0.344445
vt 0.792613 0.339524
vt 0.786931 0.339524
vt 0.781249 0.339524
vt 0.775567 0.339524
vt 0.769886 0.339524
vt 0.764204 0.339524
vt 0.758522 0.339524
vt 0.752840 0.339524
vt 0.747158 0.339524
vt 0.741477 0.339524
vt 0.735795 0.339524
vt 0.730113 0.339524
vt 0.724431 0.339524
vt 0.718749 0.339524
vt 0.713067 0.339524
vt 0.707386 0.339524
vt 0.701704 0.339524
vt 0.696022 0.339524
vt 0.690340 0.339524
vt 0.684658 0.339524
vt 0.678977 0.339524
vt 0.673295 0.339524
vt 0.667613 0.339524
vt 0.661931 0.339524
vt 0.656249 0.339524
vt 0.650567 0.339524
vt 0.795454 0.334604
vt 0.789772 0.334604
vt 0.784090 0.334604
vt 0.778408 0.334604
vt 0.772726 0.334604
vt 0.767045 0.334604
vt 0.761363 0.334604
vt 0.755681 0.334604
vt 0.749999 0.334604
vt 0.744317 0.334604
vt 0.738636 0.334604
vt 0.732954 0.334604
vt 0.727272 0.334604
vt 0.721590 0.334604
vt 0.715908 0.334604
vt 0.710226 0.334604
vt 0.704545 0.334604
vt 0.698863 0.334604
vt 0.693181 0.334604
vt 0.687499 0.334604
vt 0.681817 0.334604
vt 0.676136 0.334604
vt 0.670454 0.334604
vt 0.664772 0.334604
vt 0.659090 0.334604
vt 0.653408 0.334604
vt 0.647727 0.334604
vt 0.798295 0.329683
vt 0.792613 0.329683
vt 0.786931 0.329683
vt 0.781249 0.329683
vt 0.775567 0.329683
vt 0.769885 0.329683
vt 0.764204 0.329683
vt 0.758522 0.329683
vt 0.752840 0.329683
vt 0.747158 0.329683
vt 0.741476 0.329683
vt 0.735795 0.329683
vt 0.730113 0.329683
vt 0.724431 0.329683
vt 0.718749 0.329683
vt 0.713067 0.329683
vt 0.707386 0.329683
vt 0.701704 0.329683
vt 0.696022 0.329683
vt 0.690340 0.329683
vt 0.684658 0.329683
vt 0.678977 0.329683
vt 0.673295 0.329683
vt 0.667613 0.329683
vt 0.661931 0.329683
vt 0.656249 0.329683
vt 0.650568 0.329683
vt 0.644886 0.329683
vt 0.801136 0.324762
vt 0.795454 0.324762
vt 0.789772 0.324762
vt 0.784090 0.324762
vt 0.778408 0.324762
vt 0.772727 0.324762
vt 0.767045 0.324762
vt 0.761363 0.324762
vt 0.755681 0.324762
vt 0.749999 0.324762
vt 0.744317 0.324762
vt 0.738636 0.324762
vt 0.732954 0.324762
vt 0.727272 0.324762
vt 0.721590 0.324762
vt 0.715908 0.324762
vt 0.710227 0.324762
vt 0.704545 0.324762
vt 0.698863 0.324762
vt 0.693181 0.324762
vt 0.687499 0.324762
vt 0.681818 0.324762
vt 0.676136 0.324762
vt 0.670454 0.324762
vt 0.664772 0.324762
vt 0.659090 0.324762
vt 0.653408 0.324762
vt 0.647727 0.324762
vt 0.642045 0.324762
vt 0.803976 0.319842
vt 0.798295 0.319842
vt 0.792613 0.319842
vt 0.786931 0.319842
vt 0.781249 0.319842
vt 0.775567 0.319842
vt 0.769886 0.319842
vt 0.764204 0.319842
vt 0.758522 0.319842
vt 0.752840 0.319842
vt 0.747158 0.319842
vt 0.741476 0.319842
vt 0.735795 0.319842
vt 0.730113 0.319842
vt 0.724431 0.319842
vt 0.718749 0.319842
vt 0.713067 0.319842
vt 0.707386 0.319842
vt 0.701704 0.319842
vt 0.696022 0.319842
vt 0.690340 0.319842
vt 0.684658 0.319842
vt 0.678977 0.319842
vt 0.673295 0.319842
vt 0.667613 0.319842
vt 0.661931 0.319842
vt 0.656249 0.319842
vt 0.650568 0.319842
vt 0.644886 0.319842
vt 0.639204 0.319842
vt 0.806817 0.314921
vt 0.801136 0.314921
vt 0.795454 0.314921
vt 0.789772 0.314921
vt 0.784090 0.314921
vt 0.778408 0.314921
vt 0.772726 0.314921
vt 0.767045 0.314921
vt 0.761363 0.314921
vt 0.755681 0.314921
vt 0.749999 0.314921
vt 0.744317 0.314921
vt 0.738636 0.314921
vt 0.732954 0.314921
vt 0.727272 0.314921
vt 0.721590 0.314921
vt 0.715908 0.314921
vt 0.710226 0.314921
vt 0.704545 0.314921
vt 0.698863 0.314921
vt 0.693181 0.314921
vt 0.687499 0.314921
vt 0.681817 0.314921
vt 0.676136 0.314921
vt 0.670454 0.314921
vt 0.664772 0.314921
vt 0.659090 0.314921
vt 0.653408 0.314921
vt 0.647727 0.314921
vt 0.642045 0.314921
vt 0.633522 0.310000
vt 0.630681 0.305080
vt 0.627840 0.310000
vt 0.627840 0.300159
vt 0.624999 0.305080
vt 0.624999 0.295238
vt 0.622159 0.300159
vt 0.622158 0.290318
vt 0.619318 0.295238
vt 0.619318 0.285397
vt 0.616477 0.290318
vt 0.616477 0.280477
vt 0.613636 0.285397
vt 0.613636 0.275556
vt 0.610795 0.280477
vt 0.610795 0.270635
vt 0.607954 0.275556
vt 0.607954 0.265715
vt 0.605113 0.270635
vt 0.605113 0.260794
vt 0.602272 0.265715
vt 0.602272 0.255874
vt 0.599431 0.260794
vt 0.599431 0.250953
vt 0.596590 0.255874
vt 0.596590 0.246032
vt 0.593749 0.250953
vt 0.593749 0.241112
vt 0.590909 0.246032
vt 0.590908 0.236191
vt 0.588068 0.241112
vt 0.588068 0.231270
vt 0.585227 0.236191
vt 0.622158 0.310000
vt 0.619318 0.305080
vt 0.616477 0.310000
vt 0.616477 0.300159
vt 0.613636 0.305080
vt 0.610795 0.310000
vt 0.613636 0.295238
vt 0.610795 0.300159
vt 0.607954 0.305080
vt 0.605113 0.310000
vt 0.610795 0.290318
vt 0.607954 0.295238
vt 0.605113 0.300159
vt 0.602272 0.305080
vt 0.599431 0.310000
vt 0.607954 0.285397
vt 0.605113 0.290318
vt 0.602272 0.295238
vt 0.599431 0.300159
vt 0.596590 0.305080
vt 0.593749 0.310000
vt 0.605113 0.280477
vt 0.602272 0.285397
vt 0.599431 0.290318
vt 0.596590 0.295238
vt 0.593749 0.300159
vt 0.590909 0.305080
vt 0.588068 0.310000
vt 0.602272 0.275556
vt 0.599431 0.280477
vt 0.596590 0.285397
vt 0.593749 0.290318
vt 0.590909 0.295238
vt 0.588068 0.300159
vt 0.585227 0.305080
vt 0.582386 0.310000
vt 0.599431 0.270635
vt 0.596590 0.275556
vt 0.593749 0.280477
vt 0.590909 0.285397
vt 0.588068 0.290318
vt 0.585227 0.295238
vt 0.582386 0.300159
vt 0.579545 0.305080
vt 0.576704 0.310000
vt 0.596590 0.265715
vt 0.593749 0.270635
vt 0.590909 0.275556
vt 0.588068 0.280477
vt 0.585227 0.285397
vt 0.582386 0.290318
vt 0.579545 0.295238
vt 0.576704 0.300159
vt 0.573863 0.305080
vt 0.571022 0.310000
vt 0.593749 0.260794
vt 0.590908 0.265715
vt 0.588068 0.270635
vt 0.585227 0.275556
vt 0.582386 0.280477
vt 0.579545 0.285397
vt 0.576704 0.290318
vt 0.573863 0.295238
vt 0.571022 0.300159
vt 0.568181 0.305080
vt 0.565340 0.310000
vt 0.590909 0.255874
vt 0.588068 0.260794
vt 0.585227 0.265715
vt 0.582386 0.270635
vt 0.579545 0.275556
vt 0.576704 0.280477
vt 0.573863 0.285397
vt 0.571022 0.290318
vt 0.568181 0.295239
vt 0.565340 0.300159
vt 0.562499 0.305080
vt 0.559658 0.310000
vt 0.588068 0.250953
vt 0.585227 0.255874
vt 0.582386 0.260794
vt 0.579545 0.265715
vt 0.576704 0.270635
vt 0.573863 0.275556
vt 0.571022 0.280477
vt 0.568181 0.285397
vt 0.565340 0.290318
vt 0.562499 0.295239
vt 0.559659 0.300159
vt 0.556818 0.305080
vt 0.553977 0.310000
vt 0.585227 0.246032
vt 0.582386 0.250953
vt 0.579545 0.255874
vt 0.576704 0.260794
vt 0.573863 0.265715
vt 0.571022 0.270635
vt 0.568181 0.275556
vt 0.565340 0.280477
vt 0.562499 0.285397
vt 0.559658 0.290318
vt 0.556818 0.295239
vt 0.553977 0.300159
vt 0.551136 0.305080
vt 0.548295 0.310000
vt 0.582386 0.241112
vt 0.579545 0.246032
vt 0.576704 0.250953
vt 0.573863 0.255874
vt 0.571022 0.260794
vt 0.568181 0.265715
vt 0.565340 0.270635
vt 0.562499 0.275556
vt 0.559658 0.280477
vt 0.556818 0.285397
vt 0.553977 0.290318
vt 0.551136 0.295239
vt 0.548295 0.300159
vt 0.545454 0.305080
vt 0.542613 0.310000
vt 0.582386 0.231270
vt 0.579545 0.236191
vt 0.576704 0.241112
vt 0.573863 0.246032
vt 0.571022 0.250953
vt 0.568181 0.255874
vt 0.565340 0.260794
vt 0.562499 0.265715
vt 0.559658 0.270635
vt 0.556818 0.275556
vt 0.553977 0.280477
vt 0.551136 0.285397
vt 0.548295 0.290318
vt 0.545454 0.295239
vt 0.542613 0.300159
vt 0.539772 0.305080
vt 0.536931 0.310000
vt 0.576704 0.231270
vt 0.573863 0.236191
vt 0.571022 0.241112
vt 0.568181 0.246032
vt 0.565340 0.250953
vt 0.562499 0.255874
vt 0.559659 0.260794
vt 0.556818 0.265715
vt 0.553977 0.270635
vt 0.551136 0.275556
vt 0.548295 0.280477
vt 0.545454 0.285397
vt 0.542613 0.290318
vt 0.539772 0.295239
vt 0.536931 0.300159
vt 0.534090 0.305080
vt 0.531249 0.310000
vt 0.571022 0.231270
vt 0.568181 0.236191
vt 0.565340 0.241112
vt 0.562499 0.246032
vt 0.559659 0.250953
vt 0.556818 0.255874
vt 0.553977 0.260794
vt 0.551136 0.265715
vt 0.548295 0.270635
vt 0.545454 0.275556
vt 0.542613 0.280477
vt 0.539772 0.285397
vt 0.536931 0.290318
vt 0.534090 0.295239
vt 0.531249 0.300159
vt 0.528409 0.305080
vt 0.525568 0.310000
vt 0.565340 0.231270
vt 0.562499 0.236191
vt 0.559659 0.241112
vt 0.556818 0.246032
vt 0.553977 0.250953
vt 0.551136 0.255874
vt 0.548295 0.260794
vt 0.545454 0.265715
vt 0.542613 0.270635
vt 0.539772 0.275556
vt 0.536931 0.280477
vt 0.534090 0.285397
vt 0.531249 0.290318
vt 0.528409 0.295239
vt 0.525568 0.300159
vt 0.522727 0.305080
vt 0.519886 0.310000
vt 0.559658 0.231270
vt 0.556818 0.236191
vt 0.553977 0.241112
vt 0.551136 0.246032
vt 0.548295 0.250953
vt 0.545454 0.255874
vt 0.542613 0.260794
vt 0.539772 0.265715
vt 0.536931 0.270635
vt 0.534090 0.275556
vt 0.531249 0.280477
vt 0.528408 0.285397
vt 0.525568 0.290318
vt 0.522727 0.295239
vt 0.519886 0.300159
vt 0.517045 0.305080
vt 0.514204 0.310000
vt 0.553977 0.231270
vt 0.551136 0.236191
vt 0.548295 0.241112
vt 0.545454 0.246032
vt 0.542613 0.250953
vt 0.539772 0.255874
vt 0.536931 0.260794
vt 0.534090 0.265715
vt 0.531249 0.270635
vt 0.528408 0.275556
vt 0.525568 0.280477
vt 0.522727 0.285397
vt 0.519886 0.290318
vt 0.517045 0.295238
vt 0.514204 0.300159
vt 0.511363 0.305080
vt 0.508522 0.310000
vt 0.548295 0.231270
vt 0.545454 0.236191
vt 0.542613 0.241112
vt 0.539772 0.246032
vt 0.536931 0.250953
vt 0.534090 0.255874
vt 0.531249 0.260794
vt 0.528409 0.265715
vt 0.525568 0.270635
vt 0.522727 0.275556
vt 0.519886 0.280477
vt 0.517045 0.285397
vt 0.514204 0.290318
vt 0.511363 0.295239
vt 0.508522 0.300159
vt 0.505681 0.305080
vt 0.502840 0.310000
vt 0.542613 0.231270
vt 0.539772 0.236191
vt 0.536931 0.241112
vt 0.534090 0.246032
vt 0.531249 0.250953
vt 0.528409 0.255874
vt 0.525568 0.260794
vt 0.522727 0.265715
vt 0.519886 0.270635
vt 0.517045 0.275556
vt 0.514204 0.280477
vt 0.511363 0.285397
vt 0.508522 0.290318
vt 0.505681 0.295239
vt 0.502840 0.300159
vt 0.499999 0.305080
vt 0.497159 0.310000
vt 0.536931 0.231270
vt 0.534090 0.236191
vt 0.531249 0.241112
vt 0.528409 0.246032
vt 0.525568 0.250953
vt 0.522727 0.255874
vt 0.519886 0.260794
vt 0.517045 0.265715
vt 0.514204 0.270635
vt 0.511363 0.275556
vt 0.508522 0.280477
vt 0.505681 0.285397
vt 0.502840 0.290318
vt 0.499999 0.295239
vt 0.497159 0.300159
vt 0.494318 0.305080
vt 0.491477 0.310000
vt 0.531249 0.231270
vt 0.528408 0.236191
vt 0.525568 0.241112
vt 0.522727 0.246032
vt 0.519886 0.250953
vt 0.517045 0.255874
vt 0.514204 0.260794
vt 0.511363 0.265715
vt 0.508522 0.270635
vt 0.505681 0.275556
vt 0.502840 0.280477
vt 0.499999 0.285397
vt 0.497159 0.290318
vt 0.494318 0.295239
vt 0.491477 0.300159
vt 0.488636 0.305080
vt 0.485795 0.310000
vt 0.525568 0.231270
vt 0.522727 0.236191
vt 0.519886 0.241112
vt 0.517045 0.246032
vt 0.514204 0.250953
vt 0.511363 0.255874
vt 0.508522 0.260794
vt 0.505681 0.265715
vt 0.502840 0.270635
vt 0.499999 0.275556
vt 0.497159 0.280477
vt 0.494318 0.285397
vt 0.491477 0.290318
vt 0.488636 0.295239
vt 0.485795 0.300159
vt 0.482954 0.305080
vt 0.480113 0.310000
vt 0.519886 0.231270
vt 0.517045 0.236191
vt 0.514204 0.241112
vt 0.511363 0.246032
vt 0.508522 0.250953
vt 0.505681 0.255874
vt 0.502840 0.260794
vt 0.499999 0.265715
vt 0.497159 0.270635
vt 0.494318 0.275556
vt 0.491477 0.280477
vt 0.488636 0.285397
vt 0.485795 0.290318
vt 0.482954 0.295239
vt 0.480113 0.300159
vt 0.477272 0.305080
vt 0.474431 0.310000
vt 0.514204 0.231270
vt 0.511363 0.236191
vt 0.508522 0.241112
vt 0.505681 0.246032
vt 0.502840 0.250953
vt 0.499999 0.255874
vt 0.497159 0.260794
vt 0.494318 0.265715
vt 0.491477 0.270635
vt 0.488636 0.275556
vt 0.485795 0.280477
vt 0.482954 0.285397
vt 0.480113 0.290318
vt 0.477272 0.295239
vt 0.474431 0.300159
vt 0.471590 0.305080
vt 0.468750 0.310000
vt 0.508522 0.231270
vt 0.505681 0.236191
vt 0.502840 0.241112
vt 0.499999 0.246032
vt 0.497159 0.250953
vt 0.494318 0.255874
vt 0.491477 0.260794
vt 0.488636 0.265715
vt 0.485795 0.270635
vt 0.482954 0.275556
vt 0.480113 0.280477
vt 0.477272 0.285397
vt 0.474431 0.290318
vt 0.471590 0.295238
vt 0.468750 0.300159
vt 0.465909 0.305080
vt 0.463068 0.310000
vt 0.502840 0.231270
vt 0.499999 0.236191
vt 0.497159 0.241112
vt 0.494318 0.246032
vt 0.491477 0.250953
vt 0.488636 0.255873
vt 0.485795 0.260794
vt 0.482954 0.265715
vt 0.480113 0.270635
vt 0.477272 0.275556
vt 0.474431 0.280477
vt 0.471590 0.285397
vt 0.468750 0.290318
vt 0.465909 0.295238
vt 0.463068 0.300159
vt 0.460227 0.305080
vt 0.457386 0.310000
vt 0.451704 0.310000
vt 0.448863 0.305080
vt 0.446022 0.310000
vt 0.446022 0.300159
vt 0.443181 0.305080
vt 0.443181 0.295238
vt 0.440340 0.300159
vt 0.440340 0.290318
vt 0.437500 0.295238
vt 0.437500 0.285397
vt 0.434659 0.290318
vt 0.434659 0.280477
vt 0.431818 0.285397
vt 0.431818 0.275556
vt 0.428977 0.280477
vt 0.428977 0.270635
vt 0.426136 0.275556
vt 0.426136 0.265715
vt 0.423295 0.270635
vt 0.423295 0.260794
vt 0.420454 0.265715
vt 0.420454 0.255874
vt 0.417613 0.260794
vt 0.417613 0.250953
vt 0.414772 0.255874
vt 0.414772 0.246032
vt 0.411931 0.250953
vt 0.411931 0.241112
vt 0.409090 0.246032
vt 0.409090 0.236191
vt 0.406250 0.241112
vt 0.406250 0.231270
vt 0.403409 0.236191
vt 0.440340 0.310000
vt 0.437500 0.305080
vt 0.434659 0.310000
vt 0.434659 0.300159
vt 0.431818 0.305080
vt 0.428977 0.310000
vt 0.431818 0.295238
vt 0.428977 0.300159
vt 0.426136 0.305080
vt 0.423295 0.310000
vt 0.428977 0.290318
vt 0.426136 0.295238
vt 0.423295 0.300159
vt 0.420454 0.305080
vt 0.417613 0.310000
vt 0.426136 0.285397
vt 0.423295 0.290318
vt 0.420454 0.295238
vt 0.417613 0.300159
vt 0.414772 0.305080
vt 0.411931 0.310000
vt 0.423295 0.280477
vt 0.420454 0.285397
vt 0.417613 0.290318
vt 0.414772 0.295238
vt 0.411931 0.300159
vt 0.409090 0.305080
vt 0.406250 0.310000
vt 0.420454 0.275556
vt 0.417613 0.280477
vt 0.414772 0.285397
vt 0.411931 0.290318
vt 0.409090 0.295238
vt 0.406250 0.300159
vt 0.403409 0.305080
vt 0.400568 0.310000
vt 0.417613 0.270635
vt 0.414772 0.275556
vt 0.411931 0.280477
vt 0.409090 0.285397
vt 0.406250 0.290318
vt 0.403409 0.295238
vt 0.400568 0.300159
vt 0.397727 0.305080
vt 0.394886 0.310000
vt 0.414772 0.265715
vt 0.411931 0.270635
vt 0.409090 0.275556
vt 0.406250 0.280477
vt 0.403409 0.285397
vt 0.400568 0.290318
vt 0.397727 0.295238
vt 0.394886 0.300159
vt 0.392045 0.305080
vt 0.389204 0.310000
vt 0.411931 0.260794
vt 0.409090 0.265715
vt 0.406250 0.270635
vt 0.403409 0.275556
vt 0.400568 0.280477
vt 0.397727 0.285397
vt 0.394886 0.290318
vt 0.392045 0.295238
vt 0.389204 0.300159
vt 0.386363 0.305080
vt 0.383522 0.310000
vt 0.409090 0.255874
vt 0.406250 0.260794
vt 0.403409 0.265715
vt 0.400568 0.270635
vt 0.397727 0.275556
vt 0.394886 0.280477
vt 0.392045 0.285397
vt 0.389204 0.290318
vt 0.386363 0.295239
vt 0.383522 0.300159
vt 0.380681 0.305080
vt 0.377840 0.310000
vt 0.406250 0.250953
vt 0.403409 0.255874
vt 0.400568 0.260794
vt 0.397727 0.265715
vt 0.394886 0.270635
vt 0.392045 0.275556
vt 0.389204 0.280477
vt 0.386363 0.285397
vt 0.383522 0.290318
vt 0.380681 0.295239
vt 0.377841 0.300159
vt 0.375000 0.305080
vt 0.372159 0.310000
vt 0.403409 0.246032
vt 0.400568 0.250953
vt 0.397727 0.255874
vt 0.394886 0.260794
vt 0.392045 0.265715
vt 0.389204 0.270635
vt 0.386363 0.275556
vt 0.383522 0.280477
vt 0.380681 0.285397
vt 0.377840 0.290318
vt 0.375000 0.295239
vt 0.372159 0.300159
vt 0.369318 0.305080
vt 0.366477 0.310000
vt 0.400568 0.241112
vt 0.397727 0.246032
vt 0.394886 0.250953
vt 0.392045 0.255874
vt 0.389204 0.260794
vt 0.386363 0.265715
vt 0.383522 0.270635
vt 0.380681 0.275556
vt 0.377840 0.280477
vt 0.375000 0.285397
vt 0.372159 0.290318
vt 0.369318 0.295239
vt 0.366477 0.300159
vt 0.363636 0.305080
vt 0.360795 0.310000
vt 0.400568 0.231270
vt 0.397727 0.236191
vt 0.394886 0.241112
vt 0.392045 0.246032
vt 0.389204 0.250953
vt 0.386363 0.255874
vt 0.383522 0.260794
vt 0.380681 0.265715
vt 0.377840 0.270635
vt 0.375000 0.275556
vt 0.372159 0.280477
vt 0.369318 0.285397
vt 0.366477 0.290318
vt 0.363636 0.295239
vt 0.360795 0.300159
vt 0.357954 0.305080
vt 0.355113 0.310000
vt 0.394886 0.231270
vt 0.392045 0.236191
vt 0.389204 0.241112
vt 0.386363 0.246032
vt 0.383522 0.250953
vt 0.380681 0.255874
vt 0.377840 0.260794
vt 0.375000 0.265715
vt 0.372159 0.270635
vt 0.369318 0.275556
vt 0.366477 0.280477
vt 0.363636 0.285397
vt 0.360795 0.290318
vt 0.357954 0.295239
vt 0.355113 0.300159
vt 0.352272 0.305080
vt 0.349431 0.310000
vt 0.389204 0.231270
vt 0.386363 0.236191
vt 0.383522 0.241112
vt 0.380681 0.246032
vt 0.377840 0.250953
vt 0.375000 0.255874
vt 0.372159 0.260794
vt 0.369318 0.265715
vt 0.366477 0.270635
vt 0.363636 0.275556
vt 0.360795 0.280477
vt 0.357954 0.285397
vt 0.355113 0.290318
vt 0.352272 0.295239
vt 0.349431 0.300159
vt 0.346591 0.305080
vt 0.343750 0.310000
vt 0.383522 0.231270
vt 0.380681 0.236191
vt 0.377840 0.241112
vt 0.375000 0.246032
vt 0.372159 0.250953
vt 0.369318 0.255874
vt 0.366477 0.260794
vt 0.363636 0.265715
vt 0.360795 0.270635
vt 0.357954 0.275556
vt 0.355113 0.280477
vt 0.352272 0.285397
vt 0.349431 0.290318
vt 0.346591 0.295239
vt 0.343750 0.300159
vt 0.340909 0.305080
vt 0.338068 0.310000
vt 0.377840 0.231270
vt 0.375000 0.236191
vt 0.372159 0.241112
vt 0.369318 0.246032
vt 0.366477 0.250953
vt 0.363636 0.255874
vt 0.360795 0.260794
vt 0.357954 0.265715
vt 0.355113 0.270635
vt 0.352272 0.275556
vt 0.349431 0.280477
vt 0.346590 0.285397
vt 0.343750 0.290318
vt 0.340909 0.295239
vt 0.338068 0.300159
vt 0.335227 0.305080
vt 0.332386 0.310000
vt 0.372159 0.231270
vt 0.369318 0.236191
vt 0.366477 0.241112
vt 0.363636 0.246032
vt 0.360795 0.250953
vt 0.357954 0.255874
vt 0.355113 0.260794
vt 0.352272 0.265715
vt 0.349431 0.270635
vt 0.346591 0.275556
vt 0.343750 0.280477
vt 0.340909 0.285397
vt 0.338068 0.290318
vt 0.335227 0.295238
vt 0.332386 0.300159
vt 0.329545 0.305080
vt 0.326704 0.310000
vt 0.366477 0.231270
vt 0.363636 0.236191
vt 0.360795 0.241112
vt 0.357954 0.246032
vt 0.355113 0.250953
vt 0.352272 0.255874
vt 0.349431 0.260794
vt 0.346591 0.265715
vt 0.343750 0.270635
vt 0.340909 0.275556
vt 0.338068 0.280477
vt 0.335227 0.285397
vt 0.332386 0.290318
vt 0.329545 0.295239
vt 0.326704 0.300159
vt 0.323863 0.305080
vt 0.321022 0.310000
vt 0.360795 0.231270
vt 0.357954 0.236191
vt 0.355113 0.241112
vt 0.352272 0.246032
vt 0.349431 0.250953
vt 0.346591 0.255874
vt 0.343750 0.260794
vt 0.340909 0.265715
vt 0.338068 0.270635
vt 0.335227 0.275556
vt 0.332386 0.280477
vt 0.329545 0.285397
vt 0.326704 0.290318
vt 0.323863 0.295239
vt 0.321022 0.300159
vt 0.318181 0.305080
vt 0.315341 0.310000
vt 0.355113 0.231270
vt 0.352272 0.236191
vt 0.349431 0.241112
vt 0.346590 0.246032
vt 0.343750 0.250953
vt 0.340909 0.255874
vt 0.338068 0.260794
vt 0.335227 0.265715
vt 0.332386 0.270635
vt 0.329545 0.275556
vt 0.326704 0.280477
vt 0.323863 0.285397
vt 0.321022 0.290318
vt 0.318182 0.295239
vt 0.315341 0.300159
vt 0.312500 0.305080
vt 0.309659 0.310000
vt 0.349431 0.231270
vt 0.346591 0.236191
vt 0.343750 0.241112
vt 0.340909 0.246032
vt 0.338068 0.250953
vt 0.335227 0.255874
vt 0.332386 0.260794
vt 0.329545 0.265715
vt 0.326704 0.270635
vt 0.323863 0.275556
vt 0.321022 0.280477
vt 0.318181 0.285397
vt 0.315341 0.290318
vt 0.312500 0.295239
vt 0.309659 0.300159
vt 0.306818 0.305080
vt 0.303977 0.310000
vt 0.343750 0.231270
vt 0.340909 0.236191
vt 0.338068 0.241112
vt 0.335227 0.246032
vt 0.332386 0.250953
vt 0.329545 0.255874
vt 0.326704 0.260794
vt 0.323863 0.265715
vt 0.321022 0.270635
vt 0.318181 0.275556
vt 0.315341 0.280477
vt 0.312500 0.285397
vt 0.309659 0.290318
vt 0.306818 0.295239
vt 0.303977 0.300159
vt 0.301136 0.305080
vt 0.298295 0.310000
vt 0.338068 0.231270
vt 0.335227 0.236191
vt 0.332386 0.241112
vt 0.329545 0.246032
vt 0.326704 0.250953
vt 0.323863 0.255874
vt 0.321022 0.260794
vt 0.318182 0.265715
vt 0.315341 0.270635
vt 0.312500 0.275556
vt 0.309659 0.280477
vt 0.306818 0.285397
vt 0.303977 0.290318
vt 0.301136 0.295239
vt 0.298295 0.300159
vt 0.295454 0.305080
vt 0.292613 0.310000
vt 0.332386 0.231270
vt 0.329545 0.236191
vt 0.326704 0.241112
vt 0.323863 0.246032
vt 0.321022 0.250953
vt 0.318182 0.255874
vt 0.315341 0.260794
vt 0.312500 0.265715
vt 0.309659 0.270635
vt 0.306818 0.275556
vt 0.303977 0.280477
vt 0.301136 0.285397
vt 0.298295 0.290318
vt 0.295454 0.295239
vt 0.292613 0.300159
vt 0.289772 0.305080
vt 0.286932 0.310000
vt 0.326704 0.231270
vt 0.323863 0.236191
vt 0.321022 0.241112
vt 0.318182 0.246032
vt 0.315341 0.250953
vt 0.312500 0.255874
vt 0.309659 0.260794
vt 0.306818 0.265715
vt 0.303977 0.270635
vt 0.301136 0.275556
vt 0.298295 0.280477
vt 0.295454 0.285397
vt 0.292613 0.290318
vt 0.289772 0.295238
vt 0.286932 0.300159
vt 0.284091 0.305080
vt 0.281250 0.310000
vt 0.321022 0.231270
vt 0.318182 0.236191
vt 0.315341 0.241112
vt 0.312500 0.246032
vt 0.309659 0.250953
vt 0.306818 0.255873
vt 0.303977 0.260794
vt 0.301136 0.265715
vt 0.298295 0.270635
vt 0.295454 0.275556
vt 0.292613 0.280477
vt 0.289772 0.285397
vt 0.286932 0.290318
vt 0.284091 0.295238
vt 0.281250 0.300159
vt 0.278409 0.305080
vt 0.275568 0.310000
vt 0.269886 0.310000
vt 0.267045 0.305080
vt 0.264204 0.310000
vt 0.264204 0.300159
vt 0.261363 0.305080
vt 0.261363 0.295238
vt 0.258522 0.300159
vt 0.258522 0.290318
vt 0.255682 0.295238
vt 0.255682 0.285397
vt 0.252841 0.290318
vt 0.252841 0.280477
vt 0.250000 0.285397
vt 0.250000 0.275556
vt 0.247159 0.280477
vt 0.247159 0.270635
vt 0.244318 0.275556
vt 0.244318 0.265715
vt 0.241477 0.270635
vt 0.241477 0.260794
vt 0.238636 0.265715
vt 0.238636 0.255874
vt 0.235795 0.260794
vt 0.235795 0.250953
vt 0.232954 0.255874
vt 0.232954 0.246032
vt 0.230113 0.250953
vt 0.230113 0.241112
vt 0.227273 0.246032
vt 0.227273 0.236191
vt 0.224432 0.241112
vt 0.224432 0.231270
vt 0.221591 0.236191
vt 0.258522 0.310000
vt 0.255682 0.305080
vt 0.252841 0.310000
vt 0.252841 0.300159
vt 0.250000 0.305080
vt 0.247159 0.310000
vt 0.250000 0.295238
vt 0.247159 0.300159
vt 0.244318 0.305080
vt 0.241477 0.310000
vt 0.247159 0.290318
vt 0.244318 0.295238
vt 0.241477 0.300159
vt 0.238636 0.305080
vt 0.235795 0.310000
vt 0.244318 0.285397
vt 0.241477 0.290318
vt 0.238636 0.295238
vt 0.235795 0.300159
vt 0.232954 0.305080
vt 0.230113 0.310000
vt 0.241477 0.280477
vt 0.238636 0.285397
vt 0.235795 0.290318
vt 0.232954 0.295238
vt 0.230113 0.300159
vt 0.227272 0.305080
vt 0.224432 0.310000
vt 0.238636 0.275556
vt 0.235795 0.280477
vt 0.232954 0.285397
vt 0.230113 0.290318
vt 0.227272 0.295238
vt 0.224432 0.300159
vt 0.221591 0.305080
vt 0.218750 0.310000
vt 0.235795 0.270635
vt 0.232954 0.275556
vt 0.230113 0.280477
vt 0.227272 0.285397
vt 0.224432 0.290318
vt 0.221591 0.295238
vt 0.218750 0.300159
vt 0.215909 0.305080
vt 0.213068 0.310000
vt 0.232954 0.265715
vt 0.230113 0.270635
vt 0.227272 0.275556
vt 0.224432 0.280477
vt 0.221591 0.285397
vt 0.218750 0.290318
vt 0.215909 0.295238
vt 0.213068 0.300159
vt 0.210227 0.305080
vt 0.207386 0.310000
vt 0.230113 0.260794
vt 0.227272 0.265715
vt 0.224432 0.270635
vt 0.221591 0.275556
vt 0.218750 0.280477
vt 0.215909 0.285397
vt 0.213068 0.290318
vt 0.210227 0.295238
vt 0.207386 0.300159
vt 0.204545 0.305080
vt 0.201704 0.310000
vt 0.227272 0.255874
vt 0.224432 0.260794
vt 0.221591 0.265715
vt 0.218750 0.270635
vt 0.215909 0.275556
vt 0.213068 0.280477
vt 0.210227 0.285397
vt 0.207386 0.290318
vt 0.204545 0.295239
vt 0.201704 0.300159
vt 0.198863 0.305080
vt 0.196023 0.310000
vt 0.224432 0.250953
vt 0.221591 0.255874
vt 0.218750 0.260794
vt 0.215909 0.265715
vt 0.213068 0.270635
vt 0.210227 0.275556
vt 0.207386 0.280477
vt 0.204545 0.285397
vt 0.201704 0.290318
vt 0.198863 0.295239
vt 0.196023 0.300159
vt 0.193182 0.305080
vt 0.190341 0.310000
vt 0.221591 0.246032
vt 0.218750 0.250953
vt 0.215909 0.255874
vt 0.213068 0.260794
vt 0.210227 0.265715
vt 0.207386 0.270635
vt 0.204545 0.275556
vt 0.201704 0.280477
vt 0.198863 0.285397
vt 0.196023 0.290318
vt 0.193182 0.295239
vt 0.190341 0.300159
vt 0.187500 0.305080
vt 0.184659 0.310000
vt 0.218750 0.241112
vt 0.215909 0.246032
vt 0.213068 0.250953
vt 0.210227 0.255874
vt 0.207386 0.260794
vt 0.204545 0.265715
vt 0.201704 0.270635
vt 0.198863 0.275556
vt 0.196023 0.280477
vt 0.193182 0.285397
vt 0.190341 0.290318
vt 0.187500 0.295239
vt 0.184659 0.300159
vt 0.181818 0.305080
vt 0.178977 0.310000
vt 0.218750 0.231270
vt 0.215909 0.236191
vt 0.213068 0.241112
vt 0.210227 0.246032
vt 0.207386 0.250953
vt 0.204545 0.255874
vt 0.201704 0.260794
vt 0.198863 0.265715
vt 0.196023 0.270635
vt 0.193182 0.275556
vt 0.190341 0.280477
vt 0.187500 0.285397
vt 0.184659 0.290318
vt 0.181818 0.295239
vt 0.178977 0.300159
vt 0.176136 0.305080
vt 0.173295 0.310000
vt 0.213068 0.231270
vt 0.210227 0.236191
vt 0.207386 0.241112
vt 0.204545 0.246032
vt 0.201704 0.250953
vt 0.198863 0.255874
vt 0.196023 0.260794
vt 0.193182 0.265715
vt 0.190341 0.270635
vt 0.187500 0.275556
vt 0.184659 0.280477
vt 0.181818 0.285397
vt 0.178977 0.290318
vt 0.176136 0.295239
vt 0.173295 0.300159
vt 0.170454 0.305080
vt 0.167613 0.310000
vt 0.207386 0.231270
vt 0.204545 0.236191
vt 0.201704 0.241112
vt 0.198863 0.246032
vt 0.196023 0.250953
vt 0.193182 0.255874
vt 0.190341 0.260794
vt 0.187500 0.265715
vt 0.184659 0.270635
vt 0.181818 0.275556
vt 0.178977 0.280477
vt 0.176136 0.285397
vt 0.173295 0.290318
vt 0.170454 0.295239
vt 0.167613 0.300159
vt 0.164773 0.305080
vt 0.161932 0.310000
vt 0.201704 0.231270
vt 0.198863 0.236191
vt 0.196023 0.241112
vt 0.193182 0.246032
vt 0.190341 0.250953
vt 0.187500 0.255874
vt 0.184659 0.260794
vt 0.181818 0.265715
vt 0.178977 0.270635
vt 0.176136 0.275556
vt 0.173295 0.280477
vt 0.170454 0.285397
vt 0.167613 0.290318
vt 0.164773 0.295239
vt 0.161932 0.300159
vt 0.159091 0.305080
vt 0.156250 0.310000
vt 0.196023 0.231270
vt 0.193182 0.236191
vt 0.190341 0.241112
vt 0.187500 0.246032
vt 0.184659 0.250953
vt 0.181818 0.255874
vt 0.178977 0.260794
vt 0.176136 0.265715
vt 0.173295 0.270635
vt 0.170454 0.275556
vt 0.167613 0.280477
vt 0.164773 0.285397
vt 0.161932 0.290318
vt 0.159091 0.295239
vt 0.156250 0.300159
vt 0.153409 0.305080
vt 0.150568 0.310000
vt 0.190341 0.231270
vt 0.187500 0.236191
vt 0.184659 0.241112
vt 0.181818 0.246032
vt 0.178977 0.250953
vt 0.176136 0.255874
vt 0.173295 0.260794
vt 0.170454 0.265715
vt 0.167613 0.270635
vt 0.164773 0.275556
vt 0.161932 0.280477
vt 0.159091 0.285397
vt 0.156250 0.290318
vt 0.153409 0.295238
vt 0.150568 0.300159
vt 0.147727 0.305080
vt 0.144886 0.310000
vt 0.184659 0.231270
vt 0.181818 0.236191
vt 0.178977 0.241112
vt 0.176136 0.246032
vt 0.173295 0.250953
vt 0.170454 0.255874
vt 0.167613 0.260794
vt 0.164773 0.265715
vt 0.161932 0.270635
vt 0.159091 0.275556
vt 0.156250 0.280477
vt 0.153409 0.285397
vt 0.150568 0.290318
vt 0.147727 0.295239
vt 0.144886 0.300159
vt 0.142045 0.305080
vt 0.139204 0.310000
vt 0.178977 0.231270
vt 0.176136 0.236191
vt 0.173295 0.241112
vt 0.170454 0.246032
vt 0.167613 0.250953
vt 0.164773 0.255874
vt 0.161932 0.260794
vt 0.159091 0.265715
vt 0.156250 0.270635
vt 0.153409 0.275556
vt 0.150568 0.280477
vt 0.147727 0.285397
vt 0.144886 0.290318
vt 0.142045 0.295239
vt 0.139204 0.300159
vt 0.136363 0.305080
vt 0.133523 0.310000
vt 0.173295 0.231270
vt 0.170454 0.236191
vt 0.167613 0.241112
vt 0.164773 0.246032
vt 0.161932 0.250953
vt 0.159091 0.255874
vt 0.156250 0.260794
vt 0.153409 0.265715
vt 0.150568 0.270635
vt 0.147727 0.275556
vt 0.144886 0.280477
vt 0.142045 0.285397
vt 0.139204 0.290318
vt 0.136363 0.295239
vt 0.133523 0.300159
vt 0.130682 0.305080
vt 0.127841 0.310000
vt 0.167613 0.231270
vt 0.164773 0.236191
vt 0.161932 0.241112
vt 0.159091 0.246032
vt 0.156250 0.250953
vt 0.153409 0.255874
vt 0.150568 0.260794
vt 0.147727 0.265715
vt 0.144886 0.270635
vt 0.142045 0.275556
vt 0.139204 0.280477
vt 0.136363 0.285397
vt 0.133523 0.290318
vt 0.130682 0.295239
vt 0.127841 0.300159
vt 0.125000 0.305080
vt 0.122159 0.310000
vt 0.161932 0.231270
vt 0.159091 0.236191
vt 0.156250 0.241112
vt 0.153409 0.246032
vt 0.150568 0.250953
vt 0.147727 0.255874
vt 0.144886 0.260794
vt 0.142045 0.265715
vt 0.139204 0.270635
vt 0.136363 0.275556
vt 0.133523 0.280477
vt 0.130682 0.285397
vt 0.127841 0.290318
vt 0.125000 0.295239
vt 0.122159 0.300159
vt 0.119318 0.305080
vt 0.116477 0.310000
vt 0.156250 0.231270
vt 0.153409 0.236191
vt 0.150568 0.241112
vt 0.147727 0.246032
vt 0.144886 0.250953
vt 0.142045 0.255874
vt 0.139204 0.260794
vt 0.136363 0.265715
vt 0.133523 0.270635
vt 0.130682 0.275556
vt 0.127841 0.280477
vt 0.125000 0.285397
vt 0.122159 0.290318
vt 0.119318 0.295239
vt 0.116477 0.300159
vt 0.113636 0.305080
vt 0.110795 0.310000
vt 0.150568 0.231270
vt 0.147727 0.236191
vt 0.144886 0.241112
vt 0.142045 0.246032
vt 0.139204 0.250953
vt 0.136364 0.255874
vt 0.133523 0.260794
vt 0.130682 0.265715
vt 0.127841 0.270635
vt 0.125000 0.275556
vt 0.122159 0.280477
vt 0.119318 0.285397
vt 0.116477 0.290318
vt 0.113636 0.295239
vt 0.110795 0.300159
vt 0.107954 0.305080
vt 0.105114 0.310000
vt 0.144886 0.231270
vt 0.142045 0.236191
vt 0.139204 0.241112
vt 0.136364 0.246032
vt 0.133523 0.250953
vt 0.130682 0.255874
vt 0.127841 0.260794
vt 0.125000 0.265715
vt 0.122159 0.270635
vt 0.119318 0.275556
vt 0.116477 0.280477
vt 0.113636 0.285397
vt 0.110795 0.290318
vt 0.107954 0.295238
vt 0.105114 0.300159
vt 0.102273 0.305080
vt 0.099432 0.310000
vt 0.139204 0.231270
vt 0.136363 0.236191
vt 0.133523 0.241112
vt 0.130682 0.246032
vt 0.127841 0.250953
vt 0.125000 0.255873
vt 0.122159 0.260794
vt 0.119318 0.265715
vt 0.116477 0.270635
vt 0.113636 0.275556
vt 0.110795 0.280477
vt 0.107954 0.285397
vt 0.105114 0.290318
vt 0.102273 0.295238
vt 0.099432 0.300159
vt 0.096591 0.305080
vt 0.093750 0.310000
vt 0.997159 0.310000
vt 0.994318 0.305080
vt 0.991477 0.310000
vt 0.991477 0.300159
vt 0.988636 0.305080
vt 0.988636 0.295238
vt 0.985795 0.300159
vt 0.985795 0.290318
vt 0.982954 0.295238
vt 0.982954 0.285397
vt 0.980113 0.290318
vt 0.980113 0.280477
vt 0.977273 0.285397
vt 0.977273 0.275556
vt 0.974432 0.280477
vt 0.974432 0.270635
vt 0.971591 0.275556
vt 0.971591 0.265715
vt 0.968750 0.270635
vt 0.968750 0.260794
vt 0.965909 0.265715
vt 0.965909 0.255874
vt 0.963068 0.260794
vt 0.963068 0.250953
vt 0.960227 0.255874
vt 0.960227 0.246032
vt 0.957386 0.250953
vt 0.957386 0.241112
vt 0.954545 0.246032
vt 0.954545 0.236191
vt 0.951704 0.241112
vt 0.951704 0.231270
vt 0.948863 0.236191
vt 0.985795 0.310000
vt 0.982954 0.305080
vt 0.980114 0.310000
vt 0.980114 0.300159
vt 0.977273 0.305080
vt 0.974432 0.310000
vt 0.977273 0.295238
vt 0.974432 0.300159
vt 0.971591 0.305080
vt 0.968750 0.310000
vt 0.974432 0.290318
vt 0.971591 0.295238
vt 0.968750 0.300159
vt 0.965909 0.305080
vt 0.963068 0.310000
vt 0.971591 0.285397
vt 0.968750 0.290318
vt 0.965909 0.295238
vt 0.963068 0.300159
vt 0.960227 0.305080
vt 0.957386 0.310000
vt 0.968750 0.280477
vt 0.965909 0.285397
vt 0.963068 0.290318
vt 0.960227 0.295238
vt 0.957386 0.300159
vt 0.954545 0.305080
vt 0.951704 0.310000
vt 0.965909 0.275556
vt 0.963068 0.280477
vt 0.960227 0.285397
vt 0.957386 0.290318
vt 0.954545 0.295238
vt 0.951704 0.300159
vt 0.948863 0.305080
vt 0.946022 0.310000
vt 0.963068 0.270635
vt 0.960227 0.275556
vt 0.957386 0.280477
vt 0.954545 0.285397
vt 0.951704 0.290318
vt 0.948863 0.295238
vt 0.946022 0.300159
vt 0.943182 0.305080
vt 0.940341 0.310000
vt 0.960227 0.265715
vt 0.957386 0.270635
vt 0.954545 0.275556
vt 0.951704 0.280477
vt 0.948863 0.285397
vt 0.946022 0.290318
vt 0.943182 0.295238
vt 0.940341 0.300159
vt 0.937500 0.305080
vt 0.934659 0.310000
vt 0.957386 0.260794
vt 0.954545 0.265715
vt 0.951704 0.270635
vt 0.948863 0.275556
vt 0.946022 0.280477
vt 0.943182 0.285397
vt 0.940341 0.290318
vt 0.937500 0.295238
vt 0.934659 0.300159
vt 0.931818 0.305080
vt 0.928977 0.310000
vt 0.954545 0.255874
vt 0.951704 0.260794
vt 0.948863 0.265715
vt 0.946022 0.270635
vt 0.943181 0.275556
vt 0.940341 0.280477
vt 0.937500 0.285397
vt 0.934659 0.290318
vt 0.931818 0.295239
vt 0.928977 0.300159
vt 0.926136 0.305080
vt 0.923295 0.310000
vt 0.951704 0.250953
vt 0.948863 0.255874
vt 0.946022 0.260794
vt 0.943181 0.265715
vt 0.940340 0.270635
vt 0.937500 0.275556
vt 0.934659 0.280477
vt 0.931818 0.285397
vt 0.928977 0.290318
vt 0.926136 0.295239
vt 0.923295 0.300159
vt 0.920454 0.305080
vt 0.917613 0.310000
vt 0.948863 0.246032
vt 0.946022 0.250953
vt 0.943181 0.255874
vt 0.940341 0.260794
vt 0.937500 0.265715
vt 0.934659 0.270635
vt 0.931818 0.275556
vt 0.928977 0.280477
vt 0.926136 0.285397
vt 0.923295 0.290318
vt 0.920454 0.295239
vt 0.917613 0.300159
vt 0.914772 0.305080
vt 0.911931 0.310000
vt 0.946022 0.241112
vt 0.943181 0.246032
vt 0.940341 0.250953
vt 0.937500 0.255874
vt 0.934659 0.260794
vt 0.931818 0.265715
vt 0.928977 0.270635
vt 0.926136 0.275556
vt 0.923295 0.280477
vt 0.920454 0.285397
vt 0.917613 0.290318
vt 0.914772 0.295239
vt 0.911931 0.300159
vt 0.909091 0.305080
vt 0.906250 0.310000
vt 0.946022 0.231270
vt 0.943181 0.236191
vt 0.940340 0.241112
vt 0.937500 0.246032
vt 0.934659 0.250953
vt 0.931818 0.255874
vt 0.928977 0.260794
vt 0.926136 0.265715
vt 0.923295 0.270635
vt 0.920454 0.275556
vt 0.917613 0.280477
vt 0.914772 0.285397
vt 0.911931 0.290318
vt 0.909090 0.295239
vt 0.906249 0.300159
vt 0.903409 0.305080
vt 0.900568 0.310000
vt 0.940340 0.231270
vt 0.937500 0.236191
vt 0.934659 0.241112
vt 0.931818 0.246032
vt 0.928977 0.250953
vt 0.926136 0.255874
vt 0.923295 0.260794
vt 0.920454 0.265715
vt 0.917613 0.270635
vt 0.914772 0.275556
vt 0.911931 0.280477
vt 0.909090 0.285397
vt 0.906250 0.290318
vt 0.903409 0.295239
vt 0.900568 0.300159
vt 0.897727 0.305080
vt 0.894886 0.310000
vt 0.934659 0.231270
vt 0.931818 0.236191
vt 0.928977 0.241112
vt 0.926136 0.246032
vt 0.923295 0.250953
vt 0.920454 0.255874
vt 0.917613 0.260794
vt 0.914772 0.265715
vt 0.911931 0.270635
vt 0.909090 0.275556
vt 0.906249 0.280477
vt 0.903409 0.285397
vt 0.900568 0.290318
vt 0.897727 0.295239
vt 0.894886 0.300159
vt 0.892045 0.305080
vt 0.889204 0.310000
vt 0.928977 0.231270
vt 0.926136 0.236191
vt 0.923295 0.241112
vt 0.920454 0.246032
vt 0.917613 0.250953
vt 0.914772 0.255874
vt 0.911931 0.260794
vt 0.909090 0.265715
vt 0.906249 0.270635
vt 0.903409 0.275556
vt 0.900568 0.280477
vt 0.897727 0.285397
vt 0.894886 0.290318
vt 0.892045 0.295239
vt 0.889204 0.300159
vt 0.886363 0.305080
vt 0.883522 0.310000
vt 0.923295 0.231270
vt 0.920454 0.236191
vt 0.917613 0.241112
vt 0.914772 0.246032
vt 0.911931 0.250953
vt 0.909090 0.255874
vt 0.906249 0.260794
vt 0.903409 0.265715
vt 0.900568 0.270635
vt 0.897727 0.275556
vt 0.894886 0.280477
vt 0.892045 0.285397
vt 0.889204 0.290318
vt 0.886363 0.295239
vt 0.883522 0.300159
vt 0.880681 0.305080
vt 0.877840 0.310000
vt 0.917613 0.231270
vt 0.914772 0.236191
vt 0.911931 0.241112
vt 0.909090 0.246032
vt 0.906249 0.250953
vt 0.903408 0.255874
vt 0.900568 0.260794
vt 0.897727 0.265715
vt 0.894886 0.270635
vt 0.892045 0.275556
vt 0.889204 0.280477
vt 0.886363 0.285397
vt 0.883522 0.290318
vt 0.880681 0.295238
vt 0.877840 0.300159
vt 0.874999 0.305080
vt 0.872159 0.310000
vt 0.911931 0.231270
vt 0.909090 0.236191
vt 0.906249 0.241112
vt 0.903408 0.246032
vt 0.900568 0.250953
vt 0.897727 0.255874
vt 0.894886 0.260794
vt 0.892045 0.265715
vt 0.889204 0.270635
vt 0.886363 0.275556
vt 0.883522 0.280477
vt 0.880681 0.285397
vt 0.877840 0.290318
vt 0.874999 0.295239
vt 0.872159 0.300159
vt 0.869318 0.305080
vt 0.866477 0.310000
vt 0.906249 0.231270
vt 0.903408 0.236191
vt 0.900567 0.241112
vt 0.897726 0.246032
vt 0.894886 0.250953
vt 0.892045 0.255874
vt 0.889204 0.260794
vt 0.886363 0.265715
vt 0.883522 0.270635
vt 0.880681 0.275556
vt 0.877840 0.280477
vt 0.874999 0.285397
vt 0.872158 0.290318
vt 0.869318 0.295239
vt 0.866477 0.300159
vt 0.863636 0.305080
vt 0.860795 0.310000
vt 0.900567 0.231270
vt 0.897727 0.236191
vt 0.894886 0.241112
vt 0.892045 0.246032
vt 0.889204 0.250953
vt 0.886363 0.255874
vt 0.883522 0.260794
vt 0.880681 0.265715
vt 0.877840 0.270635
vt 0.874999 0.275556
vt 0.872158 0.280477
vt 0.869317 0.285397
vt 0.866477 0.290318
vt 0.863636 0.295239
vt 0.860795 0.300159
vt 0.857954 0.305080
vt 0.855113 0.310000
vt 0.894886 0.231270
vt 0.892045 0.236191
vt 0.889204 0.241112
vt 0.886363 0.246032
vt 0.883522 0.250953
vt 0.880681 0.255874
vt 0.877840 0.260794
vt 0.874999 0.265715
vt 0.872158 0.270635
vt 0.869317 0.275556
vt 0.866477 0.280477
vt 0.863636 0.285397
vt 0.860795 0.290318
vt 0.857954 0.295239
vt 0.855113 0.300159
vt 0.852272 0.305080
vt 0.849431 0.310000
vt 0.889204 0.231270
vt 0.886363 0.236191
vt 0.883522 0.241112
vt 0.880681 0.246032
vt 0.877840 0.250953
vt 0.874999 0.255874
vt 0.872158 0.260794
vt 0.869317 0.265715
vt 0.866477 0.270635
vt 0.863636 0.275556
vt 0.860795 0.280477
vt 0.857954 0.285397
vt 0.855113 0.290318
vt 0.852272 0.295239
vt 0.849431 0.300159
vt 0.846590 0.305080
vt 0.843749 0.310000
vt 0.883522 0.231270
vt 0.880681 0.236191
vt 0.877840 0.241112
vt 0.874999 0.246032
vt 0.872158 0.250953
vt 0.869317 0.255874
vt 0.866477 0.260794
vt 0.863636 0.265715
vt 0.860795 0.270635
vt 0.857954 0.275556
vt 0.855113 0.280477
vt 0.852272 0.285397
vt 0.849431 0.290318
vt 0.846590 0.295239
vt 0.843749 0.300159
vt 0.840908 0.305080
vt 0.838067 0.310000
vt 0.877840 0.231270
vt 0.874999 0.236191
vt 0.872158 0.241112
vt 0.869317 0.246032
vt 0.866476 0.250953
vt 0.863636 0.255874
vt 0.860795 0.260794
vt 0.857954 0.265715
vt 0.855113 0.270635
vt 0.852272 0.275556
vt 0.849431 0.280477
vt 0.846590 0.285397
vt 0.843749 0.290318
vt 0.840908 0.295239
vt 0.838067 0.300159
vt 0.835226 0.305080
vt 0.832386 0.310000
vt 0.872158 0.231270
vt 0.869317 0.236191
vt 0.866476 0.241112
vt 0.863635 0.246032
vt 0.860795 0.250953
vt 0.857954 0.255874
vt 0.855113 0.260794
vt 0.852272 0.265715
vt 0.849431 0.270635
vt 0.846590 0.275556
vt 0.843749 0.280477
vt 0.840908 0.285397
vt 0.838067 0.290318
vt 0.835226 0.295238
vt 0.832385 0.300159
vt 0.829545 0.305080
vt 0.826704 0.310000
vt 0.866476 0.231270
vt 0.863635 0.236191
vt 0.860794 0.241112
vt 0.857954 0.246032
vt 0.855113 0.250953
vt 0.852272 0.255873
vt 0.849431 0.260794
vt 0.846590 0.265715
vt 0.843749 0.270635
vt 0.840908 0.275556
vt 0.838067 0.280477
vt 0.835226 0.285397
vt 0.832385 0.290318
vt 0.829545 0.295238
vt 0.826704 0.300159
vt 0.823863 0.305080
vt 0.821022 0.310000
vt 0.815340 0.310000
vt 0.812499 0.305080
vt 0.809658 0.310000
vt 0.809658 0.300159
vt 0.806817 0.305080
vt 0.806817 0.295238
vt 0.803976 0.300159
vt 0.803976 0.290318
vt 0.801136 0.295238
vt 0.801136 0.285397
vt 0.798295 0.290318
vt 0.798295 0.280477
vt 0.795454 0.285397
vt 0.795454 0.275556
vt 0.792613 0.280477
vt 0.792613 0.270635
vt 0.789772 0.275556
vt 0.789772 0.265715
vt 0.786931 0.270635
vt 0.786931 0.260794
vt 0.784090 0.265715
vt 0.784090 0.255874
vt 0.781249 0.260794
vt 0.781249 0.250953
vt 0.778408 0.255874
vt 0.778408 0.246032
vt 0.775567 0.250953
vt 0.775567 0.241112
vt 0.772726 0.246032
vt 0.772726 0.236191
vt 0.769885 0.241112
vt 0.769885 0.231270
vt 0.767045 0.236191
vt 0.803976 0.310000
vt 0.801136 0.305080
vt 0.798295 0.310000
vt 0.798295 0.300159
vt 0.795454 0.305080
vt 0.792613 0.310000
vt 0.795454 0.295238
vt 0.792613 0.300159
vt 0.789772 0.305080
vt 0.786931 0.310000
vt 0.792613 0.290318
vt 0.789772 0.295238
vt 0.786931 0.300159
vt 0.784090 0.305080
vt 0.781249 0.310000
vt 0.789772 0.285397
vt 0.786931 0.290318
vt 0.784090 0.295238
vt 0.781249 0.300159
vt 0.778408 0.305080
vt 0.775567 0.310000
vt 0.786931 0.280477
vt 0.784090 0.285397
vt 0.781249 0.290318
vt 0.778408 0.295238
vt 0.775567 0.300159
vt 0.772726 0.305080
vt 0.769886 0.310000
vt 0.784090 0.275556
vt 0.781249 0.280477
vt 0.778408 0.285397
vt 0.775567 0.290318
vt 0.772726 0.295238
vt 0.769886 0.300159
vt 0.767045 0.305080
vt 0.764204 0.310000
vt 0.781249 0.270635
vt 0.778408 0.275556
vt 0.775567 0.280477
vt 0.772727 0.285397
vt 0.769886 0.290318
vt 0.767045 0.295238
vt 0.764204 0.300159
vt 0.761363 0.305080
vt 0.758522 0.310000
vt 0.778408 0.265715
vt 0.775567 0.270635
vt 0.772726 0.275556
vt 0.769886 0.280477
vt 0.767045 0.285397
vt 0.764204 0.290318
vt 0.761363 0.295238
vt 0.758522 0.300159
vt 0.755681 0.305080
vt 0.752840 0.310000
vt 0.775567 0.260794
vt 0.772726 0.265715
vt 0.769886 0.270635
vt 0.767045 0.275556
vt 0.764204 0.280477
vt 0.761363 0.285397
vt 0.758522 0.290318
vt 0.755681 0.295238
vt 0.752840 0.300159
vt 0.749999 0.305080
vt 0.747158 0.310000
vt 0.772726 0.255874
vt 0.769886 0.260794
vt 0.767045 0.265715
vt 0.764204 0.270635
vt 0.761363 0.275556
vt 0.758522 0.280477
vt 0.755681 0.285397
vt 0.752840 0.290318
vt 0.749999 0.295239
vt 0.747158 0.300159
vt 0.744317 0.305080
vt 0.741476 0.310000
vt 0.769886 0.250953
vt 0.767045 0.255874
vt 0.764204 0.260794
vt 0.761363 0.265715
vt 0.758522 0.270635
vt 0.755681 0.275556
vt 0.752840 0.280477
vt 0.749999 0.285397
vt 0.747158 0.290318
vt 0.744317 0.295239
vt 0.741476 0.300159
vt 0.738636 0.305080
vt 0.735795 0.310000
vt 0.767045 0.246032
vt 0.764204 0.250953
vt 0.761363 0.255874
vt 0.758522 0.260794
vt 0.755681 0.265715
vt 0.752840 0.270635
vt 0.749999 0.275556
vt 0.747158 0.280477
vt 0.744317 0.285397
vt 0.741476 0.290318
vt 0.738636 0.295239
vt 0.735795 0.300159
vt 0.732954 0.305080
vt 0.730113 0.310000
vt 0.764204 0.241112
vt 0.761363 0.246032
vt 0.758522 0.250953
vt 0.755681 0.255874
vt 0.752840 0.260794
vt 0.749999 0.265715
vt 0.747158 0.270635
vt 0.744317 0.275556
vt 0.741476 0.280477
vt 0.738636 0.285397
vt 0.735795 0.290318
vt 0.732954 0.295239
vt 0.730113 0.300159
vt 0.727272 0.305080
vt 0.724431 0.310000
vt 0.764204 0.231270
vt 0.761363 0.236191
vt 0.758522 0.241112
vt 0.755681 0.246032
vt 0.752840 0.250953
vt 0.749999 0.255874
vt 0.747158 0.260794
vt 0.744317 0.265715
vt 0.741476 0.270635
vt 0.738635 0.275556
vt 0.735795 0.280477
vt 0.732954 0.285397
vt 0.730113 0.290318
vt 0.727272 0.295239
vt 0.724431 0.300159
vt 0.721590 0.305080
vt 0.718749 0.310000
vt 0.758522 0.231270
vt 0.755681 0.236191
vt 0.752840 0.241112
vt 0.749999 0.246032
vt 0.747158 0.250953
vt 0.744317 0.255874
vt 0.741476 0.260794
vt 0.738635 0.265715
vt 0.735794 0.270635
vt 0.732954 0.275556
vt 0.730113 0.280477
vt 0.727272 0.285397
vt 0.724431 0.290318
vt 0.721590 0.295239
vt 0.718749 0.300159
vt 0.715908 0.305080
vt 0.713067 0.310000
vt 0.752840 0.231270
vt 0.749999 0.236191
vt 0.747158 0.241112
vt 0.744317 0.246032
vt 0.741476 0.250953
vt 0.738636 0.255874
vt 0.735795 0.260794
vt 0.732954 0.265715
vt 0.730113 0.270635
vt 0.727272 0.275556
vt 0.724431 0.280477
vt 0.721590 0.285397
vt 0.718749 0.290318
vt 0.715908 0.295239
vt 0.713067 0.300159
vt 0.710226 0.305080
vt 0.707386 0.310000
vt 0.747158 0.231270
vt 0.744317 0.236191
vt 0.741476 0.241112
vt 0.738636 0.246032
vt 0.735795 0.250953
vt 0.732954 0.255874
vt 0.730113 0.260794
vt 0.727272 0.265715
vt 0.724431 0.270635
vt 0.721590 0.275556
vt 0.718749 0.280477
vt 0.715908 0.285397
vt 0.713067 0.290318
vt 0.710226 0.295239
vt 0.707386 0.300159
vt 0.704545 0.305080
vt 0.701704 0.310000
vt 0.741476 0.231270
vt 0.738636 0.236191
vt 0.735795 0.241112
vt 0.732954 0.246032
vt 0.730113 0.250953
vt 0.727272 0.255874
vt 0.724431 0.260794
vt 0.721590 0.265715
vt 0.718749 0.270635
vt 0.715908 0.275556
vt 0.713067 0.280477
vt 0.710227 0.285397
vt 0.707386 0.290318
vt 0.704545 0.295239
vt 0.701704 0.300159
vt 0.698863 0.305080
vt 0.696022 0.310000
vt 0.735795 0.231270
vt 0.732954 0.236191
vt 0.730113 0.241112
vt 0.727272 0.246032
vt 0.724431 0.250953
vt 0.721590 0.255874
vt 0.718749 0.260794
vt 0.715908 0.265715
vt 0.713067 0.270635
vt 0.710226 0.275556
vt 0.707386 0.280477
vt 0.704545 0.285397
vt 0.701704 0.290318
vt 0.698863 0.295238
vt 0.696022 0.300159
vt 0.693181 0.305080
vt 0.690340 0.310000
vt 0.730113 0.231270
vt 0.727272 0.236191
vt 0.724431 0.241112
vt 0.721590 0.246032
vt 0.718749 0.250953
vt 0.715908 0.255874
vt 0.713067 0.260794
vt 0.710226 0.265715
vt 0.707386 0.270635
vt 0.704545 0.275556
vt 0.701704 0.280477
vt 0.698863 0.285397
vt 0.696022 0.290318
vt 0.693181 0.295239
vt 0.690340 0.300159
vt 0.687499 0.305080
vt 0.684658 0.310000
vt 0.724431 0.231270
vt 0.721590 0.236191
vt 0.718749 0.241112
vt 0.715908 0.246032
vt 0.713067 0.250953
vt 0.710226 0.255874
vt 0.707386 0.260794
vt 0.704545 0.265715
vt 0.701704 0.270635
vt 0.698863 0.275556
vt 0.696022 0.280477
vt 0.693181 0.285397
vt 0.690340 0.290318
vt 0.687499 0.295239
vt 0.684658 0.300159
vt 0.681817 0.305080
vt 0.678977 0.310000
vt 0.718749 0.231270
vt 0.715908 0.236191
vt 0.713067 0.241112
vt 0.710227 0.246032
vt 0.707386 0.250953
vt 0.704545 0.255874
vt 0.701704 0.260794
vt 0.698863 0.265715
vt 0.696022 0.270635
vt 0.693181 0.275556
vt 0.690340 0.280477
vt 0.687499 0.285397
vt 0.684658 0.290318
vt 0.681818 0.295239
vt 0.678977 0.300159
vt 0.676136 0.305080
vt 0.673295 0.310000
vt 0.713067 0.231270
vt 0.710226 0.236191
vt 0.707386 0.241112
vt 0.704545 0.246032
vt 0.701704 0.250953
vt 0.698863 0.255874
vt 0.696022 0.260794
vt 0.693181 0.265715
vt 0.690340 0.270635
vt 0.687499 0.275556
vt 0.684658 0.280477
vt 0.681817 0.285397
vt 0.678977 0.290318
vt 0.676136 0.295239
vt 0.673295 0.300159
vt 0.670454 0.305080
vt 0.667613 0.310000
vt 0.707386 0.231270
vt 0.704545 0.236191
vt 0.701704 0.241112
vt 0.698863 0.246032
vt 0.696022 0.250953
vt 0.693181 0.255874
vt 0.690340 0.260794
vt 0.687499 0.265715
vt 0.684658 0.270635
vt 0.681817 0.275556
vt 0.678976 0.280477
vt 0.676136 0.285397
vt 0.673295 0.290318
vt 0.670454 0.295239
vt 0.667613 0.300159
vt 0.664772 0.305080
vt 0.661931 0.310000
vt 0.701704 0.231270
vt 0.698863 0.236191
vt 0.696022 0.241112
vt 0.693181 0.246032
vt 0.690340 0.250953
vt 0.687499 0.255874
vt 0.684658 0.260794
vt 0.681818 0.265715
vt 0.678977 0.270635
vt 0.676136 0.275556
vt 0.673295 0.280477
vt 0.670454 0.285397
vt 0.667613 0.290318
vt 0.664772 0.295239
vt 0.661931 0.300159
vt 0.659090 0.305080
vt 0.656249 0.310000
vt 0.696022 0.231270
vt 0.693181 0.236191
vt 0.690340 0.241112
vt 0.687499 0.246032
vt 0.684658 0.250953
vt 0.681817 0.255874
vt 0.678976 0.260794
vt 0.676136 0.265715
vt 0.673295 0.270635
vt 0.670454 0.275556
vt 0.667613 0.280477
vt 0.664772 0.285397
vt 0.661931 0.290318
vt 0.659090 0.295239
vt 0.656249 0.300159
vt 0.653408 0.305080
vt 0.650567 0.310000
vt 0.690340 0.231270
vt 0.687499 0.236191
vt 0.684658 0.241112
vt 0.681817 0.246032
vt 0.678977 0.250953
vt 0.676136 0.255874
vt 0.673295 0.260794
vt 0.670454 0.265715
vt 0.667613 0.270635
vt 0.664772 0.275556
vt 0.661931 0.280477
vt 0.659090 0.285397
vt 0.656249 0.290318
vt 0.653408 0.295238
vt 0.650567 0.300159
vt 0.647727 0.305080
vt 0.644886 0.310000
vt 0.684658 0.231270
vt 0.681817 0.236191
vt 0.678976 0.241112
vt 0.676136 0.246032
vt 0.673295 0.250953
vt 0.670454 0.255873
vt 0.667613 0.260794
vt 0.664772 0.265715
vt 0.661931 0.270635
vt 0.659090 0.275556
vt 0.656249 0.280477
vt 0.653408 0.285397
vt 0.650567 0.290318
vt 0.647727 0.295238
vt 0.644886 0.300159
vt 0.642045 0.305080
vt 0.639204 0.310000
vt 0.454545 0.305080
vt 0.457386 0.300159
vt 0.460227 0.295238
vt 0.463068 0.290318
vt 0.465909 0.285397
vt 0.468750 0.280477
vt 0.471590 0.275556
vt 0.474431 0.270635
vt 0.477272 0.265715
vt 0.480113 0.260794
vt 0.482954 0.255873
vt 0.485795 0.250953
vt 0.488636 0.246032
vt 0.491477 0.241112
vt 0.494318 0.236191
vt 0.497159 0.231270
vt 0.451704 0.300159
vt 0.454545 0.295238
vt 0.448863 0.295238
vt 0.457386 0.290318
vt 0.451704 0.290318
vt 0.446022 0.290318
vt 0.460227 0.285397
vt 0.454545 0.285397
vt 0.448863 0.285397
vt 0.443181 0.285397
vt 0.463068 0.280477
vt 0.457386 0.280477
vt 0.451704 0.280477
vt 0.446022 0.280477
vt 0.440340 0.280477
vt 0.465909 0.275556
vt 0.460227 0.275556
vt 0.454545 0.275556
vt 0.448863 0.275556
vt 0.443181 0.275556
vt 0.437500 0.275556
vt 0.468750 0.270635
vt 0.463068 0.270635
vt 0.457386 0.270635
vt 0.451704 0.270635
vt 0.446022 0.270635
vt 0.440340 0.270635
vt 0.434659 0.270635
vt 0.471590 0.265715
vt 0.465909 0.265715
vt 0.460227 0.265715
vt 0.454545 0.265715
vt 0.448863 0.265715
vt 0.443181 0.265715
vt 0.437499 0.265715
vt 0.431818 0.265715
vt 0.474431 0.260794
vt 0.468749 0.260794
vt 0.463068 0.260794
vt 0.457386 0.260794
vt 0.451704 0.260794
vt 0.446022 0.260794
vt 0.440340 0.260794
vt 0.434659 0.260794
vt 0.428977 0.260794
vt 0.477272 0.255873
vt 0.471590 0.255873
vt 0.465909 0.255873
vt 0.460227 0.255873
vt 0.454545 0.255873
vt 0.448863 0.255873
vt 0.443181 0.255874
vt 0.437500 0.255874
vt 0.431818 0.255874
vt 0.426136 0.255874
vt 0.480113 0.250953
vt 0.474431 0.250953
vt 0.468749 0.250953
vt 0.463068 0.250953
vt 0.457386 0.250953
vt 0.451704 0.250953
vt 0.446022 0.250953
vt 0.440340 0.250953
vt 0.434659 0.250953
vt 0.428977 0.250953
vt 0.423295 0.250953
vt 0.482954 0.246032
vt 0.477272 0.246032
vt 0.471590 0.246032
vt 0.465909 0.246032
vt 0.460227 0.246032
vt 0.454545 0.246032
vt 0.448863 0.246032
vt 0.443181 0.246032
vt 0.437500 0.246032
vt 0.431818 0.246032
vt 0.426136 0.246032
vt 0.420454 0.246032
vt 0.485795 0.241112
vt 0.480113 0.241112
vt 0.474431 0.241112
vt 0.468750 0.241112
vt 0.463068 0.241112
vt 0.457386 0.241112
vt 0.451704 0.241112
vt 0.446022 0.241112
vt 0.440340 0.241112
vt 0.434659 0.241112
vt 0.428977 0.241112
vt 0.423295 0.241112
vt 0.417613 0.241112
vt 0.488636 0.236191
vt 0.482954 0.236191
vt 0.477272 0.236191
vt 0.471590 0.236191
vt 0.465909 0.236191
vt 0.460227 0.236191
vt 0.454545 0.236191
vt 0.448863 0.236191
vt 0.443181 0.236191
vt 0.437500 0.236191
vt 0.431818 0.236191
vt 0.426136 0.236191
vt 0.420454 0.236191
vt 0.414772 0.236191
vt 0.491477 0.231270
vt 0.485795 0.231270
vt 0.480113 0.231270
vt 0.474431 0.231270
vt 0.468750 0.231270
vt 0.463068 0.231270
vt 0.457386 0.231270
vt 0.451704 0.231270
vt 0.446022 0.231270
vt 0.440340 0.231270
vt 0.434659 0.231270
vt 0.428977 0.231270
vt 0.423295 0.231270
vt 0.417613 0.231270
vt 0.411931 0.231270
vt 0.272727 0.305080
vt 0.275568 0.300159
vt 0.278409 0.295238
vt 0.281250 0.290318
vt 0.284091 0.285397
vt 0.286932 0.280477
vt 0.289772 0.275556
vt 0.292613 0.270635
vt 0.295454 0.265715
vt 0.298295 0.260794
vt 0.301136 0.255873
vt 0.303977 0.250953
vt 0.306818 0.246032
vt 0.309659 0.241112
vt 0.312500 0.236191
vt 0.315341 0.231270
vt 0.269886 0.300159
vt 0.272727 0.295238
vt 0.267045 0.295238
vt 0.275568 0.290318
vt 0.269886 0.290318
vt 0.264204 0.290318
vt 0.278409 0.285397
vt 0.272727 0.285397
vt 0.267045 0.285397
vt 0.261363 0.285397
vt 0.281250 0.280477
vt 0.275568 0.280477
vt 0.269886 0.280477
vt 0.264204 0.280477
vt 0.258522 0.280477
vt 0.284091 0.275556
vt 0.278409 0.275556
vt 0.272727 0.275556
vt 0.267045 0.275556
vt 0.261363 0.275556
vt 0.255682 0.275556
vt 0.286932 0.270635
vt 0.281250 0.270635
vt 0.275568 0.270635
vt 0.269886 0.270635
vt 0.264204 0.270635
vt 0.258522 0.270635
vt 0.252841 0.270635
vt 0.289772 0.265715
vt 0.284091 0.265715
vt 0.278409 0.265715
vt 0.272727 0.265715
vt 0.267045 0.265715
vt 0.261363 0.265715
vt 0.255682 0.265715
vt 0.250000 0.265715
vt 0.292613 0.260794
vt 0.286931 0.260794
vt 0.281250 0.260794
vt 0.275568 0.260794
vt 0.269886 0.260794
vt 0.264204 0.260794
vt 0.258522 0.260794
vt 0.252841 0.260794
vt 0.247159 0.260794
vt 0.295454 0.255873
vt 0.289772 0.255873
vt 0.284091 0.255873
vt 0.278409 0.255873
vt 0.272727 0.255873
vt 0.267045 0.255873
vt 0.261363 0.255874
vt 0.255682 0.255874
vt 0.250000 0.255874
vt 0.244318 0.255874
vt 0.298295 0.250953
vt 0.292613 0.250953
vt 0.286931 0.250953
vt 0.281250 0.250953
vt 0.275568 0.250953
vt 0.269886 0.250953
vt 0.264204 0.250953
vt 0.258522 0.250953
vt 0.252841 0.250953
vt 0.247159 0.250953
vt 0.241477 0.250953
vt 0.301136 0.246032
vt 0.295454 0.246032
vt 0.289772 0.246032
vt 0.284091 0.246032
vt 0.278409 0.246032
vt 0.272727 0.246032
vt 0.267045 0.246032
vt 0.261363 0.246032
vt 0.255682 0.246032
vt 0.250000 0.246032
vt 0.244318 0.246032
vt 0.238636 0.246032
vt 0.303977 0.241112
vt 0.298295 0.241112
vt 0.292613 0.241112
vt 0.286932 0.241112
vt 0.281250 0.241112
vt 0.275568 0.241112
vt 0.269886 0.241112
vt 0.264204 0.241112
vt 0.258522 0.241112
vt 0.252841 0.241112
vt 0.247159 0.241112
vt 0.241477 0.241112
vt 0.235795 0.241112
vt 0.306818 0.236191
vt 0.301136 0.236191
vt 0.295454 0.236191
vt 0.289772 0.236191
vt 0.284091 0.236191
vt 0.278409 0.236191
vt 0.272727 0.236191
vt 0.267045 0.236191
vt 0.261363 0.236191
vt 0.255682 0.236191
vt 0.250000 0.236191
vt 0.244318 0.236191
vt 0.238636 0.236191
vt 0.232954 0.236191
vt 0.309659 0.231270
vt 0.303977 0.231270
vt 0.298295 0.231270
vt 0.292613 0.231270
vt 0.286932 0.231270
vt 0.281250 0.231270
vt 0.275568 0.231270
vt 0.269886 0.231270
vt 0.264204 0.231270
vt 0.258522 0.231270
vt 0.252841 0.231270
vt 0.247159 0.231270
vt 0.241477 0.231270
vt 0.235795 0.231270
vt 0.230113 0.231270
vt 0.088068 0.310000
vt 0.090909 0.305080
vt 0.093750 0.300159
vt 0.096591 0.295238
vt 0.099432 0.290318
vt 0.102273 0.285397
vt 0.105114 0.280477
vt 0.107954 0.275556
vt 0.110795 0.270635
vt 0.113636 0.265715
vt 0.116477 0.260794
vt 0.119318 0.255873
vt 0.122159 0.250953
vt 0.125000 0.246032
vt 0.127841 0.241112
vt 0.130682 0.236191
vt 0.133523 0.231270
vt 0.085227 0.305080
vt 0.088068 0.300159
vt 0.082386 0.300159
vt 0.090909 0.295238
vt 0.085227 0.295238
vt 0.079545 0.295238
vt 0.093750 0.290318
vt 0.088068 0.290318
vt 0.082386 0.290318
vt 0.076704 0.290318
vt 0.096591 0.285397
vt 0.090909 0.285397
vt 0.085227 0.285397
vt 0.079545 0.285397
vt 0.073864 0.285397
vt 0.099432 0.280477
vt 0.093750 0.280477
vt 0.088068 0.280477
vt 0.082386 0.280477
vt 0.076704 0.280477
vt 0.071023 0.280477
vt 0.102273 0.275556
vt 0.096591 0.275556
vt 0.090909 0.275556
vt 0.085227 0.275556
vt 0.079545 0.275556
vt 0.073864 0.275556
vt 0.068182 0.275556
vt 0.105114 0.270635
vt 0.099432 0.270635
vt 0.093750 0.270635
vt 0.088068 0.270635
vt 0.082386 0.270635
vt 0.076704 0.270635
vt 0.071023 0.270635
vt 0.065341 0.270635
vt 0.107954 0.265715
vt 0.102273 0.265715
vt 0.096591 0.265715
vt 0.090909 0.265715
vt 0.085227 0.265715
vt 0.079545 0.265715
vt 0.073864 0.265715
vt 0.068182 0.265715
vt 0.062500 0.265715
vt 0.110795 0.260794
vt 0.105114 0.260794
vt 0.099432 0.260794
vt 0.093750 0.260794
vt 0.088068 0.260794
vt 0.082386 0.260794
vt 0.076704 0.260794
vt 0.071023 0.260794
vt 0.065341 0.260794
vt 0.059659 0.260794
vt 0.113636 0.255873
vt 0.107954 0.255873
vt 0.102273 0.255873
vt 0.096591 0.255873
vt 0.090909 0.255873
vt 0.085227 0.255873
vt 0.079545 0.255874
vt 0.073864 0.255874
vt 0.068182 0.255874
vt 0.062500 0.255874
vt 0.056818 0.255874
vt 0.116477 0.250953
vt 0.110795 0.250953
vt 0.105114 0.250953
vt 0.099432 0.250953
vt 0.093750 0.250953
vt 0.088068 0.250953
vt 0.082386 0.250953
vt 0.076704 0.250953
vt 0.071023 0.250953
vt 0.065341 0.250953
vt 0.059659 0.250953
vt 0.053977 0.250953
vt 0.119318 0.246032
vt 0.113636 0.246032
vt 0.107954 0.246032
vt 0.102273 0.246032
vt 0.096591 0.246032
vt 0.090909 0.246032
vt 0.085227 0.246032
vt 0.079545 0.246032
vt 0.073864 0.246032
vt 0.068182 0.246032
vt 0.062500 0.246032
vt 0.056818 0.246032
vt 0.051136 0.246032
vt 0.122159 0.241112
vt 0.116477 0.241112
vt 0.110795 0.241112
vt 0.105114 0.241112
vt 0.099432 0.241112
vt 0.093750 0.241112
vt 0.088068 0.241112
vt 0.082386 0.241112
vt 0.076704 0.241112
vt 0.071023 0.241112
vt 0.065341 0.241112
vt 0.059659 0.241112
vt 0.053977 0.241112
vt 0.048295 0.241112
vt 0.125000 0.236191
vt 0.119318 0.236191
vt 0.113636 0.236191
vt 0.107954 0.236191
vt 0.102273 0.236191
vt 0.096591 0.236191
vt 0.090909 0.236191
vt 0.085227 0.236191
vt 0.079545 0.236191
vt 0.073864 0.236191
vt 0.068182 0.236191
vt 0.062500 0.236191
vt 0.056818 0.236191
vt 0.051136 0.236191
vt 0.045454 0.236191
vt 0.127841 0.231270
vt 0.122159 0.231270
vt 0.116477 0.231270
vt 0.110795 0.231270
vt 0.105114 0.231270
vt 0.099432 0.231270
vt 0.093750 0.231270
vt 0.088068 0.231270
vt 0.082386 0.231270
vt 0.076704 0.231270
vt 0.071023 0.231270
vt 0.065341 0.231270
vt 0.059659 0.231270
vt 0.053977 0.231270
vt 0.048295 0.231270
vt 0.042614 0.231270
vt 0.818181 0.305080
vt 0.821022 0.300159
vt 0.823863 0.295238
vt 0.826704 0.290318
vt 0.829545 0.285397
vt 0.832385 0.280477
vt 0.835226 0.275556
vt 0.838067 0.270635
vt 0.840908 0.265715
vt 0.843749 0.260794
vt 0.846590 0.255873
vt 0.849431 0.250953
vt 0.852272 0.246032
vt 0.855113 0.241112
vt 0.857954 0.236191
vt 0.860794 0.231270
vt 0.815340 0.300159
vt 0.818181 0.295238
vt 0.812499 0.295238
vt 0.821022 0.290318
vt 0.815340 0.290318
vt 0.809658 0.290318
vt 0.823863 0.285397
vt 0.818181 0.285397
vt 0.812499 0.285397
vt 0.806817 0.285397
vt 0.826704 0.280477
vt 0.821022 0.280477
vt 0.815340 0.280477
vt 0.809658 0.280477
vt 0.803976 0.280477
vt 0.829545 0.275556
vt 0.823863 0.275556
vt 0.818181 0.275556
vt 0.812499 0.275556
vt 0.806817 0.275556
vt 0.801136 0.275556
vt 0.832385 0.270635
vt 0.826704 0.270635
vt 0.821022 0.270635
vt 0.815340 0.270635
vt 0.809658 0.270635
vt 0.803976 0.270635
vt 0.798295 0.270635
vt 0.835226 0.265715
vt 0.829545 0.265715
vt 0.823863 0.265715
vt 0.818181 0.265715
vt 0.812499 0.265715
vt 0.806817 0.265715
vt 0.801136 0.265715
vt 0.795454 0.265715
vt 0.838067 0.260794
vt 0.832385 0.260794
vt 0.826704 0.260794
vt 0.821022 0.260794
vt 0.815340 0.260794
vt 0.809658 0.260794
vt 0.803976 0.260794
vt 0.798295 0.260794
vt 0.792613 0.260794
vt 0.840908 0.255873
vt 0.835226 0.255873
vt 0.829545 0.255873
vt 0.823863 0.255873
vt 0.818181 0.255873
vt 0.812499 0.255873
vt 0.806817 0.255874
vt 0.801136 0.255874
vt 0.795454 0.255874
vt 0.789772 0.255874
vt 0.843749 0.250953
vt 0.838067 0.250953
vt 0.832385 0.250953
vt 0.826704 0.250953
vt 0.821022 0.250953
vt 0.815340 0.250953
vt 0.809658 0.250953
vt 0.803976 0.250953
vt 0.798295 0.250953
vt 0.792613 0.250953
vt 0.786931 0.250953
vt 0.846590 0.246032
vt 0.840908 0.246032
vt 0.835226 0.246032
vt 0.829544 0.246032
vt 0.823863 0.246032
vt 0.818181 0.246032
vt 0.812499 0.246032
vt 0.806817 0.246032
vt 0.801135 0.246032
vt 0.795454 0.246032
vt 0.789772 0.246032
vt 0.784090 0.246032
vt 0.849431 0.241112
vt 0.843749 0.241112
vt 0.838067 0.241112
vt 0.832385 0.241112
vt 0.826704 0.241112
vt 0.821022 0.241112
vt 0.815340 0.241112
vt 0.809658 0.241112
vt 0.803976 0.241112
vt 0.798294 0.241112
vt 0.792613 0.241112
vt 0.786931 0.241112
vt 0.781249 0.241112
vt 0.852272 0.236191
vt 0.846590 0.236191
vt 0.840908 0.236191
vt 0.835226 0.236191
vt 0.829544 0.236191
vt 0.823863 0.236191
vt 0.818181 0.236191
vt 0.812499 0.236191
vt 0.806817 0.236191
vt 0.801135 0.236191
vt 0.795454 0.236191
vt 0.789772 0.236191
vt 0.784090 0.236191
vt 0.778408 0.236191
vt 0.855113 0.231270
vt 0.849431 0.231270
vt 0.843749 0.231270
vt 0.838067 0.231270
vt 0.832385 0.231270
vt 0.826704 0.231270
vt 0.821022 0.231270
vt 0.815340 0.231270
vt 0.809658 0.231270
vt 0.803976 0.231270
vt 0.798294 0.231270
vt 0.792613 0.231270
vt 0.786931 0.231270
vt 0.781249 0.231270
vt 0.775567 0.231270
vt 0.636363 0.305080
vt 0.639204 0.300159
vt 0.642045 0.295238
vt 0.644886 0.290318
vt 0.647727 0.285397
vt 0.650568 0.280477
vt 0.653408 0.275556
vt 0.656249 0.270635
vt 0.659090 0.265715
vt 0.661931 0.260794
vt 0.664772 0.255873
vt 0.667613 0.250953
vt 0.670454 0.246032
vt 0.673295 0.241112
vt 0.676136 0.236191
vt 0.678977 0.231270
vt 0.633522 0.300159
vt 0.636363 0.295238
vt 0.630681 0.295238
vt 0.639204 0.290318
vt 0.633522 0.290318
vt 0.627840 0.290318
vt 0.642045 0.285397
vt 0.636363 0.285397
vt 0.630681 0.285397
vt 0.624999 0.285397
vt 0.644886 0.280477
vt 0.639204 0.280477
vt 0.633522 0.280477
vt 0.627840 0.280477
vt 0.622158 0.280477
vt 0.647727 0.275556
vt 0.642045 0.275556
vt 0.636363 0.275556
vt 0.630681 0.275556
vt 0.624999 0.275556
vt 0.619318 0.275556
vt 0.650567 0.270635
vt 0.644886 0.270635
vt 0.639204 0.270635
vt 0.633522 0.270635
vt 0.627840 0.270635
vt 0.622158 0.270635
vt 0.616477 0.270635
vt 0.653408 0.265715
vt 0.647727 0.265715
vt 0.642045 0.265715
vt 0.636363 0.265715
vt 0.630681 0.265715
vt 0.624999 0.265715
vt 0.619318 0.265715
vt 0.613636 0.265715
vt 0.656249 0.260794
vt 0.650567 0.260794
vt 0.644886 0.260794
vt 0.639204 0.260794
vt 0.633522 0.260794
vt 0.627840 0.260794
vt 0.622158 0.260794
vt 0.616477 0.260794
vt 0.610795 0.260794
vt 0.659090 0.255873
vt 0.653408 0.255873
vt 0.647727 0.255873
vt 0.642045 0.255873
vt 0.636363 0.255873
vt 0.630681 0.255873
vt 0.624999 0.255874
vt 0.619318 0.255874
vt 0.613636 0.255874
vt 0.607954 0.255874
vt 0.661931 0.250953
vt 0.656249 0.250953
vt 0.650567 0.250953
vt 0.644886 0.250953
vt 0.639204 0.250953
vt 0.633522 0.250953
vt 0.627840 0.250953
vt 0.622158 0.250953
vt 0.616477 0.250953
vt 0.610795 0.250953
vt 0.605113 0.250953
vt 0.664772 0.246032
vt 0.659090 0.246032
vt 0.653408 0.246032
vt 0.647727 0.246032
vt 0.642045 0.246032
vt 0.636363 0.246032
vt 0.630681 0.246032
vt 0.624999 0.246032
vt 0.619318 0.246032
vt 0.613636 0.246032
vt 0.607954 0.246032
vt 0.602272 0.246032
vt 0.667613 0.241112
vt 0.661931 0.241112
vt 0.656249 0.241112
vt 0.650567 0.241112
vt 0.644886 0.241112
vt 0.639204 0.241112
vt 0.633522 0.241112
vt 0.627840 0.241112
vt 0.622158 0.241112
vt 0.616477 0.241112
vt 0.610795 0.241112
vt 0.605113 0.241112
vt 0.599431 0.241112
vt 0.670454 0.236191
vt 0.664772 0.236191
vt 0.659090 0.236191
vt 0.653408 0.236191
vt 0.647727 0.236191
vt 0.642045 0.236191
vt 0.636363 0.236191
vt 0.630681 0.236191
vt 0.624999 0.236191
vt 0.619317 0.236191
vt 0.613636 0.236191
vt 0.607954 0.236191
vt 0.602272 0.236191
vt 0.596590 0.236191
vt 0.673295 0.231270
vt 0.667613 0.231270
vt 0.661931 0.231270
vt 0.656249 0.231270
vt 0.650568 0.231270
vt 0.644886 0.231270
vt 0.639204 0.231270
vt 0.633522 0.231270
vt 0.627840 0.231270
vt 0.622158 0.231270
vt 0.616477 0.231270
vt 0.610795 0.231270
vt 0.605113 0.231270
vt 0.599431 0.231270
vt 0.593749 0.231270
vn 0.2764 0.4472 0.8507
vn 0.3008 0.4549 0.8382
vn 0.2723 0.4725 0.8382
vn -0.7236 0.4472 0.5257
vn -0.7042 0.4549 0.5451
vn -0.7130 0.4725 0.5180
vn -0.7236 0.4472 -0.5257
vn -0.7360 0.4549 -0.5013
vn -0.7130 0.4725 -0.5180
vn 0.2764 0.4472 -0.8507
vn 0.2493 0.4549 -0.8549
vn 0.2723 0.4725 -0.8382
vn 0.8944 0.4472 0.0000
vn 0.8901 0.4549 -0.0271
vn 0.8813 0.4725 -0.0000
vn 0.0285 0.9996 -0.0000
vn 0.0088 0.9996 -0.0271
vn 0.0000 1.0000 -0.0000
vn 0.0578 0.9983 0.0000
vn 0.0381 0.9989 -0.0277
vn 0.0881 0.9961 0.0000
vn 0.0681 0.9973 -0.0281
vn 0.1193 0.9929 -0.0000
vn 0.0991 0.9947 -0.0286
vn 0.1512 0.9885 -0.0000
vn 0.1309 0.9910 -0.0290
vn 0.1839 0.9829 -0.0000
vn 0.1635 0.9861 -0.0294
vn 0.2172 0.9761 -0.0000
vn 0.1968 0.9800 -0.0298
vn 0.2511 0.9680 0.0000
vn 0.2307 0.9725 -0.0302
vn 0.2854 0.9584 -0.0000
vn 0.2652 0.9637 -0.0306
vn 0.3201 0.9474 -0.0000
vn 0.3000 0.9534 -0.0309
vn 0.3549 0.9349 -0.0000
vn 0.3351 0.9417 -0.0311
vn 0.3897 0.9210 -0.0000
vn 0.3703 0.9284 -0.0314
vn 0.4243 0.9055 -0.0000
vn 0.4054 0.9136 -0.0316
vn 0.4586 0.8886 -0.0000
vn 0.4403 0.8973 -0.0317
vn 0.4925 0.8703 0.0000
vn 0.4748 0.8795 -0.0318
vn 0.5257 0.8506 -0.0000
vn 0.5088 0.8603 -0.0318
vn 0.5582 0.8297 -0.0000
vn 0.5420 0.8398 -0.0318
vn 0.5897 0.8076 0.0000
vn 0.5743 0.8180 -0.0318
vn 0.6202 0.7845 0.0000
vn 0.6056 0.7951 -0.0317
vn 0.6495 0.7604 0.0000
vn 0.6358 0.7712 -0.0316
vn 0.6775 0.7355 0.0000
vn 0.6648 0.7464 -0.0314
vn 0.7042 0.7100 0.0000
vn 0.6924 0.7209 -0.0311
vn 0.7296 0.6839 0.0000
vn 0.7186 0.6948 -0.0309
vn 0.7534 0.6575 -0.0000
vn 0.7434 0.6682 -0.0306
vn 0.7759 0.6308 0.0000
vn 0.7667 0.6413 -0.0302
vn 0.7969 0.6041 0.0000
vn 0.7885 0.6143 -0.0298
vn 0.8165 0.5773 0.0000
vn 0.8089 0.5872 -0.0294
vn 0.8347 0.5507 0.0000
vn 0.8278 0.5602 -0.0290
vn 0.8515 0.5243 0.0000
vn 0.8454 0.5334 -0.0286
vn 0.8671 0.4982 -0.0000
vn 0.8615 0.5069 -0.0281
vn 0.8764 0.4808 -0.0277
vn 0.0179 0.9983 -0.0550
vn 0.0478 0.9973 -0.0561
vn 0.0272 0.9961 -0.0838
vn 0.0785 0.9953 -0.0570
vn 0.0578 0.9947 -0.0854
vn 0.0369 0.9929 -0.1134
vn 0.1101 0.9922 -0.0579
vn 0.0891 0.9922 -0.0868
vn 0.0680 0.9910 -0.1155
vn 0.0467 0.9885 -0.1438
vn 0.1425 0.9880 -0.0588
vn 0.1213 0.9887 -0.0881
vn 0.1000 0.9880 -0.1174
vn 0.0785 0.9861 -0.1464
vn 0.0568 0.9829 -0.1749
vn 0.1757 0.9826 -0.0596
vn 0.1544 0.9840 -0.0894
vn 0.1328 0.9840 -0.1192
vn 0.1110 0.9826 -0.1487
vn 0.0892 0.9800 -0.1779
vn 0.0671 0.9761 -0.2066
vn 0.2097 0.9759 -0.0604
vn 0.1882 0.9779 -0.0907
vn 0.1664 0.9786 -0.1209
vn 0.1444 0.9779 -0.1510
vn 0.1222 0.9759 -0.1807
vn 0.1000 0.9725 -0.2101
vn 0.0776 0.9680 -0.2388
vn 0.2442 0.9678 -0.0611
vn 0.2227 0.9705 -0.0918
vn 0.2008 0.9719 -0.1225
vn 0.1786 0.9719 -0.1531
vn 0.1562 0.9705 -0.1834
vn 0.1336 0.9678 -0.2134
vn 0.1110 0.9637 -0.2428
vn 0.0882 0.9584 -0.2715
vn 0.2792 0.9582 -0.0618
vn 0.2578 0.9617 -0.0929
vn 0.2359 0.9638 -0.1241
vn 0.2135 0.9645 -0.1551
vn 0.1909 0.9638 -0.1860
vn 0.1680 0.9617 -0.2164
vn 0.1450 0.9582 -0.2464
vn 0.1221 0.9534 -0.2758
vn 0.0989 0.9474 -0.3044
vn 0.3145 0.9472 -0.0624
vn 0.2933 0.9514 -0.0939
vn 0.2714 0.9543 -0.1255
vn 0.2490 0.9557 -0.1570
vn 0.2263 0.9557 -0.1883
vn 0.2032 0.9543 -0.2193
vn 0.1799 0.9514 -0.2499
vn 0.1565 0.9472 -0.2799
vn 0.1332 0.9417 -0.3091
vn 0.1097 0.9349 -0.3375
vn 0.3501 0.9346 -0.0629
vn 0.3290 0.9396 -0.0947
vn 0.3073 0.9431 -0.1267
vn 0.2850 0.9453 -0.1587
vn 0.2622 0.9460 -0.1905
vn 0.2390 0.9453 -0.2220
vn 0.2155 0.9431 -0.2531
vn 0.1918 0.9396 -0.2837
vn 0.1680 0.9346 -0.3135
vn 0.1443 0.9284 -0.3425
vn 0.1204 0.9210 -0.3706
vn 0.3856 0.9205 -0.0633
vn 0.3649 0.9261 -0.0955
vn 0.3434 0.9304 -0.1278
vn 0.3213 0.9333 -0.1601
vn 0.2985 0.9348 -0.1924
vn 0.2752 0.9348 -0.2245
vn 0.2516 0.9333 -0.2561
vn 0.2277 0.9304 -0.2872
vn 0.2035 0.9261 -0.3176
vn 0.1794 0.9205 -0.3471
vn 0.1553 0.9136 -0.3758
vn 0.1311 0.9055 -0.4035
vn 0.4210 0.9048 -0.0637
vn 0.4007 0.9111 -0.0960
vn 0.3796 0.9161 -0.1287
vn 0.3577 0.9198 -0.1614
vn 0.3351 0.9220 -0.1941
vn 0.3119 0.9227 -0.2266
vn 0.2882 0.9220 -0.2587
vn 0.2641 0.9198 -0.2903
vn 0.2397 0.9161 -0.3213
vn 0.2152 0.9111 -0.3514
vn 0.1906 0.9048 -0.3807
vn 0.1662 0.8973 -0.4090
vn 0.1417 0.8886 -0.4362
vn 0.4561 0.8876 -0.0639
vn 0.4364 0.8946 -0.0965
vn 0.4157 0.9003 -0.1294
vn 0.3941 0.9046 -0.1625
vn 0.3717 0.9075 -0.1955
vn 0.3487 0.9090 -0.2284
vn 0.3250 0.9090 -0.2610
vn 0.3008 0.9075 -0.2931
vn 0.2763 0.9046 -0.3246
vn 0.2515 0.9003 -0.3553
vn 0.2266 0.8946 -0.3852
vn 0.2017 0.8876 -0.4140
vn 0.1770 0.8795 -0.4418
vn 0.1522 0.8703 -0.4684
vn 0.4907 0.8690 -0.0641
vn 0.4716 0.8765 -0.0968
vn 0.4514 0.8828 -0.1299
vn 0.4303 0.8878 -0.1633
vn 0.4083 0.8914 -0.1966
vn 0.3854 0.8936 -0.2299
vn 0.3619 0.8944 -0.2629
vn 0.3378 0.8936 -0.2955
vn 0.3132 0.8914 -0.3275
vn 0.2882 0.8878 -0.3588
vn 0.2631 0.8828 -0.3892
vn 0.2378 0.8765 -0.4186
vn 0.2126 0.8690 -0.4469
vn 0.1875 0.8603 -0.4740
vn 0.1625 0.8507 -0.5000
vn 0.5247 0.8489 -0.0641
vn 0.5062 0.8569 -0.0970
vn 0.4867 0.8638 -0.1302
vn 0.4661 0.8695 -0.1638
vn 0.4445 0.8737 -0.1974
vn 0.4220 0.8766 -0.2311
vn 0.3987 0.8781 -0.2645
vn 0.3747 0.8781 -0.2975
vn 0.3502 0.8766 -0.3300
vn 0.3251 0.8737 -0.3617
vn 0.2998 0.8695 -0.3927
vn 0.2742 0.8638 -0.4226
vn 0.2486 0.8569 -0.4515
vn 0.2231 0.8489 -0.4792
vn 0.1978 0.8398 -0.5056
vn 0.1725 0.8297 -0.5308
vn 0.5578 0.8275 -0.0641
vn 0.5401 0.8360 -0.0970
vn 0.5212 0.8434 -0.1303
vn 0.5013 0.8496 -0.1640
vn 0.4802 0.8545 -0.1979
vn 0.4582 0.8581 -0.2318
vn 0.4353 0.8602 -0.2656
vn 0.4115 0.8610 -0.2990
vn 0.3871 0.8602 -0.3319
vn 0.3621 0.8581 -0.3641
vn 0.3367 0.8545 -0.3956
vn 0.3109 0.8496 -0.4260
vn 0.2850 0.8434 -0.4555
vn 0.2591 0.8360 -0.4837
vn 0.2333 0.8275 -0.5107
vn 0.2077 0.8180 -0.5364
vn 0.1822 0.8076 -0.5608
vn 0.5899 0.8049 -0.0639
vn 0.5731 0.8138 -0.0968
vn 0.5550 0.8216 -0.1302
vn 0.5357 0.8283 -0.1640
vn 0.5153 0.8338 -0.1981
vn 0.4938 0.8380 -0.2322
vn 0.4713 0.8408 -0.2663
vn 0.4479 0.8422 -0.3000
vn 0.4237 0.8422 -0.3333
vn 0.3989 0.8408 -0.3660
vn 0.3735 0.8380 -0.3979
vn 0.3476 0.8338 -0.4289
vn 0.3216 0.8283 -0.4588
vn 0.2954 0.8216 -0.4876
vn 0.2692 0.8138 -0.5151
vn 0.2431 0.8049 -0.5413
vn 0.2173 0.7951 -0.5662
vn 0.1916 0.7845 -0.5898
vn 0.6210 0.7812 -0.0637
vn 0.6050 0.7904 -0.0965
vn 0.5877 0.7986 -0.1299
vn 0.5692 0.8057 -0.1638
vn 0.5495 0.8117 -0.1979
vn 0.5287 0.8165 -0.2322
vn 0.5067 0.8199 -0.2665
vn 0.4838 0.8220 -0.3005
vn 0.4599 0.8227 -0.3342
vn 0.4353 0.8220 -0.3672
vn 0.4100 0.8199 -0.3996
vn 0.3842 0.8164 -0.4310
vn 0.3581 0.8117 -0.4615
vn 0.3317 0.8057 -0.4907
vn 0.3052 0.7986 -0.5188
vn 0.2787 0.7904 -0.5456
vn 0.2525 0.7812 -0.5709
vn 0.2265 0.7712 -0.5949
vn 0.2007 0.7604 -0.6177
vn 0.6509 0.7565 -0.0633
vn 0.6357 0.7659 -0.0961
vn 0.6193 0.7744 -0.1294
vn 0.6016 0.7819 -0.1632
vn 0.5827 0.7883 -0.1974
vn 0.5626 0.7936 -0.2318
vn 0.5412 0.7976 -0.2663
vn 0.5188 0.8003 -0.3005
vn 0.4955 0.8017 -0.3344
vn 0.4712 0.8017 -0.3679
vn 0.4461 0.8003 -0.4006
vn 0.4205 0.7976 -0.4325
vn 0.3943 0.7936 -0.4634
vn 0.3678 0.7883 -0.4932
vn 0.3412 0.7819 -0.5217
vn 0.3144 0.7744 -0.5490
vn 0.2878 0.7659 -0.5749
vn 0.2614 0.7566 -0.5994
vn 0.2352 0.7464 -0.6225
vn 0.2094 0.7355 -0.6443
vn 0.6794 0.7311 -0.0629
vn 0.6652 0.7406 -0.0955
vn 0.6497 0.7493 -0.1287
vn 0.6328 0.7571 -0.1624
vn 0.6147 0.7638 -0.1966
vn 0.5953 0.7695 -0.2311
vn 0.5748 0.7740 -0.2656
vn 0.5530 0.7773 -0.3000
vn 0.5301 0.7793 -0.3342
vn 0.5063 0.7800 -0.3679
vn 0.4816 0.7793 -0.4009
vn 0.4562 0.7773 -0.4332
vn 0.4302 0.7740 -0.4645
vn 0.4037 0.7695 -0.4948
vn 0.3770 0.7638 -0.5239
vn 0.3501 0.7571 -0.5517
vn 0.3231 0.7493 -0.5781
vn 0.2963 0.7406 -0.6031
vn 0.2698 0.7311 -0.6267
vn 0.2436 0.7209 -0.6488
vn 0.2176 0.7100 -0.6698
vn 0.7065 0.7049 -0.0624
vn 0.6932 0.7145 -0.0947
vn 0.6786 0.7233 -0.1278
vn 0.6627 0.7313 -0.1614
vn 0.6455 0.7384 -0.1955
vn 0.6269 0.7444 -0.2299
vn 0.6071 0.7493 -0.2645
vn 0.5860 0.7531 -0.2990
vn 0.5638 0.7557 -0.3333
vn 0.5405 0.7570 -0.3672
vn 0.5163 0.7570 -0.4006
vn 0.4912 0.7557 -0.4332
vn 0.4654 0.7531 -0.4649
vn 0.4391 0.7494 -0.4956
vn 0.4124 0.7444 -0.5252
vn 0.3854 0.7384 -0.5534
vn 0.3583 0.7313 -0.5804
vn 0.3312 0.7233 -0.6059
vn 0.3043 0.7145 -0.6300
vn 0.2777 0.7049 -0.6527
vn 0.2514 0.6948 -0.6739
vn 0.2254 0.6839 -0.6938
vn 0.7322 0.6783 -0.0618
vn 0.7198 0.6878 -0.0939
vn 0.7061 0.6967 -0.1267
vn 0.6911 0.7048 -0.1601
vn 0.6748 0.7120 -0.1941
vn 0.6571 0.7184 -0.2284
vn 0.6381 0.7237 -0.2629
vn 0.6178 0.7279 -0.2975
vn 0.5963 0.7309 -0.3319
vn 0.5736 0.7328 -0.3660
vn 0.5500 0.7334 -0.3996
vn 0.5253 0.7328 -0.4325
vn 0.4999 0.7309 -0.4645
vn 0.4738 0.7279 -0.4956
vn 0.4472 0.7237 -0.5256
vn 0.4203 0.7184 -0.5543
vn 0.3931 0.7120 -0.5818
vn 0.3659 0.7048 -0.6078
vn 0.3387 0.6967 -0.6324
vn 0.3117 0.6878 -0.6556
vn 0.2850 0.6783 -0.6773
vn 0.2588 0.6682 -0.6975
vn 0.2328 0.6575 -0.7166
vn 0.7564 0.6512 -0.0611
vn 0.7449 0.6607 -0.0929
vn 0.7321 0.6695 -0.1255
vn 0.7180 0.6777 -0.1587
vn 0.7026 0.6851 -0.1924
vn 0.6858 0.6916 -0.2266
vn 0.6677 0.6972 -0.2610
vn 0.6482 0.7018 -0.2955
vn 0.6275 0.7053 -0.3300
vn 0.6055 0.7076 -0.3641
vn 0.5825 0.7088 -0.3979
vn 0.5584 0.7088 -0.4310
vn 0.5334 0.7076 -0.4634
vn 0.5077 0.7053 -0.4948
vn 0.4814 0.7018 -0.5252
vn 0.4546 0.6972 -0.5543
vn 0.4274 0.6916 -0.5822
vn 0.4001 0.6851 -0.6087
vn 0.3728 0.6777 -0.6339
vn 0.3455 0.6695 -0.6575
vn 0.3185 0.6607 -0.6797
vn 0.2919 0.6512 -0.7005
vn 0.2656 0.6413 -0.7198
vn 0.2398 0.6308 -0.7379
vn 0.7791 0.6240 -0.0604
vn 0.7685 0.6333 -0.0919
vn 0.7566 0.6420 -0.1241
vn 0.7434 0.6501 -0.1570
vn 0.7289 0.6576 -0.1905
vn 0.7130 0.6643 -0.2245
vn 0.6958 0.6701 -0.2587
vn 0.6772 0.6749 -0.2931
vn 0.6573 0.6788 -0.3275
vn 0.6361 0.6816 -0.3617
vn 0.6137 0.6833 -0.3956
vn 0.5903 0.6838 -0.4289
vn 0.5659 0.6833 -0.4615
vn 0.5406 0.6816 -0.4932
vn 0.5146 0.6788 -0.5239
vn 0.4880 0.6749 -0.5534
vn 0.4611 0.6701 -0.5818
vn 0.4338 0.6643 -0.6088
vn 0.4064 0.6576 -0.6344
vn 0.3790 0.6501 -0.6585
vn 0.3518 0.6420 -0.6812
vn 0.3248 0.6333 -0.7025
vn 0.2982 0.6240 -0.7223
vn 0.2721 0.6143 -0.7407
vn 0.2463 0.6041 -0.7579
vn 0.8003 0.5966 -0.0596
vn 0.7905 0.6057 -0.0907
vn 0.7795 0.6143 -0.1225
vn 0.7672 0.6223 -0.1551
vn 0.7536 0.6298 -0.1883
vn 0.7386 0.6365 -0.2220
vn 0.7223 0.6424 -0.2561
vn 0.7046 0.6475 -0.2903
vn 0.6855 0.6517 -0.3246
vn 0.6652 0.6548 -0.3588
vn 0.6436 0.6570 -0.3927
vn 0.6208 0.6580 -0.4261
vn 0.5971 0.6581 -0.4588
vn 0.5723 0.6570 -0.4908
vn 0.5468 0.6548 -0.5217
vn 0.5206 0.6517 -0.5517
vn 0.4938 0.6475 -0.5804
vn 0.4667 0.6424 -0.6078
vn 0.4394 0.6365 -0.6339
vn 0.4120 0.6298 -0.6585
vn 0.3846 0.6223 -0.6817
vn 0.3574 0.6143 -0.7035
vn 0.3305 0.6057 -0.7238
vn 0.3040 0.5966 -0.7427
vn 0.2780 0.5872 -0.7602
vn 0.2523 0.5773 -0.7766
vn 0.8200 0.5693 -0.0588
vn 0.8110 0.5781 -0.0894
vn 0.8009 0.5865 -0.1209
vn 0.7894 0.5944 -0.1531
vn 0.7767 0.6018 -0.1860
vn 0.7626 0.6085 -0.2193
vn 0.7472 0.6145 -0.2531
vn 0.7304 0.6197 -0.2872
vn 0.7122 0.6241 -0.3213
vn 0.6927 0.6276 -0.3553
vn 0.6720 0.6301 -0.3892
vn 0.6500 0.6316 -0.4226
vn 0.6269 0.6321 -0.4555
vn 0.6028 0.6316 -0.4876
vn 0.5778 0.6301 -0.5188
vn 0.5520 0.6276 -0.5490
vn 0.5256 0.6241 -0.5781
vn 0.4988 0.6197 -0.6059
vn 0.4716 0.6145 -0.6324
vn 0.4443 0.6085 -0.6575
vn 0.4169 0.6018 -0.6812
vn 0.3896 0.5944 -0.7035
vn 0.3625 0.5865 -0.7243
vn 0.3357 0.5781 -0.7437
vn 0.3093 0.5693 -0.7617
vn 0.2834 0.5602 -0.7783
vn 0.2579 0.5507 -0.7939
vn 0.8383 0.5422 -0.0579
vn 0.8301 0.5507 -0.0881
vn 0.8207 0.5588 -0.1192
vn 0.8101 0.5665 -0.1510
vn 0.7982 0.5737 -0.1834
vn 0.7850 0.5804 -0.2165
vn 0.7705 0.5864 -0.2499
vn 0.7546 0.5917 -0.2837
vn 0.7373 0.5962 -0.3176
vn 0.7187 0.5999 -0.3514
vn 0.6988 0.6028 -0.3852
vn 0.6776 0.6047 -0.4186
vn 0.6553 0.6056 -0.4515
vn 0.6319 0.6056 -0.4837
vn 0.6075 0.6047 -0.5151
vn 0.5823 0.6028 -0.5456
vn 0.5563 0.5999 -0.5749
vn 0.5299 0.5962 -0.6031
vn 0.5029 0.5917 -0.6300
vn 0.4758 0.5864 -0.6556
vn 0.4485 0.5804 -0.6797
vn 0.4211 0.5737 -0.7025
vn 0.3939 0.5665 -0.7238
vn 0.3670 0.5588 -0.7437
vn 0.3403 0.5507 -0.7622
vn 0.3141 0.5422 -0.7793
vn 0.2884 0.5334 -0.7951
vn 0.2631 0.5243 -0.8099
vn 0.8551 0.5153 -0.0570
vn 0.8476 0.5234 -0.0868
vn 0.8390 0.5313 -0.1174
vn 0.8292 0.5387 -0.1487
vn 0.8182 0.5458 -0.1808
vn 0.8059 0.5523 -0.2134
vn 0.7922 0.5583 -0.2464
vn 0.7772 0.5636 -0.2799
vn 0.7608 0.5682 -0.3135
vn 0.7431 0.5721 -0.3472
vn 0.7240 0.5752 -0.3807
vn 0.7037 0.5774 -0.4140
vn 0.6822 0.5787 -0.4469
vn 0.6595 0.5792 -0.4792
vn 0.6358 0.5788 -0.5107
vn 0.6112 0.5774 -0.5413
vn 0.5858 0.5752 -0.5709
vn 0.5598 0.5721 -0.5994
vn 0.5332 0.5682 -0.6267
vn 0.5063 0.5636 -0.6527
vn 0.4792 0.5583 -0.6773
vn 0.4519 0.5523 -0.7005
vn 0.4247 0.5458 -0.7223
vn 0.3977 0.5387 -0.7427
vn 0.3709 0.5313 -0.7617
vn 0.3445 0.5234 -0.7793
vn 0.3185 0.5153 -0.7956
vn 0.2930 0.5069 -0.8107
vn 0.2679 0.4982 -0.8246
vn 0.8706 0.4888 -0.0561
vn 0.8638 0.4965 -0.0854
vn 0.8559 0.5040 -0.1155
vn 0.8469 0.5112 -0.1464
vn 0.8366 0.5180 -0.1779
vn 0.8251 0.5244 -0.2101
vn 0.8123 0.5303 -0.2428
vn 0.7982 0.5356 -0.2758
vn 0.7827 0.5402 -0.3091
vn 0.7658 0.5442 -0.3425
vn 0.7477 0.5475 -0.3758
vn 0.7282 0.5499 -0.4090
vn 0.7075 0.5516 -0.4418
vn 0.6856 0.5525 -0.4740
vn 0.6627 0.5525 -0.5056
vn 0.6388 0.5516 -0.5364
vn 0.6140 0.5500 -0.5662
vn 0.5885 0.5475 -0.5949
vn 0.5624 0.5442 -0.6225
vn 0.5358 0.5402 -0.6489
vn 0.5090 0.5356 -0.6739
vn 0.4819 0.5303 -0.6975
vn 0.4548 0.5244 -0.7198
vn 0.4278 0.5181 -0.7407
vn 0.4009 0.5112 -0.7602
vn 0.3743 0.5041 -0.7783
vn 0.3481 0.4965 -0.7951
vn 0.3224 0.4888 -0.8107
vn 0.2971 0.4808 -0.8249
vn 0.8849 0.4624 -0.0550
vn 0.8788 0.4698 -0.0838
vn 0.8716 0.4770 -0.1134
vn 0.8632 0.4839 -0.1438
vn 0.8538 0.4904 -0.1749
vn 0.8430 0.4966 -0.2066
vn 0.8311 0.5023 -0.2388
vn 0.8178 0.5075 -0.2715
vn 0.8031 0.5122 -0.3044
vn 0.7872 0.5162 -0.3375
vn 0.7699 0.5196 -0.3706
vn 0.7513 0.5222 -0.4035
vn 0.7314 0.5242 -0.4362
vn 0.7104 0.5253 -0.4684
vn 0.6882 0.5257 -0.5000
vn 0.6650 0.5253 -0.5309
vn 0.6409 0.5242 -0.5608
vn 0.6159 0.5222 -0.5898
vn 0.5904 0.5196 -0.6177
vn 0.5642 0.5162 -0.6444
vn 0.5377 0.5122 -0.6698
vn 0.5109 0.5075 -0.6938
vn 0.4840 0.5023 -0.7166
vn 0.4570 0.4966 -0.7379
vn 0.4302 0.4904 -0.7579
vn 0.4035 0.4839 -0.7766
vn 0.3772 0.4770 -0.7939
vn 0.3512 0.4698 -0.8099
vn 0.3258 0.4625 -0.8246
vn 0.3008 0.4549 -0.8382
vn -0.0230 0.9996 -0.0167
vn -0.0146 0.9989 -0.0448
vn -0.0057 0.9973 -0.0735
vn 0.0034 0.9947 -0.1031
vn 0.0128 0.9910 -0.1334
vn 0.0225 0.9861 -0.1646
vn 0.0324 0.9800 -0.1964
vn 0.0426 0.9725 -0.2288
vn 0.0529 0.9637 -0.2617
vn 0.0634 0.9534 -0.2949
vn 0.0740 0.9417 -0.3283
vn 0.0846 0.9284 -0.3619
vn 0.0953 0.9136 -0.3954
vn 0.1059 0.8973 -0.4286
vn 0.1165 0.8795 -0.4614
vn 0.1269 0.8603 -0.4937
vn 0.1372 0.8398 -0.5253
vn 0.1472 0.8180 -0.5560
vn 0.1570 0.7951 -0.5858
vn 0.1665 0.7712 -0.6144
vn 0.1756 0.7464 -0.6419
vn 0.1843 0.7209 -0.6681
vn 0.1927 0.6948 -0.6930
vn 0.2006 0.6682 -0.7164
vn 0.2082 0.6413 -0.7385
vn 0.2153 0.6143 -0.7591
vn 0.2219 0.5872 -0.7784
vn 0.2282 0.5602 -0.7963
vn 0.2340 0.5334 -0.8128
vn 0.2395 0.5069 -0.8281
vn 0.2445 0.4808 -0.8421
vn -0.0468 0.9983 -0.0340
vn -0.0386 0.9973 -0.0628
vn -0.0713 0.9961 -0.0518
vn -0.0300 0.9953 -0.0923
vn -0.0633 0.9947 -0.0814
vn -0.0965 0.9929 -0.0701
vn -0.0211 0.9922 -0.1226
vn -0.0550 0.9922 -0.1116
vn -0.0888 0.9910 -0.1004
vn -0.1223 0.9885 -0.0889
vn -0.0119 0.9880 -0.1537
vn -0.0463 0.9887 -0.1426
vn -0.0807 0.9880 -0.1313
vn -0.1150 0.9861 -0.1199
vn -0.1488 0.9829 -0.1081
vn -0.0024 0.9826 -0.1856
vn -0.0374 0.9840 -0.1745
vn -0.0723 0.9840 -0.1631
vn -0.1071 0.9826 -0.1515
vn -0.1417 0.9800 -0.1398
vn -0.1757 0.9761 -0.1277
vn 0.0074 0.9759 -0.2181
vn -0.0281 0.9779 -0.2070
vn -0.0636 0.9786 -0.1956
vn -0.0990 0.9779 -0.1840
vn -0.1341 0.9759 -0.1721
vn -0.1689 0.9725 -0.1601
vn -0.2032 0.9680 -0.1476
vn 0.0173 0.9678 -0.2511
vn -0.0185 0.9705 -0.2402
vn -0.0545 0.9719 -0.2289
vn -0.0904 0.9719 -0.2172
vn -0.1262 0.9705 -0.2052
vn -0.1616 0.9678 -0.1930
vn -0.1966 0.9637 -0.1806
vn -0.2309 0.9584 -0.1678
vn 0.0275 0.9582 -0.2846
vn -0.0087 0.9617 -0.2739
vn -0.0451 0.9638 -0.2627
vn -0.0816 0.9645 -0.2510
vn -0.1179 0.9638 -0.2390
vn -0.1539 0.9617 -0.2267
vn -0.1895 0.9582 -0.2141
vn -0.2246 0.9534 -0.2013
vn -0.2589 0.9474 -0.1881
vn 0.0379 0.9472 -0.3184
vn 0.0013 0.9514 -0.3079
vn -0.0354 0.9543 -0.2969
vn -0.0724 0.9557 -0.2854
vn -0.1092 0.9557 -0.2734
vn -0.1458 0.9543 -0.2610
vn -0.1821 0.9514 -0.2483
vn -0.2178 0.9472 -0.2353
vn -0.2528 0.9417 -0.2222
vn -0.2871 0.9349 -0.2086
vn 0.0483 0.9346 -0.3524
vn 0.0116 0.9396 -0.3422
vn -0.0255 0.9431 -0.3314
vn -0.0628 0.9453 -0.3201
vn -0.1001 0.9460 -0.3082
vn -0.1373 0.9453 -0.2959
vn -0.1742 0.9431 -0.2831
vn -0.2105 0.9396 -0.2700
vn -0.2462 0.9346 -0.2566
vn -0.2812 0.9284 -0.2430
vn -0.3152 0.9210 -0.2290
vn 0.0589 0.9205 -0.3863
vn 0.0220 0.9261 -0.3765
vn -0.0154 0.9304 -0.3661
vn -0.0530 0.9333 -0.3551
vn -0.0908 0.9348 -0.3434
vn -0.1284 0.9348 -0.3311
vn -0.1658 0.9333 -0.3184
vn -0.2027 0.9304 -0.3052
vn -0.2391 0.9261 -0.2917
vn -0.2747 0.9205 -0.2779
vn -0.3095 0.9136 -0.2638
vn -0.3433 0.9055 -0.2494
vn 0.0695 0.9048 -0.4201
vn 0.0325 0.9111 -0.4108
vn -0.0051 0.9161 -0.4008
vn -0.0430 0.9198 -0.3901
vn -0.0811 0.9220 -0.3787
vn -0.1191 0.9227 -0.3666
vn -0.1570 0.9220 -0.3540
vn -0.1945 0.9198 -0.3408
vn -0.2315 0.9161 -0.3272
vn -0.2677 0.9111 -0.3133
vn -0.3032 0.9048 -0.2990
vn -0.3376 0.8973 -0.2845
vn -0.3710 0.8886 -0.2696
vn 0.0801 0.8876 -0.4535
vn 0.0431 0.8946 -0.4448
vn 0.0054 0.9003 -0.4353
vn -0.0327 0.9046 -0.4250
vn -0.0711 0.9075 -0.4140
vn -0.1095 0.9090 -0.4022
vn -0.1478 0.9090 -0.3897
vn -0.1858 0.9075 -0.3767
vn -0.2234 0.9046 -0.3631
vn -0.2602 0.9003 -0.3490
vn -0.2963 0.8946 -0.3346
vn -0.3314 0.8876 -0.3198
vn -0.3654 0.8795 -0.3048
vn -0.3984 0.8703 -0.2895
vn 0.0907 0.8690 -0.4865
vn 0.0536 0.8765 -0.4784
vn 0.0159 0.8828 -0.4695
vn -0.0223 0.8878 -0.4597
vn -0.0608 0.8914 -0.4490
vn -0.0996 0.8936 -0.4376
vn -0.1382 0.8944 -0.4254
vn -0.1767 0.8936 -0.4126
vn -0.2147 0.8914 -0.3991
vn -0.2522 0.8878 -0.3850
vn -0.2888 0.8828 -0.3704
vn -0.3246 0.8765 -0.3555
vn -0.3593 0.8690 -0.3402
vn -0.3929 0.8603 -0.3248
vn -0.4253 0.8507 -0.3090
vn 0.1011 0.8489 -0.5188
vn 0.0642 0.8569 -0.5114
vn 0.0265 0.8638 -0.5031
vn -0.0117 0.8695 -0.4939
vn -0.0504 0.8737 -0.4838
vn -0.0893 0.8766 -0.4728
vn -0.1283 0.8781 -0.4609
vn -0.1671 0.8781 -0.4483
vn -0.2056 0.8766 -0.4350
vn -0.2436 0.8737 -0.4210
vn -0.2808 0.8695 -0.4064
vn -0.3172 0.8638 -0.3914
vn -0.3525 0.8569 -0.3760
vn -0.3868 0.8489 -0.3603
vn -0.4197 0.8398 -0.3443
vn -0.4516 0.8297 -0.3281
vn 0.1114 0.8275 -0.5503
vn 0.0747 0.8360 -0.5436
vn 0.0371 0.8434 -0.5360
vn -0.0011 0.8496 -0.5274
vn -0.0398 0.8545 -0.5179
vn -0.0789 0.8581 -0.5074
vn -0.1181 0.8602 -0.4960
vn -0.1572 0.8610 -0.4838
vn -0.1960 0.8602 -0.4707
vn -0.2344 0.8581 -0.4569
vn -0.2722 0.8545 -0.4424
vn -0.3091 0.8496 -0.4274
vn -0.3451 0.8434 -0.4118
vn -0.3800 0.8360 -0.3959
vn -0.4136 0.8275 -0.3797
vn -0.4459 0.8180 -0.3633
vn -0.4771 0.8076 -0.3466
vn 0.1215 0.8049 -0.5808
vn 0.0850 0.8138 -0.5749
vn 0.0476 0.8216 -0.5681
vn 0.0095 0.8283 -0.5602
vn -0.0292 0.8338 -0.5513
vn -0.0683 0.8380 -0.5414
vn -0.1076 0.8408 -0.5305
vn -0.1469 0.8422 -0.5187
vn -0.1860 0.8422 -0.5060
vn -0.2248 0.8408 -0.4924
vn -0.2630 0.8380 -0.4781
vn -0.3005 0.8338 -0.4631
vn -0.3370 0.8283 -0.4476
vn -0.3724 0.8216 -0.4316
vn -0.4067 0.8138 -0.4152
vn -0.4397 0.8049 -0.3985
vn -0.4713 0.7951 -0.3816
vn -0.5017 0.7845 -0.3645
vn 0.1313 0.7812 -0.6103
vn 0.0952 0.7904 -0.6052
vn 0.0581 0.7986 -0.5991
vn 0.0201 0.8057 -0.5920
vn -0.0184 0.8117 -0.5838
vn -0.0575 0.8164 -0.5745
vn -0.0969 0.8199 -0.5643
vn -0.1363 0.8220 -0.5530
vn -0.1757 0.8227 -0.5407
vn -0.2147 0.8220 -0.5275
vn -0.2533 0.8199 -0.5134
vn -0.2912 0.8164 -0.4986
vn -0.3282 0.8117 -0.4831
vn -0.3642 0.8057 -0.4671
vn -0.3991 0.7986 -0.4506
vn -0.4327 0.7904 -0.4337
vn -0.4650 0.7812 -0.4165
vn -0.4958 0.7712 -0.3992
vn -0.5254 0.7604 -0.3817
vn 0.1409 0.7566 -0.6386
vn 0.1051 0.7659 -0.6343
vn 0.0683 0.7744 -0.6290
vn 0.0307 0.7819 -0.6226
vn -0.0077 0.7883 -0.6152
vn -0.0467 0.7936 -0.6067
vn -0.0860 0.7976 -0.5970
vn -0.1255 0.8003 -0.5863
vn -0.1650 0.8017 -0.5746
vn -0.2043 0.8017 -0.5618
vn -0.2431 0.8003 -0.5481
vn -0.2814 0.7976 -0.5335
vn -0.3189 0.7936 -0.5182
vn -0.3554 0.7883 -0.5022
vn -0.3908 0.7819 -0.4857
vn -0.4250 0.7744 -0.4687
vn -0.4579 0.7659 -0.4514
vn -0.4893 0.7566 -0.4338
vn -0.5194 0.7464 -0.4161
vn -0.5481 0.7355 -0.3982
vn 0.1501 0.7311 -0.6656
vn 0.1148 0.7406 -0.6621
vn 0.0784 0.7493 -0.6576
vn 0.0411 0.7571 -0.6521
vn 0.0029 0.7638 -0.6454
vn -0.0358 0.7695 -0.6376
vn -0.0750 0.7740 -0.6287
vn -0.1144 0.7773 -0.6186
vn -0.1540 0.7793 -0.6074
vn -0.1934 0.7800 -0.5952
vn -0.2325 0.7793 -0.5819
vn -0.2710 0.7773 -0.5677
vn -0.3089 0.7740 -0.5527
vn -0.3458 0.7695 -0.5369
vn -0.3817 0.7638 -0.5204
vn -0.4165 0.7571 -0.5034
vn -0.4499 0.7493 -0.4860
vn -0.4820 0.7406 -0.4682
vn -0.5127 0.7311 -0.4502
vn -0.5418 0.7209 -0.4321
vn -0.5697 0.7100 -0.4139
vn 0.1590 0.7049 -0.6912
vn 0.1241 0.7145 -0.6886
vn 0.0882 0.7233 -0.6849
vn 0.0513 0.7313 -0.6801
vn 0.0135 0.7384 -0.6743
vn -0.0250 0.7444 -0.6673
vn -0.0639 0.7493 -0.6591
vn -0.1033 0.7531 -0.6497
vn -0.1428 0.7557 -0.6392
vn -0.1822 0.7570 -0.6275
vn -0.2214 0.7570 -0.6148
vn -0.2602 0.7557 -0.6010
vn -0.2984 0.7531 -0.5863
vn -0.3357 0.7493 -0.5708
vn -0.3720 0.7444 -0.5545
vn -0.4073 0.7384 -0.5376
vn -0.4413 0.7313 -0.5201
vn -0.4739 0.7233 -0.5022
vn -0.5051 0.7145 -0.4841
vn -0.5349 0.7049 -0.4658
vn -0.5632 0.6948 -0.4473
vn -0.5902 0.6839 -0.4288
vn 0.1675 0.6783 -0.7155
vn 0.1331 0.6878 -0.7136
vn 0.0977 0.6967 -0.7107
vn 0.0613 0.7048 -0.7068
vn 0.0239 0.7120 -0.7017
vn -0.0142 0.7184 -0.6955
vn -0.0529 0.7237 -0.6881
vn -0.0920 0.7279 -0.6795
vn -0.1314 0.7309 -0.6697
vn -0.1708 0.7328 -0.6587
vn -0.2101 0.7334 -0.6465
vn -0.2490 0.7328 -0.6333
vn -0.2873 0.7309 -0.6190
vn -0.3249 0.7279 -0.6038
vn -0.3617 0.7237 -0.5878
vn -0.3973 0.7184 -0.5710
vn -0.4318 0.7120 -0.5537
vn -0.4650 0.7048 -0.5358
vn -0.4968 0.6967 -0.5175
vn -0.5272 0.6878 -0.4990
vn -0.5561 0.6783 -0.4804
vn -0.5834 0.6682 -0.4617
vn -0.6096 0.6575 -0.4429
vn 0.1756 0.6512 -0.7383
vn 0.1418 0.6607 -0.7372
vn 0.1069 0.6695 -0.7351
vn 0.0710 0.6777 -0.7319
vn 0.0341 0.6851 -0.7277
vn -0.0036 0.6916 -0.7223
vn -0.0419 0.6972 -0.7157
vn -0.0808 0.7018 -0.7078
vn -0.1199 0.7053 -0.6987
vn -0.1592 0.7076 -0.6884
vn -0.1984 0.7088 -0.6769
vn -0.2374 0.7088 -0.6643
vn -0.2759 0.7076 -0.6505
vn -0.3137 0.7053 -0.6358
vn -0.3507 0.7018 -0.6201
vn -0.3867 0.6972 -0.6036
vn -0.4216 0.6916 -0.5864
vn -0.4553 0.6851 -0.5687
vn -0.4877 0.6777 -0.5504
vn -0.5186 0.6695 -0.5318
vn -0.5480 0.6607 -0.5130
vn -0.5760 0.6512 -0.4941
vn -0.6025 0.6413 -0.4751
vn -0.6277 0.6308 -0.4561
vn 0.1833 0.6240 -0.7596
vn 0.1501 0.6333 -0.7592
vn 0.1158 0.6420 -0.7579
vn 0.0804 0.6501 -0.7555
vn 0.0441 0.6576 -0.7521
vn 0.0069 0.6643 -0.7475
vn -0.0310 0.6701 -0.7417
vn -0.0695 0.6749 -0.7346
vn -0.1084 0.6788 -0.7263
vn -0.1475 0.6816 -0.7167
vn -0.1866 0.6833 -0.7059
vn -0.2255 0.6838 -0.6939
vn -0.2640 0.6833 -0.6808
vn -0.3020 0.6816 -0.6665
vn -0.3392 0.6788 -0.6513
vn -0.3755 0.6749 -0.6352
vn -0.4108 0.6701 -0.6183
vn -0.4449 0.6643 -0.6007
vn -0.4777 0.6576 -0.5825
vn -0.5092 0.6502 -0.5640
vn -0.5392 0.6420 -0.5451
vn -0.5677 0.6333 -0.5260
vn -0.5948 0.6240 -0.5068
vn -0.6204 0.6143 -0.4876
vn -0.6447 0.6041 -0.4684
vn 0.1906 0.5966 -0.7795
vn 0.1580 0.6057 -0.7798
vn 0.1243 0.6143 -0.7792
vn 0.0895 0.6223 -0.7776
vn 0.0538 0.6298 -0.7749
vn 0.0171 0.6365 -0.7711
vn -0.0204 0.6424 -0.7661
vn -0.0584 0.6475 -0.7598
vn -0.0969 0.6517 -0.7523
vn -0.1357 0.6548 -0.7435
vn -0.1746 0.6570 -0.7334
vn -0.2133 0.6581 -0.7221
vn -0.2519 0.6581 -0.7096
vn -0.2899 0.6570 -0.6960
vn -0.3272 0.6548 -0.6812
vn -0.3638 0.6517 -0.6656
vn -0.3994 0.6475 -0.6490
vn -0.4338 0.6424 -0.6317
vn -0.4671 0.6365 -0.6138
vn -0.4990 0.6298 -0.5953
vn -0.5295 0.6223 -0.5765
vn -0.5586 0.6143 -0.5573
vn -0.5862 0.6057 -0.5380
vn -0.6124 0.5966 -0.5186
vn -0.6371 0.5872 -0.4993
vn -0.6606 0.5773 -0.4799
vn 0.1975 0.5693 -0.7980
vn 0.1656 0.5781 -0.7990
vn 0.1325 0.5865 -0.7990
vn 0.0983 0.5944 -0.7981
vn 0.0631 0.6018 -0.7962
vn 0.0271 0.6085 -0.7931
vn -0.0098 0.6145 -0.7889
vn -0.0474 0.6197 -0.7834
vn -0.0855 0.6241 -0.7766
vn -0.1239 0.6276 -0.7686
vn -0.1625 0.6301 -0.7593
vn -0.2011 0.6316 -0.7488
vn -0.2395 0.6321 -0.7369
vn -0.2775 0.6316 -0.7239
vn -0.3149 0.6301 -0.7098
vn -0.3516 0.6276 -0.6947
vn -0.3874 0.6241 -0.6786
vn -0.4221 0.6197 -0.6616
vn -0.4557 0.6145 -0.6440
vn -0.4881 0.6085 -0.6257
vn -0.5191 0.6018 -0.6070
vn -0.5487 0.5944 -0.5879
vn -0.5768 0.5865 -0.5686
vn -0.6036 0.5781 -0.5491
vn -0.6288 0.5693 -0.5295
vn -0.6527 0.5602 -0.5101
vn -0.6753 0.5507 -0.4906
vn 0.2039 0.5422 -0.8151
vn 0.1727 0.5507 -0.8167
vn 0.1403 0.5588 -0.8174
vn 0.1067 0.5665 -0.8171
vn 0.0722 0.5737 -0.8159
vn 0.0367 0.5804 -0.8135
vn 0.0004 0.5864 -0.8100
vn -0.0366 0.5917 -0.8053
vn -0.0742 0.5962 -0.7994
vn -0.1122 0.6000 -0.7921
vn -0.1504 0.6028 -0.7836
vn -0.1887 0.6047 -0.7738
vn -0.2269 0.6056 -0.7627
vn -0.2648 0.6056 -0.7504
vn -0.3022 0.6047 -0.7369
vn -0.3389 0.6028 -0.7223
vn -0.3749 0.5999 -0.7068
vn -0.4099 0.5962 -0.6903
vn -0.4438 0.5917 -0.6730
vn -0.4765 0.5864 -0.6551
vn -0.5079 0.5804 -0.6365
vn -0.5380 0.5737 -0.6176
vn -0.5667 0.5665 -0.5983
vn -0.5939 0.5588 -0.5788
vn -0.6197 0.5507 -0.5592
vn -0.6441 0.5422 -0.5396
vn -0.6671 0.5334 -0.5200
vn -0.6889 0.5243 -0.5005
vn 0.2100 0.5153 -0.8309
vn 0.1794 0.5234 -0.8330
vn 0.1477 0.5313 -0.8342
vn 0.1148 0.5388 -0.8346
vn 0.0809 0.5458 -0.8340
vn 0.0461 0.5523 -0.8324
vn 0.0104 0.5583 -0.8296
vn -0.0260 0.5636 -0.8256
vn -0.0630 0.5682 -0.8204
vn -0.1005 0.5721 -0.8140
vn -0.1384 0.5752 -0.8062
vn -0.1763 0.5774 -0.7972
vn -0.2142 0.5787 -0.7869
vn -0.2519 0.5792 -0.7753
vn -0.2892 0.5787 -0.7625
vn -0.3260 0.5774 -0.7486
vn -0.3620 0.5752 -0.7336
vn -0.3971 0.5721 -0.7176
vn -0.4313 0.5682 -0.7008
vn -0.4643 0.5636 -0.6832
vn -0.4961 0.5583 -0.6650
vn -0.5266 0.5523 -0.6463
vn -0.5557 0.5458 -0.6271
vn -0.5835 0.5388 -0.6077
vn -0.6098 0.5313 -0.5881
vn -0.6347 0.5234 -0.5684
vn -0.6583 0.5153 -0.5487
vn -0.6804 0.5069 -0.5292
vn -0.7015 0.4982 -0.5096
vn 0.2157 0.4888 -0.8453
vn 0.1857 0.4965 -0.8479
vn 0.1547 0.5040 -0.8497
vn 0.1225 0.5112 -0.8507
vn 0.0893 0.5181 -0.8507
vn 0.0551 0.5244 -0.8497
vn 0.0201 0.5303 -0.8476
vn -0.0157 0.5356 -0.8443
vn -0.0521 0.5402 -0.8399
vn -0.0891 0.5442 -0.8342
vn -0.1264 0.5475 -0.8272
vn -0.1639 0.5500 -0.8189
vn -0.2015 0.5516 -0.8094
vn -0.2389 0.5525 -0.7985
vn -0.2761 0.5525 -0.7865
vn -0.3127 0.5516 -0.7733
vn -0.3487 0.5499 -0.7589
vn -0.3840 0.5475 -0.7435
vn -0.4183 0.5442 -0.7272
vn -0.4515 0.5402 -0.7101
vn -0.4836 0.5356 -0.6923
vn -0.5145 0.5303 -0.6739
vn -0.5440 0.5244 -0.6550
vn -0.5723 0.5181 -0.6357
vn -0.5991 0.5112 -0.6162
vn -0.6246 0.5041 -0.5965
vn -0.6487 0.4965 -0.5768
vn -0.6714 0.4888 -0.5571
vn -0.6927 0.4808 -0.5375
vn 0.2212 0.4625 -0.8586
vn 0.1919 0.4698 -0.8617
vn 0.1615 0.4770 -0.8640
vn 0.1300 0.4839 -0.8654
vn 0.0975 0.4904 -0.8660
vn 0.0640 0.4966 -0.8656
vn 0.0297 0.5023 -0.8642
vn -0.0055 0.5075 -0.8616
vn -0.0413 0.5122 -0.8579
vn -0.0777 0.5162 -0.8529
vn -0.1146 0.5196 -0.8467
vn -0.1516 0.5222 -0.8392
vn -0.1888 0.5242 -0.8304
vn -0.2260 0.5254 -0.8203
vn -0.2629 0.5257 -0.8090
vn -0.2994 0.5253 -0.7965
vn -0.3354 0.5242 -0.7828
vn -0.3706 0.5222 -0.7681
vn -0.4050 0.5196 -0.7523
vn -0.4385 0.5162 -0.7357
vn -0.4708 0.5122 -0.7183
vn -0.5020 0.5075 -0.7003
vn -0.5320 0.5023 -0.6817
vn -0.5606 0.4966 -0.6627
vn -0.5879 0.4904 -0.6433
vn -0.6139 0.4839 -0.6237
vn -0.6384 0.4770 -0.6040
vn -0.6617 0.4698 -0.5843
vn -0.6836 0.4625 -0.5646
vn -0.7042 0.4549 -0.5451
vn -0.0230 0.9996 0.0167
vn -0.0471 0.9989 -0.0000
vn -0.0717 0.9973 -0.0173
vn -0.0970 0.9947 -0.0351
vn -0.1229 0.9910 -0.0534
vn -0.1496 0.9861 -0.0723
vn -0.1767 0.9800 -0.0915
vn -0.2044 0.9725 -0.1112
vn -0.2325 0.9637 -0.1312
vn -0.2609 0.9534 -0.1514
vn -0.2894 0.9417 -0.1718
vn -0.3180 0.9284 -0.1923
vn -0.3466 0.9136 -0.2128
vn -0.3749 0.8973 -0.2332
vn -0.4028 0.8795 -0.2534
vn -0.4303 0.8603 -0.2733
vn -0.4572 0.8398 -0.2928
vn -0.4833 0.8180 -0.3118
vn -0.5086 0.7951 -0.3303
vn -0.5329 0.7712 -0.3482
vn -0.5562 0.7464 -0.3653
vn -0.5784 0.7209 -0.3818
vn -0.5995 0.6948 -0.3974
vn -0.6194 0.6682 -0.4122
vn -0.6380 0.6413 -0.4262
vn -0.6555 0.6143 -0.4393
vn -0.6717 0.5872 -0.4516
vn -0.6868 0.5602 -0.4631
vn -0.7007 0.5334 -0.4737
vn -0.7135 0.5069 -0.4836
vn -0.7253 0.4808 -0.4927
vn -0.0468 0.9983 0.0340
vn -0.0717 0.9973 0.0173
vn -0.0713 0.9961 0.0518
vn -0.0970 0.9953 -0.0000
vn -0.0970 0.9947 0.0351
vn -0.0965 0.9929 0.0701
vn -0.1231 0.9922 -0.0178
vn -0.1231 0.9922 0.0178
vn -0.1229 0.9910 0.0534
vn -0.1223 0.9885 0.0889
vn -0.1499 0.9880 -0.0362
vn -0.1500 0.9887 -0.0000
vn -0.1499 0.9880 0.0362
vn -0.1496 0.9861 0.0723
vn -0.1488 0.9829 0.1081
vn -0.1772 0.9826 -0.0551
vn -0.1775 0.9840 -0.0184
vn -0.1775 0.9840 0.0184
vn -0.1772 0.9826 0.0551
vn -0.1767 0.9800 0.0915
vn -0.1757 0.9761 0.1277
vn -0.2051 0.9759 -0.0744
vn -0.2056 0.9779 -0.0373
vn -0.2057 0.9786 0.0000
vn -0.2056 0.9779 0.0373
vn -0.2051 0.9759 0.0744
vn -0.2044 0.9725 0.1112
vn -0.2032 0.9680 0.1476
vn -0.2335 0.9678 -0.0941
vn -0.2342 0.9705 -0.0566
vn -0.2345 0.9719 -0.0189
vn -0.2345 0.9719 0.0189
vn -0.2342 0.9705 0.0566
vn -0.2335 0.9678 0.0941
vn -0.2325 0.9637 0.1312
vn -0.2309 0.9584 0.1678
vn -0.2622 0.9582 -0.1141
vn -0.2632 0.9617 -0.0764
vn -0.2637 0.9638 -0.0383
vn -0.2639 0.9645 -0.0000
vn -0.2637 0.9638 0.0383
vn -0.2632 0.9617 0.0764
vn -0.2622 0.9582 0.1141
vn -0.2609 0.9534 0.1514
vn -0.2589 0.9474 0.1881
vn -0.2911 0.9472 -0.1344
vn -0.2924 0.9514 -0.0964
vn -0.2933 0.9543 -0.0580
vn -0.2938 0.9557 -0.0194
vn -0.2938 0.9557 0.0194
vn -0.2933 0.9543 0.0580
vn -0.2924 0.9514 0.0964
vn -0.2911 0.9472 0.1344
vn -0.2894 0.9417 0.1718
vn -0.2871 0.9349 0.2086
vn -0.3202 0.9346 -0.1549
vn -0.3219 0.9396 -0.1168
vn -0.3231 0.9431 -0.0781
vn -0.3238 0.9453 -0.0392
vn -0.3241 0.9460 -0.0000
vn -0.3238 0.9453 0.0392
vn -0.3231 0.9431 0.0781
vn -0.3219 0.9396 0.1168
vn -0.3202 0.9346 0.1549
vn -0.3180 0.9284 0.1923
vn -0.3152 0.9210 0.2290
vn -0.3492 0.9205 -0.1754
vn -0.3513 0.9261 -0.1373
vn -0.3530 0.9304 -0.0985
vn -0.3541 0.9333 -0.0593
vn -0.3546 0.9348 -0.0198
vn -0.3546 0.9348 0.0198
vn -0.3541 0.9333 0.0593
vn -0.3530 0.9304 0.0985
vn -0.3513 0.9261 0.1373
vn -0.3492 0.9205 0.1754
vn -0.3466 0.9136 0.2128
vn -0.3433 0.9055 0.2494
vn -0.3780 0.9048 -0.1959
vn -0.3807 0.9111 -0.1579
vn -0.3828 0.9161 -0.1190
vn -0.3843 0.9198 -0.0797
vn -0.3852 0.9220 -0.0399
vn -0.3855 0.9227 0.0000
vn -0.3852 0.9220 0.0399
vn -0.3843 0.9198 0.0797
vn -0.3828 0.9161 0.1190
vn -0.3807 0.9111 0.1579
vn -0.3780 0.9048 0.1959
vn -0.3749 0.8973 0.2332
vn -0.3710 0.8886 0.2696
vn -0.4066 0.8876 -0.2164
vn -0.4097 0.8946 -0.1784
vn -0.4123 0.9003 -0.1397
vn -0.4143 0.9046 -0.1002
vn -0.4157 0.9075 -0.0603
vn -0.4163 0.9090 -0.0201
vn -0.4163 0.9090 0.0201
vn -0.4157 0.9075 0.0603
vn -0.4143 0.9046 0.1002
vn -0.4123 0.9003 0.1397
vn -0.4097 0.8946 0.1784
vn -0.4066 0.8876 0.2164
vn -0.4028 0.8795 0.2534
vn -0.3984 0.8703 0.2895
vn -0.4346 0.8690 -0.2366
vn -0.4384 0.8765 -0.1989
vn -0.4416 0.8828 -0.1602
vn -0.4441 0.8878 -0.1209
vn -0.4459 0.8914 -0.0809
vn -0.4470 0.8936 -0.0405
vn -0.4473 0.8944 -0.0000
vn -0.4470 0.8936 0.0405
vn -0.4459 0.8914 0.0809
vn -0.4441 0.8878 0.1209
vn -0.4416 0.8828 0.1602
vn -0.4384 0.8765 0.1989
vn -0.4346 0.8690 0.2366
vn -0.4303 0.8603 0.2733
vn -0.4253 0.8507 0.3090
vn -0.4621 0.8489 -0.2565
vn -0.4665 0.8569 -0.2191
vn -0.4703 0.8638 -0.1807
vn -0.4733 0.8695 -0.1415
vn -0.4757 0.8737 -0.1015
vn -0.4772 0.8766 -0.0611
vn -0.4780 0.8781 -0.0204
vn -0.4780 0.8781 0.0204
vn -0.4772 0.8766 0.0611
vn -0.4757 0.8737 0.1015
vn -0.4733 0.8695 0.1415
vn -0.4703 0.8638 0.1807
vn -0.4665 0.8569 0.2191
vn -0.4621 0.8489 0.2565
vn -0.4572 0.8398 0.2928
vn -0.4516 0.8297 0.3281
vn -0.4889 0.8275 -0.2760
vn -0.4939 0.8360 -0.2390
vn -0.4983 0.8434 -0.2009
vn -0.5020 0.8496 -0.1619
vn -0.5049 0.8545 -0.1221
vn -0.5070 0.8581 -0.0818
vn -0.5083 0.8602 -0.0410
vn -0.5087 0.8610 -0.0000
vn -0.5083 0.8602 0.0410
vn -0.5070 0.8581 0.0818
vn -0.5049 0.8545 0.1221
vn -0.5020 0.8496 0.1619
vn -0.4983 0.8434 0.2009
vn -0.4939 0.8360 0.2390
vn -0.4889 0.8275 0.2760
vn -0.4833 0.8180 0.3118
vn -0.4771 0.8076 0.3466
vn -0.5148 0.8049 -0.2950
vn -0.5205 0.8138 -0.2585
vn -0.5255 0.8216 -0.2209
vn -0.5298 0.8283 -0.1822
vn -0.5333 0.8338 -0.1426
vn -0.5360 0.8380 -0.1024
vn -0.5378 0.8408 -0.0616
vn -0.5387 0.8422 -0.0206
vn -0.5387 0.8422 0.0206
vn -0.5378 0.8408 0.0616
vn -0.5360 0.8380 0.1024
vn -0.5333 0.8338 0.1426
vn -0.5298 0.8283 0.1822
vn -0.5255 0.8216 0.2209
vn -0.5205 0.8138 0.2585
vn -0.5148 0.8049 0.2950
vn -0.5086 0.7951 0.3303
vn -0.5017 0.7845 0.3645
vn -0.5398 0.7812 -0.3135
vn -0.5462 0.7904 -0.2775
vn -0.5518 0.7986 -0.2403
vn -0.5568 0.8057 -0.2021
vn -0.5609 0.8117 -0.1629
vn -0.5642 0.8164 -0.1229
vn -0.5666 0.8199 -0.0823
vn -0.5680 0.8220 -0.0412
vn -0.5685 0.8227 0.0000
vn -0.5680 0.8220 0.0412
vn -0.5666 0.8199 0.0823
vn -0.5642 0.8164 0.1229
vn -0.5609 0.8117 0.1629
vn -0.5568 0.8057 0.2021
vn -0.5518 0.7986 0.2403
vn -0.5462 0.7904 0.2775
vn -0.5398 0.7812 0.3135
vn -0.5329 0.7712 0.3482
vn -0.5254 0.7604 0.3817
vn -0.5638 0.7565 -0.3313
vn -0.5708 0.7659 -0.2960
vn -0.5771 0.7744 -0.2593
vn -0.5827 0.7819 -0.2216
vn -0.5875 0.7883 -0.1828
vn -0.5914 0.7936 -0.1431
vn -0.5944 0.7976 -0.1027
vn -0.5964 0.8003 -0.0619
vn -0.5974 0.8017 -0.0206
vn -0.5974 0.8017 0.0206
vn -0.5964 0.8003 0.0619
vn -0.5944 0.7976 0.1027
vn -0.5914 0.7936 0.1431
vn -0.5875 0.7883 0.1828
vn -0.5827 0.7819 0.2216
vn -0.5771 0.7744 0.2593
vn -0.5708 0.7659 0.2960
vn -0.5638 0.7565 0.3313
vn -0.5562 0.7464 0.3654
vn -0.5481 0.7355 0.3982
vn -0.5866 0.7311 -0.3484
vn -0.5942 0.7406 -0.3137
vn -0.6012 0.7493 -0.2777
vn -0.6075 0.7571 -0.2405
vn -0.6129 0.7638 -0.2022
vn -0.6175 0.7695 -0.1630
vn -0.6211 0.7740 -0.1230
vn -0.6237 0.7773 -0.0823
vn -0.6253 0.7793 -0.0413
vn -0.6258 0.7800 -0.0000
vn -0.6253 0.7793 0.0413
vn -0.6237 0.7773 0.0823
vn -0.6211 0.7740 0.1230
vn -0.6175 0.7695 0.1630
vn -0.6129 0.7638 0.2022
vn -0.6075 0.7571 0.2405
vn -0.6012 0.7493 0.2777
vn -0.5942 0.7406 0.3137
vn -0.5866 0.7311 0.3484
vn -0.5784 0.7209 0.3818
vn -0.5697 0.7100 0.4139
vn -0.6083 0.7049 -0.3648
vn -0.6165 0.7145 -0.3308
vn -0.6241 0.7233 -0.2955
vn -0.6310 0.7313 -0.2589
vn -0.6371 0.7384 -0.2212
vn -0.6423 0.7444 -0.1825
vn -0.6466 0.7493 -0.1429
vn -0.6498 0.7531 -0.1026
vn -0.6520 0.7557 -0.0617
vn -0.6531 0.7570 -0.0206
vn -0.6531 0.7570 0.0206
vn -0.6520 0.7557 0.0617
vn -0.6498 0.7531 0.1026
vn -0.6466 0.7493 0.1429
vn -0.6423 0.7444 0.1825
vn -0.6371 0.7384 0.2212
vn -0.6310 0.7313 0.2589
vn -0.6241 0.7233 0.2955
vn -0.6165 0.7145 0.3308
vn -0.6083 0.7049 0.3648
vn -0.5995 0.6948 0.3974
vn -0.5902 0.6839 0.4288
vn -0.6287 0.6783 -0.3804
vn -0.6375 0.6878 -0.3471
vn -0.6457 0.6967 -0.3125
vn -0.6533 0.7048 -0.2767
vn -0.6600 0.7120 -0.2396
vn -0.6659 0.7184 -0.2014
vn -0.6708 0.7237 -0.1623
vn -0.6747 0.7279 -0.1224
vn -0.6775 0.7309 -0.0820
vn -0.6792 0.7328 -0.0411
vn -0.6798 0.7334 -0.0000
vn -0.6792 0.7328 0.0411
vn -0.6775 0.7309 0.0820
vn -0.6747 0.7279 0.1224
vn -0.6708 0.7237 0.1623
vn -0.6659 0.7184 0.2014
vn -0.6600 0.7120 0.2396
vn -0.6533 0.7048 0.2767
vn -0.6457 0.6967 0.3125
vn -0.6375 0.6878 0.3471
vn -0.6287 0.6783 0.3804
vn -0.6194 0.6682 0.4122
vn -0.6096 0.6575 0.4429
vn -0.6479 0.6512 -0.3951
vn -0.6572 0.6607 -0.3627
vn -0.6660 0.6695 -0.3288
vn -0.6742 0.6777 -0.2937
vn -0.6815 0.6851 -0.2573
vn -0.6880 0.6916 -0.2198
vn -0.6936 0.6972 -0.1813
vn -0.6981 0.7018 -0.1419
vn -0.7016 0.7053 -0.1019
vn -0.7039 0.7076 -0.0613
vn -0.7051 0.7088 -0.0205
vn -0.7051 0.7088 0.0205
vn -0.7039 0.7076 0.0613
vn -0.7016 0.7053 0.1019
vn -0.6981 0.7018 0.1419
vn -0.6936 0.6972 0.1813
vn -0.6880 0.6916 0.2198
vn -0.6815 0.6851 0.2573
vn -0.6742 0.6777 0.2937
vn -0.6660 0.6695 0.3288
vn -0.6572 0.6607 0.3627
vn -0.6479 0.6512 0.3951
vn -0.6380 0.6413 0.4262
vn -0.6277 0.6308 0.4561
vn -0.6658 0.6240 -0.4091
vn -0.6757 0.6332 -0.3774
vn -0.6850 0.6420 -0.3443
vn -0.6937 0.6502 -0.3100
vn -0.7017 0.6576 -0.2743
vn -0.7088 0.6643 -0.2375
vn -0.7150 0.6701 -0.1997
vn -0.7201 0.6749 -0.1609
vn -0.7243 0.6788 -0.1213
vn -0.7272 0.6816 -0.0812
vn -0.7290 0.6833 -0.0407
vn -0.7296 0.6838 -0.0000
vn -0.7290 0.6833 0.0407
vn -0.7272 0.6816 0.0812
vn -0.7243 0.6788 0.1213
vn -0.7201 0.6749 0.1609
vn -0.7150 0.6701 0.1997
vn -0.7088 0.6643 0.2375
vn -0.7017 0.6576 0.2743
vn -0.6937 0.6502 0.3100
vn -0.6850 0.6420 0.3443
vn -0.6757 0.6332 0.3774
vn -0.6658 0.6240 0.4091
vn -0.6555 0.6143 0.4393
vn -0.6447 0.6041 0.4684
vn -0.6825 0.5966 -0.4222
vn -0.6928 0.6057 -0.3913
vn -0.7027 0.6143 -0.3590
vn -0.7119 0.6223 -0.3255
vn -0.7204 0.6298 -0.2906
vn -0.7281 0.6365 -0.2545
vn -0.7349 0.6424 -0.2174
vn -0.7407 0.6475 -0.1793
vn -0.7454 0.6517 -0.1403
vn -0.7490 0.6548 -0.1007
vn -0.7515 0.6570 -0.0606
vn -0.7527 0.6580 -0.0202
vn -0.7527 0.6580 0.0202
vn -0.7515 0.6570 0.0606
vn -0.7490 0.6548 0.1007
vn -0.7454 0.6517 0.1403
vn -0.7407 0.6475 0.1793
vn -0.7349 0.6424 0.2174
vn -0.7281 0.6365 0.2545
vn -0.7204 0.6298 0.2906
vn -0.7119 0.6223 0.3254
vn -0.7027 0.6143 0.3590
vn -0.6928 0.6057 0.3913
vn -0.6825 0.5966 0.4222
vn -0.6717 0.5872 0.4516
vn -0.6606 0.5773 0.4799
vn -0.6979 0.5693 -0.4344
vn -0.7087 0.5781 -0.4043
vn -0.7190 0.5865 -0.3729
vn -0.7287 0.5944 -0.3401
vn -0.7377 0.6018 -0.3061
vn -0.7459 0.6085 -0.2708
vn -0.7533 0.6145 -0.2344
vn -0.7597 0.6197 -0.1970
vn -0.7651 0.6241 -0.1587
vn -0.7693 0.6276 -0.1197
vn -0.7724 0.6301 -0.0801
vn -0.7742 0.6316 -0.0402
vn -0.7749 0.6321 -0.0000
vn -0.7742 0.6316 0.0402
vn -0.7724 0.6301 0.0801
vn -0.7693 0.6276 0.1197
vn -0.7651 0.6241 0.1587
vn -0.7597 0.6197 0.1970
vn -0.7533 0.6145 0.2344
vn -0.7459 0.6085 0.2708
vn -0.7377 0.6018 0.3061
vn -0.7287 0.5944 0.3401
vn -0.7190 0.5865 0.3729
vn -0.7087 0.5781 0.4043
vn -0.6979 0.5693 0.4344
vn -0.6868 0.5602 0.4631
vn -0.6753 0.5507 0.4906
vn -0.7122 0.5422 -0.4458
vn -0.7233 0.5507 -0.4166
vn -0.7340 0.5588 -0.3860
vn -0.7441 0.5665 -0.3540
vn -0.7536 0.5737 -0.3208
vn -0.7623 0.5804 -0.2863
vn -0.7702 0.5864 -0.2507
vn -0.7772 0.5917 -0.2141
vn -0.7832 0.5962 -0.1765
vn -0.7880 0.5999 -0.1381
vn -0.7917 0.6028 -0.0991
vn -0.7942 0.6047 -0.0597
vn -0.7955 0.6056 -0.0199
vn -0.7955 0.6056 0.0199
vn -0.7942 0.6047 0.0597
vn -0.7917 0.6028 0.0991
vn -0.7880 0.6000 0.1381
vn -0.7832 0.5962 0.1765
vn -0.7772 0.5917 0.2141
vn -0.7702 0.5864 0.2507
vn -0.7623 0.5804 0.2863
vn -0.7536 0.5737 0.3208
vn -0.7441 0.5665 0.3540
vn -0.7340 0.5588 0.3860
vn -0.7233 0.5507 0.4166
vn -0.7122 0.5422 0.4458
vn -0.7007 0.5334 0.4737
vn -0.6889 0.5243 0.5005
vn -0.7253 0.5153 -0.4565
vn -0.7368 0.5234 -0.4280
vn -0.7478 0.5313 -0.3982
vn -0.7583 0.5387 -0.3671
vn -0.7682 0.5458 -0.3347
vn -0.7774 0.5523 -0.3011
vn -0.7858 0.5583 -0.2663
vn -0.7933 0.5636 -0.2304
vn -0.7998 0.5682 -0.1936
vn -0.8052 0.5721 -0.1559
vn -0.8095 0.5752 -0.1176
vn -0.8127 0.5774 -0.0787
vn -0.8146 0.5787 -0.0394
vn -0.8152 0.5792 0.0000
vn -0.8146 0.5787 0.0394
vn -0.8127 0.5774 0.0787
vn -0.8095 0.5752 0.1176
vn -0.8052 0.5721 0.1559
vn -0.7998 0.5682 0.1936
vn -0.7933 0.5636 0.2304
vn -0.7858 0.5583 0.2663
vn -0.7774 0.5523 0.3011
vn -0.7682 0.5458 0.3347
vn -0.7583 0.5387 0.3671
vn -0.7478 0.5313 0.3982
vn -0.7368 0.5234 0.4280
vn -0.7253 0.5153 0.4565
vn -0.7135 0.5069 0.4836
vn -0.7015 0.4982 0.5096
vn -0.7373 0.4888 -0.4664
vn -0.7490 0.4965 -0.4387
vn -0.7603 0.5041 -0.4097
vn -0.7712 0.5112 -0.3794
vn -0.7814 0.5181 -0.3478
vn -0.7910 0.5244 -0.3150
vn -0.7999 0.5303 -0.2810
vn -0.8079 0.5356 -0.2460
vn -0.8149 0.5402 -0.2100
vn -0.8209 0.5442 -0.1731
vn -0.8258 0.5475 -0.1354
vn -0.8295 0.5499 -0.0972
vn -0.8320 0.5516 -0.0585
vn -0.8333 0.5525 -0.0195
vn -0.8333 0.5525 0.0195
vn -0.8320 0.5516 0.0585
vn -0.8295 0.5499 0.0972
vn -0.8258 0.5475 0.1354
vn -0.8209 0.5442 0.1731
vn -0.8149 0.5402 0.2100
vn -0.8079 0.5356 0.2460
vn -0.7999 0.5303 0.2810
vn -0.7910 0.5244 0.3150
vn -0.7814 0.5181 0.3478
vn -0.7712 0.5112 0.3794
vn -0.7603 0.5041 0.4097
vn -0.7490 0.4965 0.4387
vn -0.7373 0.4888 0.4664
vn -0.7253 0.4808 0.4927
vn -0.7483 0.4625 -0.4757
vn -0.7602 0.4698 -0.4487
vn -0.7718 0.4770 -0.4205
vn -0.7829 0.4839 -0.3911
vn -0.7935 0.4904 -0.3603
vn -0.8035 0.4966 -0.3284
vn -0.8127 0.5023 -0.2952
vn -0.8212 0.5075 -0.2610
vn -0.8287 0.5122 -0.2258
vn -0.8352 0.5162 -0.1896
vn -0.8407 0.5196 -0.1527
vn -0.8450 0.5222 -0.1151
vn -0.8481 0.5242 -0.0770
vn -0.8500 0.5253 -0.0386
vn -0.8506 0.5257 -0.0000
vn -0.8500 0.5253 0.0386
vn -0.8481 0.5242 0.0770
vn -0.8450 0.5222 0.1151
vn -0.8407 0.5196 0.1527
vn -0.8352 0.5162 0.1896
vn -0.8287 0.5122 0.2258
vn -0.8212 0.5075 0.2610
vn -0.8127 0.5023 0.2952
vn -0.8035 0.4966 0.3284
vn -0.7935 0.4904 0.3603
vn -0.7829 0.4839 0.3911
vn -0.7718 0.4770 0.4205
vn -0.7602 0.4698 0.4487
vn -0.7483 0.4625 0.4757
vn -0.7360 0.4549 0.5013
vn 0.0088 0.9996 0.0271
vn -0.0146 0.9989 0.0448
vn -0.0386 0.9973 0.0628
vn -0.0633 0.9947 0.0814
vn -0.0888 0.9910 0.1004
vn -0.1150 0.9861 0.1199
vn -0.1417 0.9800 0.1398
vn -0.1689 0.9725 0.1601
vn -0.1966 0.9637 0.1806
vn -0.2246 0.9534 0.2013
vn -0.2528 0.9417 0.2222
vn -0.2812 0.9284 0.2430
vn -0.3095 0.9136 0.2638
vn -0.3376 0.8973 0.2845
vn -0.3654 0.8795 0.3048
vn -0.3929 0.8603 0.3248
vn -0.4197 0.8398 0.3443
vn -0.4459 0.8180 0.3633
vn -0.4713 0.7951 0.3816
vn -0.4958 0.7712 0.3992
vn -0.5194 0.7464 0.4161
vn -0.5418 0.7209 0.4321
vn -0.5632 0.6948 0.4473
vn -0.5834 0.6682 0.4617
vn -0.6025 0.6413 0.4751
vn -0.6204 0.6143 0.4876
vn -0.6371 0.5872 0.4993
vn -0.6527 0.5602 0.5101
vn -0.6671 0.5334 0.5200
vn -0.6804 0.5069 0.5292
vn -0.6928 0.4808 0.5375
vn 0.0179 0.9983 0.0550
vn -0.0057 0.9973 0.0735
vn 0.0272 0.9961 0.0838
vn -0.0300 0.9953 0.0923
vn 0.0034 0.9947 0.1031
vn 0.0369 0.9929 0.1134
vn -0.0550 0.9922 0.1116
vn -0.0211 0.9922 0.1226
vn 0.0128 0.9910 0.1334
vn 0.0467 0.9885 0.1438
vn -0.0807 0.9880 0.1313
vn -0.0463 0.9887 0.1426
vn -0.0119 0.9880 0.1537
vn 0.0225 0.9861 0.1646
vn 0.0568 0.9829 0.1749
vn -0.1071 0.9826 0.1515
vn -0.0723 0.9840 0.1631
vn -0.0374 0.9840 0.1745
vn -0.0024 0.9826 0.1856
vn 0.0324 0.9800 0.1964
vn 0.0671 0.9761 0.2066
vn -0.1341 0.9759 0.1721
vn -0.0990 0.9779 0.1840
vn -0.0636 0.9786 0.1956
vn -0.0281 0.9779 0.2070
vn 0.0074 0.9759 0.2181
vn 0.0426 0.9725 0.2288
vn 0.0776 0.9680 0.2388
vn -0.1616 0.9678 0.1930
vn -0.1262 0.9705 0.2052
vn -0.0904 0.9719 0.2172
vn -0.0545 0.9719 0.2289
vn -0.0185 0.9705 0.2402
vn 0.0173 0.9678 0.2511
vn 0.0529 0.9637 0.2617
vn 0.0882 0.9584 0.2715
vn -0.1895 0.9582 0.2141
vn -0.1539 0.9617 0.2267
vn -0.1179 0.9638 0.2390
vn -0.0816 0.9645 0.2510
vn -0.0451 0.9638 0.2627
vn -0.0087 0.9617 0.2739
vn 0.0275 0.9582 0.2846
vn 0.0634 0.9534 0.2949
vn 0.0989 0.9474 0.3044
vn -0.2178 0.9472 0.2353
vn -0.1821 0.9514 0.2483
vn -0.1458 0.9543 0.2610
vn -0.1092 0.9557 0.2734
vn -0.0724 0.9557 0.2854
vn -0.0354 0.9543 0.2969
vn 0.0013 0.9514 0.3079
vn 0.0379 0.9472 0.3184
vn 0.0740 0.9417 0.3283
vn 0.1097 0.9349 0.3375
vn -0.2462 0.9346 0.2566
vn -0.2105 0.9396 0.2700
vn -0.1742 0.9431 0.2831
vn -0.1373 0.9453 0.2959
vn -0.1002 0.9460 0.3082
vn -0.0628 0.9453 0.3201
vn -0.0255 0.9431 0.3314
vn 0.0116 0.9396 0.3422
vn 0.0483 0.9346 0.3524
vn 0.0846 0.9284 0.3619
vn 0.1204 0.9210 0.3706
vn -0.2747 0.9205 0.2779
vn -0.2391 0.9261 0.2917
vn -0.2027 0.9304 0.3052
vn -0.1658 0.9333 0.3184
vn -0.1284 0.9348 0.3311
vn -0.0908 0.9348 0.3434
vn -0.0530 0.9333 0.3551
vn -0.0154 0.9304 0.3661
vn 0.0220 0.9261 0.3765
vn 0.0589 0.9205 0.3863
vn 0.0953 0.9136 0.3954
vn 0.1311 0.9055 0.4035
vn -0.3032 0.9048 0.2990
vn -0.2677 0.9111 0.3133
vn -0.2315 0.9161 0.3272
vn -0.1945 0.9198 0.3408
vn -0.1570 0.9220 0.3540
vn -0.1191 0.9227 0.3666
vn -0.0811 0.9220 0.3787
vn -0.0430 0.9198 0.3901
vn -0.0051 0.9161 0.4008
vn 0.0325 0.9111 0.4108
vn 0.0695 0.9048 0.4201
vn 0.1059 0.8973 0.4286
vn 0.1417 0.8886 0.4362
vn -0.3314 0.8876 0.3198
vn -0.2963 0.8946 0.3346
vn -0.2602 0.9003 0.3490
vn -0.2234 0.9046 0.3631
vn -0.1858 0.9075 0.3767
vn -0.1478 0.9090 0.3897
vn -0.1095 0.9090 0.4022
vn -0.0711 0.9075 0.4140
vn -0.0327 0.9046 0.4250
vn 0.0054 0.9003 0.4353
vn 0.0431 0.8946 0.4448
vn 0.0801 0.8876 0.4535
vn 0.1165 0.8795 0.4614
vn 0.1522 0.8703 0.4684
vn -0.3593 0.8690 0.3403
vn -0.3246 0.8765 0.3555
vn -0.2888 0.8828 0.3704
vn -0.2522 0.8878 0.3850
vn -0.2147 0.8914 0.3991
vn -0.1767 0.8936 0.4126
vn -0.1382 0.8944 0.4255
vn -0.0996 0.8936 0.4376
vn -0.0608 0.8914 0.4490
vn -0.0223 0.8878 0.4597
vn 0.0159 0.8828 0.4695
vn 0.0537 0.8765 0.4784
vn 0.0907 0.8690 0.4865
vn 0.1269 0.8603 0.4937
vn 0.1625 0.8507 0.5000
vn -0.3868 0.8489 0.3603
vn -0.3525 0.8569 0.3760
vn -0.3172 0.8638 0.3914
vn -0.2808 0.8695 0.4064
vn -0.2436 0.8737 0.4210
vn -0.2056 0.8766 0.4350
vn -0.1671 0.8781 0.4483
vn -0.1283 0.8781 0.4609
vn -0.0893 0.8766 0.4728
vn -0.0504 0.8737 0.4838
vn -0.0117 0.8695 0.4939
vn 0.0265 0.8638 0.5031
vn 0.0642 0.8569 0.5114
vn 0.1011 0.8489 0.5188
vn 0.1372 0.8398 0.5253
vn 0.1725 0.8297 0.5309
vn -0.4136 0.8275 0.3797
vn -0.3799 0.8360 0.3959
vn -0.3451 0.8434 0.4118
vn -0.3091 0.8496 0.4274
vn -0.2722 0.8545 0.4424
vn -0.2344 0.8581 0.4569
vn -0.1960 0.8602 0.4707
vn -0.1572 0.8610 0.4838
vn -0.1181 0.8602 0.4960
vn -0.0789 0.8581 0.5074
vn -0.0398 0.8545 0.5179
vn -0.0011 0.8496 0.5274
vn 0.0371 0.8434 0.5360
vn 0.0747 0.8360 0.5436
vn 0.1114 0.8275 0.5503
vn 0.1472 0.8180 0.5560
vn 0.1822 0.8076 0.5608
vn -0.4397 0.8049 0.3985
vn -0.4067 0.8138 0.4152
vn -0.3724 0.8216 0.4316
vn -0.3370 0.8283 0.4476
vn -0.3005 0.8338 0.4632
vn -0.2630 0.8380 0.4781
vn -0.2248 0.8408 0.4924
vn -0.1860 0.8422 0.5060
vn -0.1469 0.8422 0.5187
vn -0.1076 0.8408 0.5305
vn -0.0683 0.8380 0.5414
vn -0.0292 0.8338 0.5513
vn 0.0095 0.8283 0.5602
vn 0.0476 0.8216 0.5681
vn 0.0850 0.8138 0.5749
vn 0.1215 0.8049 0.5808
vn 0.1570 0.7951 0.5858
vn 0.1916 0.7845 0.5898
vn -0.4650 0.7812 0.4165
vn -0.4327 0.7904 0.4337
vn -0.3991 0.7986 0.4506
vn -0.3643 0.8057 0.4671
vn -0.3282 0.8117 0.4831
vn -0.2912 0.8164 0.4986
vn -0.2533 0.8199 0.5134
vn -0.2147 0.8220 0.5275
vn -0.1757 0.8227 0.5407
vn -0.1363 0.8220 0.5530
vn -0.0969 0.8199 0.5643
vn -0.0575 0.8164 0.5745
vn -0.0184 0.8117 0.5838
vn 0.0201 0.8057 0.5920
vn 0.0581 0.7986 0.5991
vn 0.0952 0.7904 0.6052
vn 0.1313 0.7812 0.6103
vn 0.1665 0.7712 0.6144
vn 0.2007 0.7604 0.6177
vn -0.4893 0.7565 0.4338
vn -0.4579 0.7659 0.4514
vn -0.4250 0.7744 0.4687
vn -0.3908 0.7819 0.4857
vn -0.3554 0.7883 0.5022
vn -0.3188 0.7936 0.5182
vn -0.2814 0.7976 0.5335
vn -0.2431 0.8003 0.5481
vn -0.2043 0.8017 0.5618
vn -0.1650 0.8017 0.5745
vn -0.1255 0.8003 0.5863
vn -0.0860 0.7976 0.5970
vn -0.0467 0.7936 0.6067
vn -0.0077 0.7883 0.6152
vn 0.0307 0.7819 0.6226
vn 0.0683 0.7744 0.6290
vn 0.1051 0.7659 0.6343
vn 0.1409 0.7566 0.6386
vn 0.1756 0.7464 0.6419
vn 0.2094 0.7355 0.6443
vn -0.5127 0.7311 0.4502
vn -0.4820 0.7406 0.4682
vn -0.4499 0.7493 0.4860
vn -0.4165 0.7571 0.5034
vn -0.3817 0.7638 0.5204
vn -0.3458 0.7695 0.5369
vn -0.3089 0.7740 0.5527
vn -0.2710 0.7773 0.5677
vn -0.2325 0.7793 0.5819
vn -0.1934 0.7799 0.5952
vn -0.1540 0.7793 0.6074
vn -0.1144 0.7773 0.6186
vn -0.0750 0.7740 0.6287
vn -0.0358 0.7695 0.6376
vn 0.0029 0.7638 0.6454
vn 0.0410 0.7571 0.6521
vn 0.0784 0.7493 0.6576
vn 0.1148 0.7406 0.6621
vn 0.1501 0.7311 0.6656
vn 0.1843 0.7209 0.6681
vn 0.2176 0.7100 0.6698
vn -0.5349 0.7049 0.4658
vn -0.5051 0.7145 0.4841
vn -0.4739 0.7233 0.5022
vn -0.4413 0.7313 0.5201
vn -0.4073 0.7384 0.5376
vn -0.3720 0.7444 0.5545
vn -0.3357 0.7493 0.5708
vn -0.2984 0.7531 0.5863
vn -0.2602 0.7557 0.6010
vn -0.2214 0.7570 0.6148
vn -0.1822 0.7569 0.6275
vn -0.1428 0.7557 0.6392
vn -0.1033 0.7531 0.6497
vn -0.0639 0.7493 0.6591
vn -0.0250 0.7444 0.6673
vn 0.0135 0.7384 0.6743
vn 0.0513 0.7313 0.6801
vn 0.0882 0.7233 0.6849
vn 0.1241 0.7145 0.6886
vn 0.1590 0.7049 0.6912
vn 0.1927 0.6948 0.6930
vn 0.2254 0.6839 0.6938
vn -0.5561 0.6783 0.4804
vn -0.5272 0.6878 0.4990
vn -0.4968 0.6967 0.5175
vn -0.4650 0.7048 0.5358
vn -0.4318 0.7120 0.5536
vn -0.3973 0.7184 0.5710
vn -0.3617 0.7237 0.5878
vn -0.3250 0.7279 0.6038
vn -0.2873 0.7309 0.6190
vn -0.2490 0.7328 0.6333
vn -0.2101 0.7334 0.6465
vn -0.1708 0.7328 0.6587
vn -0.1314 0.7309 0.6697
vn -0.0920 0.7279 0.6795
vn -0.0529 0.7237 0.6881
vn -0.0142 0.7184 0.6955
vn 0.0239 0.7120 0.7017
vn 0.0613 0.7048 0.7068
vn 0.0977 0.6967 0.7107
vn 0.1331 0.6878 0.7136
vn 0.1675 0.6783 0.7155
vn 0.2006 0.6682 0.7164
vn 0.2328 0.6575 0.7166
vn -0.5760 0.6512 0.4941
vn -0.5480 0.6607 0.5130
vn -0.5186 0.6695 0.5318
vn -0.4877 0.6777 0.5504
vn -0.4553 0.6851 0.5687
vn -0.4216 0.6916 0.5864
vn -0.3867 0.6972 0.6036
vn -0.3507 0.7018 0.6201
vn -0.3137 0.7053 0.6358
vn -0.2759 0.7076 0.6505
vn -0.2374 0.7088 0.6643
vn -0.1984 0.7088 0.6769
vn -0.1592 0.7076 0.6884
vn -0.1199 0.7053 0.6987
vn -0.0808 0.7018 0.7078
vn -0.0419 0.6972 0.7157
vn -0.0036 0.6916 0.7223
vn 0.0341 0.6851 0.7277
vn 0.0710 0.6777 0.7319
vn 0.1069 0.6695 0.7351
vn 0.1418 0.6607 0.7372
vn 0.1756 0.6512 0.7383
vn 0.2082 0.6413 0.7385
vn 0.2398 0.6308 0.7379
vn -0.5948 0.6240 0.5068
vn -0.5677 0.6333 0.5260
vn -0.5392 0.6420 0.5451
vn -0.5092 0.6501 0.5640
vn -0.4777 0.6576 0.5825
vn -0.4449 0.6643 0.6007
vn -0.4108 0.6701 0.6183
vn -0.3755 0.6749 0.6352
vn -0.3392 0.6788 0.6513
vn -0.3020 0.6816 0.6665
vn -0.2640 0.6833 0.6808
vn -0.2255 0.6838 0.6939
vn -0.1866 0.6833 0.7059
vn -0.1475 0.6816 0.7167
vn -0.1084 0.6788 0.7263
vn -0.0695 0.6749 0.7346
vn -0.0311 0.6701 0.7417
vn 0.0069 0.6643 0.7475
vn 0.0441 0.6576 0.7521
vn 0.0804 0.6502 0.7555
vn 0.1158 0.6420 0.7579
vn 0.1501 0.6333 0.7592
vn 0.1833 0.6240 0.7596
vn 0.2153 0.6143 0.7591
vn 0.2463 0.6041 0.7579
vn -0.6124 0.5967 0.5186
vn -0.5862 0.6057 0.5380
vn -0.5586 0.6143 0.5573
vn -0.5295 0.6223 0.5765
vn -0.4990 0.6298 0.5953
vn -0.4671 0.6365 0.6138
vn -0.4338 0.6424 0.6317
vn -0.3994 0.6475 0.6490
vn -0.3638 0.6517 0.6656
vn -0.3273 0.6548 0.6812
vn -0.2899 0.6570 0.6960
vn -0.2518 0.6580 0.7096
vn -0.2134 0.6581 0.7221
vn -0.1746 0.6570 0.7334
vn -0.1357 0.6548 0.7435
vn -0.0969 0.6517 0.7523
vn -0.0584 0.6475 0.7598
vn -0.0203 0.6424 0.7661
vn 0.0171 0.6365 0.7711
vn 0.0538 0.6298 0.7749
vn 0.0895 0.6223 0.7776
vn 0.1243 0.6143 0.7792
vn 0.1580 0.6057 0.7798
vn 0.1906 0.5966 0.7795
vn 0.2219 0.5872 0.7784
vn 0.2523 0.5773 0.7766
vn -0.6288 0.5693 0.5295
vn -0.6036 0.5781 0.5491
vn -0.5768 0.5865 0.5686
vn -0.5487 0.5944 0.5879
vn -0.5191 0.6018 0.6070
vn -0.4881 0.6085 0.6257
vn -0.4557 0.6145 0.6440
vn -0.4221 0.6197 0.6616
vn -0.3874 0.6241 0.6786
vn -0.3516 0.6276 0.6947
vn -0.3149 0.6301 0.7098
vn -0.2774 0.6316 0.7239
vn -0.2395 0.6321 0.7369
vn -0.2011 0.6316 0.7488
vn -0.1625 0.6301 0.7593
vn -0.1239 0.6276 0.7686
vn -0.0855 0.6241 0.7767
vn -0.0474 0.6197 0.7834
vn -0.0099 0.6145 0.7889
vn 0.0271 0.6085 0.7931
vn 0.0631 0.6018 0.7962
vn 0.0983 0.5944 0.7981
vn 0.1325 0.5865 0.7990
vn 0.1655 0.5781 0.7990
vn 0.1975 0.5693 0.7980
vn 0.2282 0.5602 0.7963
vn 0.2579 0.5507 0.7939
vn -0.6441 0.5422 0.5396
vn -0.6197 0.5507 0.5592
vn -0.5939 0.5588 0.5788
vn -0.5667 0.5665 0.5983
vn -0.5380 0.5737 0.6176
vn -0.5079 0.5804 0.6365
vn -0.4765 0.5864 0.6551
vn -0.4438 0.5917 0.6730
vn -0.4099 0.5962 0.6903
vn -0.3749 0.5999 0.7068
vn -0.3389 0.6028 0.7224
vn -0.3022 0.6047 0.7369
vn -0.2648 0.6056 0.7504
vn -0.2269 0.6056 0.7627
vn -0.1887 0.6047 0.7738
vn -0.1504 0.6028 0.7836
vn -0.1122 0.5999 0.7921
vn -0.0742 0.5962 0.7994
vn -0.0366 0.5917 0.8053
vn 0.0004 0.5864 0.8100
vn 0.0367 0.5804 0.8135
vn 0.0722 0.5737 0.8159
vn 0.1067 0.5665 0.8171
vn 0.1403 0.5588 0.8174
vn 0.1727 0.5507 0.8167
vn 0.2039 0.5422 0.8151
vn 0.2340 0.5334 0.8128
vn 0.2631 0.5243 0.8099
vn -0.6583 0.5153 0.5487
vn -0.6347 0.5234 0.5684
vn -0.6098 0.5313 0.5881
vn -0.5835 0.5387 0.6077
vn -0.5557 0.5458 0.6272
vn -0.5265 0.5523 0.6463
vn -0.4961 0.5583 0.6650
vn -0.4643 0.5636 0.6832
vn -0.4312 0.5682 0.7008
vn -0.3971 0.5721 0.7176
vn -0.3620 0.5752 0.7336
vn -0.3260 0.5774 0.7486
vn -0.2892 0.5788 0.7625
vn -0.2519 0.5792 0.7753
vn -0.2142 0.5787 0.7869
vn -0.1763 0.5774 0.7972
vn -0.1384 0.5752 0.8062
vn -0.1005 0.5721 0.8140
vn -0.0630 0.5682 0.8204
vn -0.0260 0.5636 0.8256
vn 0.0104 0.5583 0.8296
vn 0.0461 0.5523 0.8324
vn 0.0809 0.5458 0.8340
vn 0.1148 0.5388 0.8346
vn 0.1476 0.5313 0.8342
vn 0.1794 0.5234 0.8330
vn 0.2100 0.5153 0.8309
vn 0.2395 0.5069 0.8281
vn 0.2679 0.4982 0.8246
vn -0.6714 0.4888 0.5571
vn -0.6486 0.4965 0.5768
vn -0.6246 0.5041 0.5965
vn -0.5991 0.5112 0.6162
vn -0.5723 0.5181 0.6357
vn -0.5440 0.5244 0.6550
vn -0.5145 0.5303 0.6739
vn -0.4836 0.5356 0.6923
vn -0.4515 0.5402 0.7101
vn -0.4183 0.5442 0.7272
vn -0.3840 0.5475 0.7435
vn -0.3487 0.5500 0.7589
vn -0.3127 0.5516 0.7733
vn -0.2761 0.5525 0.7865
vn -0.2389 0.5525 0.7986
vn -0.2015 0.5516 0.8094
vn -0.1639 0.5500 0.8189
vn -0.1264 0.5475 0.8272
vn -0.0891 0.5442 0.8342
vn -0.0521 0.5402 0.8399
vn -0.0157 0.5356 0.8443
vn 0.0201 0.5303 0.8476
vn 0.0551 0.5244 0.8497
vn 0.0893 0.5181 0.8507
vn 0.1225 0.5112 0.8507
vn 0.1547 0.5040 0.8497
vn 0.1857 0.4965 0.8479
vn 0.2157 0.4888 0.8453
vn 0.2445 0.4808 0.8421
vn -0.6836 0.4625 0.5646
vn -0.6617 0.4698 0.5843
vn -0.6384 0.4770 0.6040
vn -0.6139 0.4839 0.6237
vn -0.5879 0.4904 0.6433
vn -0.5606 0.4966 0.6627
vn -0.5319 0.5023 0.6817
vn -0.5020 0.5075 0.7003
vn -0.4708 0.5122 0.7183
vn -0.4385 0.5162 0.7357
vn -0.4050 0.5196 0.7523
vn -0.3706 0.5222 0.7681
vn -0.3354 0.5242 0.7828
vn -0.2994 0.5253 0.7965
vn -0.2629 0.5257 0.8090
vn -0.2259 0.5253 0.8203
vn -0.1888 0.5242 0.8304
vn -0.1516 0.5222 0.8392
vn -0.1146 0.5196 0.8467
vn -0.0777 0.5162 0.8529
vn -0.0413 0.5122 0.8579
vn -0.0055 0.5075 0.8616
vn 0.0297 0.5023 0.8642
vn 0.0640 0.4966 0.8656
vn 0.0975 0.4904 0.8660
vn 0.1300 0.4839 0.8654
vn 0.1615 0.4770 0.8640
vn 0.1919 0.4698 0.8617
vn 0.2212 0.4625 0.8586
vn 0.2493 0.4549 0.8549
vn 0.0381 0.9989 0.0277
vn 0.0478 0.9973 0.0561
vn 0.0578 0.9947 0.0854
vn 0.0680 0.9910 0.1155
vn 0.0785 0.9861 0.1464
vn 0.0892 0.9800 0.1779
vn 0.1000 0.9725 0.2101
vn 0.1110 0.9637 0.2428
vn 0.1221 0.9534 0.2758
vn 0.1332 0.9417 0.3091
vn 0.1443 0.9284 0.3425
vn 0.1553 0.9136 0.3758
vn 0.1662 0.8973 0.4090
vn 0.1770 0.8795 0.4418
vn 0.1875 0.8603 0.4740
vn 0.1978 0.8398 0.5056
vn 0.2077 0.8180 0.5364
vn 0.2173 0.7951 0.5662
vn 0.2265 0.7712 0.5949
vn 0.2352 0.7464 0.6225
vn 0.2436 0.7209 0.6488
vn 0.2514 0.6948 0.6739
vn 0.2588 0.6682 0.6975
vn 0.2656 0.6413 0.7198
vn 0.2721 0.6143 0.7407
vn 0.2780 0.5872 0.7602
vn 0.2834 0.5602 0.7783
vn 0.2884 0.5334 0.7951
vn 0.2930 0.5069 0.8107
vn 0.2971 0.4808 0.8249
vn 0.0681 0.9973 0.0281
vn 0.0785 0.9953 0.0570
vn 0.0991 0.9947 0.0286
vn 0.0891 0.9922 0.0868
vn 0.1101 0.9922 0.0579
vn 0.1309 0.9910 0.0290
vn 0.0999 0.9880 0.1174
vn 0.1213 0.9887 0.0881
vn 0.1425 0.9880 0.0588
vn 0.1635 0.9861 0.0294
vn 0.1110 0.9826 0.1487
vn 0.1328 0.9840 0.1192
vn 0.1544 0.9840 0.0894
vn 0.1758 0.9826 0.0596
vn 0.1968 0.9800 0.0298
vn 0.1222 0.9759 0.1807
vn 0.1444 0.9779 0.1510
vn 0.1664 0.9786 0.1209
vn 0.1882 0.9779 0.0907
vn 0.2097 0.9759 0.0604
vn 0.2307 0.9725 0.0302
vn 0.1336 0.9678 0.2134
vn 0.1562 0.9705 0.1834
vn 0.1786 0.9719 0.1531
vn 0.2008 0.9719 0.1225
vn 0.2227 0.9705 0.0918
vn 0.2442 0.9678 0.0611
vn 0.2652 0.9637 0.0306
vn 0.1450 0.9582 0.2464
vn 0.1680 0.9617 0.2164
vn 0.1909 0.9638 0.1860
vn 0.2135 0.9645 0.1551
vn 0.2359 0.9638 0.1241
vn 0.2578 0.9617 0.0929
vn 0.2792 0.9582 0.0618
vn 0.3000 0.9534 0.0309
vn 0.1565 0.9472 0.2799
vn 0.1799 0.9514 0.2499
vn 0.2032 0.9543 0.2193
vn 0.2263 0.9557 0.1883
vn 0.2490 0.9557 0.1570
vn 0.2714 0.9543 0.1255
vn 0.2933 0.9514 0.0939
vn 0.3145 0.9472 0.0624
vn 0.3351 0.9417 0.0311
vn 0.1680 0.9346 0.3135
vn 0.1918 0.9396 0.2837
vn 0.2155 0.9431 0.2531
vn 0.2390 0.9453 0.2220
vn 0.2622 0.9460 0.1905
vn 0.2850 0.9453 0.1587
vn 0.3073 0.9431 0.1267
vn 0.3290 0.9396 0.0947
vn 0.3501 0.9346 0.0629
vn 0.3703 0.9284 0.0314
vn 0.1794 0.9205 0.3472
vn 0.2035 0.9261 0.3176
vn 0.2277 0.9304 0.2872
vn 0.2516 0.9333 0.2561
vn 0.2753 0.9348 0.2245
vn 0.2985 0.9348 0.1924
vn 0.3213 0.9333 0.1601
vn 0.3434 0.9304 0.1278
vn 0.3649 0.9261 0.0955
vn 0.3856 0.9205 0.0633
vn 0.4054 0.9136 0.0316
vn 0.1906 0.9048 0.3807
vn 0.2152 0.9111 0.3514
vn 0.2397 0.9161 0.3213
vn 0.2641 0.9198 0.2903
vn 0.2882 0.9220 0.2587
vn 0.3119 0.9227 0.2266
vn 0.3351 0.9220 0.1941
vn 0.3577 0.9198 0.1614
vn 0.3796 0.9161 0.1287
vn 0.4007 0.9111 0.0960
vn 0.4210 0.9048 0.0637
vn 0.4403 0.8973 0.0317
vn 0.2017 0.8876 0.4140
vn 0.2266 0.8946 0.3852
vn 0.2515 0.9003 0.3553
vn 0.2763 0.9046 0.3246
vn 0.3008 0.9075 0.2931
vn 0.3250 0.9090 0.2610
vn 0.3487 0.9090 0.2284
vn 0.3717 0.9075 0.1955
vn 0.3941 0.9046 0.1625
vn 0.4157 0.9003 0.1294
vn 0.4364 0.8946 0.0965
vn 0.4561 0.8876 0.0639
vn 0.4748 0.8795 0.0318
vn 0.2126 0.8690 0.4469
vn 0.2378 0.8765 0.4186
vn 0.2631 0.8828 0.3892
vn 0.2882 0.8878 0.3588
vn 0.3132 0.8914 0.3275
vn 0.3378 0.8936 0.2955
vn 0.3619 0.8944 0.2629
vn 0.3854 0.8936 0.2299
vn 0.4083 0.8914 0.1966
vn 0.4303 0.8878 0.1633
vn 0.4514 0.8828 0.1299
vn 0.4716 0.8765 0.0968
vn 0.4907 0.8690 0.0641
vn 0.5088 0.8603 0.0318
vn 0.2231 0.8489 0.4791
vn 0.2486 0.8569 0.4515
vn 0.2742 0.8638 0.4226
vn 0.2998 0.8695 0.3927
vn 0.3251 0.8737 0.3617
vn 0.3502 0.8766 0.3300
vn 0.3747 0.8781 0.2975
vn 0.3987 0.8781 0.2645
vn 0.4220 0.8766 0.2311
vn 0.4445 0.8737 0.1974
vn 0.4661 0.8695 0.1638
vn 0.4867 0.8638 0.1302
vn 0.5062 0.8569 0.0970
vn 0.5247 0.8489 0.0641
vn 0.5420 0.8398 0.0318
vn 0.2333 0.8275 0.5107
vn 0.2591 0.8360 0.4837
vn 0.2850 0.8434 0.4555
vn 0.3109 0.8496 0.4260
vn 0.3366 0.8545 0.3956
vn 0.3621 0.8581 0.3641
vn 0.3871 0.8602 0.3319
vn 0.4115 0.8610 0.2990
vn 0.4353 0.8602 0.2656
vn 0.4582 0.8581 0.2318
vn 0.4802 0.8545 0.1979
vn 0.5013 0.8496 0.1641
vn 0.5212 0.8434 0.1303
vn 0.5401 0.8360 0.0970
vn 0.5578 0.8275 0.0641
vn 0.5743 0.8180 0.0318
vn 0.2431 0.8049 0.5413
vn 0.2692 0.8138 0.5151
vn 0.2954 0.8216 0.4876
vn 0.3216 0.8283 0.4588
vn 0.3476 0.8338 0.4289
vn 0.3735 0.8380 0.3979
vn 0.3989 0.8408 0.3660
vn 0.4237 0.8422 0.3333
vn 0.4479 0.8422 0.3000
vn 0.4713 0.8408 0.2663
vn 0.4938 0.8380 0.2322
vn 0.5153 0.8338 0.1981
vn 0.5357 0.8283 0.1640
vn 0.5550 0.8216 0.1302
vn 0.5731 0.8138 0.0968
vn 0.5899 0.8049 0.0639
vn 0.6056 0.7951 0.0317
vn 0.2525 0.7812 0.5709
vn 0.2787 0.7904 0.5456
vn 0.3052 0.7986 0.5188
vn 0.3317 0.8057 0.4907
vn 0.3581 0.8117 0.4615
vn 0.3842 0.8164 0.4310
vn 0.4100 0.8199 0.3996
vn 0.4353 0.8220 0.3672
vn 0.4599 0.8227 0.3342
vn 0.4838 0.8220 0.3005
vn 0.5067 0.8199 0.2665
vn 0.5287 0.8164 0.2322
vn 0.5495 0.8117 0.1979
vn 0.5692 0.8057 0.1638
vn 0.5877 0.7986 0.1299
vn 0.6050 0.7904 0.0965
vn 0.6210 0.7812 0.0637
vn 0.6358 0.7712 0.0316
vn 0.2614 0.7565 0.5994
vn 0.2878 0.7659 0.5749
vn 0.3144 0.7744 0.5490
vn 0.3412 0.7819 0.5217
vn 0.3678 0.7883 0.4932
vn 0.3943 0.7936 0.4634
vn 0.4205 0.7976 0.4325
vn 0.4461 0.8003 0.4006
vn 0.4712 0.8017 0.3679
vn 0.4955 0.8017 0.3344
vn 0.5188 0.8003 0.3005
vn 0.5412 0.7976 0.2663
vn 0.5626 0.7936 0.2318
vn 0.5827 0.7883 0.1974
vn 0.6016 0.7819 0.1632
vn 0.6193 0.7744 0.1294
vn 0.6357 0.7659 0.0961
vn 0.6509 0.7565 0.0633
vn 0.6648 0.7464 0.0314
vn 0.2698 0.7311 0.6267
vn 0.2963 0.7406 0.6031
vn 0.3231 0.7493 0.5781
vn 0.3501 0.7571 0.5517
vn 0.3770 0.7638 0.5239
vn 0.4037 0.7695 0.4948
vn 0.4302 0.7740 0.4645
vn 0.4562 0.7773 0.4332
vn 0.4816 0.7793 0.4009
vn 0.5063 0.7800 0.3679
vn 0.5301 0.7793 0.3342
vn 0.5530 0.7773 0.3000
vn 0.5747 0.7740 0.2656
vn 0.5954 0.7695 0.2311
vn 0.6147 0.7638 0.1966
vn 0.6328 0.7571 0.1624
vn 0.6497 0.7493 0.1287
vn 0.6652 0.7406 0.0955
vn 0.6794 0.7311 0.0629
vn 0.6924 0.7209 0.0311
vn 0.2777 0.7049 0.6527
vn 0.3043 0.7145 0.6300
vn 0.3312 0.7233 0.6059
vn 0.3583 0.7313 0.5804
vn 0.3854 0.7384 0.5534
vn 0.4124 0.7444 0.5252
vn 0.4391 0.7494 0.4956
vn 0.4654 0.7531 0.4649
vn 0.4912 0.7557 0.4332
vn 0.5163 0.7570 0.4006
vn 0.5405 0.7570 0.3672
vn 0.5638 0.7557 0.3333
vn 0.5860 0.7531 0.2990
vn 0.6071 0.7493 0.2645
vn 0.6269 0.7444 0.2299
vn 0.6454 0.7384 0.1955
vn 0.6627 0.7313 0.1614
vn 0.6786 0.7233 0.1278
vn 0.6932 0.7145 0.0947
vn 0.7065 0.7049 0.0624
vn 0.7186 0.6948 0.0309
vn 0.2850 0.6783 0.6773
vn 0.3117 0.6878 0.6556
vn 0.3387 0.6967 0.6324
vn 0.3659 0.7048 0.6078
vn 0.3931 0.7120 0.5818
vn 0.4203 0.7184 0.5543
vn 0.4472 0.7237 0.5256
vn 0.4738 0.7279 0.4956
vn 0.4999 0.7309 0.4645
vn 0.5253 0.7328 0.4325
vn 0.5500 0.7334 0.3996
vn 0.5737 0.7328 0.3660
vn 0.5963 0.7309 0.3319
vn 0.6178 0.7279 0.2975
vn 0.6381 0.7237 0.2629
vn 0.6571 0.7184 0.2284
vn 0.6748 0.7120 0.1941
vn 0.6911 0.7048 0.1601
vn 0.7061 0.6967 0.1267
vn 0.7198 0.6878 0.0939
vn 0.7322 0.6783 0.0618
vn 0.7434 0.6682 0.0306
vn 0.2919 0.6512 0.7005
vn 0.3186 0.6607 0.6797
vn 0.3455 0.6695 0.6575
vn 0.3728 0.6777 0.6339
vn 0.4001 0.6851 0.6087
vn 0.4274 0.6916 0.5822
vn 0.4546 0.6972 0.5543
vn 0.4814 0.7018 0.5252
vn 0.5077 0.7053 0.4948
vn 0.5334 0.7076 0.4634
vn 0.5584 0.7088 0.4310
vn 0.5825 0.7088 0.3979
vn 0.6055 0.7076 0.3641
vn 0.6275 0.7053 0.3300
vn 0.6482 0.7018 0.2955
vn 0.6677 0.6972 0.2610
vn 0.6858 0.6916 0.2266
vn 0.7026 0.6851 0.1924
vn 0.7180 0.6777 0.1587
vn 0.7321 0.6695 0.1255
vn 0.7449 0.6607 0.0929
vn 0.7564 0.6512 0.0611
vn 0.7667 0.6413 0.0302
vn 0.2982 0.6240 0.7223
vn 0.3248 0.6333 0.7025
vn 0.3518 0.6420 0.6812
vn 0.3790 0.6501 0.6585
vn 0.4064 0.6576 0.6344
vn 0.4338 0.6643 0.6087
vn 0.4611 0.6701 0.5818
vn 0.4880 0.6749 0.5534
vn 0.5146 0.6788 0.5239
vn 0.5406 0.6816 0.4932
vn 0.5659 0.6833 0.4615
vn 0.5903 0.6838 0.4289
vn 0.6137 0.6833 0.3956
vn 0.6361 0.6816 0.3617
vn 0.6573 0.6788 0.3275
vn 0.6772 0.6749 0.2931
vn 0.6958 0.6701 0.2587
vn 0.7130 0.6643 0.2245
vn 0.7289 0.6576 0.1905
vn 0.7434 0.6501 0.1570
vn 0.7566 0.6420 0.1241
vn 0.7685 0.6333 0.0918
vn 0.7791 0.6240 0.0604
vn 0.7885 0.6143 0.0298
vn 0.3040 0.5966 0.7427
vn 0.3305 0.6057 0.7238
vn 0.3574 0.6143 0.7035
vn 0.3846 0.6223 0.6817
vn 0.4120 0.6298 0.6585
vn 0.4394 0.6365 0.6339
vn 0.4667 0.6424 0.6078
vn 0.4938 0.6475 0.5804
vn 0.5206 0.6517 0.5517
vn 0.5468 0.6548 0.5217
vn 0.5723 0.6570 0.4908
vn 0.5970 0.6581 0.4588
vn 0.6208 0.6580 0.4261
vn 0.6436 0.6570 0.3927
vn 0.6652 0.6548 0.3588
vn 0.6855 0.6517 0.3246
vn 0.7046 0.6475 0.2903
vn 0.7223 0.6424 0.2561
vn 0.7386 0.6365 0.2220
vn 0.7536 0.6298 0.1883
vn 0.7672 0.6223 0.1551
vn 0.7795 0.6143 0.1225
vn 0.7905 0.6057 0.0907
vn 0.8003 0.5966 0.0596
vn 0.8089 0.5872 0.0295
vn 0.3093 0.5693 0.7617
vn 0.3357 0.5781 0.7437
vn 0.3625 0.5865 0.7243
vn 0.3896 0.5944 0.7035
vn 0.4169 0.6018 0.6812
vn 0.4443 0.6085 0.6575
vn 0.4716 0.6145 0.6324
vn 0.4988 0.6197 0.6059
vn 0.5256 0.6241 0.5781
vn 0.5520 0.6276 0.5490
vn 0.5778 0.6301 0.5188
vn 0.6028 0.6316 0.4876
vn 0.6269 0.6321 0.4555
vn 0.6500 0.6316 0.4226
vn 0.6720 0.6301 0.3892
vn 0.6927 0.6276 0.3553
vn 0.7122 0.6241 0.3213
vn 0.7304 0.6197 0.2872
vn 0.7472 0.6145 0.2531
vn 0.7626 0.6085 0.2193
vn 0.7767 0.6018 0.1860
vn 0.7894 0.5944 0.1531
vn 0.8009 0.5865 0.1209
vn 0.8110 0.5781 0.0894
vn 0.8200 0.5693 0.0588
vn 0.8278 0.5602 0.0290
vn 0.3141 0.5422 0.7793
vn 0.3403 0.5507 0.7622
vn 0.3670 0.5588 0.7437
vn 0.3939 0.5665 0.7238
vn 0.4211 0.5737 0.7025
vn 0.4484 0.5804 0.6797
vn 0.4758 0.5864 0.6556
vn 0.5030 0.5917 0.6300
vn 0.5299 0.5962 0.6031
vn 0.5563 0.5999 0.5749
vn 0.5823 0.6028 0.5456
vn 0.6075 0.6047 0.5151
vn 0.6319 0.6056 0.4837
vn 0.6553 0.6056 0.4515
vn 0.6776 0.6047 0.4186
vn 0.6988 0.6028 0.3852
vn 0.7187 0.5999 0.3515
vn 0.7373 0.5962 0.3176
vn 0.7546 0.5917 0.2837
vn 0.7705 0.5864 0.2499
vn 0.7850 0.5804 0.2164
vn 0.7982 0.5737 0.1834
vn 0.8101 0.5665 0.1510
vn 0.8207 0.5588 0.1192
vn 0.8301 0.5507 0.0881
vn 0.8383 0.5422 0.0579
vn 0.8454 0.5334 0.0286
vn 0.3185 0.5153 0.7956
vn 0.3445 0.5234 0.7793
vn 0.3709 0.5313 0.7617
vn 0.3977 0.5387 0.7427
vn 0.4247 0.5458 0.7223
vn 0.4519 0.5523 0.7005
vn 0.4792 0.5583 0.6773
vn 0.5063 0.5636 0.6527
vn 0.5332 0.5682 0.6267
vn 0.5598 0.5721 0.5994
vn 0.5858 0.5752 0.5709
vn 0.6112 0.5774 0.5413
vn 0.6358 0.5788 0.5107
vn 0.6595 0.5792 0.4792
vn 0.6822 0.5787 0.4469
vn 0.7037 0.5774 0.4140
vn 0.7240 0.5752 0.3807
vn 0.7431 0.5721 0.3472
vn 0.7608 0.5682 0.3135
vn 0.7772 0.5636 0.2799
vn 0.7922 0.5583 0.2464
vn 0.8059 0.5523 0.2134
vn 0.8182 0.5458 0.1808
vn 0.8292 0.5387 0.1487
vn 0.8390 0.5313 0.1174
vn 0.8476 0.5234 0.0868
vn 0.8551 0.5153 0.0570
vn 0.8615 0.5069 0.0281
vn 0.3224 0.4888 0.8107
vn 0.3481 0.4965 0.7951
vn 0.3743 0.5041 0.7783
vn 0.4009 0.5112 0.7602
vn 0.4278 0.5181 0.7407
vn 0.4548 0.5244 0.7198
vn 0.4819 0.5303 0.6975
vn 0.5090 0.5356 0.6739
vn 0.5358 0.5402 0.6489
vn 0.5624 0.5442 0.6225
vn 0.5885 0.5475 0.5949
vn 0.6140 0.5500 0.5662
vn 0.6388 0.5516 0.5364
vn 0.6627 0.5525 0.5056
vn 0.6856 0.5525 0.4740
vn 0.7075 0.5516 0.4418
vn 0.7282 0.5499 0.4090
vn 0.7477 0.5475 0.3758
vn 0.7658 0.5442 0.3425
vn 0.7827 0.5402 0.3091
vn 0.7982 0.5356 0.2758
vn 0.8123 0.5303 0.2428
vn 0.8251 0.5244 0.2101
vn 0.8366 0.5180 0.1779
vn 0.8469 0.5112 0.1464
vn 0.8559 0.5040 0.1155
vn 0.8638 0.4965 0.0854
vn 0.8706 0.4888 0.0561
vn 0.8764 0.4808 0.0277
vn 0.3258 0.4625 0.8246
vn 0.3512 0.4698 0.8099
vn 0.3772 0.4770 0.7939
vn 0.4035 0.4839 0.7766
vn 0.4302 0.4904 0.7579
vn 0.4570 0.4966 0.7379
vn 0.4839 0.5023 0.7166
vn 0.5109 0.5075 0.6938
vn 0.5377 0.5122 0.6698
vn 0.5642 0.5162 0.6444
vn 0.5904 0.5196 0.6177
vn 0.6159 0.5222 0.5898
vn 0.6409 0.5242 0.5608
vn 0.6650 0.5253 0.5309
vn 0.6882 0.5257 0.5000
vn 0.7104 0.5253 0.4684
vn 0.7314 0.5242 0.4362
vn 0.7513 0.5222 0.4035
vn 0.7699 0.5196 0.3706
vn 0.7872 0.5162 0.3375
vn 0.8031 0.5122 0.3044
vn 0.8178 0.5075 0.2715
vn 0.8311 0.5023 0.2388
vn 0.8430 0.4966 0.2066
vn 0.8538 0.4904 0.1749
vn 0.8632 0.4839 0.1438
vn 0.8716 0.4770 0.1134
vn 0.8788 0.4698 0.0838
vn 0.8849 0.4625 0.0550
vn 0.8901 0.4549 0.0271
vn 0.9044 0.4264 -0.0167
vn 0.9139 0.4046 -0.0340
vn 0.8999 0.4337 -0.0448
vn 0.9228 0.3817 -0.0518
vn 0.9092 0.4115 -0.0628
vn 0.9312 0.3577 -0.0701
vn 0.9180 0.3882 -0.0814
vn 0.9388 0.3327 -0.0889
vn 0.9261 0.3637 -0.1004
vn 0.9457 0.3065 -0.1081
vn 0.9334 0.3382 -0.1199
vn 0.9517 0.2793 -0.1277
vn 0.9399 0.3116 -0.1398
vn 0.9566 0.2512 -0.1476
vn 0.9454 0.2839 -0.1601
vn 0.9605 0.2221 -0.1678
vn 0.9499 0.2551 -0.1806
vn 0.9632 0.1921 -0.1881
vn 0.9532 0.2255 -0.2013
vn 0.9646 0.1613 -0.2086
vn 0.9553 0.1950 -0.2222
vn 0.9647 0.1299 -0.2290
vn 0.9561 0.1637 -0.2430
vn 0.9634 0.0979 -0.2494
vn 0.9555 0.1318 -0.2638
vn 0.9607 0.0655 -0.2696
vn 0.9535 0.0993 -0.2845
vn 0.9566 0.0328 -0.2895
vn 0.9501 0.0665 -0.3048
vn 0.9511 0.0000 -0.3090
vn 0.9452 0.0334 -0.3248
vn 0.9441 -0.0328 -0.3281
vn 0.9388 0.0001 -0.3443
vn 0.8945 0.4409 -0.0735
vn 0.9036 0.4183 -0.0923
vn 0.8881 0.4479 -0.1030
vn 0.9121 0.3945 -0.1116
vn 0.8969 0.4249 -0.1226
vn 0.8806 0.4547 -0.1334
vn 0.9198 0.3697 -0.1313
vn 0.9050 0.4007 -0.1426
vn 0.8890 0.4312 -0.1537
vn 0.8719 0.4611 -0.1646
vn 0.9268 0.3436 -0.1515
vn 0.9124 0.3754 -0.1631
vn 0.8968 0.4066 -0.1745
vn 0.8800 0.4373 -0.1856
vn 0.8620 0.4673 -0.1964
vn 0.9329 0.3165 -0.1721
vn 0.9190 0.3488 -0.1840
vn 0.9037 0.3808 -0.1956
vn 0.8872 0.4122 -0.2070
vn 0.8696 0.4430 -0.2181
vn 0.8508 0.4730 -0.2288
vn 0.9379 0.2882 -0.1930
vn 0.9245 0.3212 -0.2052
vn 0.9098 0.3538 -0.2172
vn 0.8937 0.3859 -0.2289
vn 0.8764 0.4175 -0.2402
vn 0.8579 0.4483 -0.2511
vn 0.8383 0.4783 -0.2617
vn 0.9418 0.2590 -0.2141
vn 0.9290 0.2924 -0.2267
vn 0.9148 0.3256 -0.2390
vn 0.8992 0.3584 -0.2510
vn 0.8822 0.3907 -0.2627
vn 0.8641 0.4223 -0.2739
vn 0.8448 0.4531 -0.2846
vn 0.8244 0.4831 -0.2949
vn 0.9446 0.2288 -0.2354
vn 0.9324 0.2626 -0.2483
vn 0.9187 0.2963 -0.2610
vn 0.9036 0.3297 -0.2734
vn 0.8871 0.3627 -0.2854
vn 0.8694 0.3951 -0.2969
vn 0.8504 0.4267 -0.3079
vn 0.8303 0.4575 -0.3184
vn 0.8092 0.4873 -0.3284
vn 0.9461 0.1977 -0.2566
vn 0.9345 0.2319 -0.2700
vn 0.9215 0.2660 -0.2831
vn 0.9069 0.2999 -0.2959
vn 0.8909 0.3335 -0.3082
vn 0.8736 0.3666 -0.3201
vn 0.8550 0.3989 -0.3314
vn 0.8352 0.4305 -0.3422
vn 0.8143 0.4612 -0.3524
vn 0.7925 0.4909 -0.3619
vn 0.9462 0.1659 -0.2779
vn 0.9353 0.2003 -0.2917
vn 0.9229 0.2348 -0.3052
vn 0.9089 0.2691 -0.3184
vn 0.8935 0.3032 -0.3311
vn 0.8767 0.3369 -0.3434
vn 0.8585 0.3700 -0.3550
vn 0.8391 0.4023 -0.3661
vn 0.8185 0.4338 -0.3766
vn 0.7970 0.4644 -0.3863
vn 0.7745 0.4938 -0.3953
vn 0.9449 0.1335 -0.2990
vn 0.9347 0.1680 -0.3133
vn 0.9230 0.2027 -0.3272
vn 0.9097 0.2374 -0.3409
vn 0.8949 0.2719 -0.3540
vn 0.8786 0.3061 -0.3666
vn 0.8609 0.3398 -0.3787
vn 0.8419 0.3729 -0.3901
vn 0.8217 0.4052 -0.4008
vn 0.8004 0.4365 -0.4108
vn 0.7782 0.4668 -0.4201
vn 0.7552 0.4960 -0.4286
vn 0.9421 0.1005 -0.3198
vn 0.9326 0.1351 -0.3346
vn 0.9216 0.1698 -0.3490
vn 0.9090 0.2048 -0.3631
vn 0.8948 0.2397 -0.3767
vn 0.8791 0.2743 -0.3897
vn 0.8620 0.3086 -0.4022
vn 0.8435 0.3423 -0.4140
vn 0.8237 0.3753 -0.4250
vn 0.8028 0.4074 -0.4353
vn 0.7809 0.4386 -0.4448
vn 0.7581 0.4687 -0.4535
vn 0.7346 0.4975 -0.4614
vn 0.9379 0.0672 -0.3403
vn 0.9291 0.1016 -0.3555
vn 0.9188 0.1365 -0.3704
vn 0.9068 0.1715 -0.3850
vn 0.8933 0.2066 -0.3991
vn 0.8783 0.2416 -0.4126
vn 0.8618 0.2763 -0.4255
vn 0.8438 0.3106 -0.4376
vn 0.8245 0.3442 -0.4491
vn 0.8040 0.3771 -0.4597
vn 0.7825 0.4091 -0.4695
vn 0.7600 0.4400 -0.4784
vn 0.7367 0.4697 -0.4865
vn 0.7127 0.4983 -0.4937
vn 0.9322 0.0337 -0.3603
vn 0.9241 0.0679 -0.3760
vn 0.9145 0.1026 -0.3914
vn 0.9032 0.1377 -0.4064
vn 0.8904 0.1729 -0.4210
vn 0.8760 0.2081 -0.4350
vn 0.8601 0.2432 -0.4483
vn 0.8428 0.2779 -0.4610
vn 0.8240 0.3121 -0.4728
vn 0.8040 0.3457 -0.4838
vn 0.7829 0.3783 -0.4939
vn 0.7608 0.4101 -0.5031
vn 0.7378 0.4407 -0.5114
vn 0.7141 0.4701 -0.5188
vn 0.6898 0.4983 -0.5253
vn 0.9311 -0.0330 -0.3633
vn 0.9251 0.0001 -0.3797
vn 0.9177 0.0340 -0.3959
vn 0.9087 0.0685 -0.4118
vn 0.8981 0.1035 -0.4274
vn 0.8860 0.1387 -0.4424
vn 0.8723 0.1741 -0.4569
vn 0.8571 0.2094 -0.4707
vn 0.8404 0.2444 -0.4838
vn 0.8222 0.2791 -0.4960
vn 0.8028 0.3132 -0.5074
vn 0.7821 0.3465 -0.5179
vn 0.7604 0.3790 -0.5274
vn 0.7378 0.4104 -0.5360
vn 0.7143 0.4407 -0.5436
vn 0.6903 0.4697 -0.5503
vn 0.6658 0.4975 -0.5560
vn 0.9166 -0.0333 -0.3985
vn 0.9098 0.0001 -0.4152
vn 0.9014 0.0343 -0.4316
vn 0.8916 0.0690 -0.4476
vn 0.8801 0.1042 -0.4632
vn 0.8671 0.1395 -0.4781
vn 0.8526 0.1749 -0.4924
vn 0.8365 0.2103 -0.5060
vn 0.8190 0.2453 -0.5187
vn 0.8001 0.2798 -0.5305
vn 0.7800 0.3137 -0.5414
vn 0.7588 0.3468 -0.5513
vn 0.7366 0.3790 -0.5602
vn 0.7136 0.4100 -0.5681
vn 0.6898 0.4400 -0.5749
vn 0.6656 0.4687 -0.5808
vn 0.6410 0.4960 -0.5858
vn 0.9004 -0.0336 -0.4337
vn 0.8927 0.0002 -0.4506
vn 0.8835 0.0345 -0.4671
vn 0.8728 0.0694 -0.4831
vn 0.8605 0.1047 -0.4986
vn 0.8466 0.1401 -0.5134
vn 0.8312 0.1755 -0.5275
vn 0.8144 0.2108 -0.5407
vn 0.7962 0.2457 -0.5530
vn 0.7766 0.2800 -0.5643
vn 0.7560 0.3137 -0.5745
vn 0.7342 0.3465 -0.5838
vn 0.7116 0.3783 -0.5920
vn 0.6883 0.4091 -0.5991
vn 0.6644 0.4386 -0.6052
vn 0.6400 0.4668 -0.6103
vn 0.6153 0.4938 -0.6144
vn 0.8827 -0.0338 -0.4687
vn 0.8741 0.0002 -0.4857
vn 0.8640 0.0347 -0.5022
vn 0.8524 0.0697 -0.5182
vn 0.8392 0.1050 -0.5335
vn 0.8245 0.1405 -0.5481
vn 0.8084 0.1758 -0.5618
vn 0.7908 0.2110 -0.5745
vn 0.7719 0.2457 -0.5863
vn 0.7518 0.2798 -0.5970
vn 0.7307 0.3132 -0.6067
vn 0.7086 0.3457 -0.6152
vn 0.6857 0.3771 -0.6226
vn 0.6621 0.4074 -0.6290
vn 0.6380 0.4365 -0.6343
vn 0.6137 0.4644 -0.6386
vn 0.5891 0.4909 -0.6419
vn 0.8634 -0.0339 -0.5034
vn 0.8539 0.0002 -0.5204
vn 0.8429 0.0348 -0.5369
vn 0.8305 0.0699 -0.5527
vn 0.8165 0.1052 -0.5677
vn 0.8010 0.1406 -0.5820
vn 0.7841 0.1758 -0.5952
vn 0.7659 0.2108 -0.6074
vn 0.7464 0.2453 -0.6186
vn 0.7258 0.2791 -0.6287
vn 0.7043 0.3121 -0.6376
vn 0.6819 0.3442 -0.6454
vn 0.6588 0.3753 -0.6521
vn 0.6351 0.4052 -0.6576
vn 0.6111 0.4338 -0.6621
vn 0.5868 0.4612 -0.6656
vn 0.5623 0.4873 -0.6681
vn 0.8425 -0.0340 -0.5376
vn 0.8322 0.0001 -0.5545
vn 0.8204 0.0349 -0.5708
vn 0.8070 0.0700 -0.5863
vn 0.7923 0.1052 -0.6010
vn 0.7761 0.1405 -0.6148
vn 0.7585 0.1755 -0.6275
vn 0.7397 0.2103 -0.6392
vn 0.7198 0.2444 -0.6497
vn 0.6988 0.2779 -0.6591
vn 0.6770 0.3106 -0.6673
vn 0.6544 0.3423 -0.6743
vn 0.6312 0.3729 -0.6801
vn 0.6075 0.4024 -0.6849
vn 0.5835 0.4306 -0.6886
vn 0.5594 0.4575 -0.6912
vn 0.5352 0.4831 -0.6929
vn 0.8202 -0.0341 -0.5710
vn 0.8090 0.0001 -0.5878
vn 0.7964 0.0349 -0.6038
vn 0.7823 0.0699 -0.6190
vn 0.7668 0.1050 -0.6333
vn 0.7499 0.1401 -0.6465
vn 0.7318 0.1749 -0.6587
vn 0.7125 0.2094 -0.6697
vn 0.6922 0.2432 -0.6795
vn 0.6709 0.2763 -0.6881
vn 0.6489 0.3086 -0.6955
vn 0.6262 0.3398 -0.7017
vn 0.6030 0.3700 -0.7068
vn 0.5794 0.3990 -0.7107
vn 0.5556 0.4267 -0.7136
vn 0.5318 0.4531 -0.7155
vn 0.5079 0.4783 -0.7164
vn 0.7965 -0.0341 -0.6036
vn 0.7845 0.0001 -0.6201
vn 0.7711 0.0348 -0.6358
vn 0.7563 0.0697 -0.6505
vn 0.7401 0.1047 -0.6643
vn 0.7227 0.1395 -0.6769
vn 0.7041 0.1741 -0.6884
vn 0.6844 0.2081 -0.6987
vn 0.6638 0.2416 -0.7078
vn 0.6423 0.2743 -0.7157
vn 0.6202 0.3061 -0.7223
vn 0.5975 0.3369 -0.7277
vn 0.5744 0.3666 -0.7319
vn 0.5510 0.3951 -0.7351
vn 0.5275 0.4223 -0.7372
vn 0.5039 0.4483 -0.7383
vn 0.4805 0.4730 -0.7385
vn 0.7716 -0.0341 -0.6352
vn 0.7588 0.0002 -0.6513
vn 0.7447 0.0347 -0.6665
vn 0.7292 0.0694 -0.6808
vn 0.7125 0.1042 -0.6939
vn 0.6946 0.1387 -0.7059
vn 0.6756 0.1729 -0.7167
vn 0.6556 0.2066 -0.7263
vn 0.6348 0.2396 -0.7346
vn 0.6132 0.2719 -0.7417
vn 0.5911 0.3032 -0.7475
vn 0.5685 0.3335 -0.7521
vn 0.5455 0.3627 -0.7555
vn 0.5224 0.3907 -0.7579
vn 0.4992 0.4175 -0.7593
vn 0.4761 0.4430 -0.7596
vn 0.4532 0.4673 -0.7592
vn 0.7456 -0.0340 -0.6656
vn 0.7321 0.0002 -0.6812
vn 0.7172 0.0345 -0.6960
vn 0.7012 0.0690 -0.7096
vn 0.6840 0.1035 -0.7221
vn 0.6657 0.1377 -0.7334
vn 0.6464 0.1715 -0.7435
vn 0.6262 0.2048 -0.7523
vn 0.6053 0.2374 -0.7598
vn 0.5837 0.2691 -0.7661
vn 0.5617 0.2999 -0.7711
vn 0.5392 0.3297 -0.7749
vn 0.5166 0.3584 -0.7776
vn 0.4938 0.3859 -0.7792
vn 0.4711 0.4122 -0.7798
vn 0.4484 0.4373 -0.7795
vn 0.4260 0.4611 -0.7784
vn 0.7185 -0.0338 -0.6947
vn 0.7044 0.0002 -0.7098
vn 0.6890 0.0343 -0.7239
vn 0.6725 0.0685 -0.7369
vn 0.6548 0.1026 -0.7488
vn 0.6362 0.1365 -0.7593
vn 0.6167 0.1699 -0.7686
vn 0.5964 0.2027 -0.7767
vn 0.5755 0.2348 -0.7834
vn 0.5540 0.2660 -0.7889
vn 0.5321 0.2963 -0.7931
vn 0.5100 0.3256 -0.7962
vn 0.4877 0.3538 -0.7981
vn 0.4653 0.3808 -0.7990
vn 0.4430 0.4066 -0.7990
vn 0.4209 0.4312 -0.7980
vn 0.3990 0.4547 -0.7963
vn 0.6907 -0.0336 -0.7224
vn 0.6760 0.0001 -0.7369
vn 0.6601 0.0340 -0.7504
vn 0.6432 0.0679 -0.7627
vn 0.6252 0.1016 -0.7738
vn 0.6064 0.1351 -0.7836
vn 0.5868 0.1680 -0.7921
vn 0.5665 0.2003 -0.7994
vn 0.5456 0.2319 -0.8053
vn 0.5243 0.2626 -0.8100
vn 0.5027 0.2924 -0.8135
vn 0.4809 0.3212 -0.8159
vn 0.4590 0.3488 -0.8171
vn 0.4371 0.3754 -0.8174
vn 0.4153 0.4007 -0.8167
vn 0.3937 0.4249 -0.8151
vn 0.3725 0.4479 -0.8128
vn 0.6622 -0.0333 -0.7486
vn 0.6470 0.0001 -0.7625
vn 0.6307 0.0337 -0.7753
vn 0.6134 0.0672 -0.7869
vn 0.5953 0.1005 -0.7972
vn 0.5763 0.1335 -0.8062
vn 0.5567 0.1659 -0.8140
vn 0.5364 0.1977 -0.8205
vn 0.5157 0.2288 -0.8256
vn 0.4947 0.2590 -0.8296
vn 0.4734 0.2882 -0.8324
vn 0.4520 0.3165 -0.8340
vn 0.4305 0.3436 -0.8346
vn 0.4092 0.3697 -0.8342
vn 0.3880 0.3946 -0.8330
vn 0.3670 0.4183 -0.8309
vn 0.3463 0.4409 -0.8281
vn 0.6332 -0.0330 -0.7733
vn 0.6176 0.0001 -0.7865
vn 0.6010 0.0334 -0.7986
vn 0.5835 0.0665 -0.8094
vn 0.5652 0.0993 -0.8190
vn 0.5462 0.1318 -0.8272
vn 0.5266 0.1637 -0.8342
vn 0.5065 0.1950 -0.8399
vn 0.4860 0.2255 -0.8443
vn 0.4653 0.2552 -0.8476
vn 0.4444 0.2839 -0.8497
vn 0.4234 0.3116 -0.8507
vn 0.4025 0.3382 -0.8507
vn 0.3817 0.3637 -0.8497
vn 0.3610 0.3882 -0.8479
vn 0.3407 0.4115 -0.8453
vn 0.3207 0.4337 -0.8421
vn 0.6038 -0.0328 -0.7965
vn 0.5878 0.0000 -0.8090
vn 0.5709 0.0328 -0.8203
vn 0.5533 0.0655 -0.8304
vn 0.5349 0.0979 -0.8392
vn 0.5159 0.1299 -0.8467
vn 0.4965 0.1613 -0.8529
vn 0.4766 0.1921 -0.8579
vn 0.4564 0.2221 -0.8616
vn 0.4360 0.2512 -0.8642
vn 0.4155 0.2793 -0.8656
vn 0.3950 0.3065 -0.8660
vn 0.3746 0.3327 -0.8654
vn 0.3544 0.3577 -0.8640
vn 0.3344 0.3817 -0.8617
vn 0.3147 0.4046 -0.8586
vn 0.2954 0.4264 -0.8549
vn 0.2636 0.4264 -0.8653
vn 0.2501 0.4046 -0.8796
vn 0.2355 0.4337 -0.8697
vn 0.2359 0.3817 -0.8937
vn 0.2212 0.4115 -0.8842
vn 0.2211 0.3577 -0.9073
vn 0.2063 0.3882 -0.8982
vn 0.2056 0.3327 -0.9204
vn 0.1907 0.3638 -0.9118
vn 0.1894 0.3065 -0.9328
vn 0.1744 0.3382 -0.9248
vn 0.1726 0.2793 -0.9445
vn 0.1575 0.3116 -0.9371
vn 0.1552 0.2512 -0.9554
vn 0.1399 0.2839 -0.9486
vn 0.1372 0.2221 -0.9653
vn 0.1218 0.2552 -0.9592
vn 0.1187 0.1921 -0.9742
vn 0.1031 0.2255 -0.9688
vn 0.0997 0.1613 -0.9819
vn 0.0839 0.1950 -0.9772
vn 0.0803 0.1299 -0.9883
vn 0.0643 0.1637 -0.9844
vn 0.0605 0.0979 -0.9934
vn 0.0443 0.1318 -0.9903
vn 0.0405 0.0655 -0.9970
vn 0.0241 0.0993 -0.9948
vn 0.0203 0.0328 -0.9993
vn 0.0037 0.0665 -0.9978
vn 0.0000 -0.0000 -1.0000
vn -0.0168 0.0334 -0.9993
vn -0.0203 -0.0328 -0.9993
vn -0.0374 0.0001 -0.9993
vn 0.2065 0.4409 -0.8735
vn 0.1915 0.4183 -0.8879
vn 0.1764 0.4479 -0.8765
vn 0.1757 0.3945 -0.9019
vn 0.1606 0.4249 -0.8909
vn 0.1452 0.4547 -0.8787
vn 0.1593 0.3697 -0.9154
vn 0.1440 0.4007 -0.9048
vn 0.1285 0.4313 -0.8930
vn 0.1129 0.4611 -0.8801
vn 0.1423 0.3436 -0.9283
vn 0.1268 0.3754 -0.9182
vn 0.1112 0.4066 -0.9068
vn 0.0954 0.4373 -0.8942
vn 0.0796 0.4673 -0.8805
vn 0.1246 0.3165 -0.9404
vn 0.1090 0.3488 -0.9308
vn 0.0932 0.3808 -0.9200
vn 0.0773 0.4122 -0.9078
vn 0.0613 0.4430 -0.8944
vn 0.0453 0.4730 -0.8799
vn 0.1063 0.2882 -0.9516
vn 0.0905 0.3212 -0.9427
vn 0.0746 0.3538 -0.9324
vn 0.0585 0.3859 -0.9207
vn 0.0424 0.4175 -0.9077
vn 0.0262 0.4483 -0.8935
vn 0.0102 0.4783 -0.8781
vn 0.0874 0.2590 -0.9619
vn 0.0715 0.2924 -0.9536
vn 0.0554 0.3256 -0.9439
vn 0.0391 0.3584 -0.9327
vn 0.0228 0.3907 -0.9202
vn 0.0065 0.4223 -0.9064
vn -0.0097 0.4531 -0.8914
vn -0.0257 0.4831 -0.8752
vn 0.0681 0.2288 -0.9711
vn 0.0519 0.2626 -0.9635
vn 0.0356 0.2963 -0.9544
vn 0.0192 0.3297 -0.9439
vn 0.0028 0.3627 -0.9319
vn -0.0137 0.3951 -0.9186
vn -0.0301 0.4267 -0.9039
vn -0.0463 0.4575 -0.8880
vn -0.0622 0.4873 -0.8710
vn 0.0483 0.1977 -0.9791
vn 0.0320 0.2319 -0.9722
vn 0.0155 0.2660 -0.9638
vn -0.0011 0.2999 -0.9540
vn -0.0178 0.3335 -0.9426
vn -0.0345 0.3666 -0.9298
vn -0.0510 0.3990 -0.9156
vn -0.0674 0.4305 -0.9001
vn -0.0835 0.4612 -0.8833
vn -0.0993 0.4909 -0.8656
vn 0.0281 0.1659 -0.9857
vn 0.0116 0.2003 -0.9797
vn -0.0051 0.2348 -0.9720
vn -0.0219 0.2691 -0.9629
vn -0.0388 0.3032 -0.9521
vn -0.0557 0.3369 -0.9399
vn -0.0724 0.3700 -0.9262
vn -0.0889 0.4023 -0.9112
vn -0.1052 0.4338 -0.8948
vn -0.1211 0.4644 -0.8773
vn -0.1367 0.4938 -0.8588
vn 0.0076 0.1335 -0.9910
vn -0.0091 0.1680 -0.9857
vn -0.0260 0.2027 -0.9789
vn -0.0431 0.2374 -0.9705
vn -0.0602 0.2719 -0.9604
vn -0.0772 0.3061 -0.9489
vn -0.0941 0.3398 -0.9358
vn -0.1108 0.3729 -0.9212
vn -0.1273 0.4052 -0.9053
vn -0.1434 0.4365 -0.8882
vn -0.1590 0.4669 -0.8699
vn -0.1742 0.4960 -0.8507
vn -0.0130 0.1005 -0.9948
vn -0.0300 0.1351 -0.9904
vn -0.0471 0.1699 -0.9843
vn -0.0644 0.2048 -0.9767
vn -0.0817 0.2396 -0.9674
vn -0.0990 0.2743 -0.9565
vn -0.1161 0.3086 -0.9441
vn -0.1331 0.3423 -0.9301
vn -0.1497 0.3753 -0.9147
vn -0.1659 0.4074 -0.8980
vn -0.1817 0.4386 -0.8801
vn -0.1971 0.4687 -0.8611
vn -0.2118 0.4975 -0.8412
vn -0.0338 0.0672 -0.9972
vn -0.0510 0.1016 -0.9935
vn -0.0684 0.1365 -0.9883
vn -0.0859 0.1715 -0.9814
vn -0.1035 0.2066 -0.9729
vn -0.1210 0.2416 -0.9628
vn -0.1383 0.2763 -0.9511
vn -0.1555 0.3106 -0.9377
vn -0.1723 0.3442 -0.9229
vn -0.1887 0.3771 -0.9067
vn -0.2047 0.4091 -0.8893
vn -0.2201 0.4400 -0.8706
vn -0.2350 0.4698 -0.8509
vn -0.2493 0.4983 -0.8304
vn -0.0546 0.0337 -0.9979
vn -0.0720 0.0679 -0.9951
vn -0.0897 0.1026 -0.9907
vn -0.1075 0.1377 -0.9846
vn -0.1253 0.1729 -0.9769
vn -0.1430 0.2081 -0.9676
vn -0.1606 0.2432 -0.9566
vn -0.1780 0.2779 -0.9440
vn -0.1950 0.3121 -0.9298
vn -0.2116 0.3457 -0.9142
vn -0.2278 0.3783 -0.8972
vn -0.2434 0.4100 -0.8790
vn -0.2584 0.4407 -0.8597
vn -0.2728 0.4701 -0.8394
vn -0.2864 0.4983 -0.8183
vn -0.0578 -0.0330 -0.9978
vn -0.0752 0.0001 -0.9972
vn -0.0929 0.0340 -0.9951
vn -0.1109 0.0685 -0.9915
vn -0.1289 0.1035 -0.9862
vn -0.1470 0.1387 -0.9794
vn -0.1650 0.1741 -0.9708
vn -0.1828 0.2094 -0.9606
vn -0.2004 0.2444 -0.9487
vn -0.2177 0.2791 -0.9353
vn -0.2345 0.3132 -0.9203
vn -0.2509 0.3465 -0.9039
vn -0.2667 0.3790 -0.8862
vn -0.2818 0.4104 -0.8673
vn -0.2963 0.4407 -0.8474
vn -0.3100 0.4697 -0.8266
vn -0.3231 0.4975 -0.8051
vn -0.0957 -0.0333 -0.9948
vn -0.1137 0.0001 -0.9935
vn -0.1319 0.0343 -0.9907
vn -0.1502 0.0690 -0.9862
vn -0.1685 0.1041 -0.9802
vn -0.1868 0.1395 -0.9724
vn -0.2049 0.1749 -0.9630
vn -0.2227 0.2102 -0.9519
vn -0.2402 0.2453 -0.9392
vn -0.2573 0.2798 -0.9249
vn -0.2739 0.3137 -0.9092
vn -0.2898 0.3468 -0.8920
vn -0.3052 0.3790 -0.8737
vn -0.3198 0.4100 -0.8542
vn -0.3336 0.4400 -0.8337
vn -0.3467 0.4687 -0.8125
vn -0.3590 0.4960 -0.7906
vn -0.1342 -0.0336 -0.9904
vn -0.1526 0.0002 -0.9883
vn -0.1712 0.0345 -0.9846
vn -0.1898 0.0694 -0.9794
vn -0.2083 0.1047 -0.9724
vn -0.2267 0.1401 -0.9638
vn -0.2448 0.1755 -0.9536
vn -0.2626 0.2108 -0.9416
vn -0.2799 0.2457 -0.9281
vn -0.2967 0.2800 -0.9130
vn -0.3128 0.3137 -0.8965
vn -0.3283 0.3465 -0.8787
vn -0.3431 0.3783 -0.8597
vn -0.3571 0.4091 -0.8397
vn -0.3703 0.4386 -0.8189
vn -0.3827 0.4668 -0.7973
vn -0.3942 0.4938 -0.7751
vn -0.1730 -0.0338 -0.9843
vn -0.1918 0.0002 -0.9814
vn -0.2107 0.0347 -0.9769
vn -0.2294 0.0697 -0.9708
vn -0.2481 0.1050 -0.9630
vn -0.2665 0.1405 -0.9536
vn -0.2845 0.1758 -0.9424
vn -0.3021 0.2110 -0.9296
vn -0.3191 0.2457 -0.9153
vn -0.3355 0.2798 -0.8995
vn -0.3512 0.3132 -0.8824
vn -0.3661 0.3457 -0.8640
vn -0.3803 0.3771 -0.8445
vn -0.3936 0.4074 -0.8240
vn -0.4061 0.4365 -0.8028
vn -0.4177 0.4644 -0.7810
vn -0.4285 0.4909 -0.7586
vn -0.2120 -0.0339 -0.9767
vn -0.2311 0.0002 -0.9729
vn -0.2501 0.0348 -0.9676
vn -0.2690 0.0699 -0.9606
vn -0.2877 0.1052 -0.9519
vn -0.3060 0.1406 -0.9416
vn -0.3238 0.1758 -0.9296
vn -0.3411 0.2108 -0.9161
vn -0.3577 0.2453 -0.9011
vn -0.3736 0.2791 -0.8846
vn -0.3888 0.3121 -0.8668
vn -0.4031 0.3442 -0.8479
vn -0.4166 0.3753 -0.8280
vn -0.4292 0.4052 -0.8072
vn -0.4409 0.4338 -0.7858
vn -0.4517 0.4612 -0.7637
vn -0.4616 0.4873 -0.7413
vn -0.2509 -0.0340 -0.9674
vn -0.2702 0.0002 -0.9628
vn -0.2894 0.0349 -0.9566
vn -0.3083 0.0699 -0.9487
vn -0.3268 0.1052 -0.9392
vn -0.3449 0.1405 -0.9281
vn -0.3624 0.1755 -0.9153
vn -0.3793 0.2103 -0.9011
vn -0.3955 0.2444 -0.8853
vn -0.4109 0.2779 -0.8683
vn -0.4254 0.3106 -0.8500
vn -0.4391 0.3423 -0.8307
vn -0.4518 0.3729 -0.8104
vn -0.4636 0.4023 -0.7894
vn -0.4745 0.4305 -0.7677
vn -0.4845 0.4575 -0.7456
vn -0.4936 0.4831 -0.7232
vn -0.2896 -0.0341 -0.9565
vn -0.3090 0.0002 -0.9511
vn -0.3282 0.0349 -0.9440
vn -0.3470 0.0699 -0.9353
vn -0.3653 0.1050 -0.9249
vn -0.3831 0.1401 -0.9130
vn -0.4003 0.1749 -0.8995
vn -0.4167 0.2094 -0.8846
vn -0.4323 0.2432 -0.8683
vn -0.4471 0.2763 -0.8507
vn -0.4610 0.3086 -0.8320
vn -0.4739 0.3398 -0.8124
vn -0.4859 0.3700 -0.7919
vn -0.4969 0.3990 -0.7707
vn -0.5070 0.4267 -0.7489
vn -0.5161 0.4531 -0.7268
vn -0.5244 0.4783 -0.7044
vn -0.3279 -0.0341 -0.9441
vn -0.3473 0.0002 -0.9377
vn -0.3664 0.0348 -0.9298
vn -0.3850 0.0697 -0.9203
vn -0.4031 0.1047 -0.9092
vn -0.4205 0.1395 -0.8965
vn -0.4372 0.1741 -0.8824
vn -0.4531 0.2081 -0.8668
vn -0.4681 0.2416 -0.8500
vn -0.4821 0.2743 -0.8320
vn -0.4953 0.3061 -0.8130
vn -0.5074 0.3369 -0.7931
vn -0.5186 0.3666 -0.7724
vn -0.5288 0.3951 -0.7512
vn -0.5381 0.4223 -0.7295
vn -0.5464 0.4483 -0.7074
vn -0.5539 0.4730 -0.6852
vn -0.3656 -0.0341 -0.9301
vn -0.3849 0.0002 -0.9229
vn -0.4038 0.0347 -0.9142
vn -0.4221 0.0694 -0.9039
vn -0.4398 0.1041 -0.8920
vn -0.4568 0.1387 -0.8787
vn -0.4729 0.1729 -0.8640
vn -0.4882 0.2066 -0.8479
vn -0.5025 0.2396 -0.8307
vn -0.5159 0.2719 -0.8124
vn -0.5282 0.3032 -0.7931
vn -0.5396 0.3335 -0.7730
vn -0.5500 0.3627 -0.7523
vn -0.5594 0.3907 -0.7311
vn -0.5678 0.4175 -0.7094
vn -0.5753 0.4430 -0.6876
vn -0.5820 0.4673 -0.6656
vn -0.4026 -0.0340 -0.9147
vn -0.4217 0.0002 -0.9067
vn -0.4403 0.0345 -0.8972
vn -0.4582 0.0690 -0.8862
vn -0.4754 0.1035 -0.8737
vn -0.4918 0.1377 -0.8597
vn -0.5074 0.1715 -0.8445
vn -0.5220 0.2048 -0.8280
vn -0.5356 0.2374 -0.8104
vn -0.5482 0.2691 -0.7919
vn -0.5598 0.2999 -0.7724
vn -0.5704 0.3297 -0.7523
vn -0.5799 0.3584 -0.7316
vn -0.5885 0.3859 -0.7105
vn -0.5961 0.4122 -0.6890
vn -0.6028 0.4373 -0.6674
vn -0.6087 0.4611 -0.6456
vn -0.4386 -0.0338 -0.8980
vn -0.4574 0.0002 -0.8893
vn -0.4756 0.0343 -0.8790
vn -0.4931 0.0685 -0.8673
vn -0.5098 0.1026 -0.8542
vn -0.5256 0.1365 -0.8397
vn -0.5404 0.1698 -0.8241
vn -0.5543 0.2027 -0.8072
vn -0.5672 0.2348 -0.7894
vn -0.5790 0.2660 -0.7707
vn -0.5898 0.2963 -0.7512
vn -0.5996 0.3256 -0.7311
vn -0.6084 0.3538 -0.7105
vn -0.6161 0.3808 -0.6895
vn -0.6230 0.4066 -0.6682
vn -0.6289 0.4312 -0.6469
vn -0.6340 0.4547 -0.6256
vn -0.4736 -0.0336 -0.8801
vn -0.4920 0.0001 -0.8706
vn -0.5097 0.0340 -0.8597
vn -0.5266 0.0679 -0.8474
vn -0.5427 0.1017 -0.8337
vn -0.5579 0.1351 -0.8189
vn -0.5721 0.1680 -0.8028
vn -0.5852 0.2003 -0.7857
vn -0.5973 0.2319 -0.7678
vn -0.6084 0.2626 -0.7489
vn -0.6184 0.2924 -0.7295
vn -0.6273 0.3212 -0.7094
vn -0.6353 0.3488 -0.6890
vn -0.6423 0.3754 -0.6683
vn -0.6484 0.4007 -0.6473
vn -0.6536 0.4249 -0.6264
vn -0.6579 0.4479 -0.6054
vn -0.5073 -0.0333 -0.8611
vn -0.5253 0.0001 -0.8509
vn -0.5424 0.0337 -0.8394
vn -0.5588 0.0672 -0.8266
vn -0.5742 0.1005 -0.8125
vn -0.5887 0.1335 -0.7973
vn -0.6021 0.1659 -0.7810
vn -0.6145 0.1978 -0.7637
vn -0.6259 0.2288 -0.7456
vn -0.6361 0.2590 -0.7268
vn -0.6453 0.2882 -0.7074
vn -0.6535 0.3165 -0.6876
vn -0.6607 0.3436 -0.6674
vn -0.6670 0.3697 -0.6469
vn -0.6723 0.3945 -0.6264
vn -0.6768 0.4183 -0.6058
vn -0.6805 0.4409 -0.5853
vn -0.5397 -0.0330 -0.8412
vn -0.5572 0.0001 -0.8304
vn -0.5738 0.0333 -0.8183
vn -0.5895 0.0665 -0.8051
vn -0.6042 0.0993 -0.7906
vn -0.6180 0.1318 -0.7751
vn -0.6306 0.1637 -0.7586
vn -0.6423 0.1950 -0.7413
vn -0.6528 0.2255 -0.7232
vn -0.6623 0.2552 -0.7044
vn -0.6708 0.2839 -0.6852
vn -0.6782 0.3116 -0.6656
vn -0.6847 0.3382 -0.6456
vn -0.6902 0.3638 -0.6256
vn -0.6948 0.3882 -0.6054
vn -0.6987 0.4115 -0.5852
vn -0.7017 0.4337 -0.5652
vn -0.5709 -0.0328 -0.8203
vn -0.5878 0.0000 -0.8090
vn -0.6038 0.0328 -0.7965
vn -0.6188 0.0655 -0.7828
vn -0.6328 0.0979 -0.7681
vn -0.6458 0.1299 -0.7523
vn -0.6578 0.1613 -0.7357
vn -0.6686 0.1921 -0.7183
vn -0.6784 0.2221 -0.7003
vn -0.6872 0.2512 -0.6817
vn -0.6949 0.2793 -0.6627
vn -0.7016 0.3065 -0.6433
vn -0.7073 0.3327 -0.6237
vn -0.7121 0.3577 -0.6040
vn -0.7161 0.3817 -0.5843
vn -0.7193 0.4046 -0.5646
vn -0.7218 0.4264 -0.5451
vn -0.7415 0.4265 -0.5180
vn -0.7593 0.4046 -0.5096
vn -0.7544 0.4337 -0.4927
vn -0.7770 0.3817 -0.5005
vn -0.7725 0.4115 -0.4836
vn -0.7946 0.3577 -0.4906
vn -0.7905 0.3882 -0.4737
vn -0.8118 0.3327 -0.4799
vn -0.8082 0.3638 -0.4631
vn -0.8286 0.3065 -0.4684
vn -0.8256 0.3382 -0.4516
vn -0.8450 0.2793 -0.4561
vn -0.8426 0.3116 -0.4393
vn -0.8607 0.2512 -0.4429
vn -0.8589 0.2839 -0.4262
vn -0.8757 0.2220 -0.4288
vn -0.8746 0.2552 -0.4122
vn -0.8898 0.1921 -0.4139
vn -0.8895 0.2255 -0.3974
vn -0.9030 0.1613 -0.3982
vn -0.9035 0.1950 -0.3818
vn -0.9151 0.1299 -0.3817
vn -0.9164 0.1637 -0.3654
vn -0.9260 0.0979 -0.3645
vn -0.9281 0.1318 -0.3482
vn -0.9357 0.0655 -0.3466
vn -0.9386 0.0993 -0.3303
vn -0.9441 0.0328 -0.3281
vn -0.9478 0.0665 -0.3118
vn -0.9511 -0.0000 -0.3090
vn -0.9556 0.0333 -0.2928
vn -0.9566 -0.0328 -0.2895
vn -0.9619 0.0001 -0.2733
vn -0.7669 0.4409 -0.4663
vn -0.7853 0.4183 -0.4565
vn -0.7791 0.4479 -0.4387
vn -0.8035 0.3945 -0.4458
vn -0.7977 0.4249 -0.4280
vn -0.7909 0.4547 -0.4097
vn -0.8214 0.3697 -0.4344
vn -0.8160 0.4007 -0.4166
vn -0.8096 0.4313 -0.3982
vn -0.8021 0.4611 -0.3794
vn -0.8389 0.3436 -0.4222
vn -0.8340 0.3754 -0.4044
vn -0.8281 0.4066 -0.3860
vn -0.8210 0.4373 -0.3671
vn -0.8128 0.4673 -0.3478
vn -0.8559 0.3165 -0.4091
vn -0.8516 0.3488 -0.3913
vn -0.8461 0.3808 -0.3729
vn -0.8395 0.4122 -0.3540
vn -0.8317 0.4430 -0.3347
vn -0.8228 0.4730 -0.3150
vn -0.8722 0.2882 -0.3951
vn -0.8686 0.3212 -0.3774
vn -0.8637 0.3538 -0.3590
vn -0.8575 0.3859 -0.3401
vn -0.8502 0.4175 -0.3208
vn -0.8417 0.4483 -0.3011
vn -0.8320 0.4783 -0.2811
vn -0.8878 0.2590 -0.3804
vn -0.8848 0.2924 -0.3627
vn -0.8806 0.3256 -0.3443
vn -0.8750 0.3584 -0.3255
vn -0.8681 0.3907 -0.3061
vn -0.8600 0.4223 -0.2863
vn -0.8507 0.4531 -0.2663
vn -0.8403 0.4831 -0.2460
vn -0.9025 0.2288 -0.3648
vn -0.9003 0.2626 -0.3472
vn -0.8967 0.2963 -0.3288
vn -0.8917 0.3297 -0.3100
vn -0.8854 0.3627 -0.2906
vn -0.8778 0.3951 -0.2708
vn -0.8689 0.4267 -0.2507
vn -0.8589 0.4575 -0.2304
vn -0.8476 0.4873 -0.2100
vn -0.9162 0.1977 -0.3484
vn -0.9148 0.2319 -0.3308
vn -0.9119 0.2660 -0.3126
vn -0.9076 0.2999 -0.2937
vn -0.9020 0.3335 -0.2743
vn -0.8949 0.3666 -0.2545
vn -0.8865 0.3990 -0.2344
vn -0.8768 0.4306 -0.2141
vn -0.8659 0.4612 -0.1936
vn -0.8539 0.4909 -0.1731
vn -0.9288 0.1659 -0.3313
vn -0.9281 0.2003 -0.3137
vn -0.9261 0.2348 -0.2955
vn -0.9225 0.2691 -0.2767
vn -0.9175 0.3032 -0.2573
vn -0.9111 0.3369 -0.2375
vn -0.9033 0.3700 -0.2174
vn -0.8940 0.4023 -0.1970
vn -0.8835 0.4338 -0.1765
vn -0.8718 0.4644 -0.1559
vn -0.8590 0.4938 -0.1354
vn -0.9402 0.1335 -0.3135
vn -0.9403 0.1680 -0.2960
vn -0.9390 0.2027 -0.2777
vn -0.9363 0.2374 -0.2589
vn -0.9320 0.2719 -0.2396
vn -0.9263 0.3061 -0.2198
vn -0.9191 0.3398 -0.1997
vn -0.9104 0.3729 -0.1793
vn -0.9004 0.4052 -0.1587
vn -0.8890 0.4365 -0.1381
vn -0.8765 0.4669 -0.1176
vn -0.8629 0.4960 -0.0972
vn -0.9502 0.1005 -0.2951
vn -0.9512 0.1350 -0.2775
vn -0.9507 0.1699 -0.2593
vn -0.9488 0.2048 -0.2405
vn -0.9453 0.2396 -0.2212
vn -0.9403 0.2743 -0.2014
vn -0.9338 0.3086 -0.1813
vn -0.9257 0.3423 -0.1609
vn -0.9162 0.3753 -0.1403
vn -0.9054 0.4074 -0.1197
vn -0.8932 0.4386 -0.0991
vn -0.8799 0.4687 -0.0787
vn -0.8655 0.4975 -0.0585
vn -0.9588 0.0672 -0.2760
vn -0.9606 0.1016 -0.2585
vn -0.9610 0.1365 -0.2404
vn -0.9599 0.1715 -0.2216
vn -0.9573 0.2066 -0.2022
vn -0.9531 0.2416 -0.1825
vn -0.9473 0.2763 -0.1623
vn -0.9399 0.3106 -0.1419
vn -0.9310 0.3442 -0.1213
vn -0.9207 0.3771 -0.1007
vn -0.9090 0.4091 -0.0801
vn -0.8960 0.4400 -0.0597
vn -0.8819 0.4697 -0.0394
vn -0.8668 0.4983 -0.0195
vn -0.9660 0.0337 -0.2565
vn -0.9686 0.0679 -0.2390
vn -0.9699 0.1026 -0.2209
vn -0.9696 0.1377 -0.2021
vn -0.9678 0.1729 -0.1828
vn -0.9644 0.2081 -0.1630
vn -0.9594 0.2432 -0.1429
vn -0.9528 0.2779 -0.1225
vn -0.9446 0.3121 -0.1019
vn -0.9348 0.3457 -0.0812
vn -0.9237 0.3783 -0.0606
vn -0.9112 0.4100 -0.0402
vn -0.8974 0.4407 -0.0199
vn -0.8826 0.4701 -0.0000
vn -0.8668 0.4983 0.0195
vn -0.9668 -0.0330 -0.2534
vn -0.9716 0.0002 -0.2366
vn -0.9751 0.0340 -0.2191
vn -0.9772 0.0685 -0.2009
vn -0.9778 0.1035 -0.1822
vn -0.9769 0.1387 -0.1629
vn -0.9743 0.1741 -0.1431
vn -0.9701 0.2094 -0.1230
vn -0.9642 0.2444 -0.1025
vn -0.9568 0.2791 -0.0820
vn -0.9477 0.3132 -0.0613
vn -0.9372 0.3465 -0.0407
vn -0.9252 0.3790 -0.0202
vn -0.9119 0.4104 0.0000
vn -0.8974 0.4407 0.0199
vn -0.8819 0.4698 0.0394
vn -0.8655 0.4975 0.0585
vn -0.9757 -0.0333 -0.2164
vn -0.9800 0.0001 -0.1989
vn -0.9829 0.0343 -0.1807
vn -0.9844 0.0690 -0.1619
vn -0.9843 0.1041 -0.1426
vn -0.9826 0.1395 -0.1229
vn -0.9792 0.1749 -0.1027
vn -0.9742 0.2102 -0.0823
vn -0.9675 0.2453 -0.0617
vn -0.9592 0.2798 -0.0411
vn -0.9493 0.3137 -0.0205
vn -0.9379 0.3468 0.0000
vn -0.9252 0.3790 0.0202
vn -0.9112 0.4100 0.0402
vn -0.8960 0.4400 0.0597
vn -0.8799 0.4687 0.0787
vn -0.8629 0.4960 0.0972
vn -0.9834 -0.0336 -0.1784
vn -0.9871 0.0002 -0.1602
vn -0.9893 0.0345 -0.1415
vn -0.9901 0.0694 -0.1221
vn -0.9892 0.1047 -0.1024
vn -0.9867 0.1401 -0.0823
vn -0.9825 0.1755 -0.0618
vn -0.9767 0.2108 -0.0413
vn -0.9691 0.2457 -0.0206
vn -0.9600 0.2800 -0.0000
vn -0.9493 0.3137 0.0205
vn -0.9372 0.3465 0.0407
vn -0.9237 0.3783 0.0606
vn -0.9090 0.4091 0.0801
vn -0.8932 0.4386 0.0991
vn -0.8765 0.4669 0.1176
vn -0.8590 0.4938 0.1354
vn -0.9896 -0.0338 -0.1396
vn -0.9927 0.0002 -0.1209
vn -0.9942 0.0347 -0.1015
vn -0.9942 0.0697 -0.0818
vn -0.9926 0.1050 -0.0616
vn -0.9892 0.1405 -0.0412
vn -0.9842 0.1758 -0.0207
vn -0.9775 0.2110 0.0000
vn -0.9691 0.2457 0.0206
vn -0.9592 0.2798 0.0411
vn -0.9477 0.3132 0.0613
vn -0.9348 0.3456 0.0812
vn -0.9207 0.3771 0.1007
vn -0.9054 0.4074 0.1197
vn -0.8890 0.4365 0.1381
vn -0.8718 0.4644 0.1559
vn -0.8539 0.4909 0.1731
vn -0.9944 -0.0340 -0.1002
vn -0.9967 0.0001 -0.0809
vn -0.9975 0.0348 -0.0611
vn -0.9967 0.0699 -0.0410
vn -0.9942 0.1052 -0.0206
vn -0.9901 0.1406 -0.0000
vn -0.9842 0.1758 0.0207
vn -0.9767 0.2108 0.0413
vn -0.9675 0.2453 0.0617
vn -0.9568 0.2791 0.0820
vn -0.9446 0.3121 0.1019
vn -0.9310 0.3442 0.1213
vn -0.9162 0.3753 0.1403
vn -0.9004 0.4052 0.1587
vn -0.8835 0.4338 0.1765
vn -0.8659 0.4612 0.1936
vn -0.8476 0.4873 0.2100
vn -0.9976 -0.0341 -0.0603
vn -0.9992 0.0001 -0.0405
vn -0.9992 0.0349 -0.0204
vn -0.9976 0.0699 -0.0000
vn -0.9942 0.1052 0.0206
vn -0.9892 0.1405 0.0412
vn -0.9825 0.1755 0.0618
vn -0.9742 0.2102 0.0823
vn -0.9642 0.2444 0.1026
vn -0.9528 0.2779 0.1224
vn -0.9399 0.3106 0.1419
vn -0.9257 0.3423 0.1609
vn -0.9104 0.3729 0.1793
vn -0.8940 0.4023 0.1970
vn -0.8768 0.4305 0.2141
vn -0.8589 0.4575 0.2304
vn -0.8403 0.4831 0.2460
vn -0.9992 -0.0341 -0.0201
vn -1.0000 0.0001 -0.0000
vn -0.9992 0.0349 0.0204
vn -0.9967 0.0699 0.0410
vn -0.9926 0.1050 0.0616
vn -0.9867 0.1401 0.0823
vn -0.9792 0.1749 0.1027
vn -0.9701 0.2094 0.1230
vn -0.9594 0.2432 0.1429
vn -0.9473 0.2763 0.1623
vn -0.9338 0.3086 0.1813
vn -0.9191 0.3398 0.1996
vn -0.9032 0.3700 0.2174
vn -0.8865 0.3989 0.2344
vn -0.8690 0.4267 0.2507
vn -0.8507 0.4531 0.2663
vn -0.8320 0.4783 0.2811
vn -0.9992 -0.0341 0.0201
vn -0.9992 0.0001 0.0405
vn -0.9975 0.0348 0.0611
vn -0.9942 0.0697 0.0818
vn -0.9892 0.1047 0.1024
vn -0.9826 0.1395 0.1229
vn -0.9743 0.1741 0.1431
vn -0.9644 0.2081 0.1630
vn -0.9531 0.2416 0.1825
vn -0.9403 0.2743 0.2014
vn -0.9263 0.3061 0.2198
vn -0.9111 0.3369 0.2375
vn -0.8949 0.3666 0.2545
vn -0.8778 0.3950 0.2708
vn -0.8600 0.4223 0.2863
vn -0.8417 0.4483 0.3011
vn -0.8228 0.4730 0.3150
vn -0.9976 -0.0341 0.0603
vn -0.9967 0.0001 0.0809
vn -0.9942 0.0347 0.1015
vn -0.9901 0.0694 0.1221
vn -0.9843 0.1041 0.1426
vn -0.9768 0.1387 0.1629
vn -0.9678 0.1729 0.1828
vn -0.9573 0.2066 0.2022
vn -0.9453 0.2396 0.2212
vn -0.9320 0.2719 0.2396
vn -0.9175 0.3032 0.2573
vn -0.9020 0.3335 0.2743
vn -0.8854 0.3627 0.2906
vn -0.8681 0.3907 0.3061
vn -0.8502 0.4175 0.3208
vn -0.8317 0.4430 0.3347
vn -0.8128 0.4673 0.3478
vn -0.9944 -0.0340 0.1002
vn -0.9927 0.0002 0.1209
vn -0.9893 0.0345 0.1415
vn -0.9844 0.0690 0.1619
vn -0.9778 0.1035 0.1822
vn -0.9696 0.1377 0.2021
vn -0.9599 0.1715 0.2216
vn -0.9488 0.2048 0.2405
vn -0.9363 0.2374 0.2589
vn -0.9225 0.2691 0.2767
vn -0.9076 0.2999 0.2937
vn -0.8917 0.3297 0.3100
vn -0.8750 0.3584 0.3254
vn -0.8575 0.3859 0.3401
vn -0.8395 0.4122 0.3540
vn -0.8210 0.4373 0.3671
vn -0.8021 0.4611 0.3794
vn -0.9896 -0.0338 0.1396
vn -0.9871 0.0002 0.1602
vn -0.9829 0.0343 0.1807
vn -0.9772 0.0685 0.2009
vn -0.9699 0.1026 0.2209
vn -0.9610 0.1364 0.2403
vn -0.9507 0.1699 0.2593
vn -0.9390 0.2027 0.2777
vn -0.9260 0.2348 0.2955
vn -0.9119 0.2660 0.3125
vn -0.8967 0.2963 0.3288
vn -0.8806 0.3256 0.3443
vn -0.8637 0.3538 0.3590
vn -0.8461 0.3808 0.3729
vn -0.8281 0.4066 0.3860
vn -0.8096 0.4312 0.3982
vn -0.7909 0.4547 0.4097
vn -0.9834 -0.0336 0.1784
vn -0.9800 0.0002 0.1989
vn -0.9751 0.0340 0.2191
vn -0.9686 0.0679 0.2390
vn -0.9606 0.1016 0.2585
vn -0.9512 0.1351 0.2775
vn -0.9403 0.1680 0.2960
vn -0.9281 0.2003 0.3137
vn -0.9148 0.2319 0.3308
vn -0.9003 0.2626 0.3471
vn -0.8848 0.2924 0.3627
vn -0.8686 0.3212 0.3774
vn -0.8516 0.3488 0.3913
vn -0.8340 0.3754 0.4043
vn -0.8160 0.4007 0.4166
vn -0.7977 0.4249 0.4280
vn -0.7791 0.4479 0.4386
vn -0.9757 -0.0333 0.2164
vn -0.9716 0.0001 0.2366
vn -0.9660 0.0337 0.2565
vn -0.9588 0.0672 0.2760
vn -0.9502 0.1005 0.2950
vn -0.9402 0.1335 0.3135
vn -0.9288 0.1659 0.3313
vn -0.9162 0.1977 0.3484
vn -0.9025 0.2288 0.3648
vn -0.8878 0.2590 0.3804
vn -0.8722 0.2882 0.3951
vn -0.8559 0.3165 0.4091
vn -0.8389 0.3436 0.4222
vn -0.8214 0.3697 0.4344
vn -0.8035 0.3946 0.4458
vn -0.7853 0.4183 0.4565
vn -0.7669 0.4409 0.4663
vn -0.9668 -0.0330 0.2534
vn -0.9619 0.0001 0.2733
vn -0.9556 0.0334 0.2928
vn -0.9478 0.0665 0.3118
vn -0.9386 0.0993 0.3303
vn -0.9281 0.1318 0.3482
vn -0.9164 0.1637 0.3654
vn -0.9035 0.1950 0.3818
vn -0.8895 0.2255 0.3974
vn -0.8746 0.2552 0.4122
vn -0.8589 0.2839 0.4262
vn -0.8426 0.3116 0.4393
vn -0.8256 0.3382 0.4516
vn -0.8082 0.3637 0.4631
vn -0.7905 0.3882 0.4738
vn -0.7725 0.4115 0.4836
vn -0.7544 0.4337 0.4927
vn -0.9566 -0.0328 0.2895
vn -0.9511 0.0000 0.3090
vn -0.9441 0.0328 0.3281
vn -0.9357 0.0655 0.3466
vn -0.9260 0.0979 0.3645
vn -0.9151 0.1299 0.3817
vn -0.9030 0.1613 0.3982
vn -0.8898 0.1921 0.4139
vn -0.8757 0.2220 0.4288
vn -0.8607 0.2512 0.4429
vn -0.8450 0.2793 0.4561
vn -0.8286 0.3065 0.4684
vn -0.8118 0.3327 0.4799
vn -0.7946 0.3577 0.4906
vn -0.7770 0.3817 0.5005
vn -0.7593 0.4046 0.5097
vn -0.7415 0.4265 0.5180
vn -0.7218 0.4264 0.5451
vn -0.7193 0.4046 0.5646
vn -0.7017 0.4337 0.5652
vn -0.7161 0.3817 0.5843
vn -0.6987 0.4115 0.5853
vn -0.7121 0.3577 0.6040
vn -0.6948 0.3882 0.6054
vn -0.7073 0.3327 0.6237
vn -0.6902 0.3637 0.6256
vn -0.7016 0.3065 0.6433
vn -0.6847 0.3382 0.6456
vn -0.6949 0.2793 0.6627
vn -0.6782 0.3116 0.6656
vn -0.6872 0.2512 0.6817
vn -0.6708 0.2839 0.6852
vn -0.6784 0.2221 0.7003
vn -0.6623 0.2552 0.7044
vn -0.6686 0.1921 0.7183
vn -0.6528 0.2255 0.7232
vn -0.6578 0.1613 0.7357
vn -0.6423 0.1950 0.7413
vn -0.6458 0.1299 0.7523
vn -0.6306 0.1637 0.7586
vn -0.6328 0.0979 0.7681
vn -0.6180 0.1318 0.7751
vn -0.6188 0.0655 0.7828
vn -0.6042 0.0993 0.7906
vn -0.6038 0.0328 0.7965
vn -0.5895 0.0665 0.8051
vn -0.5878 0.0000 0.8090
vn -0.5738 0.0334 0.8183
vn -0.5709 -0.0329 0.8203
vn -0.5572 0.0001 0.8304
vn -0.6805 0.4409 0.5853
vn -0.6768 0.4183 0.6058
vn -0.6579 0.4479 0.6054
vn -0.6723 0.3945 0.6263
vn -0.6536 0.4249 0.6263
vn -0.6340 0.4547 0.6256
vn -0.6670 0.3697 0.6469
vn -0.6484 0.4007 0.6473
vn -0.6289 0.4313 0.6469
vn -0.6087 0.4611 0.6456
vn -0.6607 0.3436 0.6674
vn -0.6423 0.3754 0.6683
vn -0.6230 0.4066 0.6683
vn -0.6028 0.4373 0.6674
vn -0.5820 0.4673 0.6656
vn -0.6535 0.3165 0.6876
vn -0.6353 0.3488 0.6890
vn -0.6161 0.3808 0.6895
vn -0.5961 0.4122 0.6890
vn -0.5753 0.4430 0.6876
vn -0.5539 0.4730 0.6852
vn -0.6453 0.2882 0.7074
vn -0.6273 0.3212 0.7094
vn -0.6084 0.3538 0.7104
vn -0.5885 0.3859 0.7104
vn -0.5678 0.4175 0.7094
vn -0.5464 0.4483 0.7074
vn -0.5244 0.4783 0.7044
vn -0.6361 0.2590 0.7268
vn -0.6184 0.2924 0.7295
vn -0.5996 0.3256 0.7311
vn -0.5799 0.3584 0.7316
vn -0.5594 0.3907 0.7311
vn -0.5381 0.4223 0.7295
vn -0.5161 0.4532 0.7268
vn -0.4937 0.4831 0.7232
vn -0.6259 0.2288 0.7456
vn -0.6084 0.2626 0.7489
vn -0.5898 0.2963 0.7512
vn -0.5704 0.3297 0.7523
vn -0.5500 0.3627 0.7523
vn -0.5288 0.3951 0.7512
vn -0.5070 0.4267 0.7489
vn -0.4845 0.4575 0.7456
vn -0.4616 0.4873 0.7413
vn -0.6145 0.1978 0.7637
vn -0.5973 0.2319 0.7678
vn -0.5790 0.2660 0.7707
vn -0.5598 0.2999 0.7724
vn -0.5396 0.3335 0.7730
vn -0.5186 0.3666 0.7724
vn -0.4969 0.3989 0.7707
vn -0.4745 0.4306 0.7677
vn -0.4517 0.4612 0.7637
vn -0.4285 0.4909 0.7586
vn -0.6021 0.1659 0.7810
vn -0.5852 0.2003 0.7858
vn -0.5672 0.2348 0.7894
vn -0.5482 0.2691 0.7919
vn -0.5283 0.3032 0.7931
vn -0.5074 0.3369 0.7931
vn -0.4859 0.3700 0.7919
vn -0.4636 0.4023 0.7894
vn -0.4409 0.4338 0.7857
vn -0.4177 0.4644 0.7810
vn -0.3942 0.4938 0.7751
vn -0.5887 0.1335 0.7973
vn -0.5721 0.1680 0.8028
vn -0.5543 0.2027 0.8072
vn -0.5356 0.2373 0.8104
vn -0.5159 0.2719 0.8124
vn -0.4953 0.3061 0.8130
vn -0.4739 0.3398 0.8124
vn -0.4518 0.3729 0.8104
vn -0.4292 0.4052 0.8072
vn -0.4061 0.4365 0.8028
vn -0.3827 0.4669 0.7973
vn -0.3590 0.4960 0.7906
vn -0.5742 0.1005 0.8125
vn -0.5579 0.1350 0.8189
vn -0.5404 0.1699 0.8241
vn -0.5220 0.2048 0.8280
vn -0.5025 0.2396 0.8307
vn -0.4821 0.2743 0.8320
vn -0.4610 0.3086 0.8320
vn -0.4391 0.3423 0.8307
vn -0.4166 0.3753 0.8280
vn -0.3936 0.4074 0.8241
vn -0.3703 0.4386 0.8189
vn -0.3467 0.4687 0.8125
vn -0.3231 0.4975 0.8051
vn -0.5588 0.0672 0.8266
vn -0.5427 0.1016 0.8337
vn -0.5256 0.1365 0.8397
vn -0.5074 0.1715 0.8445
vn -0.4882 0.2066 0.8479
vn -0.4681 0.2416 0.8500
vn -0.4471 0.2763 0.8507
vn -0.4254 0.3106 0.8500
vn -0.4031 0.3442 0.8479
vn -0.3803 0.3771 0.8445
vn -0.3571 0.4091 0.8397
vn -0.3336 0.4400 0.8337
vn -0.3100 0.4697 0.8266
vn -0.2864 0.4983 0.8183
vn -0.5425 0.0337 0.8394
vn -0.5266 0.0679 0.8474
vn -0.5098 0.1026 0.8542
vn -0.4918 0.1377 0.8597
vn -0.4729 0.1729 0.8640
vn -0.4531 0.2081 0.8668
vn -0.4323 0.2432 0.8683
vn -0.4109 0.2779 0.8683
vn -0.3888 0.3121 0.8668
vn -0.3661 0.3457 0.8640
vn -0.3431 0.3783 0.8597
vn -0.3198 0.4101 0.8542
vn -0.2963 0.4407 0.8474
vn -0.2727 0.4701 0.8394
vn -0.2493 0.4983 0.8304
vn -0.5397 -0.0330 0.8412
vn -0.5253 0.0001 0.8509
vn -0.5097 0.0340 0.8597
vn -0.4931 0.0685 0.8673
vn -0.4754 0.1035 0.8737
vn -0.4568 0.1387 0.8787
vn -0.4372 0.1741 0.8824
vn -0.4167 0.2094 0.8846
vn -0.3955 0.2444 0.8853
vn -0.3736 0.2791 0.8846
vn -0.3512 0.3132 0.8824
vn -0.3283 0.3465 0.8787
vn -0.3052 0.3790 0.8737
vn -0.2818 0.4104 0.8673
vn -0.2584 0.4407 0.8597
vn -0.2350 0.4697 0.8509
vn -0.2118 0.4975 0.8412
vn -0.5073 -0.0333 0.8611
vn -0.4920 0.0002 0.8706
vn -0.4756 0.0343 0.8790
vn -0.4582 0.0690 0.8862
vn -0.4398 0.1042 0.8920
vn -0.4205 0.1395 0.8965
vn -0.4003 0.1749 0.8995
vn -0.3793 0.2102 0.9011
vn -0.3577 0.2453 0.9011
vn -0.3355 0.2798 0.8995
vn -0.3128 0.3137 0.8965
vn -0.2898 0.3468 0.8920
vn -0.2666 0.3790 0.8862
vn -0.2434 0.4101 0.8790
vn -0.2202 0.4400 0.8706
vn -0.1971 0.4687 0.8611
vn -0.1742 0.4960 0.8507
vn -0.4736 -0.0336 0.8801
vn -0.4574 0.0002 0.8893
vn -0.4403 0.0345 0.8972
vn -0.4221 0.0694 0.9039
vn -0.4031 0.1047 0.9092
vn -0.3831 0.1401 0.9130
vn -0.3624 0.1755 0.9153
vn -0.3410 0.2108 0.9161
vn -0.3191 0.2457 0.9153
vn -0.2967 0.2800 0.9130
vn -0.2739 0.3137 0.9092
vn -0.2509 0.3465 0.9039
vn -0.2278 0.3783 0.8972
vn -0.2047 0.4091 0.8892
vn -0.1818 0.4386 0.8801
vn -0.1590 0.4669 0.8699
vn -0.1367 0.4938 0.8588
vn -0.4386 -0.0338 0.8980
vn -0.4217 0.0002 0.9067
vn -0.4038 0.0347 0.9142
vn -0.3850 0.0697 0.9203
vn -0.3653 0.1050 0.9249
vn -0.3449 0.1405 0.9281
vn -0.3238 0.1758 0.9297
vn -0.3021 0.2110 0.9297
vn -0.2799 0.2457 0.9281
vn -0.2573 0.2798 0.9249
vn -0.2345 0.3132 0.9203
vn -0.2116 0.3457 0.9142
vn -0.1887 0.3771 0.9067
vn -0.1659 0.4074 0.8980
vn -0.1434 0.4365 0.8882
vn -0.1211 0.4644 0.8773
vn -0.0993 0.4909 0.8656
vn -0.4026 -0.0339 0.9147
vn -0.3850 0.0002 0.9229
vn -0.3664 0.0348 0.9298
vn -0.3470 0.0699 0.9353
vn -0.3268 0.1052 0.9392
vn -0.3060 0.1406 0.9416
vn -0.2845 0.1758 0.9424
vn -0.2626 0.2108 0.9416
vn -0.2403 0.2453 0.9392
vn -0.2177 0.2791 0.9353
vn -0.1950 0.3121 0.9298
vn -0.1723 0.3442 0.9229
vn -0.1497 0.3753 0.9147
vn -0.1273 0.4052 0.9053
vn -0.1052 0.4338 0.8948
vn -0.0835 0.4612 0.8833
vn -0.0622 0.4873 0.8710
vn -0.3657 -0.0341 0.9301
vn -0.3473 0.0002 0.9377
vn -0.3282 0.0349 0.9440
vn -0.3083 0.0699 0.9487
vn -0.2877 0.1052 0.9519
vn -0.2665 0.1405 0.9536
vn -0.2448 0.1755 0.9536
vn -0.2227 0.2102 0.9519
vn -0.2004 0.2444 0.9487
vn -0.1780 0.2779 0.9440
vn -0.1555 0.3106 0.9377
vn -0.1331 0.3423 0.9301
vn -0.1108 0.3729 0.9212
vn -0.0889 0.4023 0.9112
vn -0.0674 0.4305 0.9001
vn -0.0463 0.4575 0.8880
vn -0.0257 0.4831 0.8752
vn -0.3279 -0.0341 0.9441
vn -0.3090 0.0002 0.9511
vn -0.2894 0.0349 0.9566
vn -0.2690 0.0699 0.9606
vn -0.2481 0.1050 0.9630
vn -0.2267 0.1401 0.9638
vn -0.2049 0.1749 0.9630
vn -0.1828 0.2094 0.9606
vn -0.1606 0.2432 0.9566
vn -0.1383 0.2763 0.9511
vn -0.1161 0.3086 0.9441
vn -0.0941 0.3398 0.9358
vn -0.0724 0.3700 0.9262
vn -0.0510 0.3990 0.9156
vn -0.0301 0.4267 0.9039
vn -0.0097 0.4531 0.8914
vn 0.0102 0.4783 0.8781
vn -0.2896 -0.0341 0.9565
vn -0.2702 0.0002 0.9628
vn -0.2501 0.0348 0.9676
vn -0.2295 0.0697 0.9708
vn -0.2083 0.1047 0.9724
vn -0.1868 0.1395 0.9724
vn -0.1650 0.1741 0.9708
vn -0.1430 0.2081 0.9676
vn -0.1210 0.2416 0.9628
vn -0.0990 0.2743 0.9565
vn -0.0772 0.3061 0.9489
vn -0.0557 0.3369 0.9399
vn -0.0345 0.3666 0.9298
vn -0.0137 0.3951 0.9186
vn 0.0065 0.4223 0.9064
vn 0.0262 0.4483 0.8935
vn 0.0453 0.4730 0.8799
vn -0.2509 -0.0341 0.9674
vn -0.2311 0.0001 0.9729
vn -0.2107 0.0347 0.9769
vn -0.1898 0.0694 0.9794
vn -0.1685 0.1041 0.9802
vn -0.1470 0.1387 0.9794
vn -0.1253 0.1729 0.9769
vn -0.1035 0.2066 0.9729
vn -0.0817 0.2396 0.9674
vn -0.0602 0.2719 0.9604
vn -0.0388 0.3032 0.9521
vn -0.0178 0.3335 0.9426
vn 0.0028 0.3627 0.9319
vn 0.0228 0.3907 0.9202
vn 0.0424 0.4175 0.9077
vn 0.0613 0.4430 0.8944
vn 0.0796 0.4673 0.8805
vn -0.2120 -0.0339 0.9767
vn -0.1918 0.0002 0.9814
vn -0.1712 0.0345 0.9846
vn -0.1502 0.0690 0.9862
vn -0.1289 0.1035 0.9862
vn -0.1075 0.1377 0.9846
vn -0.0859 0.1715 0.9814
vn -0.0644 0.2048 0.9767
vn -0.0431 0.2374 0.9705
vn -0.0219 0.2691 0.9629
vn -0.0011 0.2999 0.9540
vn 0.0192 0.3297 0.9439
vn 0.0391 0.3584 0.9327
vn 0.0585 0.3859 0.9207
vn 0.0773 0.4122 0.9078
vn 0.0954 0.4373 0.8942
vn 0.1129 0.4611 0.8801
vn -0.1730 -0.0338 0.9843
vn -0.1526 0.0002 0.9883
vn -0.1319 0.0343 0.9907
vn -0.1109 0.0685 0.9915
vn -0.0897 0.1026 0.9907
vn -0.0684 0.1364 0.9883
vn -0.0471 0.1698 0.9843
vn -0.0260 0.2027 0.9789
vn -0.0051 0.2348 0.9720
vn 0.0155 0.2660 0.9638
vn 0.0356 0.2963 0.9544
vn 0.0554 0.3256 0.9439
vn 0.0746 0.3538 0.9324
vn 0.0932 0.3808 0.9200
vn 0.1112 0.4066 0.9068
vn 0.1285 0.4313 0.8930
vn 0.1452 0.4547 0.8787
vn -0.1342 -0.0336 0.9904
vn -0.1137 0.0001 0.9935
vn -0.0930 0.0340 0.9951
vn -0.0720 0.0679 0.9951
vn -0.0510 0.1016 0.9935
vn -0.0300 0.1350 0.9904
vn -0.0091 0.1680 0.9857
vn 0.0116 0.2003 0.9797
vn 0.0320 0.2319 0.9722
vn 0.0519 0.2626 0.9635
vn 0.0715 0.2924 0.9536
vn 0.0905 0.3212 0.9427
vn 0.1090 0.3488 0.9308
vn 0.1268 0.3754 0.9182
vn 0.1440 0.4007 0.9048
vn 0.1606 0.4249 0.8909
vn 0.1764 0.4479 0.8765
vn -0.0957 -0.0333 0.9948
vn -0.0752 0.0001 0.9972
vn -0.0546 0.0337 0.9979
vn -0.0338 0.0672 0.9972
vn -0.0130 0.1005 0.9948
vn 0.0076 0.1335 0.9910
vn 0.0281 0.1659 0.9857
vn 0.0483 0.1977 0.9791
vn 0.0681 0.2288 0.9711
vn 0.0874 0.2590 0.9619
vn 0.1063 0.2882 0.9516
vn 0.1246 0.3165 0.9404
vn 0.1423 0.3436 0.9283
vn 0.1593 0.3697 0.9154
vn 0.1757 0.3945 0.9019
vn 0.1915 0.4183 0.8879
vn 0.2065 0.4409 0.8735
vn -0.0578 -0.0330 0.9978
vn -0.0374 0.0001 0.9993
vn -0.0168 0.0334 0.9993
vn 0.0037 0.0665 0.9978
vn 0.0241 0.0993 0.9948
vn 0.0443 0.1318 0.9903
vn 0.0643 0.1637 0.9844
vn 0.0839 0.1950 0.9772
vn 0.1031 0.2255 0.9688
vn 0.1218 0.2552 0.9592
vn 0.1399 0.2839 0.9486
vn 0.1575 0.3116 0.9371
vn 0.1744 0.3382 0.9248
vn 0.1907 0.3638 0.9118
vn 0.2063 0.3882 0.8982
vn 0.2212 0.4115 0.8842
vn 0.2355 0.4337 0.8697
vn -0.0203 -0.0328 0.9993
vn -0.0000 -0.0000 1.0000
vn 0.0203 0.0328 0.9993
vn 0.0405 0.0655 0.9970
vn 0.0605 0.0979 0.9934
vn 0.0803 0.1299 0.9883
vn 0.0997 0.1613 0.9819
vn 0.1187 0.1921 0.9742
vn 0.1372 0.2221 0.9653
vn 0.1552 0.2512 0.9554
vn 0.1726 0.2793 0.9445
vn 0.1894 0.3065 0.9328
vn 0.2056 0.3327 0.9204
vn 0.2211 0.3577 0.9073
vn 0.2359 0.3817 0.8937
vn 0.2501 0.4046 0.8796
vn 0.2636 0.4264 0.8653
vn 0.2954 0.4264 0.8549
vn 0.3147 0.4046 0.8586
vn 0.3207 0.4337 0.8421
vn 0.3344 0.3817 0.8617
vn 0.3407 0.4115 0.8453
vn 0.3544 0.3577 0.8640
vn 0.3610 0.3882 0.8479
vn 0.3746 0.3327 0.8654
vn 0.3817 0.3637 0.8497
vn 0.3950 0.3065 0.8660
vn 0.4025 0.3382 0.8507
vn 0.4155 0.2793 0.8656
vn 0.4234 0.3116 0.8507
vn 0.4360 0.2512 0.8642
vn 0.4444 0.2839 0.8497
vn 0.4564 0.2221 0.8616
vn 0.4653 0.2552 0.8476
vn 0.4766 0.1921 0.8579
vn 0.4860 0.2255 0.8443
vn 0.4965 0.1613 0.8529
vn 0.5065 0.1950 0.8399
vn 0.5159 0.1299 0.8467
vn 0.5266 0.1637 0.8342
vn 0.5349 0.0979 0.8392
vn 0.5462 0.1318 0.8272
vn 0.5533 0.0655 0.8304
vn 0.5652 0.0993 0.8190
vn 0.5709 0.0328 0.8203
vn 0.5835 0.0665 0.8094
vn 0.5878 -0.0000 0.8090
vn 0.6010 0.0333 0.7986
vn 0.6038 -0.0329 0.7965
vn 0.6176 0.0001 0.7865
vn 0.3463 0.4409 0.8281
vn 0.3670 0.4183 0.8309
vn 0.3725 0.4479 0.8128
vn 0.3879 0.3946 0.8330
vn 0.3937 0.4249 0.8151
vn 0.3990 0.4547 0.7963
vn 0.4091 0.3696 0.8342
vn 0.4153 0.4007 0.8167
vn 0.4209 0.4313 0.7980
vn 0.4260 0.4611 0.7784
vn 0.4305 0.3436 0.8346
vn 0.4371 0.3754 0.8174
vn 0.4430 0.4066 0.7990
vn 0.4484 0.4373 0.7795
vn 0.4531 0.4673 0.7592
vn 0.4520 0.3165 0.8340
vn 0.4590 0.3488 0.8171
vn 0.4653 0.3808 0.7990
vn 0.4711 0.4122 0.7798
vn 0.4761 0.4430 0.7596
vn 0.4805 0.4730 0.7385
vn 0.4734 0.2882 0.8324
vn 0.4809 0.3212 0.8159
vn 0.4877 0.3538 0.7981
vn 0.4938 0.3859 0.7792
vn 0.4993 0.4175 0.7592
vn 0.5039 0.4483 0.7383
vn 0.5079 0.4783 0.7164
vn 0.4947 0.2590 0.8296
vn 0.5027 0.2924 0.8135
vn 0.5100 0.3256 0.7962
vn 0.5166 0.3584 0.7776
vn 0.5224 0.3907 0.7579
vn 0.5275 0.4223 0.7372
vn 0.5318 0.4531 0.7155
vn 0.5352 0.4831 0.6929
vn 0.5157 0.2288 0.8256
vn 0.5243 0.2626 0.8100
vn 0.5321 0.2963 0.7931
vn 0.5392 0.3297 0.7749
vn 0.5455 0.3627 0.7555
vn 0.5510 0.3951 0.7351
vn 0.5556 0.4267 0.7136
vn 0.5594 0.4575 0.6912
vn 0.5623 0.4873 0.6681
vn 0.5364 0.1977 0.8205
vn 0.5456 0.2319 0.8053
vn 0.5540 0.2660 0.7889
vn 0.5617 0.2999 0.7711
vn 0.5685 0.3335 0.7521
vn 0.5744 0.3666 0.7319
vn 0.5794 0.3990 0.7107
vn 0.5835 0.4305 0.6886
vn 0.5868 0.4612 0.6656
vn 0.5891 0.4909 0.6419
vn 0.5567 0.1659 0.8140
vn 0.5665 0.2003 0.7994
vn 0.5755 0.2348 0.7834
vn 0.5837 0.2691 0.7661
vn 0.5911 0.3032 0.7475
vn 0.5975 0.3369 0.7277
vn 0.6030 0.3700 0.7068
vn 0.6075 0.4023 0.6849
vn 0.6111 0.4338 0.6621
vn 0.6137 0.4644 0.6386
vn 0.6153 0.4938 0.6144
vn 0.5763 0.1335 0.8062
vn 0.5868 0.1680 0.7921
vn 0.5964 0.2027 0.7767
vn 0.6053 0.2374 0.7598
vn 0.6132 0.2719 0.7417
vn 0.6202 0.3061 0.7223
vn 0.6262 0.3398 0.7017
vn 0.6311 0.3729 0.6801
vn 0.6351 0.4052 0.6576
vn 0.6380 0.4365 0.6343
vn 0.6400 0.4669 0.6103
vn 0.6410 0.4960 0.5858
vn 0.5953 0.1005 0.7972
vn 0.6064 0.1351 0.7836
vn 0.6167 0.1698 0.7686
vn 0.6262 0.2048 0.7523
vn 0.6348 0.2396 0.7346
vn 0.6423 0.2743 0.7157
vn 0.6489 0.3086 0.6955
vn 0.6544 0.3423 0.6743
vn 0.6588 0.3753 0.6521
vn 0.6621 0.4074 0.6290
vn 0.6644 0.4386 0.6052
vn 0.6656 0.4687 0.5808
vn 0.6658 0.4975 0.5560
vn 0.6134 0.0672 0.7869
vn 0.6252 0.1017 0.7738
vn 0.6362 0.1365 0.7593
vn 0.6464 0.1715 0.7435
vn 0.6556 0.2066 0.7263
vn 0.6638 0.2416 0.7078
vn 0.6709 0.2763 0.6881
vn 0.6770 0.3106 0.6673
vn 0.6819 0.3442 0.6454
vn 0.6857 0.3771 0.6226
vn 0.6883 0.4091 0.5991
vn 0.6898 0.4400 0.5749
vn 0.6903 0.4697 0.5503
vn 0.6898 0.4983 0.5253
vn 0.6307 0.0337 0.7753
vn 0.6432 0.0679 0.7627
vn 0.6549 0.1026 0.7488
vn 0.6657 0.1377 0.7334
vn 0.6756 0.1729 0.7167
vn 0.6844 0.2081 0.6987
vn 0.6922 0.2432 0.6795
vn 0.6988 0.2779 0.6591
vn 0.7043 0.3121 0.6376
vn 0.7086 0.3457 0.6152
vn 0.7116 0.3783 0.5920
vn 0.7136 0.4101 0.5681
vn 0.7143 0.4407 0.5436
vn 0.7141 0.4701 0.5188
vn 0.7127 0.4983 0.4937
vn 0.6332 -0.0330 0.7733
vn 0.6470 0.0002 0.7625
vn 0.6601 0.0340 0.7504
vn 0.6725 0.0685 0.7369
vn 0.6840 0.1035 0.7221
vn 0.6946 0.1387 0.7059
vn 0.7041 0.1741 0.6884
vn 0.7125 0.2094 0.6697
vn 0.7198 0.2444 0.6497
vn 0.7258 0.2791 0.6287
vn 0.7307 0.3132 0.6067
vn 0.7342 0.3465 0.5838
vn 0.7366 0.3790 0.5602
vn 0.7378 0.4104 0.5360
vn 0.7378 0.4407 0.5114
vn 0.7367 0.4697 0.4865
vn 0.7346 0.4975 0.4614
vn 0.6622 -0.0333 0.7486
vn 0.6760 0.0001 0.7369
vn 0.6890 0.0343 0.7239
vn 0.7012 0.0690 0.7096
vn 0.7125 0.1042 0.6939
vn 0.7227 0.1395 0.6769
vn 0.7318 0.1749 0.6587
vn 0.7397 0.2103 0.6392
vn 0.7464 0.2453 0.6186
vn 0.7518 0.2798 0.5970
vn 0.7560 0.3137 0.5746
vn 0.7588 0.3468 0.5513
vn 0.7604 0.3790 0.5274
vn 0.7608 0.4101 0.5031
vn 0.7600 0.4400 0.4784
vn 0.7581 0.4687 0.4535
vn 0.7552 0.4960 0.4286
vn 0.6907 -0.0336 0.7224
vn 0.7044 0.0001 0.7098
vn 0.7172 0.0345 0.6960
vn 0.7292 0.0694 0.6808
vn 0.7401 0.1047 0.6643
vn 0.7499 0.1401 0.6465
vn 0.7585 0.1755 0.6275
vn 0.7659 0.2108 0.6075
vn 0.7719 0.2457 0.5863
vn 0.7766 0.2800 0.5643
vn 0.7800 0.3137 0.5414
vn 0.7821 0.3465 0.5179
vn 0.7829 0.3783 0.4939
vn 0.7825 0.4091 0.4695
vn 0.7809 0.4386 0.4448
vn 0.7782 0.4668 0.4201
vn 0.7745 0.4938 0.3953
vn 0.7185 -0.0338 0.6947
vn 0.7321 0.0001 0.6813
vn 0.7447 0.0347 0.6665
vn 0.7563 0.0697 0.6505
vn 0.7668 0.1050 0.6333
vn 0.7761 0.1405 0.6148
vn 0.7841 0.1758 0.5952
vn 0.7908 0.2110 0.5746
vn 0.7962 0.2457 0.5530
vn 0.8001 0.2798 0.5305
vn 0.8028 0.3132 0.5074
vn 0.8040 0.3457 0.4838
vn 0.8040 0.3771 0.4597
vn 0.8028 0.4074 0.4353
vn 0.8004 0.4365 0.4108
vn 0.7970 0.4644 0.3863
vn 0.7925 0.4909 0.3619
vn 0.7456 -0.0339 0.6656
vn 0.7588 0.0002 0.6513
vn 0.7711 0.0348 0.6358
vn 0.7823 0.0699 0.6190
vn 0.7923 0.1052 0.6010
vn 0.8010 0.1406 0.5820
vn 0.8084 0.1758 0.5618
vn 0.8144 0.2108 0.5407
vn 0.8190 0.2453 0.5187
vn 0.8222 0.2791 0.4960
vn 0.8241 0.3121 0.4728
vn 0.8245 0.3442 0.4491
vn 0.8237 0.3753 0.4250
vn 0.8217 0.4052 0.4008
vn 0.8185 0.4339 0.3766
vn 0.8143 0.4612 0.3524
vn 0.8092 0.4873 0.3284
vn 0.7716 -0.0341 0.6352
vn 0.7845 0.0001 0.6201
vn 0.7964 0.0349 0.6038
vn 0.8070 0.0699 0.5863
vn 0.8165 0.1052 0.5677
vn 0.8245 0.1405 0.5481
vn 0.8312 0.1755 0.5275
vn 0.8365 0.2102 0.5060
vn 0.8404 0.2444 0.4838
vn 0.8428 0.2779 0.4609
vn 0.8438 0.3106 0.4376
vn 0.8435 0.3423 0.4140
vn 0.8419 0.3729 0.3901
vn 0.8391 0.4023 0.3661
vn 0.8352 0.4306 0.3422
vn 0.8303 0.4575 0.3184
vn 0.8244 0.4831 0.2949
vn 0.7965 -0.0341 0.6036
vn 0.8090 0.0001 0.5878
vn 0.8204 0.0349 0.5708
vn 0.8305 0.0699 0.5527
vn 0.8392 0.1050 0.5335
vn 0.8466 0.1401 0.5134
vn 0.8526 0.1749 0.4925
vn 0.8571 0.2094 0.4707
vn 0.8601 0.2432 0.4483
vn 0.8618 0.2763 0.4255
vn 0.8620 0.3086 0.4022
vn 0.8609 0.3398 0.3787
vn 0.8585 0.3700 0.3551
vn 0.8550 0.3989 0.3314
vn 0.8504 0.4267 0.3079
vn 0.8448 0.4531 0.2846
vn 0.8383 0.4783 0.2617
vn 0.8202 -0.0341 0.5710
vn 0.8322 0.0001 0.5545
vn 0.8429 0.0348 0.5369
vn 0.8524 0.0697 0.5182
vn 0.8605 0.1047 0.4986
vn 0.8671 0.1395 0.4781
vn 0.8723 0.1741 0.4569
vn 0.8760 0.2081 0.4350
vn 0.8783 0.2416 0.4126
vn 0.8791 0.2743 0.3897
vn 0.8786 0.3061 0.3666
vn 0.8767 0.3369 0.3434
vn 0.8736 0.3666 0.3201
vn 0.8694 0.3951 0.2969
vn 0.8641 0.4223 0.2739
vn 0.8579 0.4483 0.2511
vn 0.8508 0.4730 0.2288
vn 0.8425 -0.0341 0.5376
vn 0.8539 0.0001 0.5204
vn 0.8640 0.0347 0.5022
vn 0.8728 0.0694 0.4831
vn 0.8801 0.1041 0.4632
vn 0.8860 0.1387 0.4424
vn 0.8904 0.1729 0.4210
vn 0.8933 0.2066 0.3991
vn 0.8948 0.2396 0.3767
vn 0.8949 0.2719 0.3540
vn 0.8935 0.3032 0.3311
vn 0.8909 0.3335 0.3082
vn 0.8871 0.3627 0.2854
vn 0.8823 0.3907 0.2627
vn 0.8764 0.4175 0.2402
vn 0.8696 0.4430 0.2181
vn 0.8620 0.4673 0.1964
vn 0.8634 -0.0340 0.5034
vn 0.8741 0.0001 0.4857
vn 0.8835 0.0345 0.4671
vn 0.8916 0.0690 0.4476
vn 0.8981 0.1035 0.4274
vn 0.9032 0.1377 0.4065
vn 0.9068 0.1715 0.3850
vn 0.9090 0.2048 0.3631
vn 0.9097 0.2373 0.3409
vn 0.9090 0.2691 0.3184
vn 0.9069 0.2999 0.2959
vn 0.9036 0.3297 0.2734
vn 0.8992 0.3584 0.2510
vn 0.8937 0.3859 0.2289
vn 0.8872 0.4122 0.2070
vn 0.8800 0.4373 0.1856
vn 0.8719 0.4611 0.1646
vn 0.8827 -0.0338 0.4687
vn 0.8928 0.0001 0.4506
vn 0.9014 0.0343 0.4316
vn 0.9087 0.0685 0.4118
vn 0.9145 0.1026 0.3914
vn 0.9188 0.1365 0.3704
vn 0.9216 0.1699 0.3490
vn 0.9229 0.2027 0.3272
vn 0.9229 0.2348 0.3052
vn 0.9215 0.2660 0.2831
vn 0.9187 0.2963 0.2610
vn 0.9148 0.3256 0.2390
vn 0.9098 0.3538 0.2172
vn 0.9037 0.3808 0.1956
vn 0.8968 0.4066 0.1745
vn 0.8890 0.4313 0.1537
vn 0.8806 0.4547 0.1334
vn 0.9004 -0.0336 0.4337
vn 0.9097 0.0001 0.4152
vn 0.9177 0.0340 0.3959
vn 0.9241 0.0679 0.3760
vn 0.9291 0.1016 0.3555
vn 0.9326 0.1351 0.3346
vn 0.9347 0.1680 0.3133
vn 0.9353 0.2003 0.2917
vn 0.9345 0.2319 0.2700
vn 0.9324 0.2626 0.2483
vn 0.9290 0.2924 0.2267
vn 0.9245 0.3212 0.2052
vn 0.9189 0.3488 0.1840
vn 0.9124 0.3753 0.1631
vn 0.9050 0.4007 0.1426
vn 0.8969 0.4249 0.1226
vn 0.8881 0.4479 0.1031
vn 0.9166 -0.0333 0.3985
vn 0.9251 0.0001 0.3797
vn 0.9322 0.0337 0.3603
vn 0.9379 0.0672 0.3403
vn 0.9421 0.1005 0.3198
vn 0.9449 0.1335 0.2990
vn 0.9462 0.1659 0.2779
vn 0.9461 0.1977 0.2566
vn 0.9446 0.2288 0.2353
vn 0.9418 0.2590 0.2141
vn 0.9379 0.2882 0.1930
vn 0.9329 0.3165 0.1721
vn 0.9268 0.3436 0.1515
vn 0.9198 0.3696 0.1313
vn 0.9121 0.3945 0.1115
vn 0.9036 0.4183 0.0923
vn 0.8945 0.4409 0.0735
vn 0.9311 -0.0330 0.3633
vn 0.9389 0.0001 0.3443
vn 0.9452 0.0333 0.3248
vn 0.9501 0.0665 0.3048
vn 0.9535 0.0993 0.2845
vn 0.9555 0.1318 0.2638
vn 0.9561 0.1637 0.2430
vn 0.9553 0.1950 0.2222
vn 0.9532 0.2255 0.2013
vn 0.9499 0.2551 0.1806
vn 0.9454 0.2839 0.1601
vn 0.9399 0.3116 0.1398
vn 0.9334 0.3382 0.1199
vn 0.9261 0.3637 0.1004
vn 0.9180 0.3882 0.0814
vn 0.9092 0.4115 0.0628
vn 0.8999 0.4337 0.0448
vn 0.9441 -0.0328 0.3281
vn 0.9511 0.0000 0.3090
vn 0.9566 0.0328 0.2895
vn 0.9607 0.0655 0.2696
vn 0.9634 0.0979 0.2494
vn 0.9647 0.1299 0.2290
vn 0.9646 0.1613 0.2086
vn 0.9632 0.1921 0.1881
vn 0.9605 0.2221 0.1678
vn 0.9566 0.2512 0.1476
vn 0.9517 0.2793 0.1277
vn 0.9457 0.3065 0.1081
vn 0.9388 0.3327 0.0889
vn 0.9312 0.3577 0.0701
vn 0.9228 0.3817 0.0518
vn 0.9139 0.4046 0.0340
vn 0.9044 0.4264 0.0167
vn 0.2826 0.4046 -0.8697
vn 0.3020 0.3819 -0.8735
vn 0.3217 0.3581 -0.8765
vn 0.3417 0.3332 -0.8787
vn 0.3619 0.3072 -0.8801
vn 0.3823 0.2802 -0.8805
vn 0.4028 0.2521 -0.8799
vn 0.4232 0.2230 -0.8781
vn 0.4436 0.1930 -0.8752
vn 0.4637 0.1622 -0.8710
vn 0.4834 0.1307 -0.8656
vn 0.5028 0.0986 -0.8588
vn 0.5216 0.0660 -0.8507
vn 0.5397 0.0330 -0.8412
vn 0.5571 -0.0001 -0.8304
vn 0.5738 -0.0333 -0.8183
vn 0.2691 0.3819 -0.8841
vn 0.2885 0.3583 -0.8879
vn 0.2549 0.3581 -0.8982
vn 0.3082 0.3336 -0.8909
vn 0.2743 0.3336 -0.9019
vn 0.2401 0.3332 -0.9118
vn 0.3282 0.3078 -0.8930
vn 0.2940 0.3080 -0.9048
vn 0.2594 0.3078 -0.9154
vn 0.2245 0.3072 -0.9248
vn 0.3485 0.2809 -0.8942
vn 0.3140 0.2813 -0.9068
vn 0.2790 0.2813 -0.9182
vn 0.2437 0.2809 -0.9283
vn 0.2082 0.2802 -0.9371
vn 0.3688 0.2530 -0.8944
vn 0.3341 0.2535 -0.9078
vn 0.2989 0.2537 -0.9200
vn 0.2633 0.2535 -0.9308
vn 0.2273 0.2530 -0.9404
vn 0.1913 0.2521 -0.9486
vn 0.3892 0.2240 -0.8935
vn 0.3544 0.2246 -0.9077
vn 0.3190 0.2249 -0.9207
vn 0.2831 0.2249 -0.9324
vn 0.2468 0.2246 -0.9427
vn 0.2103 0.2240 -0.9516
vn 0.1738 0.2230 -0.9592
vn 0.4096 0.1940 -0.8914
vn 0.3748 0.1947 -0.9064
vn 0.3392 0.1952 -0.9202
vn 0.3031 0.1953 -0.9327
vn 0.2665 0.1951 -0.9439
vn 0.2296 0.1947 -0.9536
vn 0.1926 0.1940 -0.9619
vn 0.1556 0.1930 -0.9688
vn 0.4299 0.1632 -0.8880
vn 0.3951 0.1639 -0.9039
vn 0.3595 0.1644 -0.9186
vn 0.3232 0.1647 -0.9319
vn 0.2863 0.1647 -0.9439
vn 0.2491 0.1644 -0.9544
vn 0.2117 0.1639 -0.9635
vn 0.1742 0.1632 -0.9711
vn 0.1369 0.1622 -0.9772
vn 0.4498 0.1316 -0.8834
vn 0.4152 0.1323 -0.9000
vn 0.3796 0.1328 -0.9156
vn 0.3433 0.1331 -0.9298
vn 0.3063 0.1332 -0.9426
vn 0.2688 0.1331 -0.9540
vn 0.2310 0.1328 -0.9638
vn 0.1931 0.1323 -0.9722
vn 0.1553 0.1316 -0.9791
vn 0.1177 0.1307 -0.9844
vn 0.4695 0.0993 -0.8773
vn 0.4351 0.0999 -0.8948
vn 0.3996 0.1004 -0.9112
vn 0.3633 0.1007 -0.9262
vn 0.3262 0.1009 -0.9399
vn 0.2886 0.1009 -0.9521
vn 0.2505 0.1007 -0.9629
vn 0.2123 0.1004 -0.9720
vn 0.1740 0.0999 -0.9797
vn 0.1358 0.0993 -0.9857
vn 0.0980 0.0986 -0.9903
vn 0.4887 0.0665 -0.8699
vn 0.4546 0.0670 -0.8882
vn 0.4193 0.0674 -0.9053
vn 0.3831 0.0676 -0.9212
vn 0.3460 0.0678 -0.9358
vn 0.3083 0.0678 -0.9489
vn 0.2701 0.0678 -0.9604
vn 0.2316 0.0676 -0.9705
vn 0.1929 0.0674 -0.9789
vn 0.1543 0.0670 -0.9857
vn 0.1160 0.0665 -0.9910
vn 0.0780 0.0660 -0.9948
vn 0.5073 0.0333 -0.8611
vn 0.4736 0.0336 -0.8801
vn 0.4386 0.0338 -0.8980
vn 0.4026 0.0340 -0.9147
vn 0.3657 0.0341 -0.9301
vn 0.3279 0.0341 -0.9441
vn 0.2896 0.0341 -0.9565
vn 0.2509 0.0341 -0.9674
vn 0.2120 0.0340 -0.9767
vn 0.1730 0.0338 -0.9843
vn 0.1342 0.0336 -0.9904
vn 0.0957 0.0333 -0.9948
vn 0.0578 0.0330 -0.9978
vn 0.5253 -0.0001 -0.8509
vn 0.4920 -0.0002 -0.8706
vn 0.4574 -0.0002 -0.8893
vn 0.4217 -0.0002 -0.9067
vn 0.3849 -0.0002 -0.9229
vn 0.3473 -0.0002 -0.9377
vn 0.3090 -0.0002 -0.9511
vn 0.2702 -0.0002 -0.9628
vn 0.2311 -0.0001 -0.9729
vn 0.1918 -0.0002 -0.9814
vn 0.1526 -0.0002 -0.9883
vn 0.1137 -0.0002 -0.9935
vn 0.0752 -0.0001 -0.9972
vn 0.0374 -0.0001 -0.9993
vn 0.5424 -0.0337 -0.8394
vn 0.5097 -0.0340 -0.8597
vn 0.4756 -0.0343 -0.8790
vn 0.4403 -0.0345 -0.8972
vn 0.4038 -0.0347 -0.9142
vn 0.3664 -0.0348 -0.9298
vn 0.3282 -0.0349 -0.9440
vn 0.2894 -0.0349 -0.9566
vn 0.2501 -0.0348 -0.9676
vn 0.2107 -0.0347 -0.9769
vn 0.1712 -0.0345 -0.9846
vn 0.1319 -0.0343 -0.9907
vn 0.0929 -0.0341 -0.9951
vn 0.0546 -0.0337 -0.9979
vn 0.0168 -0.0333 -0.9993
vn -0.7398 0.4046 -0.5375
vn -0.7374 0.3819 -0.5571
vn -0.7342 0.3581 -0.5768
vn -0.7301 0.3332 -0.5965
vn -0.7252 0.3072 -0.6162
vn -0.7193 0.2802 -0.6357
vn -0.7124 0.2521 -0.6550
vn -0.7044 0.2230 -0.6739
vn -0.6953 0.1930 -0.6923
vn -0.6851 0.1623 -0.7101
vn -0.6738 0.1307 -0.7272
vn -0.6614 0.0986 -0.7435
vn -0.6478 0.0660 -0.7589
vn -0.6332 0.0330 -0.7733
vn -0.6176 -0.0001 -0.7865
vn -0.6010 -0.0333 -0.7986
vn -0.7577 0.3819 -0.5292
vn -0.7553 0.3583 -0.5487
vn -0.7755 0.3581 -0.5200
vn -0.7520 0.3336 -0.5684
vn -0.7730 0.3336 -0.5396
vn -0.7930 0.3332 -0.5101
vn -0.7479 0.3078 -0.5881
vn -0.7697 0.3080 -0.5592
vn -0.7905 0.3078 -0.5295
vn -0.8101 0.3072 -0.4993
vn -0.7428 0.2809 -0.6077
vn -0.7654 0.2813 -0.5788
vn -0.7870 0.2813 -0.5491
vn -0.8075 0.2809 -0.5186
vn -0.8269 0.2802 -0.4876
vn -0.7367 0.2530 -0.6272
vn -0.7601 0.2535 -0.5983
vn -0.7826 0.2537 -0.5686
vn -0.8039 0.2535 -0.5380
vn -0.8241 0.2530 -0.5068
vn -0.8431 0.2521 -0.4751
vn -0.7295 0.2240 -0.6463
vn -0.7537 0.2246 -0.6176
vn -0.7770 0.2249 -0.5879
vn -0.7992 0.2249 -0.5573
vn -0.8203 0.2246 -0.5260
vn -0.8401 0.2240 -0.4941
vn -0.8586 0.2230 -0.4617
vn -0.7212 0.1940 -0.6650
vn -0.7462 0.1947 -0.6366
vn -0.7704 0.1952 -0.6070
vn -0.7934 0.1953 -0.5765
vn -0.8154 0.1951 -0.5451
vn -0.8360 0.1947 -0.5130
vn -0.8553 0.1940 -0.4804
vn -0.8733 0.1930 -0.4473
vn -0.7117 0.1632 -0.6832
vn -0.7376 0.1639 -0.6551
vn -0.7625 0.1644 -0.6257
vn -0.7864 0.1647 -0.5953
vn -0.8092 0.1647 -0.5640
vn -0.8307 0.1644 -0.5318
vn -0.8509 0.1639 -0.4990
vn -0.8697 0.1632 -0.4658
vn -0.8871 0.1623 -0.4321
vn -0.7011 0.1316 -0.7008
vn -0.7277 0.1323 -0.6730
vn -0.7534 0.1328 -0.6440
vn -0.7782 0.1331 -0.6138
vn -0.8018 0.1332 -0.5825
vn -0.8242 0.1331 -0.5504
vn -0.8453 0.1328 -0.5176
vn -0.8650 0.1323 -0.4841
vn -0.8832 0.1316 -0.4502
vn -0.8999 0.1307 -0.4161
vn -0.6893 0.0993 -0.7176
vn -0.7166 0.1000 -0.6903
vn -0.7431 0.1004 -0.6616
vn -0.7686 0.1007 -0.6317
vn -0.7931 0.1009 -0.6007
vn -0.8164 0.1009 -0.5686
vn -0.8383 0.1007 -0.5358
vn -0.8589 0.1004 -0.5022
vn -0.8780 0.0999 -0.4682
vn -0.8955 0.0993 -0.4338
vn -0.9115 0.0986 -0.3992
vn -0.6763 0.0665 -0.7336
vn -0.7043 0.0670 -0.7068
vn -0.7315 0.0674 -0.6786
vn -0.7578 0.0676 -0.6490
vn -0.7830 0.0678 -0.6183
vn -0.8072 0.0678 -0.5864
vn -0.8300 0.0678 -0.5536
vn -0.8514 0.0676 -0.5201
vn -0.8714 0.0674 -0.4860
vn -0.8898 0.0670 -0.4514
vn -0.9067 0.0665 -0.4165
vn -0.9220 0.0660 -0.3816
vn -0.6622 0.0333 -0.7486
vn -0.6907 0.0336 -0.7224
vn -0.7185 0.0338 -0.6947
vn -0.7456 0.0340 -0.6656
vn -0.7716 0.0341 -0.6352
vn -0.7965 0.0341 -0.6036
vn -0.8202 0.0341 -0.5710
vn -0.8425 0.0341 -0.5376
vn -0.8634 0.0340 -0.5034
vn -0.8827 0.0338 -0.4687
vn -0.9004 0.0336 -0.4337
vn -0.9166 0.0333 -0.3985
vn -0.9311 0.0330 -0.3633
vn -0.6470 -0.0001 -0.7625
vn -0.6760 -0.0001 -0.7369
vn -0.7044 -0.0001 -0.7098
vn -0.7321 -0.0001 -0.6812
vn -0.7588 -0.0002 -0.6513
vn -0.7845 -0.0001 -0.6201
vn -0.8090 -0.0001 -0.5878
vn -0.8322 -0.0001 -0.5545
vn -0.8539 -0.0002 -0.5204
vn -0.8741 -0.0001 -0.4857
vn -0.8927 -0.0001 -0.4506
vn -0.9098 -0.0001 -0.4152
vn -0.9251 -0.0001 -0.3797
vn -0.9389 -0.0001 -0.3443
vn -0.6307 -0.0337 -0.7753
vn -0.6601 -0.0340 -0.7504
vn -0.6890 -0.0343 -0.7239
vn -0.7173 -0.0345 -0.6960
vn -0.7447 -0.0347 -0.6665
vn -0.7711 -0.0348 -0.6358
vn -0.7964 -0.0349 -0.6038
vn -0.8204 -0.0349 -0.5708
vn -0.8429 -0.0348 -0.5369
vn -0.8640 -0.0347 -0.5022
vn -0.8835 -0.0345 -0.4671
vn -0.9014 -0.0343 -0.4316
vn -0.9177 -0.0340 -0.3959
vn -0.9322 -0.0337 -0.3602
vn -0.9452 -0.0334 -0.3248
vn -0.7398 0.4046 0.5375
vn -0.7577 0.3819 0.5292
vn -0.7755 0.3581 0.5200
vn -0.7930 0.3332 0.5101
vn -0.8101 0.3072 0.4993
vn -0.8269 0.2802 0.4876
vn -0.8431 0.2521 0.4751
vn -0.8586 0.2230 0.4617
vn -0.8733 0.1930 0.4473
vn -0.8871 0.1623 0.4321
vn -0.8999 0.1307 0.4161
vn -0.9115 0.0986 0.3992
vn -0.9220 0.0660 0.3816
vn -0.9311 0.0330 0.3633
vn -0.9388 -0.0001 0.3443
vn -0.9452 -0.0333 0.3248
vn -0.7374 0.3819 0.5571
vn -0.7553 0.3583 0.5487
vn -0.7342 0.3581 0.5768
vn -0.7730 0.3336 0.5396
vn -0.7520 0.3336 0.5684
vn -0.7301 0.3332 0.5965
vn -0.7905 0.3078 0.5295
vn -0.7697 0.3080 0.5592
vn -0.7479 0.3078 0.5881
vn -0.7252 0.3072 0.6162
vn -0.8075 0.2809 0.5186
vn -0.7870 0.2813 0.5491
vn -0.7654 0.2813 0.5788
vn -0.7428 0.2809 0.6077
vn -0.7193 0.2802 0.6357
vn -0.8241 0.2530 0.5068
vn -0.8039 0.2535 0.5380
vn -0.7826 0.2537 0.5686
vn -0.7601 0.2535 0.5983
vn -0.7367 0.2530 0.6272
vn -0.7124 0.2521 0.6550
vn -0.8401 0.2240 0.4941
vn -0.8203 0.2246 0.5260
vn -0.7992 0.2249 0.5573
vn -0.7770 0.2249 0.5879
vn -0.7537 0.2246 0.6176
vn -0.7295 0.2240 0.6463
vn -0.7044 0.2230 0.6739
vn -0.8553 0.1940 0.4804
vn -0.8360 0.1947 0.5130
vn -0.8154 0.1951 0.5451
vn -0.7934 0.1953 0.5765
vn -0.7704 0.1952 0.6070
vn -0.7462 0.1947 0.6366
vn -0.7212 0.1940 0.6650
vn -0.6953 0.1930 0.6923
vn -0.8697 0.1632 0.4658
vn -0.8509 0.1639 0.4990
vn -0.8307 0.1644 0.5318
vn -0.8092 0.1647 0.5640
vn -0.7864 0.1647 0.5953
vn -0.7625 0.1644 0.6257
vn -0.7376 0.1639 0.6551
vn -0.7117 0.1632 0.6832
vn -0.6851 0.1622 0.7101
vn -0.8832 0.1316 0.4502
vn -0.8650 0.1323 0.4841
vn -0.8453 0.1328 0.5176
vn -0.8242 0.1331 0.5504
vn -0.8018 0.1332 0.5825
vn -0.7782 0.1331 0.6138
vn -0.7534 0.1328 0.6440
vn -0.7277 0.1323 0.6730
vn -0.7011 0.1316 0.7008
vn -0.6738 0.1307 0.7272
vn -0.8955 0.0993 0.4338
vn -0.8780 0.0999 0.4682
vn -0.8589 0.1004 0.5022
vn -0.8383 0.1007 0.5358
vn -0.8164 0.1009 0.5686
vn -0.7931 0.1009 0.6007
vn -0.7686 0.1007 0.6317
vn -0.7431 0.1004 0.6616
vn -0.7166 0.0999 0.6903
vn -0.6893 0.0993 0.7176
vn -0.6614 0.0986 0.7435
vn -0.9067 0.0665 0.4165
vn -0.8898 0.0670 0.4514
vn -0.8714 0.0674 0.4860
vn -0.8514 0.0676 0.5201
vn -0.8300 0.0678 0.5536
vn -0.8072 0.0678 0.5864
vn -0.7830 0.0678 0.6183
vn -0.7578 0.0676 0.6490
vn -0.7314 0.0674 0.6786
vn -0.7043 0.0670 0.7068
vn -0.6763 0.0665 0.7336
vn -0.6478 0.0660 0.7589
vn -0.9166 0.0333 0.3985
vn -0.9004 0.0336 0.4337
vn -0.8827 0.0338 0.4687
vn -0.8634 0.0340 0.5034
vn -0.8425 0.0341 0.5376
vn -0.8202 0.0341 0.5710
vn -0.7965 0.0341 0.6036
vn -0.7716 0.0341 0.6352
vn -0.7456 0.0340 0.6656
vn -0.7185 0.0338 0.6947
vn -0.6907 0.0336 0.7224
vn -0.6622 0.0333 0.7486
vn -0.6332 0.0330 0.7733
vn -0.9251 -0.0001 0.3797
vn -0.9098 -0.0001 0.4152
vn -0.8927 -0.0001 0.4506
vn -0.8741 -0.0001 0.4857
vn -0.8539 -0.0002 0.5204
vn -0.8322 -0.0001 0.5545
vn -0.8090 -0.0001 0.5878
vn -0.7845 -0.0001 0.6201
vn -0.7588 -0.0002 0.6513
vn -0.7321 -0.0001 0.6813
vn -0.7044 -0.0001 0.7098
vn -0.6760 -0.0002 0.7369
vn -0.6470 -0.0002 0.7625
vn -0.6176 -0.0002 0.7865
vn -0.9322 -0.0337 0.3603
vn -0.9177 -0.0340 0.3959
vn -0.9014 -0.0343 0.4316
vn -0.8835 -0.0345 0.4671
vn -0.8640 -0.0347 0.5022
vn -0.8429 -0.0348 0.5369
vn -0.8204 -0.0349 0.5708
vn -0.7964 -0.0349 0.6038
vn -0.7711 -0.0348 0.6358
vn -0.7447 -0.0347 0.6665
vn -0.7172 -0.0345 0.6960
vn -0.6890 -0.0343 0.7239
vn -0.6601 -0.0340 0.7504
vn -0.6307 -0.0337 0.7753
vn -0.6010 -0.0333 0.7985
vn 0.2826 0.4046 0.8697
vn 0.2691 0.3819 0.8841
vn 0.2549 0.3581 0.8982
vn 0.2401 0.3332 0.9118
vn 0.2245 0.3072 0.9248
vn 0.2082 0.2802 0.9371
vn 0.1913 0.2521 0.9486
vn 0.1737 0.2230 0.9592
vn 0.1556 0.1930 0.9688
vn 0.1369 0.1622 0.9772
vn 0.1177 0.1307 0.9844
vn 0.0980 0.0986 0.9903
vn 0.0780 0.0660 0.9948
vn 0.0578 0.0330 0.9978
vn 0.0374 -0.0001 0.9993
vn 0.0168 -0.0333 0.9993
vn 0.3020 0.3819 0.8735
vn 0.2885 0.3583 0.8879
vn 0.3217 0.3581 0.8765
vn 0.2743 0.3336 0.9019
vn 0.3082 0.3336 0.8909
vn 0.3417 0.3332 0.8787
vn 0.2594 0.3078 0.9154
vn 0.2940 0.3080 0.9048
vn 0.3282 0.3078 0.8930
vn 0.3619 0.3072 0.8801
vn 0.2437 0.2809 0.9283
vn 0.2790 0.2813 0.9182
vn 0.3140 0.2813 0.9068
vn 0.3485 0.2809 0.8942
vn 0.3823 0.2802 0.8805
vn 0.2273 0.2530 0.9404
vn 0.2633 0.2535 0.9308
vn 0.2989 0.2537 0.9200
vn 0.3341 0.2535 0.9078
vn 0.3688 0.2530 0.8944
vn 0.4028 0.2521 0.8799
vn 0.2103 0.2240 0.9516
vn 0.2468 0.2246 0.9427
vn 0.2831 0.2249 0.9324
vn 0.3190 0.2249 0.9207
vn 0.3544 0.2246 0.9077
vn 0.3892 0.2240 0.8935
vn 0.4232 0.2230 0.8781
vn 0.1926 0.1940 0.9619
vn 0.2296 0.1947 0.9536
vn 0.2665 0.1951 0.9439
vn 0.3031 0.1953 0.9327
vn 0.3392 0.1952 0.9202
vn 0.3748 0.1947 0.9064
vn 0.4096 0.1940 0.8914
vn 0.4436 0.1930 0.8752
vn 0.1742 0.1632 0.9711
vn 0.2117 0.1639 0.9635
vn 0.2491 0.1644 0.9544
vn 0.2863 0.1647 0.9439
vn 0.3232 0.1647 0.9319
vn 0.3595 0.1644 0.9186
vn 0.3951 0.1639 0.9039
vn 0.4299 0.1632 0.8880
vn 0.4637 0.1622 0.8710
vn 0.1553 0.1316 0.9791
vn 0.1931 0.1323 0.9722
vn 0.2310 0.1328 0.9638
vn 0.2688 0.1331 0.9540
vn 0.3063 0.1332 0.9426
vn 0.3433 0.1331 0.9298
vn 0.3796 0.1328 0.9156
vn 0.4152 0.1323 0.9001
vn 0.4498 0.1316 0.8834
vn 0.4834 0.1307 0.8656
vn 0.1358 0.0993 0.9857
vn 0.1740 0.0999 0.9797
vn 0.2123 0.1004 0.9720
vn 0.2505 0.1007 0.9629
vn 0.2886 0.1009 0.9521
vn 0.3262 0.1009 0.9399
vn 0.3633 0.1007 0.9262
vn 0.3996 0.1004 0.9112
vn 0.4351 0.0999 0.8948
vn 0.4695 0.0993 0.8773
vn 0.5028 0.0986 0.8588
vn 0.1160 0.0665 0.9910
vn 0.1543 0.0670 0.9857
vn 0.1929 0.0674 0.9789
vn 0.2316 0.0676 0.9705
vn 0.2701 0.0678 0.9604
vn 0.3083 0.0678 0.9489
vn 0.3460 0.0678 0.9358
vn 0.3831 0.0676 0.9212
vn 0.4193 0.0674 0.9053
vn 0.4546 0.0670 0.8882
vn 0.4887 0.0665 0.8699
vn 0.5216 0.0660 0.8507
vn 0.0957 0.0333 0.9948
vn 0.1342 0.0336 0.9904
vn 0.1730 0.0338 0.9843
vn 0.2120 0.0340 0.9767
vn 0.2509 0.0341 0.9674
vn 0.2896 0.0341 0.9565
vn 0.3279 0.0341 0.9441
vn 0.3657 0.0341 0.9301
vn 0.4026 0.0340 0.9147
vn 0.4386 0.0338 0.8980
vn 0.4736 0.0336 0.8801
vn 0.5073 0.0333 0.8611
vn 0.5397 0.0330 0.8412
vn 0.0752 -0.0001 0.9972
vn 0.1137 -0.0002 0.9935
vn 0.1526 -0.0002 0.9883
vn 0.1918 -0.0002 0.9814
vn 0.2311 -0.0001 0.9729
vn 0.2702 -0.0001 0.9628
vn 0.3090 -0.0002 0.9511
vn 0.3473 -0.0002 0.9377
vn 0.3849 -0.0002 0.9229
vn 0.4217 -0.0002 0.9067
vn 0.4574 -0.0001 0.8893
vn 0.4920 -0.0001 0.8706
vn 0.5253 -0.0001 0.8509
vn 0.5572 -0.0001 0.8304
vn 0.0546 -0.0337 0.9979
vn 0.0929 -0.0341 0.9951
vn 0.1319 -0.0343 0.9907
vn 0.1712 -0.0345 0.9846
vn 0.2107 -0.0347 0.9769
vn 0.2501 -0.0348 0.9676
vn 0.2894 -0.0349 0.9566
vn 0.3282 -0.0349 0.9440
vn 0.3664 -0.0348 0.9298
vn 0.4038 -0.0347 0.9142
vn 0.4402 -0.0345 0.8972
vn 0.4756 -0.0343 0.8790
vn 0.5097 -0.0340 0.8597
vn 0.5424 -0.0337 0.8394
vn 0.5738 -0.0333 0.8183
vn 0.9145 0.4046 -0.0000
vn 0.9240 0.3819 0.0173
vn 0.9330 0.3581 0.0351
vn 0.9413 0.3332 0.0534
vn 0.9489 0.3072 0.0723
vn 0.9556 0.2802 0.0915
vn 0.9613 0.2521 0.1112
vn 0.9659 0.2230 0.1312
vn 0.9694 0.1930 0.1514
vn 0.9717 0.1622 0.1718
vn 0.9726 0.1307 0.1923
vn 0.9721 0.0986 0.2128
vn 0.9702 0.0660 0.2332
vn 0.9668 0.0330 0.2534
vn 0.9619 -0.0001 0.2733
vn 0.9556 -0.0333 0.2928
vn 0.9240 0.3819 -0.0173
vn 0.9336 0.3583 -0.0000
vn 0.9330 0.3581 -0.0351
vn 0.9425 0.3336 0.0178
vn 0.9425 0.3336 -0.0178
vn 0.9413 0.3332 -0.0534
vn 0.9507 0.3078 0.0362
vn 0.9514 0.3080 -0.0000
vn 0.9507 0.3078 -0.0362
vn 0.9489 0.3072 -0.0723
vn 0.9581 0.2809 0.0551
vn 0.9594 0.2813 0.0184
vn 0.9594 0.2813 -0.0184
vn 0.9581 0.2809 -0.0551
vn 0.9556 0.2802 -0.0915
vn 0.9646 0.2530 0.0744
vn 0.9666 0.2535 0.0373
vn 0.9673 0.2537 0.0000
vn 0.9666 0.2535 -0.0373
vn 0.9646 0.2530 -0.0744
vn 0.9613 0.2521 -0.1112
vn 0.9700 0.2240 0.0941
vn 0.9728 0.2246 0.0566
vn 0.9742 0.2249 0.0189
vn 0.9742 0.2249 -0.0189
vn 0.9728 0.2246 -0.0566
vn 0.9700 0.2240 -0.0941
vn 0.9659 0.2230 -0.1312
vn 0.9743 0.1940 0.1141
vn 0.9779 0.1947 0.0763
vn 0.9800 0.1951 0.0383
vn 0.9807 0.1953 -0.0000
vn 0.9800 0.1951 -0.0383
vn 0.9779 0.1947 -0.0764
vn 0.9743 0.1940 -0.1141
vn 0.9694 0.1930 -0.1514
vn 0.9774 0.1632 0.1344
vn 0.9817 0.1639 0.0964
vn 0.9847 0.1644 0.0580
vn 0.9862 0.1647 0.0194
vn 0.9862 0.1647 -0.0194
vn 0.9847 0.1644 -0.0580
vn 0.9817 0.1639 -0.0964
vn 0.9774 0.1632 -0.1344
vn 0.9717 0.1622 -0.1718
vn 0.9791 0.1316 0.1549
vn 0.9843 0.1323 0.1168
vn 0.9881 0.1328 0.0781
vn 0.9903 0.1331 0.0392
vn 0.9911 0.1332 0.0000
vn 0.9903 0.1331 -0.0392
vn 0.9881 0.1328 -0.0781
vn 0.9843 0.1323 -0.1168
vn 0.9791 0.1316 -0.1549
vn 0.9726 0.1307 -0.1923
vn 0.9795 0.0993 0.1754
vn 0.9855 0.0999 0.1373
vn 0.9901 0.1004 0.0985
vn 0.9931 0.1007 0.0593
vn 0.9947 0.1009 0.0198
vn 0.9947 0.1009 -0.0198
vn 0.9931 0.1007 -0.0593
vn 0.9901 0.1004 -0.0985
vn 0.9855 0.0999 -0.1373
vn 0.9795 0.0993 -0.1754
vn 0.9721 0.0986 -0.2128
vn 0.9784 0.0665 0.1959
vn 0.9852 0.0670 0.1579
vn 0.9906 0.0674 0.1190
vn 0.9945 0.0676 0.0797
vn 0.9969 0.0678 0.0399
vn 0.9977 0.0678 0.0000
vn 0.9969 0.0678 -0.0399
vn 0.9945 0.0676 -0.0797
vn 0.9906 0.0674 -0.1190
vn 0.9852 0.0670 -0.1579
vn 0.9784 0.0665 -0.1959
vn 0.9702 0.0660 -0.2332
vn 0.9757 0.0333 0.2164
vn 0.9834 0.0336 0.1784
vn 0.9896 0.0338 0.1396
vn 0.9944 0.0340 0.1002
vn 0.9976 0.0341 0.0603
vn 0.9992 0.0341 0.0201
vn 0.9992 0.0341 -0.0201
vn 0.9976 0.0341 -0.0603
vn 0.9944 0.0340 -0.1002
vn 0.9896 0.0338 -0.1396
vn 0.9834 0.0336 -0.1784
vn 0.9757 0.0333 -0.2164
vn 0.9668 0.0330 -0.2534
vn 0.9716 -0.0002 0.2366
vn 0.9800 -0.0002 0.1989
vn 0.9871 -0.0002 0.1602
vn 0.9927 -0.0001 0.1209
vn 0.9967 -0.0001 0.0809
vn 0.9992 -0.0001 0.0405
vn 1.0000 -0.0002 0.0000
vn 0.9992 -0.0001 -0.0405
vn 0.9967 -0.0001 -0.0809
vn 0.9927 -0.0002 -0.1209
vn 0.9871 -0.0002 -0.1602
vn 0.9800 -0.0002 -0.1989
vn 0.9716 -0.0002 -0.2366
vn 0.9619 -0.0001 -0.2733
vn 0.9660 -0.0337 0.2565
vn 0.9751 -0.0340 0.2191
vn 0.9829 -0.0343 0.1807
vn 0.9893 -0.0345 0.1415
vn 0.9942 -0.0347 0.1015
vn 0.9975 -0.0348 0.0611
vn 0.9992 -0.0349 0.0204
vn 0.9992 -0.0349 -0.0204
vn 0.9975 -0.0348 -0.0611
vn 0.9942 -0.0347 -0.1015
vn 0.9893 -0.0345 -0.1415
vn 0.9829 -0.0343 -0.1807
vn 0.9751 -0.0340 -0.2191
vn 0.9660 -0.0337 -0.2565
vn 0.9556 -0.0333 -0.2928
usemtl material_0
s 1
f 1/1/1 2/2/2 3/3/3
f 4/4/4 5/5/5 6/6/6
f 7/7/7 8/8/8 9/9/9
f 10/10/10 11/11/11 12/12/12
f 13/13/13 14/14/14 15/15/15
f 16/16/16 17/17/17 18/18/18
f 19/19/19 20/20/20 16/16/16
f 21/21/21 22/22/22 19/19/19
f 23/23/23 24/24/24 21/21/21
f 25/25/25 26/26/26 23/23/23
f 27/27/27 28/28/28 25/25/25
f 29/29/29 30/30/30 27/27/27
f 31/31/31 32/32/32 29/29/29
f 33/33/33 34/34/34 31/31/31
f 35/35/35 36/36/36 33/33/33
f 37/37/37 38/38/38 35/35/35
f 39/39/39 40/40/40 37/37/37
f 41/41/41 42/42/42 39/39/39
f 43/43/43 44/44/44 41/41/41
f 45/45/45 46/46/46 43/43/43
f 47/47/47 48/48/48 45/45/45
f 49/49/49 50/50/50 47/47/47
f 51/51/51 52/52/52 49/49/49
f 53/53/53 54/54/54 51/51/51
f 55/55/55 56/56/56 53/53/53
f 57/57/57 58/58/58 55/55/55
f 59/59/59 60/60/60 57/57/57
f 61/61/61 62/62/62 59/59/59
f 63/63/63 64/64/64 61/61/61
f 65/65/65 66/66/66 63/63/63
f 67/67/67 68/68/68 65/65/65
f 69/69/69 70/70/70 67/67/67
f 71/71/71 72/72/72 69/69/69
f 73/73/73 74/74/74 71/71/71
f 75/75/75 76/76/76 73/73/73
f 15/15/15 77/77/77 75/75/75
f 16/16/16 20/20/20 17/17/17
f 20/20/20 78/78/78 17/17/17
f 19/19/19 22/22/22 20/20/20
f 22/22/22 79/79/79 20/20/20
f 20/20/20 79/79/79 78/78/78
f 79/79/79 80/80/80 78/78/78
f 21/21/21 24/24/24 22/22/22
f 24/24/24 81/81/81 22/22/22
f 22/22/22 81/81/81 79/79/79
f 81/81/81 82/82/82 79/79/79
f 79/79/79 82/82/82 80/80/80
f 82/82/82 83/83/83 80/80/80
f 23/23/23 26/26/26 24/24/24
f 26/26/26 84/84/84 24/24/24
f 24/24/24 84/84/84 81/81/81
f 84/84/84 85/85/85 81/81/81
f 81/81/81 85/85/85 82/82/82
f 85/85/85 86/86/86 82/82/82
f 82/82/82 86/86/86 83/83/83
f 86/86/86 87/87/87 83/83/83
f 25/25/25 28/28/28 26/26/26
f 28/28/28 88/88/88 26/26/26
f 26/26/26 88/88/88 84/84/84
f 88/88/88 89/89/89 84/84/84
f 84/84/84 89/89/89 85/85/85
f 89/89/89 90/90/90 85/85/85
f 85/85/85 90/90/90 86/86/86
f 90/90/90 91/91/91 86/86/86
f 86/86/86 91/91/91 87/87/87
f 91/91/91 92/92/92 87/87/87
f 27/27/27 30/30/30 28/28/28
f 30/30/30 93/93/93 28/28/28
f 28/28/28 93/93/93 88/88/88
f 93/93/93 94/94/94 88/88/88
f 88/88/88 94/94/94 89/89/89
f 94/94/94 95/95/95 89/89/89
f 89/89/89 95/95/95 90/90/90
f 95/95/95 96/96/96 90/90/90
f 90/90/90 96/96/96 91/91/91
f 96/96/96 97/97/97 91/91/91
f 91/91/91 97/97/97 92/92/92
f 97/97/97 98/98/98 92/92/92
f 29/29/29 32/32/32 30/30/30
f 32/32/32 99/99/99 30/30/30
f 30/30/30 99/99/99 93/93/93
f 99/99/99 100/100/100 93/93/93
f 93/93/93 100/100/100 94/94/94
f 100/100/100 101/101/101 94/94/94
f 94/94/94 101/101/101 95/95/95
f 101/101/101 102/102/102 95/95/95
f 95/95/95 102/102/102 96/96/96
f 102/102/102 103/103/103 96/96/96
f 96/96/96 103/103/103 97/97/97
f 103/103/103 104/104/104 97/97/97
f 97/97/97 104/104/104 98/98/98
f 104/104/104 105/105/105 98/98/98
f 31/31/31 34/34/34 32/32/32
f 34/34/34 106/106/106 32/32/32
f 32/32/32 106/106/106 99/99/99
f 106/106/106 107/107/107 99/99/99
f 99/99/99 107/107/107 100/100/100
f 107/107/107 108/108/108 100/100/100
f 100/100/100 108/108/108 101/101/101
f 108/108/108 109/109/109 101/101/101
f 101/101/101 109/109/109 102/102/102
f 109/109/109 110/110/110 102/102/102
f 102/102/102 110/110/110 103/103/103
f 110/110/110 111/111/111 103/103/103
f 103/103/103 111/111/111 104/104/104
f 111/111/111 112/112/112 104/104/104
f 104/104/104 112/112/112 105/105/105
f 112/112/112 113/113/113 105/105/105
f 33/33/33 36/36/36 34/34/34
f 36/36/36 114/114/114 34/34/34
f 34/34/34 114/114/114 106/106/106
f 114/114/114 115/115/115 106/106/106
f 106/106/106 115/115/115 107/107/107
f 115/115/115 116/116/116 107/107/107
f 107/107/107 116/116/116 108/108/108
f 116/116/116 117/117/117 108/108/108
f 108/108/108 117/117/117 109/109/109
f 117/117/117 118/118/118 109/109/109
f 109/109/109 118/118/118 110/110/110
f 118/118/118 119/119/119 110/110/110
f 110/110/110 119/119/119 111/111/111
f 119/119/119 120/120/120 111/111/111
f 111/111/111 120/120/120 112/112/112
f 120/120/120 121/121/121 112/112/112
f 112/112/112 121/121/121 113/113/113
f 121/121/121 122/122/122 113/113/113
f 35/35/35 38/38/38 36/36/36
f 38/38/38 123/123/123 36/36/36
f 36/36/36 123/123/123 114/114/114
f 123/123/123 124/124/124 114/114/114
f 114/114/114 124/124/124 115/115/115
f 124/124/124 125/125/125 115/115/115
f 115/115/115 125/125/125 116/116/116
f 125/125/125 126/126/126 116/116/116
f 116/116/116 126/126/126 117/117/117
f 126/126/126 127/127/127 117/117/117
f 117/117/117 127/127/127 118/118/118
f 127/127/127 128/128/128 118/118/118
f 118/118/118 128/128/128 119/119/119
f 128/128/128 129/129/129 119/119/119
f 119/119/119 129/129/129 120/120/120
f 129/129/129 130/130/130 120/120/120
f 120/120/120 130/130/130 121/121/121
f 130/130/130 131/131/131 121/121/121
f 121/121/121 131/131/131 122/122/122
f 131/131/131 132/132/132 122/122/122
f 37/37/37 40/40/40 38/38/38
f 40/40/40 133/133/133 38/38/38
f 38/38/38 133/133/133 123/123/123
f 133/133/133 134/134/134 123/123/123
f 123/123/123 134/134/134 124/124/124
f 134/134/134 135/135/135 124/124/124
f 124/124/124 135/135/135 125/125/125
f 135/135/135 136/136/136 125/125/125
f 125/125/125 136/136/136 126/126/126
f 136/136/136 137/137/137 126/126/126
f 126/126/126 137/137/137 127/127/127
f 137/137/137 138/138/138 127/127/127
f 127/127/127 138/138/138 128/128/128
f 138/138/138 139/139/139 128/128/128
f 128/128/128 139/139/139 129/129/129
f 139/139/139 140/140/140 129/129/129
f 129/129/129 140/140/140 130/130/130
f 140/140/140 141/141/141 130/130/130
f 130/130/130 141/141/141 131/131/131
f 141/141/141 142/142/142 131/131/131
f 131/131/131 142/142/142 132/132/132
f 142/142/142 143/143/143 132/132/132
f 39/39/39 42/42/42 40/40/40
f 42/42/42 144/144/144 40/40/40
f 40/40/40 144/144/144 133/133/133
f 144/144/144 145/145/145 133/133/133
f 133/133/133 145/145/145 134/134/134
f 145/145/145 146/146/146 134/134/134
f 134/134/134 146/146/146 135/135/135
f 146/146/146 147/147/147 135/135/135
f 135/135/135 147/147/147 136/136/136
f 147/147/147 148/148/148 136/136/136
f 136/136/136 148/148/148 137/137/137
f 148/148/148 149/149/149 137/137/137
f 137/137/137 149/149/149 138/138/138
f 149/149/149 150/150/150 138/138/138
f 138/138/138 150/150/150 139/139/139
f 150/150/150 151/151/151 139/139/139
f 139/139/139 151/151/151 140/140/140
f 151/151/151 152/152/152 140/140/140
f 140/140/140 152/152/152 141/141/141
f 152/152/152 153/153/153 141/141/141
f 141/141/141 153/153/153 142/142/142
f 153/153/153 154/154/154 142/142/142
f 142/142/142 154/154/154 143/143/143
f 154/154/154 155/155/155 143/143/143
f 41/41/41 44/44/44 42/42/42
f 44/44/44 156/156/156 42/42/42
f 42/42/42 156/156/156 144/144/144
f 156/156/156 157/157/157 144/144/144
f 144/144/144 157/157/157 145/145/145
f 157/157/157 158/158/158 145/145/145
f 145/145/145 158/158/158 146/146/146
f 158/158/158 159/159/159 146/146/146
f 146/146/146 159/159/159 147/147/147
f 159/159/159 160/160/160 147/147/147
f 147/147/147 160/160/160 148/148/148
f 160/160/160 161/161/161 148/148/148
f 148/148/148 161/161/161 149/149/149
f 161/161/161 162/162/162 149/149/149
f 149/149/149 162/162/162 150/150/150
f 162/162/162 163/163/163 150/150/150
f 150/150/150 163/163/163 151/151/151
f 163/163/163 164/164/164 151/151/151
f 151/151/151 164/164/164 152/152/152
f 164/164/164 165/165/165 152/152/152
f 152/152/152 165/165/165 153/153/153
f 165/165/165 166/166/166 153/153/153
f 153/153/153 166/166/166 154/154/154
f 166/166/166 167/167/167 154/154/154
f 154/154/154 167/167/167 155/155/155
f 167/167/167 168/168/168 155/155/155
f 43/43/43 46/46/46 44/44/44
f 46/46/46 169/169/169 44/44/44
f 44/44/44 169/169/169 156/156/156
f 169/169/169 170/170/170 156/156/156
f 156/156/156 170/170/170 157/157/157
f 170/170/170 171/171/171 157/157/157
f 157/157/157 171/171/171 158/158/158
f 171/171/171 172/172/172 158/158/158
f 158/158/158 172/172/172 159/159/159
f 172/172/172 173/173/173 159/159/159
f 159/159/159 173/173/173 160/160/160
f 173/173/173 174/174/174 160/160/160
f 160/160/160 174/174/174 161/161/161
f 174/174/174 175/175/175 161/161/161
f 161/161/161 175/175/175 162/162/162
f 175/175/175 176/176/176 162/162/162
f 162/162/162 176/176/176 163/163/163
f 176/176/176 177/177/177 163/163/163
f 163/163/163 177/177/177 164/164/164
f 177/177/177 178/178/178 164/164/164
f 164/164/164 178/178/178 165/165/165
f 178/178/178 179/179/179 165/165/165
f 165/165/165 179/179/179 166/166/166
f 179/179/179 180/180/180 166/166/166
f 166/166/166 180/180/180 167/167/167
f 180/180/180 181/181/181 167/167/167
f 167/167/167 181/181/181 168/168/168
f 181/181/181 182/182/182 168/168/168
f 45/45/45 48/48/48 46/46/46
f 48/48/48 183/183/183 46/46/46
f 46/46/46 183/183/183 169/169/169
f 183/183/183 184/184/184 169/169/169
f 169/169/169 184/184/184 170/170/170
f 184/184/184 185/185/185 170/170/170
f 170/170/170 185/185/185 171/171/171
f 185/185/185 186/186/186 171/171/171
f 171/171/171 186/186/186 172/172/172
f 186/186/186 187/187/187 172/172/172
f 172/172/172 187/187/187 173/173/173
f 187/187/187 188/188/188 173/173/173
f 173/173/173 188/188/188 174/174/174
f 188/188/188 189/189/189 174/174/174
f 174/174/174 189/189/189 175/175/175
f 189/189/189 190/190/190 175/175/175
f 175/175/175 190/190/190 176/176/176
f 190/190/190 191/191/191 176/176/176
f 176/176/176 191/191/191 177/177/177
f 191/191/191 192/192/192 177/177/177
f 177/177/177 192/192/192 178/178/178
f 192/192/192 193/193/193 178/178/178
f 178/178/178 193/193/193 179/179/179
f 193/193/193 194/194/194 179/179/179
f 179/179/179 194/194/194 180/180/180
f 194/194/194 195/195/195 180/180/180
f 180/180/180 195/195/195 181/181/181
f 195/195/195 196/196/196 181/181/181
f 181/181/181 196/196/196 182/182/182
f 196/196/196 197/197/197 182/182/182
f 47/47/47 50/50/50 48/48/48
f 50/50/50 198/198/198 48/48/48
f 48/48/48 198/198/198 183/183/183
f 198/198/198 199/199/199 183/183/183
f 183/183/183 199/199/199 184/184/184
f 199/199/199 200/200/200 184/184/184
f 184/184/184 200/200/200 185/185/185
f 200/200/200 201/201/201 185/185/185
f 185/185/185 201/201/201 186/186/186
f 201/201/201 202/202/202 186/186/186
f 186/186/186 202/202/202 187/187/187
f 202/202/202 203/203/203 187/187/187
f 187/187/187 203/203/203 188/188/188
f 203/203/203 204/204/204 188/188/188
f 188/188/188 204/204/204 189/189/189
f 204/204/204 205/205/205 189/189/189
f 189/189/189 205/205/205 190/190/190
f 205/205/205 206/206/206 190/190/190
f 190/190/190 206/206/206 191/191/191
f 206/206/206 207/207/207 191/191/191
f 191/191/191 207/207/207 192/192/192
f 207/207/207 208/208/208 192/192/192
f 192/192/192 208/208/208 193/193/193
f 208/208/208 209/209/209 193/193/193
f 193/193/193 209/209/209 194/194/194
f 209/209/209 210/210/210 194/194/194
f 194/194/194 210/210/210 195/195/195
f 210/210/210 211/211/211 195/195/195
f 195/195/195 211/211/211 196/196/196
f 211/211/211 212/212/212 196/196/196
f 196/196/196 212/212/212 197/197/197
f 212/212/212 213/213/213 197/197/197
f 49/49/49 52/52/52 50/50/50
f 52/52/52 214/214/214 50/50/50
f 50/50/50 214/214/214 198/198/198
f 214/214/214 215/215/215 198/198/198
f 198/198/198 215/215/215 199/199/199
f 215/215/215 216/216/216 199/199/199
f 199/199/199 216/216/216 200/200/200
f 216/216/216 217/217/217 200/200/200
f 200/200/200 217/217/217 201/201/201
f 217/217/217 218/218/218 201/201/201
f 201/201/201 218/218/218 202/202/202
f 218/218/218 219/219/219 202/202/202
f 202/202/202 219/219/219 203/203/203
f 219/219/219 220/220/220 203/203/203
f 203/203/203 220/220/220 204/204/204
f 220/220/220 221/221/221 204/204/204
f 204/204/204 221/221/221 205/205/205
f 221/221/221 222/222/222 205/205/205
f 205/205/205 222/222/222 206/206/206
f 222/222/222 223/223/223 206/206/206
f 206/206/206 223/223/223 207/207/207
f 223/223/223 224/224/224 207/207/207
f 207/207/207 224/224/224 208/208/208
f 224/224/224 225/225/225 208/208/208
f 208/208/208 225/225/225 209/209/209
f 225/225/225 226/226/226 209/209/209
f 209/209/209 226/226/226 210/210/210
f 226/226/226 227/227/227 210/210/210
f 210/210/210 227/227/227 211/211/211
f 227/227/227 228/228/228 211/211/211
f 211/211/211 228/228/228 212/212/212
f 228/228/228 229/229/229 212/212/212
f 212/212/212 229/229/229 213/213/213
f 229/229/229 230/230/230 213/213/213
f 51/51/51 54/54/54 52/52/52
f 54/54/54 231/231/231 52/52/52
f 52/52/52 231/231/231 214/214/214
f 231/231/231 232/232/232 214/214/214
f 214/214/214 232/232/232 215/215/215
f 232/232/232 233/233/233 215/215/215
f 215/215/215 233/233/233 216/216/216
f 233/233/233 234/234/234 216/216/216
f 216/216/216 234/234/234 217/217/217
f 234/234/234 235/235/235 217/217/217
f 217/217/217 235/235/235 218/218/218
f 235/235/235 236/236/236 218/218/218
f 218/218/218 236/236/236 219/219/219
f 236/236/236 237/237/237 219/219/219
f 219/219/219 237/237/237 220/220/220
f 237/237/237 238/238/238 220/220/220
f 220/220/220 238/238/238 221/221/221
f 238/238/238 239/239/239 221/221/221
f 221/221/221 239/239/239 222/222/222
f 239/239/239 240/240/240 222/222/222
f 222/222/222 240/240/240 223/223/223
f 240/240/240 241/241/241 223/223/223
f 223/223/223 241/241/241 224/224/224
f 241/241/241 242/242/242 224/224/224
f 224/224/224 242/242/242 225/225/225
f 242/242/242 243/243/243 225/225/225
f 225/225/225 243/243/243 226/226/226
f 243/243/243 244/244/244 226/226/226
f 226/226/226 244/244/244 227/227/227
f 244/244/244 245/245/245 227/227/227
f 227/227/227 245/245/245 228/228/228
f 245/245/245 246/246/246 228/228/228
f 228/228/228 246/246/246 229/229/229
f 246/246/246 247/247/247 229/229/229
f 229/229/229 247/247/247 230/230/230
f 247/247/247 248/248/248 230/230/230
f 53/53/53 56/56/56 54/54/54
f 56/56/56 249/249/249 54/54/54
f 54/54/54 249/249/249 231/231/231
f 249/249/249 250/250/250 231/231/231
f 231/231/231 250/250/250 232/232/232
f 250/250/250 251/251/251 232/232/232
f 232/232/232 251/251/251 233/233/233
f 251/251/251 252/252/252 233/233/233
f 233/233/233 252/252/252 234/234/234
f 252/252/252 253/253/253 234/234/234
f 234/234/234 253/253/253 235/235/235
f 253/253/253 254/254/254 235/235/235
f 235/235/235 254/254/254 236/236/236
f 254/254/254 255/255/255 236/236/236
f 236/236/236 255/255/255 237/237/237
f 255/255/255 256/256/256 237/237/237
f 237/237/237 256/256/256 238/238/238
f 256/256/256 257/257/257 238/238/238
f 238/238/238 257/257/257 239/239/239
f 257/257/257 258/258/258 239/239/239
f 239/239/239 258/258/258 240/240/240
f 258/258/258 259/259/259 240/240/240
f 240/240/240 259/259/259 241/241/241
f 259/259/259 260/260/260 241/241/241
f 241/241/241 260/260/260 242/242/242
f 260/260/260 261/261/261 242/242/242
f 242/242/242 261/261/261 243/243/243
f 261/261/261 262/262/262 243/243/243
f 243/243/243 262/262/262 244/244/244
f 262/262/262 263/263/263 244/244/244
f 244/244/244 263/263/263 245/245/245
f 263/263/263 264/264/264 245/245/245
f 245/245/245 264/264/264 246/246/246
f 264/264/264 265/265/265 246/246/246
f 246/246/246 265/265/265 247/247/247
f 265/265/265 266/266/266 247/247/247
f 247/247/247 266/266/266 248/248/248
f 266/266/266 267/267/267 248/248/248
f 55/55/55 58/58/58 56/56/56
f 58/58/58 268/268/268 56/56/56
f 56/56/56 268/268/268 249/249/249
f 268/268/268 269/269/269 249/249/249
f 249/249/249 269/269/269 250/250/250
f 269/269/269 270/270/270 250/250/250
f 250/250/250 270/270/270 251/251/251
f 270/270/270 271/271/271 251/251/251
f 251/251/251 271/271/271 252/252/252
f 271/271/271 272/272/272 252/252/252
f 252/252/252 272/272/272 253/253/253
f 272/272/272 273/273/273 253/253/253
f 253/253/253 273/273/273 254/254/254
f 273/273/273 274/274/274 254/254/254
f 254/254/254 274/274/274 255/255/255
f 274/274/274 275/275/275 255/255/255
f 255/255/255 275/275/275 256/256/256
f 275/275/275 276/276/276 256/256/256
f 256/256/256 276/276/276 257/257/257
f 276/276/276 277/277/277 257/257/257
f 257/257/257 277/277/277 258/258/258
f 277/277/277 278/278/278 258/258/258
f 258/258/258 278/278/278 259/259/259
f 278/278/278 279/279/279 259/259/259
f 259/259/259 279/279/279 260/260/260
f 279/279/279 280/280/280 260/260/260
f 260/260/260 280/280/280 261/261/261
f 280/280/280 281/281/281 261/261/261
f 261/261/261 281/281/281 262/262/262
f 281/281/281 282/282/282 262/262/262
f 262/262/262 282/282/282 263/263/263
f 282/282/282 283/283/283 263/263/263
f 263/263/263 283/283/283 264/264/264
f 283/283/283 284/284/284 264/264/264
f 264/264/264 284/284/284 265/265/265
f 284/284/284 285/285/285 265/265/265
f 265/265/265 285/285/285 266/266/266
f 285/285/285 286/286/286 266/266/266
f 266/266/266 286/286/286 267/267/267
f 286/286/286 287/287/287 267/267/267
f 57/57/57 60/60/60 58/58/58
f 60/60/60 288/288/288 58/58/58
f 58/58/58 288/288/288 268/268/268
f 288/288/288 289/289/289 268/268/268
f 268/268/268 289/289/289 269/269/269
f 289/289/289 290/290/290 269/269/269
f 269/269/269 290/290/290 270/270/270
f 290/290/290 291/291/291 270/270/270
f 270/270/270 291/291/291 271/271/271
f 291/291/291 292/292/292 271/271/271
f 271/271/271 292/292/292 272/272/272
f 292/292/292 293/293/293 272/272/272
f 272/272/272 293/293/293 273/273/273
f 293/293/293 294/294/294 273/273/273
f 273/273/273 294/294/294 274/274/274
f 294/294/294 295/295/295 274/274/274
f 274/274/274 295/295/295 275/275/275
f 295/295/295 296/296/296 275/275/275
f 275/275/275 296/296/296 276/276/276
f 296/296/296 297/297/297 276/276/276
f 276/276/276 297/297/297 277/277/277
f 297/297/297 298/298/298 277/277/277
f 277/277/277 298/298/298 278/278/278
f 298/298/298 299/299/299 278/278/278
f 278/278/278 299/299/299 279/279/279
f 299/299/299 300/300/300 279/279/279
f 279/279/279 300/300/300 280/280/280
f 300/300/300 301/301/301 280/280/280
f 280/280/280 301/301/301 281/281/281
f 301/301/301 302/302/302 281/281/281
f 281/281/281 302/302/302 282/282/282
f 302/302/302 303/303/303 282/282/282
f 282/282/282 303/303/303 283/283/283
f 303/303/303 304/304/304 283/283/283
f 283/283/283 304/304/304 284/284/284
f 304/304/304 305/305/305 284/284/284
f 284/284/284 305/305/305 285/285/285
f 305/305/305 306/306/306 285/285/285
f 285/285/285 306/306/306 286/286/286
f 306/306/306 307/307/307 286/286/286
f 286/286/286 307/307/307 287/287/287
f 307/307/307 308/308/308 287/287/287
f 59/59/59 62/62/62 60/60/60
f 62/62/62 309/309/309 60/60/60
f 60/60/60 309/309/309 288/288/288
f 309/309/309 310/310/310 288/288/288
f 288/288/288 310/310/310 289/289/289
f 310/310/310 311/311/311 289/289/289
f 289/289/289 311/311/311 290/290/290
f 311/311/311 312/312/312 290/290/290
f 290/290/290 312/312/312 291/291/291
f 312/312/312 313/313/313 291/291/291
f 291/291/291 313/313/313 292/292/292
f 313/313/313 314/314/314 292/292/292
f 292/292/292 314/314/314 293/293/293
f 314/314/314 315/315/315 293/293/293
f 293/293/293 315/315/315 294/294/294
f 315/315/315 316/316/316 294/294/294
f 294/294/294 316/316/316 295/295/295
f 316/316/316 317/317/317 295/295/295
f 295/295/295 317/317/317 296/296/296
f 317/317/317 318/318/318 296/296/296
f 296/296/296 318/318/318 297/297/297
f 318/318/318 319/319/319 297/297/297
f 297/297/297 319/319/319 298/298/298
f 319/319/319 320/320/320 298/298/298
f 298/298/298 320/320/320 299/299/299
f 320/320/320 321/321/321 299/299/299
f 299/299/299 321/321/321 300/300/300
f 321/321/321 322/322/322 300/300/300
f 300/300/300 322/322/322 301/301/301
f 322/322/322 323/323/323 301/301/301
f 301/301/301 323/323/323 302/302/302
f 323/323/323 324/324/324 302/302/302
f 302/302/302 324/324/324 303/303/303
f 324/324/324 325/325/325 303/303/303
f 303/303/303 325/325/325 304/304/304
f 325/325/325 326/326/326 304/304/304
f 304/304/304 326/326/326 305/305/305
f 326/326/326 327/327/327 305/305/305
f 305/305/305 327/327/327 306/306/306
f 327/327/327 328/328/328 306/306/306
f 306/306/306 328/328/328 307/307/307
f 328/328/328 329/329/329 307/307/307
f 307/307/307 329/329/329 308/308/308
f 329/329/329 330/330/330 308/308/308
f 61/61/61 64/64/64 62/62/62
f 64/64/64 331/331/331 62/62/62
f 62/62/62 331/331/331 309/309/309
f 331/331/331 332/332/332 309/309/309
f 309/309/309 332/332/332 310/310/310
f 332/332/332 333/333/333 310/310/310
f 310/310/310 333/333/333 311/311/311
f 333/333/333 334/334/334 311/311/311
f 311/311/311 334/334/334 312/312/312
f 334/334/334 335/335/335 312/312/312
f 312/312/312 335/335/335 313/313/313
f 335/335/335 336/336/336 313/313/313
f 313/313/313 336/336/336 314/314/314
f 336/336/336 337/337/337 314/314/314
f 314/314/314 337/337/337 315/315/315
f 337/337/337 338/338/338 315/315/315
f 315/315/315 338/338/338 316/316/316
f 338/338/338 339/339/339 316/316/316
f 316/316/316 339/339/339 317/317/317
f 339/339/339 340/340/340 317/317/317
f 317/317/317 340/340/340 318/318/318
f 340/340/340 341/341/341 318/318/318
f 318/318/318 341/341/341 319/319/319
f 341/341/341 342/342/342 319/319/319
f 319/319/319 342/342/342 320/320/320
f 342/342/342 343/343/343 320/320/320
f 320/320/320 343/343/343 321/321/321
f 343/343/343 344/344/344 321/321/321
f 321/321/321 344/344/344 322/322/322
f 344/344/344 345/345/345 322/322/322
f 322/322/322 345/345/345 323/323/323
f 345/345/345 346/346/346 323/323/323
f 323/323/323 346/346/346 324/324/324
f 346/346/346 347/347/347 324/324/324
f 324/324/324 347/347/347 325/325/325
f 347/347/347 348/348/348 325/325/325
f 325/325/325 348/348/348 326/326/326
f 348/348/348 349/349/349 326/326/326
f 326/326/326 349/349/349 327/327/327
f 349/349/349 350/350/350 327/327/327
f 327/327/327 350/350/350 328/328/328
f 350/350/350 351/351/351 328/328/328
f 328/328/328 351/351/351 329/329/329
f 351/351/351 352/352/352 329/329/329
f 329/329/329 352/352/352 330/330/330
f 352/352/352 353/353/353 330/330/330
f 63/63/63 66/66/66 64/64/64
f 66/66/66 354/354/354 64/64/64
f 64/64/64 354/354/354 331/331/331
f 354/354/354 355/355/355 331/331/331
f 331/331/331 355/355/355 332/332/332
f 355/355/355 356/356/356 332/332/332
f 332/332/332 356/356/356 333/333/333
f 356/356/356 357/357/357 333/333/333
f 333/333/333 357/357/357 334/334/334
f 357/357/357 358/358/358 334/334/334
f 334/334/334 358/358/358 335/335/335
f 358/358/358 359/359/359 335/335/335
f 335/335/335 359/359/359 336/336/336
f 359/359/359 360/360/360 336/336/336
f 336/336/336 360/360/360 337/337/337
f 360/360/360 361/361/361 337/337/337
f 337/337/337 361/361/361 338/338/338
f 361/361/361 362/362/362 338/338/338
f 338/338/338 362/362/362 339/339/339
f 362/362/362 363/363/363 339/339/339
f 339/339/339 363/363/363 340/340/340
f 363/363/363 364/364/364 340/340/340
f 340/340/340 364/364/364 341/341/341
f 364/364/364 365/365/365 341/341/341
f 341/341/341 365/365/365 342/342/342
f 365/365/365 366/366/366 342/342/342
f 342/342/342 366/366/366 343/343/343
f 366/366/366 367/367/367 343/343/343
f 343/343/343 367/367/367 344/344/344
f 367/367/367 368/368/368 344/344/344
f 344/344/344 368/368/368 345/345/345
f 368/368/368 369/369/369 345/345/345
f 345/345/345 369/369/369 346/346/346
f 369/369/369 370/370/370 346/346/346
f 346/346/346 370/370/370 347/347/347
f 370/370/370 371/371/371 347/347/347
f 347/347/347 371/371/371 348/348/348
f 371/371/371 372/372/372 348/348/348
f 348/348/348 372/372/372 349/349/349
f 372/372/372 373/373/373 349/349/349
f 349/349/349 373/373/373 350/350/350
f 373/373/373 374/374/374 350/350/350
f 350/350/350 374/374/374 351/351/351
f 374/374/374 375/375/375 351/351/351
f 351/351/351 375/375/375 352/352/352
f 375/375/375 376/376/376 352/352/352
f 352/352/352 376/376/376 353/353/353
f 376/376/376 377/377/377 353/353/353
f 65/65/65 68/68/68 66/66/66
f 68/68/68 378/378/378 66/66/66
f 66/66/66 378/378/378 354/354/354
f 378/378/378 379/379/379 354/354/354
f 354/354/354 379/379/379 355/355/355
f 379/379/379 380/380/380 355/355/355
f 355/355/355 380/380/380 356/356/356
f 380/380/380 381/381/381 356/356/356
f 356/356/356 381/381/381 357/357/357
f 381/381/381 382/382/382 357/357/357
f 357/357/357 382/382/382 358/358/358
f 382/382/382 383/383/383 358/358/358
f 358/358/358 383/383/383 359/359/359
f 383/383/383 384/384/384 359/359/359
f 359/359/359 384/384/384 360/360/360
f 384/384/384 385/385/385 360/360/360
f 360/360/360 385/385/385 361/361/361
f 385/385/385 386/386/386 361/361/361
f 361/361/361 386/386/386 362/362/362
f 386/386/386 387/387/387 362/362/362
f 362/362/362 387/387/387 363/363/363
f 387/387/387 388/388/388 363/363/363
f 363/363/363 388/388/388 364/364/364
f 388/388/388 389/389/389 364/364/364
f 364/364/364 389/389/389 365/365/365
f 389/389/389 390/390/390 365/365/365
f 365/365/365 390/390/390 366/366/366
f 390/390/390 391/391/391 366/366/366
f 366/366/366 391/391/391 367/367/367
f 391/391/391 392/392/392 367/367/367
f 367/367/367 392/392/392 368/368/368
f 392/392/392 393/393/393 368/368/368
f 368/368/368 393/393/393 369/369/369
f 393/393/393 394/394/394 369/369/369
f 369/369/369 394/394/394 370/370/370
f 394/394/394 395/395/395 370/370/370
f 370/370/370 395/395/395 371/371/371
f 395/395/395 396/396/396 371/371/371
f 371/371/371 396/396/396 372/372/372
f 396/396/396 397/397/397 372/372/372
f 372/372/372 397/397/397 373/373/373
f 397/397/397 398/398/398 373/373/373
f 373/373/373 398/398/398 374/374/374
f 398/398/398 399/399/399 374/374/374
f 374/374/374 399/399/399 375/375/375
f 399/399/399 400/400/400 375/375/375
f 375/375/375 400/400/400 376/376/376
f 400/400/400 401/401/401 376/376/376
f 376/376/376 401/401/401 377/377/377
f 401/401/401 402/402/402 377/377/377
f 67/67/67 70/70/70 68/68/68
f 70/70/70 403/403/403 68/68/68
f 68/68/68 403/403/403 378/378/378
f 403/403/403 404/404/404 378/378/378
f 378/378/378 404/404/404 379/379/379
f 404/404/404 405/405/405 379/379/379
f 379/379/379 405/405/405 380/380/380
f 405/405/405 406/406/406 380/380/380
f 380/380/380 406/406/406 381/381/381
f 406/406/406 407/407/407 381/381/381
f 381/381/381 407/407/407 382/382/382
f 407/407/407 408/408/408 382/382/382
f 382/382/382 408/408/408 383/383/383
f 408/408/408 409/409/409 383/383/383
f 383/383/383 409/409/409 384/384/384
f 409/409/409 410/410/410 384/384/384
f 384/384/384 410/410/410 385/385/385
f 410/410/410 411/411/411 385/385/385
f 385/385/385 411/411/411 386/386/386
f 411/411/411 412/412/412 386/386/386
f 386/386/386 412/412/412 387/387/387
f 412/412/412 413/413/413 387/387/387
f 387/387/387 413/413/413 388/388/388
f 413/413/413 414/414/414 388/388/388
f 388/388/388 414/414/414 389/389/389
f 414/414/414 415/415/415 389/389/389
f 389/389/389 415/415/415 390/390/390
f 415/415/415 416/416/416 390/390/390
f 390/390/390 416/416/416 391/391/391
f 416/416/416 417/417/417 391/391/391
f 391/391/391 417/417/417 392/392/392
f 417/417/417 418/418/418 392/392/392
f 392/392/392 418/418/418 393/393/393
f 418/418/418 419/419/419 393/393/393
f 393/393/393 419/419/419 394/394/394
f 419/419/419 420/420/420 394/394/394
f 394/394/394 420/420/420 395/395/395
f 420/420/420 421/421/421 395/395/395
f 395/395/395 421/421/421 396/396/396
f 421/421/421 422/422/422 396/396/396
f 396/396/396 422/422/422 397/397/397
f 422/422/422 423/423/423 397/397/397
f 397/397/397 423/423/423 398/398/398
f 423/423/423 424/424/424 398/398/398
f 398/398/398 424/424/424 399/399/399
f 424/424/424 425/425/425 399/399/399
f 399/399/399 425/425/425 400/400/400
f 425/425/425 426/426/426 400/400/400
f 400/400/400 426/426/426 401/401/401
f 426/426/426 427/427/427 401/401/401
f 401/401/401 427/427/427 402/402/402
f 427/427/427 428/428/428 402/402/402
f 69/69/69 72/72/72 70/70/70
f 72/72/72 429/429/429 70/70/70
f 70/70/70 429/429/429 403/403/403
f 429/429/429 430/430/430 403/403/403
f 403/403/403 430/430/430 404/404/404
f 430/430/430 431/431/431 404/404/404
f 404/404/404 431/431/431 405/405/405
f 431/431/431 432/432/432 405/405/405
f 405/405/405 432/432/432 406/406/406
f 432/432/432 433/433/433 406/406/406
f 406/406/406 433/433/433 407/407/407
f 433/433/433 434/434/434 407/407/407
f 407/407/407 434/434/434 408/408/408
f 434/434/434 435/435/435 408/408/408
f 408/408/408 435/435/435 409/409/409
f 435/435/435 436/436/436 409/409/409
f 409/409/409 436/436/436 410/410/410
f 436/436/436 437/437/437 410/410/410
f 410/410/410 437/437/437 411/411/411
f 437/437/437 438/438/438 411/411/411
f 411/411/411 438/438/438 412/412/412
f 438/438/438 439/439/439 412/412/412
f 412/412/412 439/439/439 413/413/413
f 439/439/439 440/440/440 413/413/413
f 413/413/413 440/440/440 414/414/414
f 440/440/440 441/441/441 414/414/414
f 414/414/414 441/441/441 415/415/415
f 441/441/441 442/442/442 415/415/415
f 415/415/415 442/442/442 416/416/416
f 442/442/442 443/443/443 416/416/416
f 416/416/416 443/443/443 417/417/417
f 443/443/443 444/444/444 417/417/417
f 417/417/417 444/444/444 418/418/418
f 444/444/444 445/445/445 418/418/418
f 418/418/418 445/445/445 419/419/419
f 445/445/445 446/446/446 419/419/419
f 419/419/419 446/446/446 420/420/420
f 446/446/446 447/447/447 420/420/420
f 420/420/420 447/447/447 421/421/421
f 447/447/447 448/448/448 421/421/421
f 421/421/421 448/448/448 422/422/422
f 448/448/448 449/449/449 422/422/422
f 422/422/422 449/449/449 423/423/423
f 449/449/449 450/450/450 423/423/423
f 423/423/423 450/450/450 424/424/424
f 450/450/450 451/451/451 424/424/424
f 424/424/424 451/451/451 425/425/425
f 451/451/451 452/452/452 425/425/425
f 425/425/425 452/452/452 426/426/426
f 452/452/452 453/453/453 426/426/426
f 426/426/426 453/453/453 427/427/427
f 453/453/453 454/454/454 427/427/427
f 427/427/427 454/454/454 428/428/428
f 454/454/454 455/455/455 428/428/428
f 71/71/71 74/74/74 72/72/72
f 74/74/74 456/456/456 72/72/72
f 72/72/72 456/456/456 429/429/429
f 456/456/456 457/457/457 429/429/429
f 429/429/429 457/457/457 430/430/430
f 457/457/457 458/458/458 430/430/430
f 430/430/430 458/458/458 431/431/431
f 458/458/458 459/459/459 431/431/431
f 431/431/431 459/459/459 432/432/432
f 459/459/459 460/460/460 432/432/432
f 432/432/432 460/460/460 433/433/433
f 460/460/460 461/461/461 433/433/433
f 433/433/433 461/461/461 434/434/434
f 461/461/461 462/462/462 434/434/434
f 434/434/434 462/462/462 435/435/435
f 462/462/462 463/463/463 435/435/435
f 435/435/435 463/463/463 436/436/436
f 463/463/463 464/464/464 436/436/436
f 436/436/436 464/464/464 437/437/437
f 464/464/464 465/465/465 437/437/437
f 437/437/437 465/465/465 438/438/438
f 465/465/465 466/466/466 438/438/438
f 438/438/438 466/466/466 439/439/439
f 466/466/466 467/467/467 439/439/439
f 439/439/439 467/467/467 440/440/440
f 467/467/467 468/468/468 440/440/440
f 440/440/440 468/468/468 441/441/441
f 468/468/468 469/469/469 441/441/441
f 441/441/441 469/469/469 442/442/442
f 469/469/469 470/470/470 442/442/442
f 442/442/442 470/470/470 443/443/443
f 470/470/470 471/471/471 443/443/443
f 443/443/443 471/471/471 444/444/444
f 471/471/471 472/472/472 444/444/444
f 444/444/444 472/472/472 445/445/445
f 472/472/472 473/473/473 445/445/445
f 445/445/445 473/473/473 446/446/446
f 473/473/473 474/474/474 446/446/446
f 446/446/446 474/474/474 447/447/447
f 474/474/474 475/475/475 447/447/447
f 447/447/447 475/475/475 448/448/448
f 475/475/475 476/476/476 448/448/448
f 448/448/448 476/476/476 449/449/449
f 476/476/476 477/477/477 449/449/449
f 449/449/449 477/477/477 450/450/450
f 477/477/477 478/478/478 450/450/450
f 450/450/450 478/478/478 451/451/451
f 478/478/478 479/479/479 451/451/451
f 451/451/451 479/479/479 452/452/452
f 479/479/479 480/480/480 452/452/452
f 452/452/452 480/480/480 453/453/453
f 480/480/480 481/481/481 453/453/453
f 453/453/453 481/481/481 454/454/454
f 481/481/481 482/482/482 454/454/454
f 454/454/454 482/482/482 455/455/455
f 482/482/482 483/483/483 455/455/455
f 73/73/73 76/76/76 74/74/74
f 76/76/76 484/484/484 74/74/74
f 74/74/74 484/484/484 456/456/456
f 484/484/484 485/485/485 456/456/456
f 456/456/456 485/485/485 457/457/457
f 485/485/485 486/486/486 457/457/457
f 457/457/457 486/486/486 458/458/458
f 486/486/486 487/487/487 458/458/458
f 458/458/458 487/487/487 459/459/459
f 487/487/487 488/488/488 459/459/459
f 459/459/459 488/488/488 460/460/460
f 488/488/488 489/489/489 460/460/460
f 460/460/460 489/489/489 461/461/461
f 489/489/489 490/490/490 461/461/461
f 461/461/461 490/490/490 462/462/462
f 490/490/490 491/491/491 462/462/462
f 462/462/462 491/491/491 463/463/463
f 491/491/491 492/492/492 463/463/463
f 463/463/463 492/492/492 464/464/464
f 492/492/492 493/493/493 464/464/464
f 464/464/464 493/493/493 465/465/465
f 493/493/493 494/494/494 465/465/465
f 465/465/465 494/494/494 466/466/466
f 494/494/494 495/495/495 466/466/466
f 466/466/466 495/495/495 467/467/467
f 495/495/495 496/496/496 467/467/467
f 467/467/467 496/496/496 468/468/468
f 496/496/496 497/497/497 468/468/468
f 468/468/468 497/497/497 469/469/469
f 497/497/497 498/498/498 469/469/469
f 469/469/469 498/498/498 470/470/470
f 498/498/498 499/499/499 470/470/470
f 470/470/470 499/499/499 471/471/471
f 499/499/499 500/500/500 471/471/471
f 471/471/471 500/500/500 472/472/472
f 500/500/500 501/501/501 472/472/472
f 472/472/472 501/501/501 473/473/473
f 501/501/501 502/502/502 473/473/473
f 473/473/473 502/502/502 474/474/474
f 502/502/502 503/503/503 474/474/474
f 474/474/474 503/503/503 475/475/475
f 503/503/503 504/504/504 475/475/475
f 475/475/475 504/504/504 476/476/476
f 504/504/504 505/505/505 476/476/476
f 476/476/476 505/505/505 477/477/477
f 505/505/505 506/506/506 477/477/477
f 477/477/477 506/506/506 478/478/478
f 506/506/506 507/507/507 478/478/478
f 478/478/478 507/507/507 479/479/479
f 507/507/507 508/508/508 479/479/479
f 479/479/479 508/508/508 480/480/480
f 508/508/508 509/509/509 480/480/480
f 480/480/480 509/509/509 481/481/481
f 509/509/509 510/510/510 481/481/481
f 481/481/481 510/510/510 482/482/482
f 510/510/510 511/511/511 482/482/482
f 482/482/482 511/511/511 483/483/483
f 511/511/511 512/512/512 483/483/483
f 75/75/75 77/77/77 76/76/76
f 77/77/77 513/513/513 76/76/76
f 76/76/76 513/513/513 484/484/484
f 513/513/513 514/514/514 484/484/484
f 484/484/484 514/514/514 485/485/485
f 514/514/514 515/515/515 485/485/485
f 485/485/485 515/515/515 486/486/486
f 515/515/515 516/516/516 486/486/486
f 486/486/486 516/516/516 487/487/487
f 516/516/516 517/517/517 487/487/487
f 487/487/487 517/517/517 488/488/488
f 517/517/517 518/518/518 488/488/488
f 488/488/488 518/518/518 489/489/489
f 518/518/518 519/519/519 489/489/489
f 489/489/489 519/519/519 490/490/490
f 519/519/519 520/520/520 490/490/490
f 490/490/490 520/520/520 491/491/491
f 520/520/520 521/521/521 491/491/491
f 491/491/491 521/521/521 492/492/492
f 521/521/521 522/522/522 492/492/492
f 492/492/492 522/522/522 493/493/493
f 522/522/522 523/523/523 493/493/493
f 493/493/493 523/523/523 494/494/494
f 523/523/523 524/524/524 494/494/494
f 494/494/494 524/524/524 495/495/495
f 524/524/524 525/525/525 495/495/495
f 495/495/495 525/525/525 496/496/496
f 525/525/525 526/526/526 496/496/496
f 496/496/496 526/526/526 497/497/497
f 526/526/526 527/527/527 497/497/497
f 497/497/497 527/527/527 498/498/498
f 527/527/527 528/528/528 498/498/498
f 498/498/498 528/528/528 499/499/499
f 528/528/528 529/529/529 499/499/499
f 499/499/499 529/529/529 500/500/500
f 529/529/529 530/530/530 500/500/500
f 500/500/500 530/530/530 501/501/501
f 530/530/530 531/531/531 501/501/501
f 501/501/501 531/531/531 502/502/502
f 531/531/531 532/532/532 502/502/502
f 502/502/502 532/532/532 503/503/503
f 532/532/532 533/533/533 503/503/503
f 503/503/503 533/533/533 504/504/504
f 533/533/533 534/534/534 504/504/504
f 504/504/504 534/534/534 505/505/505
f 534/534/534 535/535/535 505/505/505
f 505/505/505 535/535/535 506/506/506
f 535/535/535 536/536/536 506/506/506
f 506/506/506 536/536/536 507/507/507
f 536/536/536 537/537/537 507/507/507
f 507/507/507 537/537/537 508/508/508
f 537/537/537 538/538/538 508/508/508
f 508/508/508 538/538/538 509/509/509
f 538/538/538 539/539/539 509/509/509
f 509/509/509 539/539/539 510/510/510
f 539/539/539 540/540/540 510/510/510
f 510/510/510 540/540/540 511/511/511
f 540/540/540 541/541/541 511/511/511
f 511/511/511 541/541/541 512/512/512
f 541/541/541 12/542/12 512/512/512
f 15/15/15 14/14/14 77/77/77
f 14/14/14 542/543/542 77/77/77
f 77/77/77 542/543/542 513/513/513
f 542/543/542 543/544/543 513/513/513
f 513/513/513 543/544/543 514/514/514
f 543/544/543 544/545/544 514/514/514
f 514/514/514 544/545/544 515/515/515
f 544/545/544 545/546/545 515/515/515
f 515/515/515 545/546/545 516/516/516
f 545/546/545 546/547/546 516/516/516
f 516/516/516 546/547/546 517/517/517
f 546/547/546 547/548/547 517/517/517
f 517/517/517 547/548/547 518/518/518
f 547/548/547 548/549/548 518/518/518
f 518/518/518 548/549/548 519/519/519
f 548/549/548 549/550/549 519/519/519
f 519/519/519 549/550/549 520/520/520
f 549/550/549 550/551/550 520/520/520
f 520/520/520 550/551/550 521/521/521
f 550/551/550 551/552/551 521/521/521
f 521/521/521 551/552/551 522/522/522
f 551/552/551 552/553/552 522/522/522
f 522/522/522 552/553/552 523/523/523
f 552/553/552 553/554/553 523/523/523
f 523/523/523 553/554/553 524/524/524
f 553/554/553 554/555/554 524/524/524
f 524/524/524 554/555/554 525/525/525
f 554/555/554 555/556/555 525/525/525
f 525/525/525 555/556/555 526/526/526
f 555/556/555 556/557/556 526/526/526
f 526/526/526 556/557/556 527/527/527
f 556/557/556 557/558/557 527/527/527
f 527/527/527 557/558/557 528/528/528
f 557/558/557 558/559/558 528/528/528
f 528/528/528 558/559/558 529/529/529
f 558/559/558 559/560/559 529/529/529
f 529/529/529 559/560/559 530/530/530
f 559/560/559 560/561/560 530/530/530
f 530/530/530 560/561/560 531/531/531
f 560/561/560 561/562/561 531/531/531
f 531/531/531 561/562/561 532/532/532
f 561/562/561 562/563/562 532/532/532
f 532/532/532 562/563/562 533/533/533
f 562/563/562 563/564/563 533/533/533
f 533/533/533 563/564/563 534/534/534
f 563/564/563 564/565/564 534/534/534
f 534/534/534 564/565/564 535/535/535
f 564/565/564 565/566/565 535/535/535
f 535/535/535 565/566/565 536/536/536
f 565/566/565 566/567/566 536/536/536
f 536/536/536 566/567/566 537/537/537
f 566/567/566 567/568/567 537/537/537
f 537/537/537 567/568/567 538/538/538
f 567/568/567 568/569/568 538/538/538
f 538/538/538 568/569/568 539/539/539
f 568/569/568 569/570/569 539/539/539
f 539/539/539 569/570/569 540/540/540
f 569/570/569 570/571/570 540/540/540
f 540/540/540 570/571/570 541/541/541
f 570/571/570 571/572/571 541/541/541
f 541/541/541 571/572/571 12/542/12
f 571/572/571 10/10/10 12/542/12
f 17/573/17 572/574/572 18/575/18
f 78/576/78 573/577/573 17/573/17
f 80/578/80 574/579/574 78/576/78
f 83/580/83 575/581/575 80/578/80
f 87/582/87 576/583/576 83/580/83
f 92/584/92 577/585/577 87/582/87
f 98/586/98 578/587/578 92/584/92
f 105/588/105 579/589/579 98/586/98
f 113/590/113 580/591/580 105/588/105
f 122/592/122 581/593/581 113/590/113
f 132/594/132 582/595/582 122/592/122
f 143/596/143 583/597/583 132/594/132
f 155/598/155 584/599/584 143/596/143
f 168/600/168 585/601/585 155/598/155
f 182/602/182 586/603/586 168/600/168
f 197/604/197 587/605/587 182/602/182
f 213/606/213 588/607/588 197/604/197
f 230/608/230 589/609/589 213/606/213
f 248/610/248 590/611/590 230/608/230
f 267/612/267 591/613/591 248/610/248
f 287/614/287 592/615/592 267/612/267
f 308/616/308 593/617/593 287/614/287
f 330/618/330 594/619/594 308/616/308
f 353/620/353 595/621/595 330/618/330
f 377/622/377 596/623/596 353/620/353
f 402/624/402 597/625/597 377/622/377
f 428/626/428 598/627/598 402/624/402
f 455/628/455 599/629/599 428/626/428
f 483/630/483 600/631/600 455/628/455
f 512/632/512 601/633/601 483/630/483
f 12/12/12 602/634/602 512/632/512
f 17/573/17 573/577/573 572/574/572
f 573/577/573 603/635/603 572/574/572
f 78/576/78 574/579/574 573/577/573
f 574/579/574 604/636/604 573/577/573
f 573/577/573 604/636/604 603/635/603
f 604/636/604 605/637/605 603/635/603
f 80/578/80 575/581/575 574/579/574
f 575/581/575 606/638/606 574/579/574
f 574/579/574 606/638/606 604/636/604
f 606/638/606 607/639/607 604/636/604
f 604/636/604 607/639/607 605/637/605
f 607/639/607 608/640/608 605/637/605
f 83/580/83 576/583/576 575/581/575
f 576/583/576 609/641/609 575/581/575
f 575/581/575 609/641/609 606/638/606
f 609/641/609 610/642/610 606/638/606
f 606/638/606 610/642/610 607/639/607
f 610/642/610 611/643/611 607/639/607
f 607/639/607 611/643/611 608/640/608
f 611/643/611 612/644/612 608/640/608
f 87/582/87 577/585/577 576/583/576
f 577/585/577 613/645/613 576/583/576
f 576/583/576 613/645/613 609/641/609
f 613/645/613 614/646/614 609/641/609
f 609/641/609 614/646/614 610/642/610
f 614/646/614 615/647/615 610/642/610
f 610/642/610 615/647/615 611/643/611
f 615/647/615 616/648/616 611/643/611
f 611/643/611 616/648/616 612/644/612
f 616/648/616 617/649/617 612/644/612
f 92/584/92 578/587/578 577/585/577
f 578/587/578 618/650/618 577/585/577
f 577/585/577 618/650/618 613/645/613
f 618/650/618 619/651/619 613/645/613
f 613/645/613 619/651/619 614/646/614
f 619/651/619 620/652/620 614/646/614
f 614/646/614 620/652/620 615/647/615
f 620/652/620 621/653/621 615/647/615
f 615/647/615 621/653/621 616/648/616
f 621/653/621 622/654/622 616/648/616
f 616/648/616 622/654/622 617/649/617
f 622/654/622 623/655/623 617/649/617
f 98/586/98 579/589/579 578/587/578
f 579/589/579 624/656/624 578/587/578
f 578/587/578 624/656/624 618/650/618
f 624/656/624 625/657/625 618/650/618
f 618/650/618 625/657/625 619/651/619
f 625/657/625 626/658/626 619/651/619
f 619/651/619 626/658/626 620/652/620
f 626/658/626 627/659/627 620/652/620
f 620/652/620 627/659/627 621/653/621
f 627/659/627 628/660/628 621/653/621
f 621/653/621 628/660/628 622/654/622
f 628/660/628 629/661/629 622/654/622
f 622/654/622 629/661/629 623/655/623
f 629/661/629 630/662/630 623/655/623
f 105/588/105 580/591/580 579/589/579
f 580/591/580 631/663/631 579/589/579
f 579/589/579 631/663/631 624/656/624
f 631/663/631 632/664/632 624/656/624
f 624/656/624 632/664/632 625/657/625
f 632/664/632 633/665/633 625/657/625
f 625/657/625 633/665/633 626/658/626
f 633/665/633 634/666/634 626/658/626
f 626/658/626 634/666/634 627/659/627
f 634/666/634 635/667/635 627/659/627
f 627/659/627 635/667/635 628/660/628
f 635/667/635 636/668/636 628/660/628
f 628/660/628 636/668/636 629/661/629
f 636/668/636 637/669/637 629/661/629
f 629/661/629 637/669/637 630/662/630
f 637/669/637 638/670/638 630/662/630
f 113/590/113 581/593/581 580/591/580
f 581/593/581 639/671/639 580/591/580
f 580/591/580 639/671/639 631/663/631
f 639/671/639 640/672/640 631/663/631
f 631/663/631 640/672/640 632/664/632
f 640/672/640 641/673/641 632/664/632
f 632/664/632 641/673/641 633/665/633
f 641/673/641 642/674/642 633/665/633
f 633/665/633 642/674/642 634/666/634
f 642/674/642 643/675/643 634/666/634
f 634/666/634 643/675/643 635/667/635
f 643/675/643 644/676/644 635/667/635
f 635/667/635 644/676/644 636/668/636
f 644/676/644 645/677/645 636/668/636
f 636/668/636 645/677/645 637/669/637
f 645/677/645 646/678/646 637/669/637
f 637/669/637 646/678/646 638/670/638
f 646/678/646 647/679/647 638/670/638
f 122/592/122 582/595/582 581/593/581
f 582/595/582 648/680/648 581/593/581
f 581/593/581 648/680/648 639/671/639
f 648/680/648 649/681/649 639/671/639
f 639/671/639 649/681/649 640/672/640
f 649/681/649 650/682/650 640/672/640
f 640/672/640 650/682/650 641/673/641
f 650/682/650 651/683/651 641/673/641
f 641/673/641 651/683/651 642/674/642
f 651/683/651 652/684/652 642/674/642
f 642/674/642 652/684/652 643/675/643
f 652/684/652 653/685/653 643/675/643
f 643/675/643 653/685/653 644/676/644
f 653/685/653 654/686/654 644/676/644
f 644/676/644 654/686/654 645/677/645
f 654/686/654 655/687/655 645/677/645
f 645/677/645 655/687/655 646/678/646
f 655/687/655 656/688/656 646/678/646
f 646/678/646 656/688/656 647/679/647
f 656/688/656 657/689/657 647/679/647
f 132/594/132 583/597/583 582/595/582
f 583/597/583 658/690/658 582/595/582
f 582/595/582 658/690/658 648/680/648
f 658/690/658 659/691/659 648/680/648
f 648/680/648 659/691/659 649/681/649
f 659/691/659 660/692/660 649/681/649
f 649/681/649 660/692/660 650/682/650
f 660/692/660 661/693/661 650/682/650
f 650/682/650 661/693/661 651/683/651
f 661/693/661 662/694/662 651/683/651
f 651/683/651 662/694/662 652/684/652
f 662/694/662 663/695/663 652/684/652
f 652/684/652 663/695/663 653/685/653
f 663/695/663 664/696/664 653/685/653
f 653/685/653 664/696/664 654/686/654
f 664/696/664 665/697/665 654/686/654
f 654/686/654 665/697/665 655/687/655
f 665/697/665 666/698/666 655/687/655
f 655/687/655 666/698/666 656/688/656
f 666/698/666 667/699/667 656/688/656
f 656/688/656 667/699/667 657/689/657
f 667/699/667 668/700/668 657/689/657
f 143/596/143 584/599/584 583/597/583
f 584/599/584 669/701/669 583/597/583
f 583/597/583 669/701/669 658/690/658
f 669/701/669 670/702/670 658/690/658
f 658/690/658 670/702/670 659/691/659
f 670/702/670 671/703/671 659/691/659
f 659/691/659 671/703/671 660/692/660
f 671/703/671 672/704/672 660/692/660
f 660/692/660 672/704/672 661/693/661
f 672/704/672 673/705/673 661/693/661
f 661/693/661 673/705/673 662/694/662
f 673/705/673 674/706/674 662/694/662
f 662/694/662 674/706/674 663/695/663
f 674/706/674 675/707/675 663/695/663
f 663/695/663 675/707/675 664/696/664
f 675/707/675 676/708/676 664/696/664
f 664/696/664 676/708/676 665/697/665
f 676/708/676 677/709/677 665/697/665
f 665/697/665 677/709/677 666/698/666
f 677/709/677 678/710/678 666/698/666
f 666/698/666 678/710/678 667/699/667
f 678/710/678 679/711/679 667/699/667
f 667/699/667 679/711/679 668/700/668
f 679/711/679 680/712/680 668/700/668
f 155/598/155 585/601/585 584/599/584
f 585/601/585 681/713/681 584/599/584
f 584/599/584 681/713/681 669/701/669
f 681/713/681 682/714/682 669/701/669
f 669/701/669 682/714/682 670/702/670
f 682/714/682 683/715/683 670/702/670
f 670/702/670 683/715/683 671/703/671
f 683/715/683 684/716/684 671/703/671
f 671/703/671 684/716/684 672/704/672
f 684/716/684 685/717/685 672/704/672
f 672/704/672 685/717/685 673/705/673
f 685/717/685 686/718/686 673/705/673
f 673/705/673 686/718/686 674/706/674
f 686/718/686 687/719/687 674/706/674
f 674/706/674 687/719/687 675/707/675
f 687/719/687 688/720/688 675/707/675
f 675/707/675 688/720/688 676/708/676
f 688/720/688 689/721/689 676/708/676
f 676/708/676 689/721/689 677/709/677
f 689/721/689 690/722/690 677/709/677
f 677/709/677 690/722/690 678/710/678
f 690/722/690 691/723/691 678/710/678
f 678/710/678 691/723/691 679/711/679
f 691/723/691 692/724/692 679/711/679
f 679/711/679 692/724/692 680/712/680
f 692/724/692 693/725/693 680/712/680
f 168/600/168 586/603/586 585/601/585
f 586/603/586 694/726/694 585/601/585
f 585/601/585 694/726/694 681/713/681
f 694/726/694 695/727/695 681/713/681
f 681/713/681 695/727/695 682/714/682
f 695/727/695 696/728/696 682/714/682
f 682/714/682 696/728/696 683/715/683
f 696/728/696 697/729/697 683/715/683
f 683/715/683 697/729/697 684/716/684
f 697/729/697 698/730/698 684/716/684
f 684/716/684 698/730/698 685/717/685
f 698/730/698 699/731/699 685/717/685
f 685/717/685 699/731/699 686/718/686
f 699/731/699 700/732/700 686/718/686
f 686/718/686 700/732/700 687/719/687
f 700/732/700 701/733/701 687/719/687
f 687/719/687 701/733/701 688/720/688
f 701/733/701 702/734/702 688/720/688
f 688/720/688 702/734/702 689/721/689
f 702/734/702 703/735/703 689/721/689
f 689/721/689 703/735/703 690/722/690
f 703/735/703 704/736/704 690/722/690
f 690/722/690 704/736/704 691/723/691
f 704/736/704 705/737/705 691/723/691
f 691/723/691 705/737/705 692/724/692
f 705/737/705 706/738/706 692/724/692
f 692/724/692 706/738/706 693/725/693
f 706/738/706 707/739/707 693/725/693
f 182/602/182 587/605/587 586/603/586
f 587/605/587 708/740/708 586/603/586
f 586/603/586 708/740/708 694/726/694
f 708/740/708 709/741/709 694/726/694
f 694/726/694 709/741/709 695/727/695
f 709/741/709 710/742/710 695/727/695
f 695/727/695 710/742/710 696/728/696
f 710/742/710 711/743/711 696/728/696
f 696/728/696 711/743/711 697/729/697
f 711/743/711 712/744/712 697/729/697
f 697/729/697 712/744/712 698/730/698
f 712/744/712 713/745/713 698/730/698
f 698/730/698 713/745/713 699/731/699
f 713/745/713 714/746/714 699/731/699
f 699/731/699 714/746/714 700/732/700
f 714/746/714 715/747/715 700/732/700
f 700/732/700 715/747/715 701/733/701
f 715/747/715 716/748/716 701/733/701
f 701/733/701 716/748/716 702/734/702
f 716/748/716 717/749/717 702/734/702
f 702/734/702 717/749/717 703/735/703
f 717/749/717 718/750/718 703/735/703
f 703/735/703 718/750/718 704/736/704
f 718/750/718 719/751/719 704/736/704
f 704/736/704 719/751/719 705/737/705
f 719/751/719 720/752/720 705/737/705
f 705/737/705 720/752/720 706/738/706
f 720/752/720 721/753/721 706/738/706
f 706/738/706 721/753/721 707/739/707
f 721/753/721 722/754/722 707/739/707
f 197/604/197 588/607/588 587/605/587
f 588/607/588 723/755/723 587/605/587
f 587/605/587 723/755/723 708/740/708
f 723/755/723 724/756/724 708/740/708
f 708/740/708 724/756/724 709/741/709
f 724/756/724 725/757/725 709/741/709
f 709/741/709 725/757/725 710/742/710
f 725/757/725 726/758/726 710/742/710
f 710/742/710 726/758/726 711/743/711
f 726/758/726 727/759/727 711/743/711
f 711/743/711 727/759/727 712/744/712
f 727/759/727 728/760/728 712/744/712
f 712/744/712 728/760/728 713/745/713
f 728/760/728 729/761/729 713/745/713
f 713/745/713 729/761/729 714/746/714
f 729/761/729 730/762/730 714/746/714
f 714/746/714 730/762/730 715/747/715
f 730/762/730 731/763/731 715/747/715
f 715/747/715 731/763/731 716/748/716
f 731/763/731 732/764/732 716/748/716
f 716/748/716 732/764/732 717/749/717
f 732/764/732 733/765/733 717/749/717
f 717/749/717 733/765/733 718/750/718
f 733/765/733 734/766/734 718/750/718
f 718/750/718 734/766/734 719/751/719
f 734/766/734 735/767/735 719/751/719
f 719/751/719 735/767/735 720/752/720
f 735/767/735 736/768/736 720/752/720
f 720/752/720 736/768/736 721/753/721
f 736/768/736 737/769/737 721/753/721
f 721/753/721 737/769/737 722/754/722
f 737/769/737 738/770/738 722/754/722
f 213/606/213 589/609/589 588/607/588
f 589/609/589 739/771/739 588/607/588
f 588/607/588 739/771/739 723/755/723
f 739/771/739 740/772/740 723/755/723
f 723/755/723 740/772/740 724/756/724
f 740/772/740 741/773/741 724/756/724
f 724/756/724 741/773/741 725/757/725
f 741/773/741 742/774/742 725/757/725
f 725/757/725 742/774/742 726/758/726
f 742/774/742 743/775/743 726/758/726
f 726/758/726 743/775/743 727/759/727
f 743/775/743 744/776/744 727/759/727
f 727/759/727 744/776/744 728/760/728
f 744/776/744 745/777/745 728/760/728
f 728/760/728 745/777/745 729/761/729
f 745/777/745 746/778/746 729/761/729
f 729/761/729 746/778/746 730/762/730
f 746/778/746 747/779/747 730/762/730
f 730/762/730 747/779/747 731/763/731
f 747/779/747 748/780/748 731/763/731
f 731/763/731 748/780/748 732/764/732
f 748/780/748 749/781/749 732/764/732
f 732/764/732 749/781/749 733/765/733
f 749/781/749 750/782/750 733/765/733
f 733/765/733 750/782/750 734/766/734
f 750/782/750 751/783/751 734/766/734
f 734/766/734 751/783/751 735/767/735
f 751/783/751 752/784/752 735/767/735
f 735/767/735 752/784/752 736/768/736
f 752/784/752 753/785/753 736/768/736
f 736/768/736 753/785/753 737/769/737
f 753/785/753 754/786/754 737/769/737
f 737/769/737 754/786/754 738/770/738
f 754/786/754 755/787/755 738/770/738
f 230/608/230 590/611/590 589/609/589
f 590/611/590 756/788/756 589/609/589
f 589/609/589 756/788/756 739/771/739
f 756/788/756 757/789/757 739/771/739
f 739/771/739 757/789/757 740/772/740
f 757/789/757 758/790/758 740/772/740
f 740/772/740 758/790/758 741/773/741
f 758/790/758 759/791/759 741/773/741
f 741/773/741 759/791/759 742/774/742
f 759/791/759 760/792/760 742/774/742
f 742/774/742 760/792/760 743/775/743
f 760/792/760 761/793/761 743/775/743
f 743/775/743 761/793/761 744/776/744
f 761/793/761 762/794/762 744/776/744
f 744/776/744 762/794/762 745/777/745
f 762/794/762 763/795/763 745/777/745
f 745/777/745 763/795/763 746/778/746
f 763/795/763 764/796/764 746/778/746
f 746/778/746 764/796/764 747/779/747
f 764/796/764 765/797/765 747/779/747
f 747/779/747 765/797/765 748/780/748
f 765/797/765 766/798/766 748/780/748
f 748/780/748 766/798/766 749/781/749
f 766/798/766 767/799/767 749/781/749
f 749/781/749 767/799/767 750/782/750
f 767/799/767 768/800/768 750/782/750
f 750/782/750 768/800/768 751/783/751
f 768/800/768 769/801/769 751/783/751
f 751/783/751 769/801/769 752/784/752
f 769/801/769 770/802/770 752/784/752
f 752/784/752 770/802/770 753/785/753
f 770/802/770 771/803/771 753/785/753
f 753/785/753 771/803/771 754/786/754
f 771/803/771 772/804/772 754/786/754
f 754/786/754 772/804/772 755/787/755
f 772/804/772 773/805/773 755/787/755
f 248/610/248 591/613/591 590/611/590
f 591/613/591 774/806/774 590/611/590
f 590/611/590 774/806/774 756/788/756
f 774/806/774 775/807/775 756/788/756
f 756/788/756 775/807/775 757/789/757
f 775/807/775 776/808/776 757/789/757
f 757/789/757 776/808/776 758/790/758
f 776/808/776 777/809/777 758/790/758
f 758/790/758 777/809/777 759/791/759
f 777/809/777 778/810/778 759/791/759
f 759/791/759 778/810/778 760/792/760
f 778/810/778 779/811/779 760/792/760
f 760/792/760 779/811/779 761/793/761
f 779/811/779 780/812/780 761/793/761
f 761/793/761 780/812/780 762/794/762
f 780/812/780 781/813/781 762/794/762
f 762/794/762 781/813/781 763/795/763
f 781/813/781 782/814/782 763/795/763
f 763/795/763 782/814/782 764/796/764
f 782/814/782 783/815/783 764/796/764
f 764/796/764 783/815/783 765/797/765
f 783/815/783 784/816/784 765/797/765
f 765/797/765 784/816/784 766/798/766
f 784/816/784 785/817/785 766/798/766
f 766/798/766 785/817/785 767/799/767
f 785/817/785 786/818/786 767/799/767
f 767/799/767 786/818/786 768/800/768
f 786/818/786 787/819/787 768/800/768
f 768/800/768 787/819/787 769/801/769
f 787/819/787 788/820/788 769/801/769
f 769/801/769 788/820/788 770/802/770
f 788/820/788 789/821/789 770/802/770
f 770/802/770 789/821/789 771/803/771
f 789/821/789 790/822/790 771/803/771
f 771/803/771 790/822/790 772/804/772
f 790/822/790 791/823/791 772/804/772
f 772/804/772 791/823/791 773/805/773
f 791/823/791 792/824/792 773/805/773
f 267/612/267 592/615/592 591/613/591
f 592/615/592 793/825/793 591/613/591
f 591/613/591 793/825/793 774/806/774
f 793/825/793 794/826/794 774/806/774
f 774/806/774 794/826/794 775/807/775
f 794/826/794 795/827/795 775/807/775
f 775/807/775 795/827/795 776/808/776
f 795/827/795 796/828/796 776/808/776
f 776/808/776 796/828/796 777/809/777
f 796/828/796 797/829/797 777/809/777
f 777/809/777 797/829/797 778/810/778
f 797/829/797 798/830/798 778/810/778
f 778/810/778 798/830/798 779/811/779
f 798/830/798 799/831/799 779/811/779
f 779/811/779 799/831/799 780/812/780
f 799/831/799 800/832/800 780/812/780
f 780/812/780 800/832/800 781/813/781
f 800/832/800 801/833/801 781/813/781
f 781/813/781 801/833/801 782/814/782
f 801/833/801 802/834/802 782/814/782
f 782/814/782 802/834/802 783/815/783
f 802/834/802 803/835/803 783/815/783
f 783/815/783 803/835/803 784/816/784
f 803/835/803 804/836/804 784/816/784
f 784/816/784 804/836/804 785/817/785
f 804/836/804 805/837/805 785/817/785
f 785/817/785 805/837/805 786/818/786
f 805/837/805 806/838/806 786/818/786
f 786/818/786 806/838/806 787/819/787
f 806/838/806 807/839/807 787/819/787
f 787/819/787 807/839/807 788/820/788
f 807/839/807 808/840/808 788/820/788
f 788/820/788 808/840/808 789/821/789
f 808/840/808 809/841/809 789/821/789
f 789/821/789 809/841/809 790/822/790
f 809/841/809 810/842/810 790/822/790
f 790/822/790 810/842/810 791/823/791
f 810/842/810 811/843/811 791/823/791
f 791/823/791 811/843/811 792/824/792
f 811/843/811 812/844/812 792/824/792
f 287/614/287 593/617/593 592/615/592
f 593/617/593 813/845/813 592/615/592
f 592/615/592 813/845/813 793/825/793
f 813/845/813 814/846/814 793/825/793
f 793/825/793 814/846/814 794/826/794
f 814/846/814 815/847/815 794/826/794
f 794/826/794 815/847/815 795/827/795
f 815/847/815 816/848/816 795/827/795
f 795/827/795 816/848/816 796/828/796
f 816/848/816 817/849/817 796/828/796
f 796/828/796 817/849/817 797/829/797
f 817/849/817 818/850/818 797/829/797
f 797/829/797 818/850/818 798/830/798
f 818/850/818 819/851/819 798/830/798
f 798/830/798 819/851/819 799/831/799
f 819/851/819 820/852/820 799/831/799
f 799/831/799 820/852/820 800/832/800
f 820/852/820 821/853/821 800/832/800
f 800/832/800 821/853/821 801/833/801
f 821/853/821 822/854/822 801/833/801
f 801/833/801 822/854/822 802/834/802
f 822/854/822 823/855/823 802/834/802
f 802/834/802 823/855/823 803/835/803
f 823/855/823 824/856/824 803/835/803
f 803/835/803 824/856/824 804/836/804
f 824/856/824 825/857/825 804/836/804
f 804/836/804 825/857/825 805/837/805
f 825/857/825 826/858/826 805/837/805
f 805/837/805 826/858/826 806/838/806
f 826/858/826 827/859/827 806/838/806
f 806/838/806 827/859/827 807/839/807
f 827/859/827 828/860/828 807/839/807
f 807/839/807 828/860/828 808/840/808
f 828/860/828 829/861/829 808/840/808
f 808/840/808 829/861/829 809/841/809
f 829/861/829 830/862/830 809/841/809
f 809/841/809 830/862/830 810/842/810
f 830/862/830 831/863/831 810/842/810
f 810/842/810 831/863/831 811/843/811
f 831/863/831 832/864/832 811/843/811
f 811/843/811 832/864/832 812/844/812
f 832/864/832 833/865/833 812/844/812
f 308/616/308 594/619/594 593/617/593
f 594/619/594 834/866/834 593/617/593
f 593/617/593 834/866/834 813/845/813
f 834/866/834 835/867/835 813/845/813
f 813/845/813 835/867/835 814/846/814
f 835/867/835 836/868/836 814/846/814
f 814/846/814 836/868/836 815/847/815
f 836/868/836 837/869/837 815/847/815
f 815/847/815 837/869/837 816/848/816
f 837/869/837 838/870/838 816/848/816
f 816/848/816 838/870/838 817/849/817
f 838/870/838 839/871/839 817/849/817
f 817/849/817 839/871/839 818/850/818
f 839/871/839 840/872/840 818/850/818
f 818/850/818 840/872/840 819/851/819
f 840/872/840 841/873/841 819/851/819
f 819/851/819 841/873/841 820/852/820
f 841/873/841 842/874/842 820/852/820
f 820/852/820 842/874/842 821/853/821
f 842/874/842 843/875/843 821/853/821
f 821/853/821 843/875/843 822/854/822
f 843/875/843 844/876/844 822/854/822
f 822/854/822 844/876/844 823/855/823
f 844/876/844 845/877/845 823/855/823
f 823/855/823 845/877/845 824/856/824
f 845/877/845 846/878/846 824/856/824
f 824/856/824 846/878/846 825/857/825
f 846/878/846 847/879/847 825/857/825
f 825/857/825 847/879/847 826/858/826
f 847/879/847 848/880/848 826/858/826
f 826/858/826 848/880/848 827/859/827
f 848/880/848 849/881/849 827/859/827
f 827/859/827 849/881/849 828/860/828
f 849/881/849 850/882/850 828/860/828
f 828/860/828 850/882/850 829/861/829
f 850/882/850 851/883/851 829/861/829
f 829/861/829 851/883/851 830/862/830
f 851/883/851 852/884/852 830/862/830
f 830/862/830 852/884/852 831/863/831
f 852/884/852 853/885/853 831/863/831
f 831/863/831 853/885/853 832/864/832
f 853/885/853 854/886/854 832/864/832
f 832/864/832 854/886/854 833/865/833
f 854/886/854 855/887/855 833/865/833
f 330/618/330 595/621/595 594/619/594
f 595/621/595 856/888/856 594/619/594
f 594/619/594 856/888/856 834/866/834
f 856/888/856 857/889/857 834/866/834
f 834/866/834 857/889/857 835/867/835
f 857/889/857 858/890/858 835/867/835
f 835/867/835 858/890/858 836/868/836
f 858/890/858 859/891/859 836/868/836
f 836/868/836 859/891/859 837/869/837
f 859/891/859 860/892/860 837/869/837
f 837/869/837 860/892/860 838/870/838
f 860/892/860 861/893/861 838/870/838
f 838/870/838 861/893/861 839/871/839
f 861/893/861 862/894/862 839/871/839
f 839/871/839 862/894/862 840/872/840
f 862/894/862 863/895/863 840/872/840
f 840/872/840 863/895/863 841/873/841
f 863/895/863 864/896/864 841/873/841
f 841/873/841 864/896/864 842/874/842
f 864/896/864 865/897/865 842/874/842
f 842/874/842 865/897/865 843/875/843
f 865/897/865 866/898/866 843/875/843
f 843/875/843 866/898/866 844/876/844
f 866/898/866 867/899/867 844/876/844
f 844/876/844 867/899/867 845/877/845
f 867/899/867 868/900/868 845/877/845
f 845/877/845 868/900/868 846/878/846
f 868/900/868 869/901/869 846/878/846
f 846/878/846 869/901/869 847/879/847
f 869/901/869 870/902/870 847/879/847
f 847/879/847 870/902/870 848/880/848
f 870/902/870 871/903/871 848/880/848
f 848/880/848 871/903/871 849/881/849
f 871/903/871 872/904/872 849/881/849
f 849/881/849 872/904/872 850/882/850
f 872/904/872 873/905/873 850/882/850
f 850/882/850 873/905/873 851/883/851
f 873/905/873 874/906/874 851/883/851
f 851/883/851 874/906/874 852/884/852
f 874/906/874 875/907/875 852/884/852
f 852/884/852 875/907/875 853/885/853
f 875/907/875 876/908/876 853/885/853
f 853/885/853 876/908/876 854/886/854
f 876/908/876 877/909/877 854/886/854
f 854/886/854 877/909/877 855/887/855
f 877/909/877 878/910/878 855/887/855
f 353/620/353 596/623/596 595/621/595
f 596/623/596 879/911/879 595/621/595
f 595/621/595 879/911/879 856/888/856
f 879/911/879 880/912/880 856/888/856
f 856/888/856 880/912/880 857/889/857
f 880/912/880 881/913/881 857/889/857
f 857/889/857 881/913/881 858/890/858
f 881/913/881 882/914/882 858/890/858
f 858/890/858 882/914/882 859/891/859
f 882/914/882 883/915/883 859/891/859
f 859/891/859 883/915/883 860/892/860
f 883/915/883 884/916/884 860/892/860
f 860/892/860 884/916/884 861/893/861
f 884/916/884 885/917/885 861/893/861
f 861/893/861 885/917/885 862/894/862
f 885/917/885 886/918/886 862/894/862
f 862/894/862 886/918/886 863/895/863
f 886/918/886 887/919/887 863/895/863
f 863/895/863 887/919/887 864/896/864
f 887/919/887 888/920/888 864/896/864
f 864/896/864 888/920/888 865/897/865
f 888/920/888 889/921/889 865/897/865
f 865/897/865 889/921/889 866/898/866
f 889/921/889 890/922/890 866/898/866
f 866/898/866 890/922/890 867/899/867
f 890/922/890 891/923/891 867/899/867
f 867/899/867 891/923/891 868/900/868
f 891/923/891 892/924/892 868/900/868
f 868/900/868 892/924/892 869/901/869
f 892/924/892 893/925/893 869/901/869
f 869/901/869 893/925/893 870/902/870
f 893/925/893 894/926/894 870/902/870
f 870/902/870 894/926/894 871/903/871
f 894/926/894 895/927/895 871/903/871
f 871/903/871 895/927/895 872/904/872
f 895/927/895 896/928/896 872/904/872
f 872/904/872 896/928/896 873/905/873
f 896/928/896 897/929/897 873/905/873
f 873/905/873 897/929/897 874/906/874
f 897/929/897 898/930/898 874/906/874
f 874/906/874 898/930/898 875/907/875
f 898/930/898 899/931/899 875/907/875
f 875/907/875 899/931/899 876/908/876
f 899/931/899 900/932/900 876/908/876
f 876/908/876 900/932/900 877/909/877
f 900/932/900 901/933/901 877/909/877
f 877/909/877 901/933/901 878/910/878
f 901/933/901 902/934/902 878/910/878
f 377/622/377 597/625/597 596/623/596
f 597/625/597 903/935/903 596/623/596
f 596/623/596 903/935/903 879/911/879
f 903/935/903 904/936/904 879/911/879
f 879/911/879 904/936/904 880/912/880
f 904/936/904 905/937/905 880/912/880
f 880/912/880 905/937/905 881/913/881
f 905/937/905 906/938/906 881/913/881
f 881/913/881 906/938/906 882/914/882
f 906/938/906 907/939/907 882/914/882
f 882/914/882 907/939/907 883/915/883
f 907/939/907 908/940/908 883/915/883
f 883/915/883 908/940/908 884/916/884
f 908/940/908 909/941/909 884/916/884
f 884/916/884 909/941/909 885/917/885
f 909/941/909 910/942/910 885/917/885
f 885/917/885 910/942/910 886/918/886
f 910/942/910 911/943/911 886/918/886
f 886/918/886 911/943/911 887/919/887
f 911/943/911 912/944/912 887/919/887
f 887/919/887 912/944/912 888/920/888
f 912/944/912 913/945/913 888/920/888
f 888/920/888 913/945/913 889/921/889
f 913/945/913 914/946/914 889/921/889
f 889/921/889 914/946/914 890/922/890
f 914/946/914 915/947/915 890/922/890
f 890/922/890 915/947/915 891/923/891
f 915/947/915 916/948/916 891/923/891
f 891/923/891 916/948/916 892/924/892
f 916/948/916 917/949/917 892/924/892
f 892/924/892 917/949/917 893/925/893
f 917/949/917 918/950/918 893/925/893
f 893/925/893 918/950/918 894/926/894
f 918/950/918 919/951/919 894/926/894
f 894/926/894 919/951/919 895/927/895
f 919/951/919 920/952/920 895/927/895
f 895/927/895 920/952/920 896/928/896
f 920/952/920 921/953/921 896/928/896
f 896/928/896 921/953/921 897/929/897
f 921/953/921 922/954/922 897/929/897
f 897/929/897 922/954/922 898/930/898
f 922/954/922 923/955/923 898/930/898
f 898/930/898 923/955/923 899/931/899
f 923/955/923 924/956/924 899/931/899
f 899/931/899 924/956/924 900/932/900
f 924/956/924 925/957/925 900/932/900
f 900/932/900 925/957/925 901/933/901
f 925/957/925 926/958/926 901/933/901
f 901/933/901 926/958/926 902/934/902
f 926/958/926 927/959/927 902/934/902
f 402/624/402 598/627/598 597/625/597
f 598/627/598 928/960/928 597/625/597
f 597/625/597 928/960/928 903/935/903
f 928/960/928 929/961/929 903/935/903
f 903/935/903 929/961/929 904/936/904
f 929/961/929 930/962/930 904/936/904
f 904/936/904 930/962/930 905/937/905
f 930/962/930 931/963/931 905/937/905
f 905/937/905 931/963/931 906/938/906
f 931/963/931 932/964/932 906/938/906
f 906/938/906 932/964/932 907/939/907
f 932/964/932 933/965/933 907/939/907
f 907/939/907 933/965/933 908/940/908
f 933/965/933 934/966/934 908/940/908
f 908/940/908 934/966/934 909/941/909
f 934/966/934 935/967/935 909/941/909
f 909/941/909 935/967/935 910/942/910
f 935/967/935 936/968/936 910/942/910
f 910/942/910 936/968/936 911/943/911
f 936/968/936 937/969/937 911/943/911
f 911/943/911 937/969/937 912/944/912
f 937/969/937 938/970/938 912/944/912
f 912/944/912 938/970/938 913/945/913
f 938/970/938 939/971/939 913/945/913
f 913/945/913 939/971/939 914/946/914
f 939/971/939 940/972/940 914/946/914
f 914/946/914 940/972/940 915/947/915
f 940/972/940 941/973/941 915/947/915
f 915/947/915 941/973/941 916/948/916
f 941/973/941 942/974/942 916/948/916
f 916/948/916 942/974/942 917/949/917
f 942/974/942 943/975/943 917/949/917
f 917/949/917 943/975/943 918/950/918
f 943/975/943 944/976/944 918/950/918
f 918/950/918 944/976/944 919/951/919
f 944/976/944 945/977/945 919/951/919
f 919/951/919 945/977/945 920/952/920
f 945/977/945 946/978/946 920/952/920
f 920/952/920 946/978/946 921/953/921
f 946/978/946 947/979/947 921/953/921
f 921/953/921 947/979/947 922/954/922
f 947/979/947 948/980/948 922/954/922
f 922/954/922 948/980/948 923/955/923
f 948/980/948 949/981/949 923/955/923
f 923/955/923 949/981/949 924/956/924
f 949/981/949 950/982/950 924/956/924
f 924/956/924 950/982/950 925/957/925
f 950/982/950 951/983/951 925/957/925
f 925/957/925 951/983/951 926/958/926
f 951/983/951 952/984/952 926/958/926
f 926/958/926 952/984/952 927/959/927
f 952/984/952 953/985/953 927/959/927
f 428/626/428 599/629/599 598/627/598
f 599/629/599 954/986/954 598/627/598
f 598/627/598 954/986/954 928/960/928
f 954/986/954 955/987/955 928/960/928
f 928/960/928 955/987/955 929/961/929
f 955/987/955 956/988/956 929/961/929
f 929/961/929 956/988/956 930/962/930
f 956/988/956 957/989/957 930/962/930
f 930/962/930 957/989/957 931/963/931
f 957/989/957 958/990/958 931/963/931
f 931/963/931 958/990/958 932/964/932
f 958/990/958 959/991/959 932/964/932
f 932/964/932 959/991/959 933/965/933
f 959/991/959 960/992/960 933/965/933
f 933/965/933 960/992/960 934/966/934
f 960/992/960 961/993/961 934/966/934
f 934/966/934 961/993/961 935/967/935
f 961/993/961 962/994/962 935/967/935
f 935/967/935 962/994/962 936/968/936
f 962/994/962 963/995/963 936/968/936
f 936/968/936 963/995/963 937/969/937
f 963/995/963 964/996/964 937/969/937
f 937/969/937 964/996/964 938/970/938
f 964/996/964 965/997/965 938/970/938
f 938/970/938 965/997/965 939/971/939
f 965/997/965 966/998/966 939/971/939
f 939/971/939 966/998/966 940/972/940
f 966/998/966 967/999/967 940/972/940
f 940/972/940 967/999/967 941/973/941
f 967/999/967 968/1000/968 941/973/941
f 941/973/941 968/1000/968 942/974/942
f 968/1000/968 969/1001/969 942/974/942
f 942/974/942 969/1001/969 943/975/943
f 969/1001/969 970/1002/970 943/975/943
f 943/975/943 970/1002/970 944/976/944
f 970/1002/970 971/1003/971 944/976/944
f 944/976/944 971/1003/971 945/977/945
f 971/1003/971 972/1004/972 945/977/945
f 945/977/945 972/1004/972 946/978/946
f 972/1004/972 973/1005/973 946/978/946
f 946/978/946 973/1005/973 947/979/947
f 973/1005/973 974/1006/974 947/979/947
f 947/979/947 974/1006/974 948/980/948
f 974/1006/974 975/1007/975 948/980/948
f 948/980/948 975/1007/975 949/981/949
f 975/1007/975 976/1008/976 949/981/949
f 949/981/949 976/1008/976 950/982/950
f 976/1008/976 977/1009/977 950/982/950
f 950/982/950 977/1009/977 951/983/951
f 977/1009/977 978/1010/978 951/983/951
f 951/983/951 978/1010/978 952/984/952
f 978/1010/978 979/1011/979 952/984/952
f 952/984/952 979/1011/979 953/985/953
f 979/1011/979 980/1012/980 953/985/953
f 455/628/455 600/631/600 599/629/599
f 600/631/600 981/1013/981 599/629/599
f 599/629/599 981/1013/981 954/986/954
f 981/1013/981 982/1014/982 954/986/954
f 954/986/954 982/1014/982 955/987/955
f 982/1014/982 983/1015/983 955/987/955
f 955/987/955 983/1015/983 956/988/956
f 983/1015/983 984/1016/984 956/988/956
f 956/988/956 984/1016/984 957/989/957
f 984/1016/984 985/1017/985 957/989/957
f 957/989/957 985/1017/985 958/990/958
f 985/1017/985 986/1018/986 958/990/958
f 958/990/958 986/1018/986 959/991/959
f 986/1018/986 987/1019/987 959/991/959
f 959/991/959 987/1019/987 960/992/960
f 987/1019/987 988/1020/988 960/992/960
f 960/992/960 988/1020/988 961/993/961
f 988/1020/988 989/1021/989 961/993/961
f 961/993/961 989/1021/989 962/994/962
f 989/1021/989 990/1022/990 962/994/962
f 962/994/962 990/1022/990 963/995/963
f 990/1022/990 991/1023/991 963/995/963
f 963/995/963 991/1023/991 964/996/964
f 991/1023/991 992/1024/992 964/996/964
f 964/996/964 992/1024/992 965/997/965
f 992/1024/992 993/1025/993 965/997/965
f 965/997/965 993/1025/993 966/998/966
f 993/1025/993 994/1026/994 966/998/966
f 966/998/966 994/1026/994 967/999/967
f 994/1026/994 995/1027/995 967/999/967
f 967/999/967 995/1027/995 968/1000/968
f 995/1027/995 996/1028/996 968/1000/968
f 968/1000/968 996/1028/996 969/1001/969
f 996/1028/996 997/1029/997 969/1001/969
f 969/1001/969 997/1029/997 970/1002/970
f 997/1029/997 998/1030/998 970/1002/970
f 970/1002/970 998/1030/998 971/1003/971
f 998/1030/998 999/1031/999 971/1003/971
f 971/1003/971 999/1031/999 972/1004/972
f 999/1031/999 1000/1032/1000 972/1004/972
f 972/1004/972 1000/1032/1000 973/1005/973
f 1000/1032/1000 1001/1033/1001 973/1005/973
f 973/1005/973 1001/1033/1001 974/1006/974
f 1001/1033/1001 1002/1034/1002 974/1006/974
f 974/1006/974 1002/1034/1002 975/1007/975
f 1002/1034/1002 1003/1035/1003 975/1007/975
f 975/1007/975 1003/1035/1003 976/1008/976
f 1003/1035/1003 1004/1036/1004 976/1008/976
f 976/1008/976 1004/1036/1004 977/1009/977
f 1004/1036/1004 1005/1037/1005 977/1009/977
f 977/1009/977 1005/1037/1005 978/1010/978
f 1005/1037/1005 1006/1038/1006 978/1010/978
f 978/1010/978 1006/1038/1006 979/1011/979
f 1006/1038/1006 1007/1039/1007 979/1011/979
f 979/1011/979 1007/1039/1007 980/1012/980
f 1007/1039/1007 1008/1040/1008 980/1012/980
f 483/630/483 601/633/601 600/631/600
f 601/633/601 1009/1041/1009 600/631/600
f 600/631/600 1009/1041/1009 981/1013/981
f 1009/1041/1009 1010/1042/1010 981/1013/981
f 981/1013/981 1010/1042/1010 982/1014/982
f 1010/1042/1010 1011/1043/1011 982/1014/982
f 982/1014/982 1011/1043/1011 983/1015/983
f 1011/1043/1011 1012/1044/1012 983/1015/983
f 983/1015/983 1012/1044/1012 984/1016/984
f 1012/1044/1012 1013/1045/1013 984/1016/984
f 984/1016/984 1013/1045/1013 985/1017/985
f 1013/1045/1013 1014/1046/1014 985/1017/985
f 985/1017/985 1014/1046/1014 986/1018/986
f 1014/1046/1014 1015/1047/1015 986/1018/986
f 986/1018/986 1015/1047/1015 987/1019/987
f 1015/1047/1015 1016/1048/1016 987/1019/987
f 987/1019/987 1016/1048/1016 988/1020/988
f 1016/1048/1016 1017/1049/1017 988/1020/988
f 988/1020/988 1017/1049/1017 989/1021/989
f 1017/1049/1017 1018/1050/1018 989/1021/989
f 989/1021/989 1018/1050/1018 990/1022/990
f 1018/1050/1018 1019/1051/1019 990/1022/990
f 990/1022/990 1019/1051/1019 991/1023/991
f 1019/1051/1019 1020/1052/1020 991/1023/991
f 991/1023/991 1020/1052/1020 992/1024/992
f 1020/1052/1020 1021/1053/1021 992/1024/992
f 992/1024/992 1021/1053/1021 993/1025/993
f 1021/1053/1021 1022/1054/1022 993/1025/993
f 993/1025/993 1022/1054/1022 994/1026/994
f 1022/1054/1022 1023/1055/1023 994/1026/994
f 994/1026/994 1023/1055/1023 995/1027/995
f 1023/1055/1023 1024/1056/1024 995/1027/995
f 995/1027/995 1024/1056/1024 996/1028/996
f 1024/1056/1024 1025/1057/1025 996/1028/996
f 996/1028/996 1025/1057/1025 997/1029/997
f 1025/1057/1025 1026/1058/1026 997/1029/997
f 997/1029/997 1026/1058/1026 998/1030/998
f 1026/1058/1026 1027/1059/1027 998/1030/998
f 998/1030/998 1027/1059/1027 999/1031/999
f 1027/1059/1027 1028/1060/1028 999/1031/999
f 999/1031/999 1028/1060/1028 1000/1032/1000
f 1028/1060/1028 1029/1061/1029 1000/1032/1000
f 1000/1032/1000 1029/1061/1029 1001/1033/1001
f 1029/1061/1029 1030/1062/1030 1001/1033/1001
f 1001/1033/1001 1030/1062/1030 1002/1034/1002
f 1030/1062/1030 1031/1063/1031 1002/1034/1002
f 1002/1034/1002 1031/1063/1031 1003/1035/1003
f 1031/1063/1031 1032/1064/1032 1003/1035/1003
f 1003/1035/1003 1032/1064/1032 1004/1036/1004
f 1032/1064/1032 1033/1065/1033 1004/1036/1004
f 1004/1036/1004 1033/1065/1033 1005/1037/1005
f 1033/1065/1033 1034/1066/1034 1005/1037/1005
f 1005/1037/1005 1034/1066/1034 1006/1038/1006
f 1034/1066/1034 1035/1067/1035 1006/1038/1006
f 1006/1038/1006 1035/1067/1035 1007/1039/1007
f 1035/1067/1035 1036/1068/1036 1007/1039/1007
f 1007/1039/1007 1036/1068/1036 1008/1040/1008
f 1036/1068/1036 1037/1069/1037 1008/1040/1008
f 512/632/512 602/634/602 601/633/601
f 602/634/602 1038/1070/1038 601/633/601
f 601/633/601 1038/1070/1038 1009/1041/1009
f 1038/1070/1038 1039/1071/1039 1009/1041/1009
f 1009/1041/1009 1039/1071/1039 1010/1042/1010
f 1039/1071/1039 1040/1072/1040 1010/1042/1010
f 1010/1042/1010 1040/1072/1040 1011/1043/1011
f 1040/1072/1040 1041/1073/1041 1011/1043/1011
f 1011/1043/1011 1041/1073/1041 1012/1044/1012
f 1041/1073/1041 1042/1074/1042 1012/1044/1012
f 1012/1044/1012 1042/1074/1042 1013/1045/1013
f 1042/1074/1042 1043/1075/1043 1013/1045/1013
f 1013/1045/1013 1043/1075/1043 1014/1046/1014
f 1043/1075/1043 1044/1076/1044 1014/1046/1014
f 1014/1046/1014 1044/1076/1044 1015/1047/1015
f 1044/1076/1044 1045/1077/1045 1015/1047/1015
f 1015/1047/1015 1045/1077/1045 1016/1048/1016
f 1045/1077/1045 1046/1078/1046 1016/1048/1016
f 1016/1048/1016 1046/1078/1046 1017/1049/1017
f 1046/1078/1046 1047/1079/1047 1017/1049/1017
f 1017/1049/1017 1047/1079/1047 1018/1050/1018
f 1047/1079/1047 1048/1080/1048 1018/1050/1018
f 1018/1050/1018 1048/1080/1048 1019/1051/1019
f 1048/1080/1048 1049/1081/1049 1019/1051/1019
f 1019/1051/1019 1049/1081/1049 1020/1052/1020
f 1049/1081/1049 1050/1082/1050 1020/1052/1020
f 1020/1052/1020 1050/1082/1050 1021/1053/1021
f 1050/1082/1050 1051/1083/1051 1021/1053/1021
f 1021/1053/1021 1051/1083/1051 1022/1054/1022
f 1051/1083/1051 1052/1084/1052 1022/1054/1022
f 1022/1054/1022 1052/1084/1052 1023/1055/1023
f 1052/1084/1052 1053/1085/1053 1023/1055/1023
f 1023/1055/1023 1053/1085/1053 1024/1056/1024
f 1053/1085/1053 1054/1086/1054 1024/1056/1024
f 1024/1056/1024 1054/1086/1054 1025/1057/1025
f 1054/1086/1054 1055/1087/1055 1025/1057/1025
f 1025/1057/1025 1055/1087/1055 1026/1058/1026
f 1055/1087/1055 1056/1088/1056 1026/1058/1026
f 1026/1058/1026 1056/1088/1056 1027/1059/1027
f 1056/1088/1056 1057/1089/1057 1027/1059/1027
f 1027/1059/1027 1057/1089/1057 1028/1060/1028
f 1057/1089/1057 1058/1090/1058 1028/1060/1028
f 1028/1060/1028 1058/1090/1058 1029/1061/1029
f 1058/1090/1058 1059/1091/1059 1029/1061/1029
f 1029/1061/1029 1059/1091/1059 1030/1062/1030
f 1059/1091/1059 1060/1092/1060 1030/1062/1030
f 1030/1062/1030 1060/1092/1060 1031/1063/1031
f 1060/1092/1060 1061/1093/1061 1031/1063/1031
f 1031/1063/1031 1061/1093/1061 1032/1064/1032
f 1061/1093/1061 1062/1094/1062 1032/1064/1032
f 1032/1064/1032 1062/1094/1062 1033/1065/1033
f 1062/1094/1062 1063/1095/1063 1033/1065/1033
f 1033/1065/1033 1063/1095/1063 1034/1066/1034
f 1063/1095/1063 1064/1096/1064 1034/1066/1034
f 1034/1066/1034 1064/1096/1064 1035/1067/1035
f 1064/1096/1064 1065/1097/1065 1035/1067/1035
f 1035/1067/1035 1065/1097/1065 1036/1068/1036
f 1065/1097/1065 1066/1098/1066 1036/1068/1036
f 1036/1068/1036 1066/1098/1066 1037/1069/1037
f 1066/1098/1066 9/1099/9 1037/1069/1037
f 12/12/12 11/11/11 602/634/602
f 11/11/11 1067/1100/1067 602/634/602
f 602/634/602 1067/1100/1067 1038/1070/1038
f 1067/1100/1067 1068/1101/1068 1038/1070/1038
f 1038/1070/1038 1068/1101/1068 1039/1071/1039
f 1068/1101/1068 1069/1102/1069 1039/1071/1039
f 1039/1071/1039 1069/1102/1069 1040/1072/1040
f 1069/1102/1069 1070/1103/1070 1040/1072/1040
f 1040/1072/1040 1070/1103/1070 1041/1073/1041
f 1070/1103/1070 1071/1104/1071 1041/1073/1041
f 1041/1073/1041 1071/1104/1071 1042/1074/1042
f 1071/1104/1071 1072/1105/1072 1042/1074/1042
f 1042/1074/1042 1072/1105/1072 1043/1075/1043
f 1072/1105/1072 1073/1106/1073 1043/1075/1043
f 1043/1075/1043 1073/1106/1073 1044/1076/1044
f 1073/1106/1073 1074/1107/1074 1044/1076/1044
f 1044/1076/1044 1074/1107/1074 1045/1077/1045
f 1074/1107/1074 1075/1108/1075 1045/1077/1045
f 1045/1077/1045 1075/1108/1075 1046/1078/1046
f 1075/1108/1075 1076/1109/1076 1046/1078/1046
f 1046/1078/1046 1076/1109/1076 1047/1079/1047
f 1076/1109/1076 1077/1110/1077 1047/1079/1047
f 1047/1079/1047 1077/1110/1077 1048/1080/1048
f 1077/1110/1077 1078/1111/1078 1048/1080/1048
f 1048/1080/1048 1078/1111/1078 1049/1081/1049
f 1078/1111/1078 1079/1112/1079 1049/1081/1049
f 1049/1081/1049 1079/1112/1079 1050/1082/1050
f 1079/1112/1079 1080/1113/1080 1050/1082/1050
f 1050/1082/1050 1080/1113/1080 1051/1083/1051
f 1080/1113/1080 1081/1114/1081 1051/1083/1051
f 1051/1083/1051 1081/1114/1081 1052/1084/1052
f 1081/1114/1081 1082/1115/1082 1052/1084/1052
f 1052/1084/1052 1082/1115/1082 1053/1085/1053
f 1082/1115/1082 1083/1116/1083 1053/1085/1053
f 1053/1085/1053 1083/1116/1083 1054/1086/1054
f 1083/1116/1083 1084/1117/1084 1054/1086/1054
f 1054/1086/1054 1084/1117/1084 1055/1087/1055
f 1084/1117/1084 1085/1118/1085 1055/1087/1055
f 1055/1087/1055 1085/1118/1085 1056/1088/1056
f 1085/1118/1085 1086/1119/1086 1056/1088/1056
f 1056/1088/1056 1086/1119/1086 1057/1089/1057
f 1086/1119/1086 1087/1120/1087 1057/1089/1057
f 1057/1089/1057 1087/1120/1087 1058/1090/1058
f 1087/1120/1087 1088/1121/1088 1058/1090/1058
f 1058/1090/1058 1088/1121/1088 1059/1091/1059
f 1088/1121/1088 1089/1122/1089 1059/1091/1059
f 1059/1091/1059 1089/1122/1089 1060/1092/1060
f 1089/1122/1089 1090/1123/1090 1060/1092/1060
f 1060/1092/1060 1090/1123/1090 1061/1093/1061
f 1090/1123/1090 1091/1124/1091 1061/1093/1061
f 1061/1093/1061 1091/1124/1091 1062/1094/1062
f 1091/1124/1091 1092/1125/1092 1062/1094/1062
f 1062/1094/1062 1092/1125/1092 1063/1095/1063
f 1092/1125/1092 1093/1126/1093 1063/1095/1063
f 1063/1095/1063 1093/1126/1093 1064/1096/1064
f 1093/1126/1093 1094/1127/1094 1064/1096/1064
f 1064/1096/1064 1094/1127/1094 1065/1097/1065
f 1094/1127/1094 1095/1128/1095 1065/1097/1065
f 1065/1097/1065 1095/1128/1095 1066/1098/1066
f 1095/1128/1095 1096/1129/1096 1066/1098/1066
f 1066/1098/1066 1096/1129/1096 9/1099/9
f 1096/1129/1096 7/7/7 9/1099/9
f 572/1130/572 1097/1131/1097 18/1132/18
f 603/1133/603 1098/1134/1098 572/1130/572
f 605/1135/605 1099/1136/1099 603/1133/603
f 608/1137/608 1100/1138/1100 605/1135/605
f 612/1139/612 1101/1140/1101 608/1137/608
f 617/1141/617 1102/1142/1102 612/1139/612
f 623/1143/623 1103/1144/1103 617/1141/617
f 630/1145/630 1104/1146/1104 623/1143/623
f 638/1147/638 1105/1148/1105 630/1145/630
f 647/1149/647 1106/1150/1106 638/1147/638
f 657/1151/657 1107/1152/1107 647/1149/647
f 668/1153/668 1108/1154/1108 657/1151/657
f 680/1155/680 1109/1156/1109 668/1153/668
f 693/1157/693 1110/1158/1110 680/1155/680
f 707/1159/707 1111/1160/1111 693/1157/693
f 722/1161/722 1112/1162/1112 707/1159/707
f 738/1163/738 1113/1164/1113 722/1161/722
f 755/1165/755 1114/1166/1114 738/1163/738
f 773/1167/773 1115/1168/1115 755/1165/755
f 792/1169/792 1116/1170/1116 773/1167/773
f 812/1171/812 1117/1172/1117 792/1169/792
f 833/1173/833 1118/1174/1118 812/1171/812
f 855/1175/855 1119/1176/1119 833/1173/833
f 878/1177/878 1120/1178/1120 855/1175/855
f 902/1179/902 1121/1180/1121 878/1177/878
f 927/1181/927 1122/1182/1122 902/1179/902
f 953/1183/953 1123/1184/1123 927/1181/927
f 980/1185/980 1124/1186/1124 953/1183/953
f 1008/1187/1008 1125/1188/1125 980/1185/980
f 1037/1189/1037 1126/1190/1126 1008/1187/1008
f 9/9/9 1127/1191/1127 1037/1189/1037
f 572/1130/572 1098/1134/1098 1097/1131/1097
f 1098/1134/1098 1128/1192/1128 1097/1131/1097
f 603/1133/603 1099/1136/1099 1098/1134/1098
f 1099/1136/1099 1129/1193/1129 1098/1134/1098
f 1098/1134/1098 1129/1193/1129 1128/1192/1128
f 1129/1193/1129 1130/1194/1130 1128/1192/1128
f 605/1135/605 1100/1138/1100 1099/1136/1099
f 1100/1138/1100 1131/1195/1131 1099/1136/1099
f 1099/1136/1099 1131/1195/1131 1129/1193/1129
f 1131/1195/1131 1132/1196/1132 1129/1193/1129
f 1129/1193/1129 1132/1196/1132 1130/1194/1130
f 1132/1196/1132 1133/1197/1133 1130/1194/1130
f 608/1137/608 1101/1140/1101 1100/1138/1100
f 1101/1140/1101 1134/1198/1134 1100/1138/1100
f 1100/1138/1100 1134/1198/1134 1131/1195/1131
f 1134/1198/1134 1135/1199/1135 1131/1195/1131
f 1131/1195/1131 1135/1199/1135 1132/1196/1132
f 1135/1199/1135 1136/1200/1136 1132/1196/1132
f 1132/1196/1132 1136/1200/1136 1133/1197/1133
f 1136/1200/1136 1137/1201/1137 1133/1197/1133
f 612/1139/612 1102/1142/1102 1101/1140/1101
f 1102/1142/1102 1138/1202/1138 1101/1140/1101
f 1101/1140/1101 1138/1202/1138 1134/1198/1134
f 1138/1202/1138 1139/1203/1139 1134/1198/1134
f 1134/1198/1134 1139/1203/1139 1135/1199/1135
f 1139/1203/1139 1140/1204/1140 1135/1199/1135
f 1135/1199/1135 1140/1204/1140 1136/1200/1136
f 1140/1204/1140 1141/1205/1141 1136/1200/1136
f 1136/1200/1136 1141/1205/1141 1137/1201/1137
f 1141/1205/1141 1142/1206/1142 1137/1201/1137
f 617/1141/617 1103/1144/1103 1102/1142/1102
f 1103/1144/1103 1143/1207/1143 1102/1142/1102
f 1102/1142/1102 1143/1207/1143 1138/1202/1138
f 1143/1207/1143 1144/1208/1144 1138/1202/1138
f 1138/1202/1138 1144/1208/1144 1139/1203/1139
f 1144/1208/1144 1145/1209/1145 1139/1203/1139
f 1139/1203/1139 1145/1209/1145 1140/1204/1140
f 1145/1209/1145 1146/1210/1146 1140/1204/1140
f 1140/1204/1140 1146/1210/1146 1141/1205/1141
f 1146/1210/1146 1147/1211/1147 1141/1205/1141
f 1141/1205/1141 1147/1211/1147 1142/1206/1142
f 1147/1211/1147 1148/1212/1148 1142/1206/1142
f 623/1143/623 1104/1146/1104 1103/1144/1103
f 1104/1146/1104 1149/1213/1149 1103/1144/1103
f 1103/1144/1103 1149/1213/1149 1143/1207/1143
f 1149/1213/1149 1150/1214/1150 1143/1207/1143
f 1143/1207/1143 1150/1214/1150 1144/1208/1144
f 1150/1214/1150 1151/1215/1151 1144/1208/1144
f 1144/1208/1144 1151/1215/1151 1145/1209/1145
f 1151/1215/1151 1152/1216/1152 1145/1209/1145
f 1145/1209/1145 1152/1216/1152 1146/1210/1146
f 1152/1216/1152 1153/1217/1153 1146/1210/1146
f 1146/1210/1146 1153/1217/1153 1147/1211/1147
f 1153/1217/1153 1154/1218/1154 1147/1211/1147
f 1147/1211/1147 1154/1218/1154 1148/1212/1148
f 1154/1218/1154 1155/1219/1155 1148/1212/1148
f 630/1145/630 1105/1148/1105 1104/1146/1104
f 1105/1148/1105 1156/1220/1156 1104/1146/1104
f 1104/1146/1104 1156/1220/1156 1149/1213/1149
f 1156/1220/1156 1157/1221/1157 1149/1213/1149
f 1149/1213/1149 1157/1221/1157 1150/1214/1150
f 1157/1221/1157 1158/1222/1158 1150/1214/1150
f 1150/1214/1150 1158/1222/1158 1151/1215/1151
f 1158/1222/1158 1159/1223/1159 1151/1215/1151
f 1151/1215/1151 1159/1223/1159 1152/1216/1152
f 1159/1223/1159 1160/1224/1160 1152/1216/1152
f 1152/1216/1152 1160/1224/1160 1153/1217/1153
f 1160/1224/1160 1161/1225/1161 1153/1217/1153
f 1153/1217/1153 1161/1225/1161 1154/1218/1154
f 1161/1225/1161 1162/1226/1162 1154/1218/1154
f 1154/1218/1154 1162/1226/1162 1155/1219/1155
f 1162/1226/1162 1163/1227/1163 1155/1219/1155
f 638/1147/638 1106/1150/1106 1105/1148/1105
f 1106/1150/1106 1164/1228/1164 1105/1148/1105
f 1105/1148/1105 1164/1228/1164 1156/1220/1156
f 1164/1228/1164 1165/1229/1165 1156/1220/1156
f 1156/1220/1156 1165/1229/1165 1157/1221/1157
f 1165/1229/1165 1166/1230/1166 1157/1221/1157
f 1157/1221/1157 1166/1230/1166 1158/1222/1158
f 1166/1230/1166 1167/1231/1167 1158/1222/1158
f 1158/1222/1158 1167/1231/1167 1159/1223/1159
f 1167/1231/1167 1168/1232/1168 1159/1223/1159
f 1159/1223/1159 1168/1232/1168 1160/1224/1160
f 1168/1232/1168 1169/1233/1169 1160/1224/1160
f 1160/1224/1160 1169/1233/1169 1161/1225/1161
f 1169/1233/1169 1170/1234/1170 1161/1225/1161
f 1161/1225/1161 1170/1234/1170 1162/1226/1162
f 1170/1234/1170 1171/1235/1171 1162/1226/1162
f 1162/1226/1162 1171/1235/1171 1163/1227/1163
f 1171/1235/1171 1172/1236/1172 1163/1227/1163
f 647/1149/647 1107/1152/1107 1106/1150/1106
f 1107/1152/1107 1173/1237/1173 1106/1150/1106
f 1106/1150/1106 1173/1237/1173 1164/1228/1164
f 1173/1237/1173 1174/1238/1174 1164/1228/1164
f 1164/1228/1164 1174/1238/1174 1165/1229/1165
f 1174/1238/1174 1175/1239/1175 1165/1229/1165
f 1165/1229/1165 1175/1239/1175 1166/1230/1166
f 1175/1239/1175 1176/1240/1176 1166/1230/1166
f 1166/1230/1166 1176/1240/1176 1167/1231/1167
f 1176/1240/1176 1177/1241/1177 1167/1231/1167
f 1167/1231/1167 1177/1241/1177 1168/1232/1168
f 1177/1241/1177 1178/1242/1178 1168/1232/1168
f 1168/1232/1168 1178/1242/1178 1169/1233/1169
f 1178/1242/1178 1179/1243/1179 1169/1233/1169
f 1169/1233/1169 1179/1243/1179 1170/1234/1170
f 1179/1243/1179 1180/1244/1180 1170/1234/1170
f 1170/1234/1170 1180/1244/1180 1171/1235/1171
f 1180/1244/1180 1181/1245/1181 1171/1235/1171
f 1171/1235/1171 1181/1245/1181 1172/1236/1172
f 1181/1245/1181 1182/1246/1182 1172/1236/1172
f 657/1151/657 1108/1154/1108 1107/1152/1107
f 1108/1154/1108 1183/1247/1183 1107/1152/1107
f 1107/1152/1107 1183/1247/1183 1173/1237/1173
f 1183/1247/1183 1184/1248/1184 1173/1237/1173
f 1173/1237/1173 1184/1248/1184 1174/1238/1174
f 1184/1248/1184 1185/1249/1185 1174/1238/1174
f 1174/1238/1174 1185/1249/1185 1175/1239/1175
f 1185/1249/1185 1186/1250/1186 1175/1239/1175
f 1175/1239/1175 1186/1250/1186 1176/1240/1176
f 1186/1250/1186 1187/1251/1187 1176/1240/1176
f 1176/1240/1176 1187/1251/1187 1177/1241/1177
f 1187/1251/1187 1188/1252/1188 1177/1241/1177
f 1177/1241/1177 1188/1252/1188 1178/1242/1178
f 1188/1252/1188 1189/1253/1189 1178/1242/1178
f 1178/1242/1178 1189/1253/1189 1179/1243/1179
f 1189/1253/1189 1190/1254/1190 1179/1243/1179
f 1179/1243/1179 1190/1254/1190 1180/1244/1180
f 1190/1254/1190 1191/1255/1191 1180/1244/1180
f 1180/1244/1180 1191/1255/1191 1181/1245/1181
f 1191/1255/1191 1192/1256/1192 1181/1245/1181
f 1181/1245/1181 1192/1256/1192 1182/1246/1182
f 1192/1256/1192 1193/1257/1193 1182/1246/1182
f 668/1153/668 1109/1156/1109 1108/1154/1108
f 1109/1156/1109 1194/1258/1194 1108/1154/1108
f 1108/1154/1108 1194/1258/1194 1183/1247/1183
f 1194/1258/1194 1195/1259/1195 1183/1247/1183
f 1183/1247/1183 1195/1259/1195 1184/1248/1184
f 1195/1259/1195 1196/1260/1196 1184/1248/1184
f 1184/1248/1184 1196/1260/1196 1185/1249/1185
f 1196/1260/1196 1197/1261/1197 1185/1249/1185
f 1185/1249/1185 1197/1261/1197 1186/1250/1186
f 1197/1261/1197 1198/1262/1198 1186/1250/1186
f 1186/1250/1186 1198/1262/1198 1187/1251/1187
f 1198/1262/1198 1199/1263/1199 1187/1251/1187
f 1187/1251/1187 1199/1263/1199 1188/1252/1188
f 1199/1263/1199 1200/1264/1200 1188/1252/1188
f 1188/1252/1188 1200/1264/1200 1189/1253/1189
f 1200/1264/1200 1201/1265/1201 1189/1253/1189
f 1189/1253/1189 1201/1265/1201 1190/1254/1190
f 1201/1265/1201 1202/1266/1202 1190/1254/1190
f 1190/1254/1190 1202/1266/1202 1191/1255/1191
f 1202/1266/1202 1203/1267/1203 1191/1255/1191
f 1191/1255/1191 1203/1267/1203 1192/1256/1192
f 1203/1267/1203 1204/1268/1204 1192/1256/1192
f 1192/1256/1192 1204/1268/1204 1193/1257/1193
f 1204/1268/1204 1205/1269/1205 1193/1257/1193
f 680/1155/680 1110/1158/1110 1109/1156/1109
f 1110/1158/1110 1206/1270/1206 1109/1156/1109
f 1109/1156/1109 1206/1270/1206 1194/1258/1194
f 1206/1270/1206 1207/1271/1207 1194/1258/1194
f 1194/1258/1194 1207/1271/1207 1195/1259/1195
f 1207/1271/1207 1208/1272/1208 1195/1259/1195
f 1195/1259/1195 1208/1272/1208 1196/1260/1196
f 1208/1272/1208 1209/1273/1209 1196/1260/1196
f 1196/1260/1196 1209/1273/1209 1197/1261/1197
f 1209/1273/1209 1210/1274/1210 1197/1261/1197
f 1197/1261/1197 1210/1274/1210 1198/1262/1198
f 1210/1274/1210 1211/1275/1211 1198/1262/1198
f 1198/1262/1198 1211/1275/1211 1199/1263/1199
f 1211/1275/1211 1212/1276/1212 1199/1263/1199
f 1199/1263/1199 1212/1276/1212 1200/1264/1200
f 1212/1276/1212 1213/1277/1213 1200/1264/1200
f 1200/1264/1200 1213/1277/1213 1201/1265/1201
f 1213/1277/1213 1214/1278/1214 1201/1265/1201
f 1201/1265/1201 1214/1278/1214 1202/1266/1202
f 1214/1278/1214 1215/1279/1215 1202/1266/1202
f 1202/1266/1202 1215/1279/1215 1203/1267/1203
f 1215/1279/1215 1216/1280/1216 1203/1267/1203
f 1203/1267/1203 1216/1280/1216 1204/1268/1204
f 1216/1280/1216 1217/1281/1217 1204/1268/1204
f 1204/1268/1204 1217/1281/1217 1205/1269/1205
f 1217/1281/1217 1218/1282/1218 1205/1269/1205
f 693/1157/693 1111/1160/1111 1110/1158/1110
f 1111/1160/1111 1219/1283/1219 1110/1158/1110
f 1110/1158/1110 1219/1283/1219 1206/1270/1206
f 1219/1283/1219 1220/1284/1220 1206/1270/1206
f 1206/1270/1206 1220/1284/1220 1207/1271/1207
f 1220/1284/1220 1221/1285/1221 1207/1271/1207
f 1207/1271/1207 1221/1285/1221 1208/1272/1208
f 1221/1285/1221 1222/1286/1222 1208/1272/1208
f 1208/1272/1208 1222/1286/1222 1209/1273/1209
f 1222/1286/1222 1223/1287/1223 1209/1273/1209
f 1209/1273/1209 1223/1287/1223 1210/1274/1210
f 1223/1287/1223 1224/1288/1224 1210/1274/1210
f 1210/1274/1210 1224/1288/1224 1211/1275/1211
f 1224/1288/1224 1225/1289/1225 1211/1275/1211
f 1211/1275/1211 1225/1289/1225 1212/1276/1212
f 1225/1289/1225 1226/1290/1226 1212/1276/1212
f 1212/1276/1212 1226/1290/1226 1213/1277/1213
f 1226/1290/1226 1227/1291/1227 1213/1277/1213
f 1213/1277/1213 1227/1291/1227 1214/1278/1214
f 1227/1291/1227 1228/1292/1228 1214/1278/1214
f 1214/1278/1214 1228/1292/1228 1215/1279/1215
f 1228/1292/1228 1229/1293/1229 1215/1279/1215
f 1215/1279/1215 1229/1293/1229 1216/1280/1216
f 1229/1293/1229 1230/1294/1230 1216/1280/1216
f 1216/1280/1216 1230/1294/1230 1217/1281/1217
f 1230/1294/1230 1231/1295/1231 1217/1281/1217
f 1217/1281/1217 1231/1295/1231 1218/1282/1218
f 1231/1295/1231 1232/1296/1232 1218/1282/1218
f 707/1159/707 1112/1162/1112 1111/1160/1111
f 1112/1162/1112 1233/1297/1233 1111/1160/1111
f 1111/1160/1111 1233/1297/1233 1219/1283/1219
f 1233/1297/1233 1234/1298/1234 1219/1283/1219
f 1219/1283/1219 1234/1298/1234 1220/1284/1220
f 1234/1298/1234 1235/1299/1235 1220/1284/1220
f 1220/1284/1220 1235/1299/1235 1221/1285/1221
f 1235/1299/1235 1236/1300/1236 1221/1285/1221
f 1221/1285/1221 1236/1300/1236 1222/1286/1222
f 1236/1300/1236 1237/1301/1237 1222/1286/1222
f 1222/1286/1222 1237/1301/1237 1223/1287/1223
f 1237/1301/1237 1238/1302/1238 1223/1287/1223
f 1223/1287/1223 1238/1302/1238 1224/1288/1224
f 1238/1302/1238 1239/1303/1239 1224/1288/1224
f 1224/1288/1224 1239/1303/1239 1225/1289/1225
f 1239/1303/1239 1240/1304/1240 1225/1289/1225
f 1225/1289/1225 1240/1304/1240 1226/1290/1226
f 1240/1304/1240 1241/1305/1241 1226/1290/1226
f 1226/1290/1226 1241/1305/1241 1227/1291/1227
f 1241/1305/1241 1242/1306/1242 1227/1291/1227
f 1227/1291/1227 1242/1306/1242 1228/1292/1228
f 1242/1306/1242 1243/1307/1243 1228/1292/1228
f 1228/1292/1228 1243/1307/1243 1229/1293/1229
f 1243/1307/1243 1244/1308/1244 1229/1293/1229
f 1229/1293/1229 1244/1308/1244 1230/1294/1230
f 1244/1308/1244 1245/1309/1245 1230/1294/1230
f 1230/1294/1230 1245/1309/1245 1231/1295/1231
f 1245/1309/1245 1246/1310/1246 1231/1295/1231
f 1231/1295/1231 1246/1310/1246 1232/1296/1232
f 1246/1310/1246 1247/1311/1247 1232/1296/1232
f 722/1161/722 1113/1164/1113 1112/1162/1112
f 1113/1164/1113 1248/1312/1248 1112/1162/1112
f 1112/1162/1112 1248/1312/1248 1233/1297/1233
f 1248/1312/1248 1249/1313/1249 1233/1297/1233
f 1233/1297/1233 1249/1313/1249 1234/1298/1234
f 1249/1313/1249 1250/1314/1250 1234/1298/1234
f 1234/1298/1234 1250/1314/1250 1235/1299/1235
f 1250/1314/1250 1251/1315/1251 1235/1299/1235
f 1235/1299/1235 1251/1315/1251 1236/1300/1236
f 1251/1315/1251 1252/1316/1252 1236/1300/1236
f 1236/1300/1236 1252/1316/1252 1237/1301/1237
f 1252/1316/1252 1253/1317/1253 1237/1301/1237
f 1237/1301/1237 1253/1317/1253 1238/1302/1238
f 1253/1317/1253 1254/1318/1254 1238/1302/1238
f 1238/1302/1238 1254/1318/1254 1239/1303/1239
f 1254/1318/1254 1255/1319/1255 1239/1303/1239
f 1239/1303/1239 1255/1319/1255 1240/1304/1240
f 1255/1319/1255 1256/1320/1256 1240/1304/1240
f 1240/1304/1240 1256/1320/1256 1241/1305/1241
f 1256/1320/1256 1257/1321/1257 1241/1305/1241
f 1241/1305/1241 1257/1321/1257 1242/1306/1242
f 1257/1321/1257 1258/1322/1258 1242/1306/1242
f 1242/1306/1242 1258/1322/1258 1243/1307/1243
f 1258/1322/1258 1259/1323/1259 1243/1307/1243
f 1243/1307/1243 1259/1323/1259 1244/1308/1244
f 1259/1323/1259 1260/1324/1260 1244/1308/1244
f 1244/1308/1244 1260/1324/1260 1245/1309/1245
f 1260/1324/1260 1261/1325/1261 1245/1309/1245
f 1245/1309/1245 1261/1325/1261 1246/1310/1246
f 1261/1325/1261 1262/1326/1262 1246/1310/1246
f 1246/1310/1246 1262/1326/1262 1247/1311/1247
f 1262/1326/1262 1263/1327/1263 1247/1311/1247
f 738/1163/738 1114/1166/1114 1113/1164/1113
f 1114/1166/1114 1264/1328/1264 1113/1164/1113
f 1113/1164/1113 1264/1328/1264 1248/1312/1248
f 1264/1328/1264 1265/1329/1265 1248/1312/1248
f 1248/1312/1248 1265/1329/1265 1249/1313/1249
f 1265/1329/1265 1266/1330/1266 1249/1313/1249
f 1249/1313/1249 1266/1330/1266 1250/1314/1250
f 1266/1330/1266 1267/1331/1267 1250/1314/1250
f 1250/1314/1250 1267/1331/1267 1251/1315/1251
f 1267/1331/1267 1268/1332/1268 1251/1315/1251
f 1251/1315/1251 1268/1332/1268 1252/1316/1252
f 1268/1332/1268 1269/1333/1269 1252/1316/1252
f 1252/1316/1252 1269/1333/1269 1253/1317/1253
f 1269/1333/1269 1270/1334/1270 1253/1317/1253
f 1253/1317/1253 1270/1334/1270 1254/1318/1254
f 1270/1334/1270 1271/1335/1271 1254/1318/1254
f 1254/1318/1254 1271/1335/1271 1255/1319/1255
f 1271/1335/1271 1272/1336/1272 1255/1319/1255
f 1255/1319/1255 1272/1336/1272 1256/1320/1256
f 1272/1336/1272 1273/1337/1273 1256/1320/1256
f 1256/1320/1256 1273/1337/1273 1257/1321/1257
f 1273/1337/1273 1274/1338/1274 1257/1321/1257
f 1257/1321/1257 1274/1338/1274 1258/1322/1258
f 1274/1338/1274 1275/1339/1275 1258/1322/1258
f 1258/1322/1258 1275/1339/1275 1259/1323/1259
f 1275/1339/1275 1276/1340/1276 1259/1323/1259
f 1259/1323/1259 1276/1340/1276 1260/1324/1260
f 1276/1340/1276 1277/1341/1277 1260/1324/1260
f 1260/1324/1260 1277/1341/1277 1261/1325/1261
f 1277/1341/1277 1278/1342/1278 1261/1325/1261
f 1261/1325/1261 1278/1342/1278 1262/1326/1262
f 1278/1342/1278 1279/1343/1279 1262/1326/1262
f 1262/1326/1262 1279/1343/1279 1263/1327/1263
f 1279/1343/1279 1280/1344/1280 1263/1327/1263
f 755/1165/755 1115/1168/1115 1114/1166/1114
f 1115/1168/1115 1281/1345/1281 1114/1166/1114
f 1114/1166/1114 1281/1345/1281 1264/1328/1264
f 1281/1345/1281 1282/1346/1282 1264/1328/1264
f 1264/1328/1264 1282/1346/1282 1265/1329/1265
f 1282/1346/1282 1283/1347/1283 1265/1329/1265
f 1265/1329/1265 1283/1347/1283 1266/1330/1266
f 1283/1347/1283 1284/1348/1284 1266/1330/1266
f 1266/1330/1266 1284/1348/1284 1267/1331/1267
f 1284/1348/1284 1285/1349/1285 1267/1331/1267
f 1267/1331/1267 1285/1349/1285 1268/1332/1268
f 1285/1349/1285 1286/1350/1286 1268/1332/1268
f 1268/1332/1268 1286/1350/1286 1269/1333/1269
f 1286/1350/1286 1287/1351/1287 1269/1333/1269
f 1269/1333/1269 1287/1351/1287 1270/1334/1270
f 1287/1351/1287 1288/1352/1288 1270/1334/1270
f 1270/1334/1270 1288/1352/1288 1271/1335/1271
f 1288/1352/1288 1289/1353/1289 1271/1335/1271
f 1271/1335/1271 1289/1353/1289 1272/1336/1272
f 1289/1353/1289 1290/1354/1290 1272/1336/1272
f 1272/1336/1272 1290/1354/1290 1273/1337/1273
f 1290/1354/1290 1291/1355/1291 1273/1337/1273
f 1273/1337/1273 1291/1355/1291 1274/1338/1274
f 1291/1355/1291 1292/1356/1292 1274/1338/1274
f 1274/1338/1274 1292/1356/1292 1275/1339/1275
f 1292/1356/1292 1293/1357/1293 1275/1339/1275
f 1275/1339/1275 1293/1357/1293 1276/1340/1276
f 1293/1357/1293 1294/1358/1294 1276/1340/1276
f 1276/1340/1276 1294/1358/1294 1277/1341/1277
f 1294/1358/1294 1295/1359/1295 1277/1341/1277
f 1277/1341/1277 1295/1359/1295 1278/1342/1278
f 1295/1359/1295 1296/1360/1296 1278/1342/1278
f 1278/1342/1278 1296/1360/1296 1279/1343/1279
f 1296/1360/1296 1297/1361/1297 1279/1343/1279
f 1279/1343/1279 1297/1361/1297 1280/1344/1280
f 1297/1361/1297 1298/1362/1298 1280/1344/1280
f 773/1167/773 1116/1170/1116 1115/1168/1115
f 1116/1170/1116 1299/1363/1299 1115/1168/1115
f 1115/1168/1115 1299/1363/1299 1281/1345/1281
f 1299/1363/1299 1300/1364/1300 1281/1345/1281
f 1281/1345/1281 1300/1364/1300 1282/1346/1282
f 1300/1364/1300 1301/1365/1301 1282/1346/1282
f 1282/1346/1282 1301/1365/1301 1283/1347/1283
f 1301/1365/1301 1302/1366/1302 1283/1347/1283
f 1283/1347/1283 1302/1366/1302 1284/1348/1284
f 1302/1366/1302 1303/1367/1303 1284/1348/1284
f 1284/1348/1284 1303/1367/1303 1285/1349/1285
f 1303/1367/1303 1304/1368/1304 1285/1349/1285
f 1285/1349/1285 1304/1368/1304 1286/1350/1286
f 1304/1368/1304 1305/1369/1305 1286/1350/1286
f 1286/1350/1286 1305/1369/1305 1287/1351/1287
f 1305/1369/1305 1306/1370/1306 1287/1351/1287
f 1287/1351/1287 1306/1370/1306 1288/1352/1288
f 1306/1370/1306 1307/1371/1307 1288/1352/1288
f 1288/1352/1288 1307/1371/1307 1289/1353/1289
f 1307/1371/1307 1308/1372/1308 1289/1353/1289
f 1289/1353/1289 1308/1372/1308 1290/1354/1290
f 1308/1372/1308 1309/1373/1309 1290/1354/1290
f 1290/1354/1290 1309/1373/1309 1291/1355/1291
f 1309/1373/1309 1310/1374/1310 1291/1355/1291
f 1291/1355/1291 1310/1374/1310 1292/1356/1292
f 1310/1374/1310 1311/1375/1311 1292/1356/1292
f 1292/1356/1292 1311/1375/1311 1293/1357/1293
f 1311/1375/1311 1312/1376/1312 1293/1357/1293
f 1293/1357/1293 1312/1376/1312 1294/1358/1294
f 1312/1376/1312 1313/1377/1313 1294/1358/1294
f 1294/1358/1294 1313/1377/1313 1295/1359/1295
f 1313/1377/1313 1314/1378/1314 1295/1359/1295
f 1295/1359/1295 1314/1378/1314 1296/1360/1296
f 1314/1378/1314 1315/1379/1315 1296/1360/1296
f 1296/1360/1296 1315/1379/1315 1297/1361/1297
f 1315/1379/1315 1316/1380/1316 1297/1361/1297
f 1297/1361/1297 1316/1380/1316 1298/1362/1298
f 1316/1380/1316 1317/1381/1317 1298/1362/1298
f 792/1169/792 1117/1172/1117 1116/1170/1116
f 1117/1172/1117 1318/1382/1318 1116/1170/1116
f 1116/1170/1116 1318/1382/1318 1299/1363/1299
f 1318/1382/1318 1319/1383/1319 1299/1363/1299
f 1299/1363/1299 1319/1383/1319 1300/1364/1300
f 1319/1383/1319 1320/1384/1320 1300/1364/1300
f 1300/1364/1300 1320/1384/1320 1301/1365/1301
f 1320/1384/1320 1321/1385/1321 1301/1365/1301
f 1301/1365/1301 1321/1385/1321 1302/1366/1302
f 1321/1385/1321 1322/1386/1322 1302/1366/1302
f 1302/1366/1302 1322/1386/1322 1303/1367/1303
f 1322/1386/1322 1323/1387/1323 1303/1367/1303
f 1303/1367/1303 1323/1387/1323 1304/1368/1304
f 1323/1387/1323 1324/1388/1324 1304/1368/1304
f 1304/1368/1304 1324/1388/1324 1305/1369/1305
f 1324/1388/1324 1325/1389/1325 1305/1369/1305
f 1305/1369/1305 1325/1389/1325 1306/1370/1306
f 1325/1389/1325 1326/1390/1326 1306/1370/1306
f 1306/1370/1306 1326/1390/1326 1307/1371/1307
f 1326/1390/1326 1327/1391/1327 1307/1371/1307
f 1307/1371/1307 1327/1391/1327 1308/1372/1308
f 1327/1391/1327 1328/1392/1328 1308/1372/1308
f 1308/1372/1308 1328/1392/1328 1309/1373/1309
f 1328/1392/1328 1329/1393/1329 1309/1373/1309
f 1309/1373/1309 1329/1393/1329 1310/1374/1310
f 1329/1393/1329 1330/1394/1330 1310/1374/1310
f 1310/1374/1310 1330/1394/1330 1311/1375/1311
f 1330/1394/1330 1331/1395/1331 1311/1375/1311
f 1311/1375/1311 1331/1395/1331 1312/1376/1312
f 1331/1395/1331 1332/1396/1332 1312/1376/1312
f 1312/1376/1312 1332/1396/1332 1313/1377/1313
f 1332/1396/1332 1333/1397/1333 1313/1377/1313
f 1313/1377/1313 1333/1397/1333 1314/1378/1314
f 1333/1397/1333 1334/1398/1334 1314/1378/1314
f 1314/1378/1314 1334/1398/1334 1315/1379/1315
f 1334/1398/1334 1335/1399/1335 1315/1379/1315
f 1315/1379/1315 1335/1399/1335 1316/1380/1316
f 1335/1399/1335 1336/1400/1336 1316/1380/1316
f 1316/1380/1316 1336/1400/1336 1317/1381/1317
f 1336/1400/1336 1337/1401/1337 1317/1381/1317
f 812/1171/812 1118/1174/1118 1117/1172/1117
f 1118/1174/1118 1338/1402/1338 1117/1172/1117
f 1117/1172/1117 1338/1402/1338 1318/1382/1318
f 1338/1402/1338 1339/1403/1339 1318/1382/1318
f 1318/1382/1318 1339/1403/1339 1319/1383/1319
f 1339/1403/1339 1340/1404/1340 1319/1383/1319
f 1319/1383/1319 1340/1404/1340 1320/1384/1320
f 1340/1404/1340 1341/1405/1341 1320/1384/1320
f 1320/1384/1320 1341/1405/1341 1321/1385/1321
f 1341/1405/1341 1342/1406/1342 1321/1385/1321
f 1321/1385/1321 1342/1406/1342 1322/1386/1322
f 1342/1406/1342 1343/1407/1343 1322/1386/1322
f 1322/1386/1322 1343/1407/1343 1323/1387/1323
f 1343/1407/1343 1344/1408/1344 1323/1387/1323
f 1323/1387/1323 1344/1408/1344 1324/1388/1324
f 1344/1408/1344 1345/1409/1345 1324/1388/1324
f 1324/1388/1324 1345/1409/1345 1325/1389/1325
f 1345/1409/1345 1346/1410/1346 1325/1389/1325
f 1325/1389/1325 1346/1410/1346 1326/1390/1326
f 1346/1410/1346 1347/1411/1347 1326/1390/1326
f 1326/1390/1326 1347/1411/1347 1327/1391/1327
f 1347/1411/1347 1348/1412/1348 1327/1391/1327
f 1327/1391/1327 1348/1412/1348 1328/1392/1328
f 1348/1412/1348 1349/1413/1349 1328/1392/1328
f 1328/1392/1328 1349/1413/1349 1329/1393/1329
f 1349/1413/1349 1350/1414/1350 1329/1393/1329
f 1329/1393/1329 1350/1414/1350 1330/1394/1330
f 1350/1414/1350 1351/1415/1351 1330/1394/1330
f 1330/1394/1330 1351/1415/1351 1331/1395/1331
f 1351/1415/1351 1352/1416/1352 1331/1395/1331
f 1331/1395/1331 1352/1416/1352 1332/1396/1332
f 1352/1416/1352 1353/1417/1353 1332/1396/1332
f 1332/1396/1332 1353/1417/1353 1333/1397/1333
f 1353/1417/1353 1354/1418/1354 1333/1397/1333
f 1333/1397/1333 1354/1418/1354 1334/1398/1334
f 1354/1418/1354 1355/1419/1355 1334/1398/1334
f 1334/1398/1334 1355/1419/1355 1335/1399/1335
f 1355/1419/1355 1356/1420/1356 1335/1399/1335
f 1335/1399/1335 1356/1420/1356 1336/1400/1336
f 1356/1420/1356 1357/1421/1357 1336/1400/1336
f 1336/1400/1336 1357/1421/1357 1337/1401/1337
f 1357/1421/1357 1358/1422/1358 1337/1401/1337
f 833/1173/833 1119/1176/1119 1118/1174/1118
f 1119/1176/1119 1359/1423/1359 1118/1174/1118
f 1118/1174/1118 1359/1423/1359 1338/1402/1338
f 1359/1423/1359 1360/1424/1360 1338/1402/1338
f 1338/1402/1338 1360/1424/1360 1339/1403/1339
f 1360/1424/1360 1361/1425/1361 1339/1403/1339
f 1339/1403/1339 1361/1425/1361 1340/1404/1340
f 1361/1425/1361 1362/1426/1362 1340/1404/1340
f 1340/1404/1340 1362/1426/1362 1341/1405/1341
f 1362/1426/1362 1363/1427/1363 1341/1405/1341
f 1341/1405/1341 1363/1427/1363 1342/1406/1342
f 1363/1427/1363 1364/1428/1364 1342/1406/1342
f 1342/1406/1342 1364/1428/1364 1343/1407/1343
f 1364/1428/1364 1365/1429/1365 1343/1407/1343
f 1343/1407/1343 1365/1429/1365 1344/1408/1344
f 1365/1429/1365 1366/1430/1366 1344/1408/1344
f 1344/1408/1344 1366/1430/1366 1345/1409/1345
f 1366/1430/1366 1367/1431/1367 1345/1409/1345
f 1345/1409/1345 1367/1431/1367 1346/1410/1346
f 1367/1431/1367 1368/1432/1368 1346/1410/1346
f 1346/1410/1346 1368/1432/1368 1347/1411/1347
f 1368/1432/1368 1369/1433/1369 1347/1411/1347
f 1347/1411/1347 1369/1433/1369 1348/1412/1348
f 1369/1433/1369 1370/1434/1370 1348/1412/1348
f 1348/1412/1348 1370/1434/1370 1349/1413/1349
f 1370/1434/1370 1371/1435/1371 1349/1413/1349
f 1349/1413/1349 1371/1435/1371 1350/1414/1350
f 1371/1435/1371 1372/1436/1372 1350/1414/1350
f 1350/1414/1350 1372/1436/1372 1351/1415/1351
f 1372/1436/1372 1373/1437/1373 1351/1415/1351
f 1351/1415/1351 1373/1437/1373 1352/1416/1352
f 1373/1437/1373 1374/1438/1374 1352/1416/1352
f 1352/1416/1352 1374/1438/1374 1353/1417/1353
f 1374/1438/1374 1375/1439/1375 1353/1417/1353
f 1353/1417/1353 1375/1439/1375 1354/1418/1354
f 1375/1439/1375 1376/1440/1376 1354/1418/1354
f 1354/1418/1354 1376/1440/1376 1355/1419/1355
f 1376/1440/1376 1377/1441/1377 1355/1419/1355
f 1355/1419/1355 1377/1441/1377 1356/1420/1356
f 1377/1441/1377 1378/1442/1378 1356/1420/1356
f 1356/1420/1356 1378/1442/1378 1357/1421/1357
f 1378/1442/1378 1379/1443/1379 1357/1421/1357
f 1357/1421/1357 1379/1443/1379 1358/1422/1358
f 1379/1443/1379 1380/1444/1380 1358/1422/1358
f 855/1175/855 1120/1178/1120 1119/1176/1119
f 1120/1178/1120 1381/1445/1381 1119/1176/1119
f 1119/1176/1119 1381/1445/1381 1359/1423/1359
f 1381/1445/1381 1382/1446/1382 1359/1423/1359
f 1359/1423/1359 1382/1446/1382 1360/1424/1360
f 1382/1446/1382 1383/1447/1383 1360/1424/1360
f 1360/1424/1360 1383/1447/1383 1361/1425/1361
f 1383/1447/1383 1384/1448/1384 1361/1425/1361
f 1361/1425/1361 1384/1448/1384 1362/1426/1362
f 1384/1448/1384 1385/1449/1385 1362/1426/1362
f 1362/1426/1362 1385/1449/1385 1363/1427/1363
f 1385/1449/1385 1386/1450/1386 1363/1427/1363
f 1363/1427/1363 1386/1450/1386 1364/1428/1364
f 1386/1450/1386 1387/1451/1387 1364/1428/1364
f 1364/1428/1364 1387/1451/1387 1365/1429/1365
f 1387/1451/1387 1388/1452/1388 1365/1429/1365
f 1365/1429/1365 1388/1452/1388 1366/1430/1366
f 1388/1452/1388 1389/1453/1389 1366/1430/1366
f 1366/1430/1366 1389/1453/1389 1367/1431/1367
f 1389/1453/1389 1390/1454/1390 1367/1431/1367
f 1367/1431/1367 1390/1454/1390 1368/1432/1368
f 1390/1454/1390 1391/1455/1391 1368/1432/1368
f 1368/1432/1368 1391/1455/1391 1369/1433/1369
f 1391/1455/1391 1392/1456/1392 1369/1433/1369
f 1369/1433/1369 1392/1456/1392 1370/1434/1370
f 1392/1456/1392 1393/1457/1393 1370/1434/1370
f 1370/1434/1370 1393/1457/1393 1371/1435/1371
f 1393/1457/1393 1394/1458/1394 1371/1435/1371
f 1371/1435/1371 1394/1458/1394 1372/1436/1372
f 1394/1458/1394 1395/1459/1395 1372/1436/1372
f 1372/1436/1372 1395/1459/1395 1373/1437/1373
f 1395/1459/1395 1396/1460/1396 1373/1437/1373
f 1373/1437/1373 1396/1460/1396 1374/1438/1374
f 1396/1460/1396 1397/1461/1397 1374/1438/1374
f 1374/1438/1374 1397/1461/1397 1375/1439/1375
f 1397/1461/1397 1398/1462/1398 1375/1439/1375
f 1375/1439/1375 1398/1462/1398 1376/1440/1376
f 1398/1462/1398 1399/1463/1399 1376/1440/1376
f 1376/1440/1376 1399/1463/1399 1377/1441/1377
f 1399/1463/1399 1400/1464/1400 1377/1441/1377
f 1377/1441/1377 1400/1464/1400 1378/1442/1378
f 1400/1464/1400 1401/1465/1401 1378/1442/1378
f 1378/1442/1378 1401/1465/1401 1379/1443/1379
f 1401/1465/1401 1402/1466/1402 1379/1443/1379
f 1379/1443/1379 1402/1466/1402 1380/1444/1380
f 1402/1466/1402 1403/1467/1403 1380/1444/1380
f 878/1177/878 1121/1180/1121 1120/1178/1120
f 1121/1180/1121 1404/1468/1404 1120/1178/1120
f 1120/1178/1120 1404/1468/1404 1381/1445/1381
f 1404/1468/1404 1405/1469/1405 1381/1445/1381
f 1381/1445/1381 1405/1469/1405 1382/1446/1382
f 1405/1469/1405 1406/1470/1406 1382/1446/1382
f 1382/1446/1382 1406/1470/1406 1383/1447/1383
f 1406/1470/1406 1407/1471/1407 1383/1447/1383
f 1383/1447/1383 1407/1471/1407 1384/1448/1384
f 1407/1471/1407 1408/1472/1408 1384/1448/1384
f 1384/1448/1384 1408/1472/1408 1385/1449/1385
f 1408/1472/1408 1409/1473/1409 1385/1449/1385
f 1385/1449/1385 1409/1473/1409 1386/1450/1386
f 1409/1473/1409 1410/1474/1410 1386/1450/1386
f 1386/1450/1386 1410/1474/1410 1387/1451/1387
f 1410/1474/1410 1411/1475/1411 1387/1451/1387
f 1387/1451/1387 1411/1475/1411 1388/1452/1388
f 1411/1475/1411 1412/1476/1412 1388/1452/1388
f 1388/1452/1388 1412/1476/1412 1389/1453/1389
f 1412/1476/1412 1413/1477/1413 1389/1453/1389
f 1389/1453/1389 1413/1477/1413 1390/1454/1390
f 1413/1477/1413 1414/1478/1414 1390/1454/1390
f 1390/1454/1390 1414/1478/1414 1391/1455/1391
f 1414/1478/1414 1415/1479/1415 1391/1455/1391
f 1391/1455/1391 1415/1479/1415 1392/1456/1392
f 1415/1479/1415 1416/1480/1416 1392/1456/1392
f 1392/1456/1392 1416/1480/1416 1393/1457/1393
f 1416/1480/1416 1417/1481/1417 1393/1457/1393
f 1393/1457/1393 1417/1481/1417 1394/1458/1394
f 1417/1481/1417 1418/1482/1418 1394/1458/1394
f 1394/1458/1394 1418/1482/1418 1395/1459/1395
f 1418/1482/1418 1419/1483/1419 1395/1459/1395
f 1395/1459/1395 1419/1483/1419 1396/1460/1396
f 1419/1483/1419 1420/1484/1420 1396/1460/1396
f 1396/1460/1396 1420/1484/1420 1397/1461/1397
f 1420/1484/1420 1421/1485/1421 1397/1461/1397
f 1397/1461/1397 1421/1485/1421 1398/1462/1398
f 1421/1485/1421 1422/1486/1422 1398/1462/1398
f 1398/1462/1398 1422/1486/1422 1399/1463/1399
f 1422/1486/1422 1423/1487/1423 1399/1463/1399
f 1399/1463/1399 1423/1487/1423 1400/1464/1400
f 1423/1487/1423 1424/1488/1424 1400/1464/1400
f 1400/1464/1400 1424/1488/1424 1401/1465/1401
f 1424/1488/1424 1425/1489/1425 1401/1465/1401
f 1401/1465/1401 1425/1489/1425 1402/1466/1402
f 1425/1489/1425 1426/1490/1426 1402/1466/1402
f 1402/1466/1402 1426/1490/1426 1403/1467/1403
f 1426/1490/1426 1427/1491/1427 1403/1467/1403
f 902/1179/902 1122/1182/1122 1121/1180/1121
f 1122/1182/1122 1428/1492/1428 1121/1180/1121
f 1121/1180/1121 1428/1492/1428 1404/1468/1404
f 1428/1492/1428 1429/1493/1429 1404/1468/1404
f 1404/1468/1404 1429/1493/1429 1405/1469/1405
f 1429/1493/1429 1430/1494/1430 1405/1469/1405
f 1405/1469/1405 1430/1494/1430 1406/1470/1406
f 1430/1494/1430 1431/1495/1431 1406/1470/1406
f 1406/1470/1406 1431/1495/1431 1407/1471/1407
f 1431/1495/1431 1432/1496/1432 1407/1471/1407
f 1407/1471/1407 1432/1496/1432 1408/1472/1408
f 1432/1496/1432 1433/1497/1433 1408/1472/1408
f 1408/1472/1408 1433/1497/1433 1409/1473/1409
f 1433/1497/1433 1434/1498/1434 1409/1473/1409
f 1409/1473/1409 1434/1498/1434 1410/1474/1410
f 1434/1498/1434 1435/1499/1435 1410/1474/1410
f 1410/1474/1410 1435/1499/1435 1411/1475/1411
f 1435/1499/1435 1436/1500/1436 1411/1475/1411
f 1411/1475/1411 1436/1500/1436 1412/1476/1412
f 1436/1500/1436 1437/1501/1437 1412/1476/1412
f 1412/1476/1412 1437/1501/1437 1413/1477/1413
f 1437/1501/1437 1438/1502/1438 1413/1477/1413
f 1413/1477/1413 1438/1502/1438 1414/1478/1414
f 1438/1502/1438 1439/1503/1439 1414/1478/1414
f 1414/1478/1414 1439/1503/1439 1415/1479/1415
f 1439/1503/1439 1440/1504/1440 1415/1479/1415
f 1415/1479/1415 1440/1504/1440 1416/1480/1416
f 1440/1504/1440 1441/1505/1441 1416/1480/1416
f 1416/1480/1416 1441/1505/1441 1417/1481/1417
f 1441/1505/1441 1442/1506/1442 1417/1481/1417
f 1417/1481/1417 1442/1506/1442 1418/1482/1418
f 1442/1506/1442 1443/1507/1443 1418/1482/1418
f 1418/1482/1418 1443/1507/1443 1419/1483/1419
f 1443/1507/1443 1444/1508/1444 1419/1483/1419
f 1419/1483/1419 1444/1508/1444 1420/1484/1420
f 1444/1508/1444 1445/1509/1445 1420/1484/1420
f 1420/1484/1420 1445/1509/1445 1421/1485/1421
f 1445/1509/1445 1446/1510/1446 1421/1485/1421
f 1421/1485/1421 1446/1510/1446 1422/1486/1422
f 1446/1510/1446 1447/1511/1447 1422/1486/1422
f 1422/1486/1422 1447/1511/1447 1423/1487/1423
f 1447/1511/1447 1448/1512/1448 1423/1487/1423
f 1423/1487/1423 1448/1512/1448 1424/1488/1424
f 1448/1512/1448 1449/1513/1449 1424/1488/1424
f 1424/1488/1424 1449/1513/1449 1425/1489/1425
f 1449/1513/1449 1450/1514/1450 1425/1489/1425
f 1425/1489/1425 1450/1514/1450 1426/1490/1426
f 1450/1514/1450 1451/1515/1451 1426/1490/1426
f 1426/1490/1426 1451/1515/1451 1427/1491/1427
f 1451/1515/1451 1452/1516/1452 1427/1491/1427
f 927/1181/927 1123/1184/1123 1122/1182/1122
f 1123/1184/1123 1453/1517/1453 1122/1182/1122
f 1122/1182/1122 1453/1517/1453 1428/1492/1428
f 1453/1517/1453 1454/1518/1454 1428/1492/1428
f 1428/1492/1428 1454/1518/1454 1429/1493/1429
f 1454/1518/1454 1455/1519/1455 1429/1493/1429
f 1429/1493/1429 1455/1519/1455 1430/1494/1430
f 1455/1519/1455 1456/1520/1456 1430/1494/1430
f 1430/1494/1430 1456/1520/1456 1431/1495/1431
f 1456/1520/1456 1457/1521/1457 1431/1495/1431
f 1431/1495/1431 1457/1521/1457 1432/1496/1432
f 1457/1521/1457 1458/1522/1458 1432/1496/1432
f 1432/1496/1432 1458/1522/1458 1433/1497/1433
f 1458/1522/1458 1459/1523/1459 1433/1497/1433
f 1433/1497/1433 1459/1523/1459 1434/1498/1434
f 1459/1523/1459 1460/1524/1460 1434/1498/1434
f 1434/1498/1434 1460/1524/1460 1435/1499/1435
f 1460/1524/1460 1461/1525/1461 1435/1499/1435
f 1435/1499/1435 1461/1525/1461 1436/1500/1436
f 1461/1525/1461 1462/1526/1462 1436/1500/1436
f 1436/1500/1436 1462/1526/1462 1437/1501/1437
f 1462/1526/1462 1463/1527/1463 1437/1501/1437
f 1437/1501/1437 1463/1527/1463 1438/1502/1438
f 1463/1527/1463 1464/1528/1464 1438/1502/1438
f 1438/1502/1438 1464/1528/1464 1439/1503/1439
f 1464/1528/1464 1465/1529/1465 1439/1503/1439
f 1439/1503/1439 1465/1529/1465 1440/1504/1440
f 1465/1529/1465 1466/1530/1466 1440/1504/1440
f 1440/1504/1440 1466/1530/1466 1441/1505/1441
f 1466/1530/1466 1467/1531/1467 1441/1505/1441
f 1441/1505/1441 1467/1531/1467 1442/1506/1442
f 1467/1531/1467 1468/1532/1468 1442/1506/1442
f 1442/1506/1442 1468/1532/1468 1443/1507/1443
f 1468/1532/1468 1469/1533/1469 1443/1507/1443
f 1443/1507/1443 1469/1533/1469 1444/1508/1444
f 1469/1533/1469 1470/1534/1470 1444/1508/1444
f 1444/1508/1444 1470/1534/1470 1445/1509/1445
f 1470/1534/1470 1471/1535/1471 1445/1509/1445
f 1445/1509/1445 1471/1535/1471 1446/1510/1446
f 1471/1535/1471 1472/1536/1472 1446/1510/1446
f 1446/1510/1446 1472/1536/1472 1447/1511/1447
f 1472/1536/1472 1473/1537/1473 1447/1511/1447
f 1447/1511/1447 1473/1537/1473 1448/1512/1448
f 1473/1537/1473 1474/1538/1474 1448/1512/1448
f 1448/1512/1448 1474/1538/1474 1449/1513/1449
f 1474/1538/1474 1475/1539/1475 1449/1513/1449
f 1449/1513/1449 1475/1539/1475 1450/1514/1450
f 1475/1539/1475 1476/1540/1476 1450/1514/1450
f 1450/1514/1450 1476/1540/1476 1451/1515/1451
f 1476/1540/1476 1477/1541/1477 1451/1515/1451
f 1451/1515/1451 1477/1541/1477 1452/1516/1452
f 1477/1541/1477 1478/1542/1478 1452/1516/1452
f 953/1183/953 1124/1186/1124 1123/1184/1123
f 1124/1186/1124 1479/1543/1479 1123/1184/1123
f 1123/1184/1123 1479/1543/1479 1453/1517/1453
f 1479/1543/1479 1480/1544/1480 1453/1517/1453
f 1453/1517/1453 1480/1544/1480 1454/1518/1454
f 1480/1544/1480 1481/1545/1481 1454/1518/1454
f 1454/1518/1454 1481/1545/1481 1455/1519/1455
f 1481/1545/1481 1482/1546/1482 1455/1519/1455
f 1455/1519/1455 1482/1546/1482 1456/1520/1456
f 1482/1546/1482 1483/1547/1483 1456/1520/1456
f 1456/1520/1456 1483/1547/1483 1457/1521/1457
f 1483/1547/1483 1484/1548/1484 1457/1521/1457
f 1457/1521/1457 1484/1548/1484 1458/1522/1458
f 1484/1548/1484 1485/1549/1485 1458/1522/1458
f 1458/1522/1458 1485/1549/1485 1459/1523/1459
f 1485/1549/1485 1486/1550/1486 1459/1523/1459
f 1459/1523/1459 1486/1550/1486 1460/1524/1460
f 1486/1550/1486 1487/1551/1487 1460/1524/1460
f 1460/1524/1460 1487/1551/1487 1461/1525/1461
f 1487/1551/1487 1488/1552/1488 1461/1525/1461
f 1461/1525/1461 1488/1552/1488 1462/1526/1462
f 1488/1552/1488 1489/1553/1489 1462/1526/1462
f 1462/1526/1462 1489/1553/1489 1463/1527/1463
f 1489/1553/1489 1490/1554/1490 1463/1527/1463
f 1463/1527/1463 1490/1554/1490 1464/1528/1464
f 1490/1554/1490 1491/1555/1491 1464/1528/1464
f 1464/1528/1464 1491/1555/1491 1465/1529/1465
f 1491/1555/1491 1492/1556/1492 1465/1529/1465
f 1465/1529/1465 1492/1556/1492 1466/1530/1466
f 1492/1556/1492 1493/1557/1493 1466/1530/1466
f 1466/1530/1466 1493/1557/1493 1467/1531/1467
f 1493/1557/1493 1494/1558/1494 1467/1531/1467
f 1467/1531/1467 1494/1558/1494 1468/1532/1468
f 1494/1558/1494 1495/1559/1495 1468/1532/1468
f 1468/1532/1468 1495/1559/1495 1469/1533/1469
f 1495/1559/1495 1496/1560/1496 1469/1533/1469
f 1469/1533/1469 1496/1560/1496 1470/1534/1470
f 1496/1560/1496 1497/1561/1497 1470/1534/1470
f 1470/1534/1470 1497/1561/1497 1471/1535/1471
f 1497/1561/1497 1498/1562/1498 1471/1535/1471
f 1471/1535/1471 1498/1562/1498 1472/1536/1472
f 1498/1562/1498 1499/1563/1499 1472/1536/1472
f 1472/1536/1472 1499/1563/1499 1473/1537/1473
f 1499/1563/1499 1500/1564/1500 1473/1537/1473
f 1473/1537/1473 1500/1564/1500 1474/1538/1474
f 1500/1564/1500 1501/1565/1501 1474/1538/1474
f 1474/1538/1474 1501/1565/1501 1475/1539/1475
f 1501/1565/1501 1502/1566/1502 1475/1539/1475
f 1475/1539/1475 1502/1566/1502 1476/1540/1476
f 1502/1566/1502 1503/1567/1503 1476/1540/1476
f 1476/1540/1476 1503/1567/1503 1477/1541/1477
f 1503/1567/1503 1504/1568/1504 1477/1541/1477
f 1477/1541/1477 1504/1568/1504 1478/1542/1478
f 1504/1568/1504 1505/1569/1505 1478/1542/1478
f 980/1185/980 1125/1188/1125 1124/1186/1124
f 1125/1188/1125 1506/1570/1506 1124/1186/1124
f 1124/1186/1124 1506/1570/1506 1479/1543/1479
f 1506/1570/1506 1507/1571/1507 1479/1543/1479
f 1479/1543/1479 1507/1571/1507 1480/1544/1480
f 1507/1571/1507 1508/1572/1508 1480/1544/1480
f 1480/1544/1480 1508/1572/1508 1481/1545/1481
f 1508/1572/1508 1509/1573/1509 1481/1545/1481
f 1481/1545/1481 1509/1573/1509 1482/1546/1482
f 1509/1573/1509 1510/1574/1510 1482/1546/1482
f 1482/1546/1482 1510/1574/1510 1483/1547/1483
f 1510/1574/1510 1511/1575/1511 1483/1547/1483
f 1483/1547/1483 1511/1575/1511 1484/1548/1484
f 1511/1575/1511 1512/1576/1512 1484/1548/1484
f 1484/1548/1484 1512/1576/1512 1485/1549/1485
f 1512/1576/1512 1513/1577/1513 1485/1549/1485
f 1485/1549/1485 1513/1577/1513 1486/1550/1486
f 1513/1577/1513 1514/1578/1514 1486/1550/1486
f 1486/1550/1486 1514/1578/1514 1487/1551/1487
f 1514/1578/1514 1515/1579/1515 1487/1551/1487
f 1487/1551/1487 1515/1579/1515 1488/1552/1488
f 1515/1579/1515 1516/1580/1516 1488/1552/1488
f 1488/1552/1488 1516/1580/1516 1489/1553/1489
f 1516/1580/1516 1517/1581/1517 1489/1553/1489
f 1489/1553/1489 1517/1581/1517 1490/1554/1490
f 1517/1581/1517 1518/1582/1518 1490/1554/1490
f 1490/1554/1490 1518/1582/1518 1491/1555/1491
f 1518/1582/1518 1519/1583/1519 1491/1555/1491
f 1491/1555/1491 1519/1583/1519 1492/1556/1492
f 1519/1583/1519 1520/1584/1520 1492/1556/1492
f 1492/1556/1492 1520/1584/1520 1493/1557/1493
f 1520/1584/1520 1521/1585/1521 1493/1557/1493
f 1493/1557/1493 1521/1585/1521 1494/1558/1494
f 1521/1585/1521 1522/1586/1522 1494/1558/1494
f 1494/1558/1494 1522/1586/1522 1495/1559/1495
f 1522/1586/1522 1523/1587/1523 1495/1559/1495
f 1495/1559/1495 1523/1587/1523 1496/1560/1496
f 1523/1587/1523 1524/1588/1524 1496/1560/1496
f 1496/1560/1496 1524/1588/1524 1497/1561/1497
f 1524/1588/1524 1525/1589/1525 1497/1561/1497
f 1497/1561/1497 1525/1589/1525 1498/1562/1498
f 1525/1589/1525 1526/1590/1526 1498/1562/1498
f 1498/1562/1498 1526/1590/1526 1499/1563/1499
f 1526/1590/1526 1527/1591/1527 1499/1563/1499
f 1499/1563/1499 1527/1591/1527 1500/1564/1500
f 1527/1591/1527 1528/1592/1528 1500/1564/1500
f 1500/1564/1500 1528/1592/1528 1501/1565/1501
f 1528/1592/1528 1529/1593/1529 1501/1565/1501
f 1501/1565/1501 1529/1593/1529 1502/1566/1502
f 1529/1593/1529 1530/1594/1530 1502/1566/1502
f 1502/1566/1502 1530/1594/1530 1503/1567/1503
f 1530/1594/1530 1531/1595/1531 1503/1567/1503
f 1503/1567/1503 1531/1595/1531 1504/1568/1504
f 1531/1595/1531 1532/1596/1532 1504/1568/1504
f 1504/1568/1504 1532/1596/1532 1505/1569/1505
f 1532/1596/1532 1533/1597/1533 1505/1569/1505
f 1008/1187/1008 1126/1190/1126 1125/1188/1125
f 1126/1190/1126 1534/1598/1534 1125/1188/1125
f 1125/1188/1125 1534/1598/1534 1506/1570/1506
f 1534/1598/1534 1535/1599/1535 1506/1570/1506
f 1506/1570/1506 1535/1599/1535 1507/1571/1507
f 1535/1599/1535 1536/1600/1536 1507/1571/1507
f 1507/1571/1507 1536/1600/1536 1508/1572/1508
f 1536/1600/1536 1537/1601/1537 1508/1572/1508
f 1508/1572/1508 1537/1601/1537 1509/1573/1509
f 1537/1601/1537 1538/1602/1538 1509/1573/1509
f 1509/1573/1509 1538/1602/1538 1510/1574/1510
f 1538/1602/1538 1539/1603/1539 1510/1574/1510
f 1510/1574/1510 1539/1603/1539 1511/1575/1511
f 1539/1603/1539 1540/1604/1540 1511/1575/1511
f 1511/1575/1511 1540/1604/1540 1512/1576/1512
f 1540/1604/1540 1541/1605/1541 1512/1576/1512
f 1512/1576/1512 1541/1605/1541 1513/1577/1513
f 1541/1605/1541 1542/1606/1542 1513/1577/1513
f 1513/1577/1513 1542/1606/1542 1514/1578/1514
f 1542/1606/1542 1543/1607/1543 1514/1578/1514
f 1514/1578/1514 1543/1607/1543 1515/1579/1515
f 1543/1607/1543 1544/1608/1544 1515/1579/1515
f 1515/1579/1515 1544/1608/1544 1516/1580/1516
f 1544/1608/1544 1545/1609/1545 1516/1580/1516
f 1516/1580/1516 1545/1609/1545 1517/1581/1517
f 1545/1609/1545 1546/1610/1546 1517/1581/1517
f 1517/1581/1517 1546/1610/1546 1518/1582/1518
f 1546/1610/1546 1547/1611/1547 1518/1582/1518
f 1518/1582/1518 1547/1611/1547 1519/1583/1519
f 1547/1611/1547 1548/1612/1548 1519/1583/1519
f 1519/1583/1519 1548/1612/1548 1520/1584/1520
f 1548/1612/1548 1549/1613/1549 1520/1584/1520
f 1520/1584/1520 1549/1613/1549 1521/1585/1521
f 1549/1613/1549 1550/1614/1550 1521/1585/1521
f 1521/1585/1521 1550/1614/1550 1522/1586/1522
f 1550/1614/1550 1551/1615/1551 1522/1586/1522
f 1522/1586/1522 1551/1615/1551 1523/1587/1523
f 1551/1615/1551 1552/1616/1552 1523/1587/1523
f 1523/1587/1523 1552/1616/1552 1524/1588/1524
f 1552/1616/1552 1553/1617/1553 1524/1588/1524
f 1524/1588/1524 1553/1617/1553 1525/1589/1525
f 1553/1617/1553 1554/1618/1554 1525/1589/1525
f 1525/1589/1525 1554/1618/1554 1526/1590/1526
f 1554/1618/1554 1555/1619/1555 1526/1590/1526
f 1526/1590/1526 1555/1619/1555 1527/1591/1527
f 1555/1619/1555 1556/1620/1556 1527/1591/1527
f 1527/1591/1527 1556/1620/1556 1528/1592/1528
f 1556/1620/1556 1557/1621/1557 1528/1592/1528
f 1528/1592/1528 1557/1621/1557 1529/1593/1529
f 1557/1621/1557 1558/1622/1558 1529/1593/1529
f 1529/1593/1529 1558/1622/1558 1530/1594/1530
f 1558/1622/1558 1559/1623/1559 1530/1594/1530
f 1530/1594/1530 1559/1623/1559 1531/1595/1531
f 1559/1623/1559 1560/1624/1560 1531/1595/1531
f 1531/1595/1531 1560/1624/1560 1532/1596/1532
f 1560/1624/1560 1561/1625/1561 1532/1596/1532
f 1532/1596/1532 1561/1625/1561 1533/1597/1533
f 1561/1625/1561 1562/1626/1562 1533/1597/1533
f 1037/1189/1037 1127/1191/1127 1126/1190/1126
f 1127/1191/1127 1563/1627/1563 1126/1190/1126
f 1126/1190/1126 1563/1627/1563 1534/1598/1534
f 1563/1627/1563 1564/1628/1564 1534/1598/1534
f 1534/1598/1534 1564/1628/1564 1535/1599/1535
f 1564/1628/1564 1565/1629/1565 1535/1599/1535
f 1535/1599/1535 1565/1629/1565 1536/1600/1536
f 1565/1629/1565 1566/1630/1566 1536/1600/1536
f 1536/1600/1536 1566/1630/1566 1537/1601/1537
f 1566/1630/1566 1567/1631/1567 1537/1601/1537
f 1537/1601/1537 1567/1631/1567 1538/1602/1538
f 1567/1631/1567 1568/1632/1568 1538/1602/1538
f 1538/1602/1538 1568/1632/1568 1539/1603/1539
f 1568/1632/1568 1569/1633/1569 1539/1603/1539
f 1539/1603/1539 1569/1633/1569 1540/1604/1540
f 1569/1633/1569 1570/1634/1570 1540/1604/1540
f 1540/1604/1540 1570/1634/1570 1541/1605/1541
f 1570/1634/1570 1571/1635/1571 1541/1605/1541
f 1541/1605/1541 1571/1635/1571 1542/1606/1542
f 1571/1635/1571 1572/1636/1572 1542/1606/1542
f 1542/1606/1542 1572/1636/1572 1543/1607/1543
f 1572/1636/1572 1573/1637/1573 1543/1607/1543
f 1543/1607/1543 1573/1637/1573 1544/1608/1544
f 1573/1637/1573 1574/1638/1574 1544/1608/1544
f 1544/1608/1544 1574/1638/1574 1545/1609/1545
f 1574/1638/1574 1575/1639/1575 1545/1609/1545
f 1545/1609/1545 1575/1639/1575 1546/1610/1546
f 1575/1639/1575 1576/1640/1576 1546/1610/1546
f 1546/1610/1546 1576/1640/1576 1547/1611/1547
f 1576/1640/1576 1577/1641/1577 1547/1611/1547
f 1547/1611/1547 1577/1641/1577 1548/1612/1548
f 1577/1641/1577 1578/1642/1578 1548/1612/1548
f 1548/1612/1548 1578/1642/1578 1549/1613/1549
f 1578/1642/1578 1579/1643/1579 1549/1613/1549
f 1549/1613/1549 1579/1643/1579 1550/1614/1550
f 1579/1643/1579 1580/1644/1580 1550/1614/1550
f 1550/1614/1550 1580/1644/1580 1551/1615/1551
f 1580/1644/1580 1581/1645/1581 1551/1615/1551
f 1551/1615/1551 1581/1645/1581 1552/1616/1552
f 1581/1645/1581 1582/1646/1582 1552/1616/1552
f 1552/1616/1552 1582/1646/1582 1553/1617/1553
f 1582/1646/1582 1583/1647/1583 1553/1617/1553
f 1553/1617/1553 1583/1647/1583 1554/1618/1554
f 1583/1647/1583 1584/1648/1584 1554/1618/1554
f 1554/1618/1554 1584/1648/1584 1555/1619/1555
f 1584/1648/1584 1585/1649/1585 1555/1619/1555
f 1555/1619/1555 1585/1649/1585 1556/1620/1556
f 1585/1649/1585 1586/1650/1586 1556/1620/1556
f 1556/1620/1556 1586/1650/1586 1557/1621/1557
f 1586/1650/1586 1587/1651/1587 1557/1621/1557
f 1557/1621/1557 1587/1651/1587 1558/1622/1558
f 1587/1651/1587 1588/1652/1588 1558/1622/1558
f 1558/1622/1558 1588/1652/1588 1559/1623/1559
f 1588/1652/1588 1589/1653/1589 1559/1623/1559
f 1559/1623/1559 1589/1653/1589 1560/1624/1560
f 1589/1653/1589 1590/1654/1590 1560/1624/1560
f 1560/1624/1560 1590/1654/1590 1561/1625/1561
f 1590/1654/1590 1591/1655/1591 1561/1625/1561
f 1561/1625/1561 1591/1655/1591 1562/1626/1562
f 1591/1655/1591 6/1656/6 1562/1626/1562
f 9/9/9 8/8/8 1127/1191/1127
f 8/8/8 1592/1657/1592 1127/1191/1127
f 1127/1191/1127 1592/1657/1592 1563/1627/1563
f 1592/1657/1592 1593/1658/1593 1563/1627/1563
f 1563/1627/1563 1593/1658/1593 1564/1628/1564
f 1593/1658/1593 1594/1659/1594 1564/1628/1564
f 1564/1628/1564 1594/1659/1594 1565/1629/1565
f 1594/1659/1594 1595/1660/1595 1565/1629/1565
f 1565/1629/1565 1595/1660/1595 1566/1630/1566
f 1595/1660/1595 1596/1661/1596 1566/1630/1566
f 1566/1630/1566 1596/1661/1596 1567/1631/1567
f 1596/1661/1596 1597/1662/1597 1567/1631/1567
f 1567/1631/1567 1597/1662/1597 1568/1632/1568
f 1597/1662/1597 1598/1663/1598 1568/1632/1568
f 1568/1632/1568 1598/1663/1598 1569/1633/1569
f 1598/1663/1598 1599/1664/1599 1569/1633/1569
f 1569/1633/1569 1599/1664/1599 1570/1634/1570
f 1599/1664/1599 1600/1665/1600 1570/1634/1570
f 1570/1634/1570 1600/1665/1600 1571/1635/1571
f 1600/1665/1600 1601/1666/1601 1571/1635/1571
f 1571/1635/1571 1601/1666/1601 1572/1636/1572
f 1601/1666/1601 1602/1667/1602 1572/1636/1572
f 1572/1636/1572 1602/1667/1602 1573/1637/1573
f 1602/1667/1602 1603/1668/1603 1573/1637/1573
f 1573/1637/1573 1603/1668/1603 1574/1638/1574
f 1603/1668/1603 1604/1669/1604 1574/1638/1574
f 1574/1638/1574 1604/1669/1604 1575/1639/1575
f 1604/1669/1604 1605/1670/1605 1575/1639/1575
f 1575/1639/1575 1605/1670/1605 1576/1640/1576
f 1605/1670/1605 1606/1671/1606 1576/1640/1576
f 1576/1640/1576 1606/1671/1606 1577/1641/1577
f 1606/1671/1606 1607/1672/1607 1577/1641/1577
f 1577/1641/1577 1607/1672/1607 1578/1642/1578
f 1607/1672/1607 1608/1673/1608 1578/1642/1578
f 1578/1642/1578 1608/1673/1608 1579/1643/1579
f 1608/1673/1608 1609/1674/1609 1579/1643/1579
f 1579/1643/1579 1609/1674/1609 1580/1644/1580
f 1609/1674/1609 1610/1675/1610 1580/1644/1580
f 1580/1644/1580 1610/1675/1610 1581/1645/1581
f 1610/1675/1610 1611/1676/1611 1581/1645/1581
f 1581/1645/1581 1611/1676/1611 1582/1646/1582
f 1611/1676/1611 1612/1677/1612 1582/1646/1582
f 1582/1646/1582 1612/1677/1612 1583/1647/1583
f 1612/1677/1612 1613/1678/1613 1583/1647/1583
f 1583/1647/1583 1613/1678/1613 1584/1648/1584
f 1613/1678/1613 1614/1679/1614 1584/1648/1584
f 1584/1648/1584 1614/1679/1614 1585/1649/1585
f 1614/1679/1614 1615/1680/1615 1585/1649/1585
f 1585/1649/1585 1615/1680/1615 1586/1650/1586
f 1615/1680/1615 1616/1681/1616 1586/1650/1586
f 1586/1650/1586 1616/1681/1616 1587/1651/1587
f 1616/1681/1616 1617/1682/1617 1587/1651/1587
f 1587/1651/1587 1617/1682/1617 1588/1652/1588
f 1617/1682/1617 1618/1683/1618 1588/1652/1588
f 1588/1652/1588 1618/1683/1618 1589/1653/1589
f 1618/1683/1618 1619/1684/1619 1589/1653/1589
f 1589/1653/1589 1619/1684/1619 1590/1654/1590
f 1619/1684/1619 1620/1685/1620 1590/1654/1590
f 1590/1654/1590 1620/1685/1620 1591/1655/1591
f 1620/1685/1620 1621/1686/1621 1591/1655/1591
f 1591/1655/1591 1621/1686/1621 6/1656/6
f 1621/1686/1621 4/1687/4 6/1656/6
f 1097/1688/1097 1622/1689/1622 18/1690/18
f 1128/1691/1128 1623/1692/1623 1097/1688/1097
f 1130/1693/1130 1624/1694/1624 1128/1691/1128
f 1133/1695/1133 1625/1696/1625 1130/1693/1130
f 1137/1697/1137 1626/1698/1626 1133/1695/1133
f 1142/1699/1142 1627/1700/1627 1137/1697/1137
f 1148/1701/1148 1628/1702/1628 1142/1699/1142
f 1155/1703/1155 1629/1704/1629 1148/1701/1148
f 1163/1705/1163 1630/1706/1630 1155/1703/1155
f 1172/1707/1172 1631/1708/1631 1163/1705/1163
f 1182/1709/1182 1632/1710/1632 1172/1707/1172
f 1193/1711/1193 1633/1712/1633 1182/1709/1182
f 1205/1713/1205 1634/1714/1634 1193/1711/1193
f 1218/1715/1218 1635/1716/1635 1205/1713/1205
f 1232/1717/1232 1636/1718/1636 1218/1715/1218
f 1247/1719/1247 1637/1720/1637 1232/1717/1232
f 1263/1721/1263 1638/1722/1638 1247/1719/1247
f 1280/1723/1280 1639/1724/1639 1263/1721/1263
f 1298/1725/1298 1640/1726/1640 1280/1723/1280
f 1317/1727/1317 1641/1728/1641 1298/1725/1298
f 1337/1729/1337 1642/1730/1642 1317/1727/1317
f 1358/1731/1358 1643/1732/1643 1337/1729/1337
f 1380/1733/1380 1644/1734/1644 1358/1731/1358
f 1403/1735/1403 1645/1736/1645 1380/1733/1380
f 1427/1737/1427 1646/1738/1646 1403/1735/1403
f 1452/1739/1452 1647/1740/1647 1427/1737/1427
f 1478/1741/1478 1648/1742/1648 1452/1739/1452
f 1505/1743/1505 1649/1744/1649 1478/1741/1478
f 1533/1745/1533 1650/1746/1650 1505/1743/1505
f 1562/1747/1562 1651/1748/1651 1533/1745/1533
f 6/6/6 1652/1749/1652 1562/1747/1562
f 1097/1688/1097 1623/1692/1623 1622/1689/1622
f 1623/1692/1623 1653/1750/1653 1622/1689/1622
f 1128/1691/1128 1624/1694/1624 1623/1692/1623
f 1624/1694/1624 1654/1751/1654 1623/1692/1623
f 1623/1692/1623 1654/1751/1654 1653/1750/1653
f 1654/1751/1654 1655/1752/1655 1653/1750/1653
f 1130/1693/1130 1625/1696/1625 1624/1694/1624
f 1625/1696/1625 1656/1753/1656 1624/1694/1624
f 1624/1694/1624 1656/1753/1656 1654/1751/1654
f 1656/1753/1656 1657/1754/1657 1654/1751/1654
f 1654/1751/1654 1657/1754/1657 1655/1752/1655
f 1657/1754/1657 1658/1755/1658 1655/1752/1655
f 1133/1695/1133 1626/1698/1626 1625/1696/1625
f 1626/1698/1626 1659/1756/1659 1625/1696/1625
f 1625/1696/1625 1659/1756/1659 1656/1753/1656
f 1659/1756/1659 1660/1757/1660 1656/1753/1656
f 1656/1753/1656 1660/1757/1660 1657/1754/1657
f 1660/1757/1660 1661/1758/1661 1657/1754/1657
f 1657/1754/1657 1661/1758/1661 1658/1755/1658
f 1661/1758/1661 1662/1759/1662 1658/1755/1658
f 1137/1697/1137 1627/1700/1627 1626/1698/1626
f 1627/1700/1627 1663/1760/1663 1626/1698/1626
f 1626/1698/1626 1663/1760/1663 1659/1756/1659
f 1663/1760/1663 1664/1761/1664 1659/1756/1659
f 1659/1756/1659 1664/1761/1664 1660/1757/1660
f 1664/1761/1664 1665/1762/1665 1660/1757/1660
f 1660/1757/1660 1665/1762/1665 1661/1758/1661
f 1665/1762/1665 1666/1763/1666 1661/1758/1661
f 1661/1758/1661 1666/1763/1666 1662/1759/1662
f 1666/1763/1666 1667/1764/1667 1662/1759/1662
f 1142/1699/1142 1628/1702/1628 1627/1700/1627
f 1628/1702/1628 1668/1765/1668 1627/1700/1627
f 1627/1700/1627 1668/1765/1668 1663/1760/1663
f 1668/1765/1668 1669/1766/1669 1663/1760/1663
f 1663/1760/1663 1669/1766/1669 1664/1761/1664
f 1669/1766/1669 1670/1767/1670 1664/1761/1664
f 1664/1761/1664 1670/1767/1670 1665/1762/1665
f 1670/1767/1670 1671/1768/1671 1665/1762/1665
f 1665/1762/1665 1671/1768/1671 1666/1763/1666
f 1671/1768/1671 1672/1769/1672 1666/1763/1666
f 1666/1763/1666 1672/1769/1672 1667/1764/1667
f 1672/1769/1672 1673/1770/1673 1667/1764/1667
f 1148/1701/1148 1629/1704/1629 1628/1702/1628
f 1629/1704/1629 1674/1771/1674 1628/1702/1628
f 1628/1702/1628 1674/1771/1674 1668/1765/1668
f 1674/1771/1674 1675/1772/1675 1668/1765/1668
f 1668/1765/1668 1675/1772/1675 1669/1766/1669
f 1675/1772/1675 1676/1773/1676 1669/1766/1669
f 1669/1766/1669 1676/1773/1676 1670/1767/1670
f 1676/1773/1676 1677/1774/1677 1670/1767/1670
f 1670/1767/1670 1677/1774/1677 1671/1768/1671
f 1677/1774/1677 1678/1775/1678 1671/1768/1671
f 1671/1768/1671 1678/1775/1678 1672/1769/1672
f 1678/1775/1678 1679/1776/1679 1672/1769/1672
f 1672/1769/1672 1679/1776/1679 1673/1770/1673
f 1679/1776/1679 1680/1777/1680 1673/1770/1673
f 1155/1703/1155 1630/1706/1630 1629/1704/1629
f 1630/1706/1630 1681/1778/1681 1629/1704/1629
f 1629/1704/1629 1681/1778/1681 1674/1771/1674
f 1681/1778/1681 1682/1779/1682 1674/1771/1674
f 1674/1771/1674 1682/1779/1682 1675/1772/1675
f 1682/1779/1682 1683/1780/1683 1675/1772/1675
f 1675/1772/1675 1683/1780/1683 1676/1773/1676
f 1683/1780/1683 1684/1781/1684 1676/1773/1676
f 1676/1773/1676 1684/1781/1684 1677/1774/1677
f 1684/1781/1684 1685/1782/1685 1677/1774/1677
f 1677/1774/1677 1685/1782/1685 1678/1775/1678
f 1685/1782/1685 1686/1783/1686 1678/1775/1678
f 1678/1775/1678 1686/1783/1686 1679/1776/1679
f 1686/1783/1686 1687/1784/1687 1679/1776/1679
f 1679/1776/1679 1687/1784/1687 1680/1777/1680
f 1687/1784/1687 1688/1785/1688 1680/1777/1680
f 1163/1705/1163 1631/1708/1631 1630/1706/1630
f 1631/1708/1631 1689/1786/1689 1630/1706/1630
f 1630/1706/1630 1689/1786/1689 1681/1778/1681
f 1689/1786/1689 1690/1787/1690 1681/1778/1681
f 1681/1778/1681 1690/1787/1690 1682/1779/1682
f 1690/1787/1690 1691/1788/1691 1682/1779/1682
f 1682/1779/1682 1691/1788/1691 1683/1780/1683
f 1691/1788/1691 1692/1789/1692 1683/1780/1683
f 1683/1780/1683 1692/1789/1692 1684/1781/1684
f 1692/1789/1692 1693/1790/1693 1684/1781/1684
f 1684/1781/1684 1693/1790/1693 1685/1782/1685
f 1693/1790/1693 1694/1791/1694 1685/1782/1685
f 1685/1782/1685 1694/1791/1694 1686/1783/1686
f 1694/1791/1694 1695/1792/1695 1686/1783/1686
f 1686/1783/1686 1695/1792/1695 1687/1784/1687
f 1695/1792/1695 1696/1793/1696 1687/1784/1687
f 1687/1784/1687 1696/1793/1696 1688/1785/1688
f 1696/1793/1696 1697/1794/1697 1688/1785/1688
f 1172/1707/1172 1632/1710/1632 1631/1708/1631
f 1632/1710/1632 1698/1795/1698 1631/1708/1631
f 1631/1708/1631 1698/1795/1698 1689/1786/1689
f 1698/1795/1698 1699/1796/1699 1689/1786/1689
f 1689/1786/1689 1699/1796/1699 1690/1787/1690
f 1699/1796/1699 1700/1797/1700 1690/1787/1690
f 1690/1787/1690 1700/1797/1700 1691/1788/1691
f 1700/1797/1700 1701/1798/1701 1691/1788/1691
f 1691/1788/1691 1701/1798/1701 1692/1789/1692
f 1701/1798/1701 1702/1799/1702 1692/1789/1692
f 1692/1789/1692 1702/1799/1702 1693/1790/1693
f 1702/1799/1702 1703/1800/1703 1693/1790/1693
f 1693/1790/1693 1703/1800/1703 1694/1791/1694
f 1703/1800/1703 1704/1801/1704 1694/1791/1694
f 1694/1791/1694 1704/1801/1704 1695/1792/1695
f 1704/1801/1704 1705/1802/1705 1695/1792/1695
f 1695/1792/1695 1705/1802/1705 1696/1793/1696
f 1705/1802/1705 1706/1803/1706 1696/1793/1696
f 1696/1793/1696 1706/1803/1706 1697/1794/1697
f 1706/1803/1706 1707/1804/1707 1697/1794/1697
f 1182/1709/1182 1633/1712/1633 1632/1710/1632
f 1633/1712/1633 1708/1805/1708 1632/1710/1632
f 1632/1710/1632 1708/1805/1708 1698/1795/1698
f 1708/1805/1708 1709/1806/1709 1698/1795/1698
f 1698/1795/1698 1709/1806/1709 1699/1796/1699
f 1709/1806/1709 1710/1807/1710 1699/1796/1699
f 1699/1796/1699 1710/1807/1710 1700/1797/1700
f 1710/1807/1710 1711/1808/1711 1700/1797/1700
f 1700/1797/1700 1711/1808/1711 1701/1798/1701
f 1711/1808/1711 1712/1809/1712 1701/1798/1701
f 1701/1798/1701 1712/1809/1712 1702/1799/1702
f 1712/1809/1712 1713/1810/1713 1702/1799/1702
f 1702/1799/1702 1713/1810/1713 1703/1800/1703
f 1713/1810/1713 1714/1811/1714 1703/1800/1703
f 1703/1800/1703 1714/1811/1714 1704/1801/1704
f 1714/1811/1714 1715/1812/1715 1704/1801/1704
f 1704/1801/1704 1715/1812/1715 1705/1802/1705
f 1715/1812/1715 1716/1813/1716 1705/1802/1705
f 1705/1802/1705 1716/1813/1716 1706/1803/1706
f 1716/1813/1716 1717/1814/1717 1706/1803/1706
f 1706/1803/1706 1717/1814/1717 1707/1804/1707
f 1717/1814/1717 1718/1815/1718 1707/1804/1707
f 1193/1711/1193 1634/1714/1634 1633/1712/1633
f 1634/1714/1634 1719/1816/1719 1633/1712/1633
f 1633/1712/1633 1719/1816/1719 1708/1805/1708
f 1719/1816/1719 1720/1817/1720 1708/1805/1708
f 1708/1805/1708 1720/1817/1720 1709/1806/1709
f 1720/1817/1720 1721/1818/1721 1709/1806/1709
f 1709/1806/1709 1721/1818/1721 1710/1807/1710
f 1721/1818/1721 1722/1819/1722 1710/1807/1710
f 1710/1807/1710 1722/1819/1722 1711/1808/1711
f 1722/1819/1722 1723/1820/1723 1711/1808/1711
f 1711/1808/1711 1723/1820/1723 1712/1809/1712
f 1723/1820/1723 1724/1821/1724 1712/1809/1712
f 1712/1809/1712 1724/1821/1724 1713/1810/1713
f 1724/1821/1724 1725/1822/1725 1713/1810/1713
f 1713/1810/1713 1725/1822/1725 1714/1811/1714
f 1725/1822/1725 1726/1823/1726 1714/1811/1714
f 1714/1811/1714 1726/1823/1726 1715/1812/1715
f 1726/1823/1726 1727/1824/1727 1715/1812/1715
f 1715/1812/1715 1727/1824/1727 1716/1813/1716
f 1727/1824/1727 1728/1825/1728 1716/1813/1716
f 1716/1813/1716 1728/1825/1728 1717/1814/1717
f 1728/1825/1728 1729/1826/1729 1717/1814/1717
f 1717/1814/1717 1729/1826/1729 1718/1815/1718
f 1729/1826/1729 1730/1827/1730 1718/1815/1718
f 1205/1713/1205 1635/1716/1635 1634/1714/1634
f 1635/1716/1635 1731/1828/1731 1634/1714/1634
f 1634/1714/1634 1731/1828/1731 1719/1816/1719
f 1731/1828/1731 1732/1829/1732 1719/1816/1719
f 1719/1816/1719 1732/1829/1732 1720/1817/1720
f 1732/1829/1732 1733/1830/1733 1720/1817/1720
f 1720/1817/1720 1733/1830/1733 1721/1818/1721
f 1733/1830/1733 1734/1831/1734 1721/1818/1721
f 1721/1818/1721 1734/1831/1734 1722/1819/1722
f 1734/1831/1734 1735/1832/1735 1722/1819/1722
f 1722/1819/1722 1735/1832/1735 1723/1820/1723
f 1735/1832/1735 1736/1833/1736 1723/1820/1723
f 1723/1820/1723 1736/1833/1736 1724/1821/1724
f 1736/1833/1736 1737/1834/1737 1724/1821/1724
f 1724/1821/1724 1737/1834/1737 1725/1822/1725
f 1737/1834/1737 1738/1835/1738 1725/1822/1725
f 1725/1822/1725 1738/1835/1738 1726/1823/1726
f 1738/1835/1738 1739/1836/1739 1726/1823/1726
f 1726/1823/1726 1739/1836/1739 1727/1824/1727
f 1739/1836/1739 1740/1837/1740 1727/1824/1727
f 1727/1824/1727 1740/1837/1740 1728/1825/1728
f 1740/1837/1740 1741/1838/1741 1728/1825/1728
f 1728/1825/1728 1741/1838/1741 1729/1826/1729
f 1741/1838/1741 1742/1839/1742 1729/1826/1729
f 1729/1826/1729 1742/1839/1742 1730/1827/1730
f 1742/1839/1742 1743/1840/1743 1730/1827/1730
f 1218/1715/1218 1636/1718/1636 1635/1716/1635
f 1636/1718/1636 1744/1841/1744 1635/1716/1635
f 1635/1716/1635 1744/1841/1744 1731/1828/1731
f 1744/1841/1744 1745/1842/1745 1731/1828/1731
f 1731/1828/1731 1745/1842/1745 1732/1829/1732
f 1745/1842/1745 1746/1843/1746 1732/1829/1732
f 1732/1829/1732 1746/1843/1746 1733/1830/1733
f 1746/1843/1746 1747/1844/1747 1733/1830/1733
f 1733/1830/1733 1747/1844/1747 1734/1831/1734
f 1747/1844/1747 1748/1845/1748 1734/1831/1734
f 1734/1831/1734 1748/1845/1748 1735/1832/1735
f 1748/1845/1748 1749/1846/1749 1735/1832/1735
f 1735/1832/1735 1749/1846/1749 1736/1833/1736
f 1749/1846/1749 1750/1847/1750 1736/1833/1736
f 1736/1833/1736 1750/1847/1750 1737/1834/1737
f 1750/1847/1750 1751/1848/1751 1737/1834/1737
f 1737/1834/1737 1751/1848/1751 1738/1835/1738
f 1751/1848/1751 1752/1849/1752 1738/1835/1738
f 1738/1835/1738 1752/1849/1752 1739/1836/1739
f 1752/1849/1752 1753/1850/1753 1739/1836/1739
f 1739/1836/1739 1753/1850/1753 1740/1837/1740
f 1753/1850/1753 1754/1851/1754 1740/1837/1740
f 1740/1837/1740 1754/1851/1754 1741/1838/1741
f 1754/1851/1754 1755/1852/1755 1741/1838/1741
f 1741/1838/1741 1755/1852/1755 1742/1839/1742
f 1755/1852/1755 1756/1853/1756 1742/1839/1742
f 1742/1839/1742 1756/1853/1756 1743/1840/1743
f 1756/1853/1756 1757/1854/1757 1743/1840/1743
f 1232/1717/1232 1637/1720/1637 1636/1718/1636
f 1637/1720/1637 1758/1855/1758 1636/1718/1636
f 1636/1718/1636 1758/1855/1758 1744/1841/1744
f 1758/1855/1758 1759/1856/1759 1744/1841/1744
f 1744/1841/1744 1759/1856/1759 1745/1842/1745
f 1759/1856/1759 1760/1857/1760 1745/1842/1745
f 1745/1842/1745 1760/1857/1760 1746/1843/1746
f 1760/1857/1760 1761/1858/1761 1746/1843/1746
f 1746/1843/1746 1761/1858/1761 1747/1844/1747
f 1761/1858/1761 1762/1859/1762 1747/1844/1747
f 1747/1844/1747 1762/1859/1762 1748/1845/1748
f 1762/1859/1762 1763/1860/1763 1748/1845/1748
f 1748/1845/1748 1763/1860/1763 1749/1846/1749
f 1763/1860/1763 1764/1861/1764 1749/1846/1749
f 1749/1846/1749 1764/1861/1764 1750/1847/1750
f 1764/1861/1764 1765/1862/1765 1750/1847/1750
f 1750/1847/1750 1765/1862/1765 1751/1848/1751
f 1765/1862/1765 1766/1863/1766 1751/1848/1751
f 1751/1848/1751 1766/1863/1766 1752/1849/1752
f 1766/1863/1766 1767/1864/1767 1752/1849/1752
f 1752/1849/1752 1767/1864/1767 1753/1850/1753
f 1767/1864/1767 1768/1865/1768 1753/1850/1753
f 1753/1850/1753 1768/1865/1768 1754/1851/1754
f 1768/1865/1768 1769/1866/1769 1754/1851/1754
f 1754/1851/1754 1769/1866/1769 1755/1852/1755
f 1769/1866/1769 1770/1867/1770 1755/1852/1755
f 1755/1852/1755 1770/1867/1770 1756/1853/1756
f 1770/1867/1770 1771/1868/1771 1756/1853/1756
f 1756/1853/1756 1771/1868/1771 1757/1854/1757
f 1771/1868/1771 1772/1869/1772 1757/1854/1757
f 1247/1719/1247 1638/1722/1638 1637/1720/1637
f 1638/1722/1638 1773/1870/1773 1637/1720/1637
f 1637/1720/1637 1773/1870/1773 1758/1855/1758
f 1773/1870/1773 1774/1871/1774 1758/1855/1758
f 1758/1855/1758 1774/1871/1774 1759/1856/1759
f 1774/1871/1774 1775/1872/1775 1759/1856/1759
f 1759/1856/1759 1775/1872/1775 1760/1857/1760
f 1775/1872/1775 1776/1873/1776 1760/1857/1760
f 1760/1857/1760 1776/1873/1776 1761/1858/1761
f 1776/1873/1776 1777/1874/1777 1761/1858/1761
f 1761/1858/1761 1777/1874/1777 1762/1859/1762
f 1777/1874/1777 1778/1875/1778 1762/1859/1762
f 1762/1859/1762 1778/1875/1778 1763/1860/1763
f 1778/1875/1778 1779/1876/1779 1763/1860/1763
f 1763/1860/1763 1779/1876/1779 1764/1861/1764
f 1779/1876/1779 1780/1877/1780 1764/1861/1764
f 1764/1861/1764 1780/1877/1780 1765/1862/1765
f 1780/1877/1780 1781/1878/1781 1765/1862/1765
f 1765/1862/1765 1781/1878/1781 1766/1863/1766
f 1781/1878/1781 1782/1879/1782 1766/1863/1766
f 1766/1863/1766 1782/1879/1782 1767/1864/1767
f 1782/1879/1782 1783/1880/1783 1767/1864/1767
f 1767/1864/1767 1783/1880/1783 1768/1865/1768
f 1783/1880/1783 1784/1881/1784 1768/1865/1768
f 1768/1865/1768 1784/1881/1784 1769/1866/1769
f 1784/1881/1784 1785/1882/1785 1769/1866/1769
f 1769/1866/1769 1785/1882/1785 1770/1867/1770
f 1785/1882/1785 1786/1883/1786 1770/1867/1770
f 1770/1867/1770 1786/1883/1786 1771/1868/1771
f 1786/1883/1786 1787/1884/1787 1771/1868/1771
f 1771/1868/1771 1787/1884/1787 1772/1869/1772
f 1787/1884/1787 1788/1885/1788 1772/1869/1772
f 1263/1721/1263 1639/1724/1639 1638/1722/1638
f 1639/1724/1639 1789/1886/1789 1638/1722/1638
f 1638/1722/1638 1789/1886/1789 1773/1870/1773
f 1789/1886/1789 1790/1887/1790 1773/1870/1773
f 1773/1870/1773 1790/1887/1790 1774/1871/1774
f 1790/1887/1790 1791/1888/1791 1774/1871/1774
f 1774/1871/1774 1791/1888/1791 1775/1872/1775
f 1791/1888/1791 1792/1889/1792 1775/1872/1775
f 1775/1872/1775 1792/1889/1792 1776/1873/1776
f 1792/1889/1792 1793/1890/1793 1776/1873/1776
f 1776/1873/1776 1793/1890/1793 1777/1874/1777
f 1793/1890/1793 1794/1891/1794 1777/1874/1777
f 1777/1874/1777 1794/1891/1794 1778/1875/1778
f 1794/1891/1794 1795/1892/1795 1778/1875/1778
f 1778/1875/1778 1795/1892/1795 1779/1876/1779
f 1795/1892/1795 1796/1893/1796 1779/1876/1779
f 1779/1876/1779 1796/1893/1796 1780/1877/1780
f 1796/1893/1796 1797/1894/1797 1780/1877/1780
f 1780/1877/1780 1797/1894/1797 1781/1878/1781
f 1797/1894/1797 1798/1895/1798 1781/1878/1781
f 1781/1878/1781 1798/1895/1798 1782/1879/1782
f 1798/1895/1798 1799/1896/1799 1782/1879/1782
f 1782/1879/1782 1799/1896/1799 1783/1880/1783
f 1799/1896/1799 1800/1897/1800 1783/1880/1783
f 1783/1880/1783 1800/1897/1800 1784/1881/1784
f 1800/1897/1800 1801/1898/1801 1784/1881/1784
f 1784/1881/1784 1801/1898/1801 1785/1882/1785
f 1801/1898/1801 1802/1899/1802 1785/1882/1785
f 1785/1882/1785 1802/1899/1802 1786/1883/1786
f 1802/1899/1802 1803/1900/1803 1786/1883/1786
f 1786/1883/1786 1803/1900/1803 1787/1884/1787
f 1803/1900/1803 1804/1901/1804 1787/1884/1787
f 1787/1884/1787 1804/1901/1804 1788/1885/1788
f 1804/1901/1804 1805/1902/1805 1788/1885/1788
f 1280/1723/1280 1640/1726/1640 1639/1724/1639
f 1640/1726/1640 1806/1903/1806 1639/1724/1639
f 1639/1724/1639 1806/1903/1806 1789/1886/1789
f 1806/1903/1806 1807/1904/1807 1789/1886/1789
f 1789/1886/1789 1807/1904/1807 1790/1887/1790
f 1807/1904/1807 1808/1905/1808 1790/1887/1790
f 1790/1887/1790 1808/1905/1808 1791/1888/1791
f 1808/1905/1808 1809/1906/1809 1791/1888/1791
f 1791/1888/1791 1809/1906/1809 1792/1889/1792
f 1809/1906/1809 1810/1907/1810 1792/1889/1792
f 1792/1889/1792 1810/1907/1810 1793/1890/1793
f 1810/1907/1810 1811/1908/1811 1793/1890/1793
f 1793/1890/1793 1811/1908/1811 1794/1891/1794
f 1811/1908/1811 1812/1909/1812 1794/1891/1794
f 1794/1891/1794 1812/1909/1812 1795/1892/1795
f 1812/1909/1812 1813/1910/1813 1795/1892/1795
f 1795/1892/1795 1813/1910/1813 1796/1893/1796
f 1813/1910/1813 1814/1911/1814 1796/1893/1796
f 1796/1893/1796 1814/1911/1814 1797/1894/1797
f 1814/1911/1814 1815/1912/1815 1797/1894/1797
f 1797/1894/1797 1815/1912/1815 1798/1895/1798
f 1815/1912/1815 1816/1913/1816 1798/1895/1798
f 1798/1895/1798 1816/1913/1816 1799/1896/1799
f 1816/1913/1816 1817/1914/1817 1799/1896/1799
f 1799/1896/1799 1817/1914/1817 1800/1897/1800
f 1817/1914/1817 1818/1915/1818 1800/1897/1800
f 1800/1897/1800 1818/1915/1818 1801/1898/1801
f 1818/1915/1818 1819/1916/1819 1801/1898/1801
f 1801/1898/1801 1819/1916/1819 1802/1899/1802
f 1819/1916/1819 1820/1917/1820 1802/1899/1802
f 1802/1899/1802 1820/1917/1820 1803/1900/1803
f 1820/1917/1820 1821/1918/1821 1803/1900/1803
f 1803/1900/1803 1821/1918/1821 1804/1901/1804
f 1821/1918/1821 1822/1919/1822 1804/1901/1804
f 1804/1901/1804 1822/1919/1822 1805/1902/1805
f 1822/1919/1822 1823/1920/1823 1805/1902/1805
f 1298/1725/1298 1641/1728/1641 1640/1726/1640
f 1641/1728/1641 1824/1921/1824 1640/1726/1640
f 1640/1726/1640 1824/1921/1824 1806/1903/1806
f 1824/1921/1824 1825/1922/1825 1806/1903/1806
f 1806/1903/1806 1825/1922/1825 1807/1904/1807
f 1825/1922/1825 1826/1923/1826 1807/1904/1807
f 1807/1904/1807 1826/1923/1826 1808/1905/1808
f 1826/1923/1826 1827/1924/1827 1808/1905/1808
f 1808/1905/1808 1827/1924/1827 1809/1906/1809
f 1827/1924/1827 1828/1925/1828 1809/1906/1809
f 1809/1906/1809 1828/1925/1828 1810/1907/1810
f 1828/1925/1828 1829/1926/1829 1810/1907/1810
f 1810/1907/1810 1829/1926/1829 1811/1908/1811
f 1829/1926/1829 1830/1927/1830 1811/1908/1811
f 1811/1908/1811 1830/1927/1830 1812/1909/1812
f 1830/1927/1830 1831/1928/1831 1812/1909/1812
f 1812/1909/1812 1831/1928/1831 1813/1910/1813
f 1831/1928/1831 1832/1929/1832 1813/1910/1813
f 1813/1910/1813 1832/1929/1832 1814/1911/1814
f 1832/1929/1832 1833/1930/1833 1814/1911/1814
f 1814/1911/1814 1833/1930/1833 1815/1912/1815
f 1833/1930/1833 1834/1931/1834 1815/1912/1815
f 1815/1912/1815 1834/1931/1834 1816/1913/1816
f 1834/1931/1834 1835/1932/1835 1816/1913/1816
f 1816/1913/1816 1835/1932/1835 1817/1914/1817
f 1835/1932/1835 1836/1933/1836 1817/1914/1817
f 1817/1914/1817 1836/1933/1836 1818/1915/1818
f 1836/1933/1836 1837/1934/1837 1818/1915/1818
f 1818/1915/1818 1837/1934/1837 1819/1916/1819
f 1837/1934/1837 1838/1935/1838 1819/1916/1819
f 1819/1916/1819 1838/1935/1838 1820/1917/1820
f 1838/1935/1838 1839/1936/1839 1820/1917/1820
f 1820/1917/1820 1839/1936/1839 1821/1918/1821
f 1839/1936/1839 1840/1937/1840 1821/1918/1821
f 1821/1918/1821 1840/1937/1840 1822/1919/1822
f 1840/1937/1840 1841/1938/1841 1822/1919/1822
f 1822/1919/1822 1841/1938/1841 1823/1920/1823
f 1841/1938/1841 1842/1939/1842 1823/1920/1823
f 1317/1727/1317 1642/1730/1642 1641/1728/1641
f 1642/1730/1642 1843/1940/1843 1641/1728/1641
f 1641/1728/1641 1843/1940/1843 1824/1921/1824
f 1843/1940/1843 1844/1941/1844 1824/1921/1824
f 1824/1921/1824 1844/1941/1844 1825/1922/1825
f 1844/1941/1844 1845/1942/1845 1825/1922/1825
f 1825/1922/1825 1845/1942/1845 1826/1923/1826
f 1845/1942/1845 1846/1943/1846 1826/1923/1826
f 1826/1923/1826 1846/1943/1846 1827/1924/1827
f 1846/1943/1846 1847/1944/1847 1827/1924/1827
f 1827/1924/1827 1847/1944/1847 1828/1925/1828
f 1847/1944/1847 1848/1945/1848 1828/1925/1828
f 1828/1925/1828 1848/1945/1848 1829/1926/1829
f 1848/1945/1848 1849/1946/1849 1829/1926/1829
f 1829/1926/1829 1849/1946/1849 1830/1927/1830
f 1849/1946/1849 1850/1947/1850 1830/1927/1830
f 1830/1927/1830 1850/1947/1850 1831/1928/1831
f 1850/1947/1850 1851/1948/1851 1831/1928/1831
f 1831/1928/1831 1851/1948/1851 1832/1929/1832
f 1851/1948/1851 1852/1949/1852 1832/1929/1832
f 1832/1929/1832 1852/1949/1852 1833/1930/1833
f 1852/1949/1852 1853/1950/1853 1833/1930/1833
f 1833/1930/1833 1853/1950/1853 1834/1931/1834
f 1853/1950/1853 1854/1951/1854 1834/1931/1834
f 1834/1931/1834 1854/1951/1854 1835/1932/1835
f 1854/1951/1854 1855/1952/1855 1835/1932/1835
f 1835/1932/1835 1855/1952/1855 1836/1933/1836
f 1855/1952/1855 1856/1953/1856 1836/1933/1836
f 1836/1933/1836 1856/1953/1856 1837/1934/1837
f 1856/1953/1856 1857/1954/1857 1837/1934/1837
f 1837/1934/1837 1857/1954/1857 1838/1935/1838
f 1857/1954/1857 1858/1955/1858 1838/1935/1838
f 1838/1935/1838 1858/1955/1858 1839/1936/1839
f 1858/1955/1858 1859/1956/1859 1839/1936/1839
f 1839/1936/1839 1859/1956/1859 1840/1937/1840
f 1859/1956/1859 1860/1957/1860 1840/1937/1840
f 1840/1937/1840 1860/1957/1860 1841/1938/1841
f 1860/1957/1860 1861/1958/1861 1841/1938/1841
f 1841/1938/1841 1861/1958/1861 1842/1939/1842
f 1861/1958/1861 1862/1959/1862 1842/1939/1842
f 1337/1729/1337 1643/1732/1643 1642/1730/1642
f 1643/1732/1643 1863/1960/1863 1642/1730/1642
f 1642/1730/1642 1863/1960/1863 1843/1940/1843
f 1863/1960/1863 1864/1961/1864 1843/1940/1843
f 1843/1940/1843 1864/1961/1864 1844/1941/1844
f 1864/1961/1864 1865/1962/1865 1844/1941/1844
f 1844/1941/1844 1865/1962/1865 1845/1942/1845
f 1865/1962/1865 1866/1963/1866 1845/1942/1845
f 1845/1942/1845 1866/1963/1866 1846/1943/1846
f 1866/1963/1866 1867/1964/1867 1846/1943/1846
f 1846/1943/1846 1867/1964/1867 1847/1944/1847
f 1867/1964/1867 1868/1965/1868 1847/1944/1847
f 1847/1944/1847 1868/1965/1868 1848/1945/1848
f 1868/1965/1868 1869/1966/1869 1848/1945/1848
f 1848/1945/1848 1869/1966/1869 1849/1946/1849
f 1869/1966/1869 1870/1967/1870 1849/1946/1849
f 1849/1946/1849 1870/1967/1870 1850/1947/1850
f 1870/1967/1870 1871/1968/1871 1850/1947/1850
f 1850/1947/1850 1871/1968/1871 1851/1948/1851
f 1871/1968/1871 1872/1969/1872 1851/1948/1851
f 1851/1948/1851 1872/1969/1872 1852/1949/1852
f 1872/1969/1872 1873/1970/1873 1852/1949/1852
f 1852/1949/1852 1873/1970/1873 1853/1950/1853
f 1873/1970/1873 1874/1971/1874 1853/1950/1853
f 1853/1950/1853 1874/1971/1874 1854/1951/1854
f 1874/1971/1874 1875/1972/1875 1854/1951/1854
f 1854/1951/1854 1875/1972/1875 1855/1952/1855
f 1875/1972/1875 1876/1973/1876 1855/1952/1855
f 1855/1952/1855 1876/1973/1876 1856/1953/1856
f 1876/1973/1876 1877/1974/1877 1856/1953/1856
f 1856/1953/1856 1877/1974/1877 1857/1954/1857
f 1877/1974/1877 1878/1975/1878 1857/1954/1857
f 1857/1954/1857 1878/1975/1878 1858/1955/1858
f 1878/1975/1878 1879/1976/1879 1858/1955/1858
f 1858/1955/1858 1879/1976/1879 1859/1956/1859
f 1879/1976/1879 1880/1977/1880 1859/1956/1859
f 1859/1956/1859 1880/1977/1880 1860/1957/1860
f 1880/1977/1880 1881/1978/1881 1860/1957/1860
f 1860/1957/1860 1881/1978/1881 1861/1958/1861
f 1881/1978/1881 1882/1979/1882 1861/1958/1861
f 1861/1958/1861 1882/1979/1882 1862/1959/1862
f 1882/1979/1882 1883/1980/1883 1862/1959/1862
f 1358/1731/1358 1644/1734/1644 1643/1732/1643
f 1644/1734/1644 1884/1981/1884 1643/1732/1643
f 1643/1732/1643 1884/1981/1884 1863/1960/1863
f 1884/1981/1884 1885/1982/1885 1863/1960/1863
f 1863/1960/1863 1885/1982/1885 1864/1961/1864
f 1885/1982/1885 1886/1983/1886 1864/1961/1864
f 1864/1961/1864 1886/1983/1886 1865/1962/1865
f 1886/1983/1886 1887/1984/1887 1865/1962/1865
f 1865/1962/1865 1887/1984/1887 1866/1963/1866
f 1887/1984/1887 1888/1985/1888 1866/1963/1866
f 1866/1963/1866 1888/1985/1888 1867/1964/1867
f 1888/1985/1888 1889/1986/1889 1867/1964/1867
f 1867/1964/1867 1889/1986/1889 1868/1965/1868
f 1889/1986/1889 1890/1987/1890 1868/1965/1868
f 1868/1965/1868 1890/1987/1890 1869/1966/1869
f 1890/1987/1890 1891/1988/1891 1869/1966/1869
f 1869/1966/1869 1891/1988/1891 1870/1967/1870
f 1891/1988/1891 1892/1989/1892 1870/1967/1870
f 1870/1967/1870 1892/1989/1892 1871/1968/1871
f 1892/1989/1892 1893/1990/1893 1871/1968/1871
f 1871/1968/1871 1893/1990/1893 1872/1969/1872
f 1893/1990/1893 1894/1991/1894 1872/1969/1872
f 1872/1969/1872 1894/1991/1894 1873/1970/1873
f 1894/1991/1894 1895/1992/1895 1873/1970/1873
f 1873/1970/1873 1895/1992/1895 1874/1971/1874
f 1895/1992/1895 1896/1993/1896 1874/1971/1874
f 1874/1971/1874 1896/1993/1896 1875/1972/1875
f 1896/1993/1896 1897/1994/1897 1875/1972/1875
f 1875/1972/1875 1897/1994/1897 1876/1973/1876
f 1897/1994/1897 1898/1995/1898 1876/1973/1876
f 1876/1973/1876 1898/1995/1898 1877/1974/1877
f 1898/1995/1898 1899/1996/1899 1877/1974/1877
f 1877/1974/1877 1899/1996/1899 1878/1975/1878
f 1899/1996/1899 1900/1997/1900 1878/1975/1878
f 1878/1975/1878 1900/1997/1900 1879/1976/1879
f 1900/1997/1900 1901/1998/1901 1879/1976/1879
f 1879/1976/1879 1901/1998/1901 1880/1977/1880
f 1901/1998/1901 1902/1999/1902 1880/1977/1880
f 1880/1977/1880 1902/1999/1902 1881/1978/1881
f 1902/1999/1902 1903/2000/1903 1881/1978/1881
f 1881/1978/1881 1903/2000/1903 1882/1979/1882
f 1903/2000/1903 1904/2001/1904 1882/1979/1882
f 1882/1979/1882 1904/2001/1904 1883/1980/1883
f 1904/2001/1904 1905/2002/1905 1883/1980/1883
f 1380/1733/1380 1645/1736/1645 1644/1734/1644
f 1645/1736/1645 1906/2003/1906 1644/1734/1644
f 1644/1734/1644 1906/2003/1906 1884/1981/1884
f 1906/2003/1906 1907/2004/1907 1884/1981/1884
f 1884/1981/1884 1907/2004/1907 1885/1982/1885
f 1907/2004/1907 1908/2005/1908 1885/1982/1885
f 1885/1982/1885 1908/2005/1908 1886/1983/1886
f 1908/2005/1908 1909/2006/1909 1886/1983/1886
f 1886/1983/1886 1909/2006/1909 1887/1984/1887
f 1909/2006/1909 1910/2007/1910 1887/1984/1887
f 1887/1984/1887 1910/2007/1910 1888/1985/1888
f 1910/2007/1910 1911/2008/1911 1888/1985/1888
f 1888/1985/1888 1911/2008/1911 1889/1986/1889
f 1911/2008/1911 1912/2009/1912 1889/1986/1889
f 1889/1986/1889 1912/2009/1912 1890/1987/1890
f 1912/2009/1912 1913/2010/1913 1890/1987/1890
f 1890/1987/1890 1913/2010/1913 1891/1988/1891
f 1913/2010/1913 1914/2011/1914 1891/1988/1891
f 1891/1988/1891 1914/2011/1914 1892/1989/1892
f 1914/2011/1914 1915/2012/1915 1892/1989/1892
f 1892/1989/1892 1915/2012/1915 1893/1990/1893
f 1915/2012/1915 1916/2013/1916 1893/1990/1893
f 1893/1990/1893 1916/2013/1916 1894/1991/1894
f 1916/2013/1916 1917/2014/1917 1894/1991/1894
f 1894/1991/1894 1917/2014/1917 1895/1992/1895
f 1917/2014/1917 1918/2015/1918 1895/1992/1895
f 1895/1992/1895 1918/2015/1918 1896/1993/1896
f 1918/2015/1918 1919/2016/1919 1896/1993/1896
f 1896/1993/1896 1919/2016/1919 1897/1994/1897
f 1919/2016/1919 1920/2017/1920 1897/1994/1897
f 1897/1994/1897 1920/2017/1920 1898/1995/1898
f 1920/2017/1920 1921/2018/1921 1898/1995/1898
f 1898/1995/1898 1921/2018/1921 1899/1996/1899
f 1921/2018/1921 1922/2019/1922 1899/1996/1899
f 1899/1996/1899 1922/2019/1922 1900/1997/1900
f 1922/2019/1922 1923/2020/1923 1900/1997/1900
f 1900/1997/1900 1923/2020/1923 1901/1998/1901
f 1923/2020/1923 1924/2021/1924 1901/1998/1901
f 1901/1998/1901 1924/2021/1924 1902/1999/1902
f 1924/2021/1924 1925/2022/1925 1902/1999/1902
f 1902/1999/1902 1925/2022/1925 1903/2000/1903
f 1925/2022/1925 1926/2023/1926 1903/2000/1903
f 1903/2000/1903 1926/2023/1926 1904/2001/1904
f 1926/2023/1926 1927/2024/1927 1904/2001/1904
f 1904/2001/1904 1927/2024/1927 1905/2002/1905
f 1927/2024/1927 1928/2025/1928 1905/2002/1905
f 1403/1735/1403 1646/1738/1646 1645/1736/1645
f 1646/1738/1646 1929/2026/1929 1645/1736/1645
f 1645/1736/1645 1929/2026/1929 1906/2003/1906
f 1929/2026/1929 1930/2027/1930 1906/2003/1906
f 1906/2003/1906 1930/2027/1930 1907/2004/1907
f 1930/2027/1930 1931/2028/1931 1907/2004/1907
f 1907/2004/1907 1931/2028/1931 1908/2005/1908
f 1931/2028/1931 1932/2029/1932 1908/2005/1908
f 1908/2005/1908 1932/2029/1932 1909/2006/1909
f 1932/2029/1932 1933/2030/1933 1909/2006/1909
f 1909/2006/1909 1933/2030/1933 1910/2007/1910
f 1933/2030/1933 1934/2031/1934 1910/2007/1910
f 1910/2007/1910 1934/2031/1934 1911/2008/1911
f 1934/2031/1934 1935/2032/1935 1911/2008/1911
f 1911/2008/1911 1935/2032/1935 1912/2009/1912
f 1935/2032/1935 1936/2033/1936 1912/2009/1912
f 1912/2009/1912 1936/2033/1936 1913/2010/1913
f 1936/2033/1936 1937/2034/1937 1913/2010/1913
f 1913/2010/1913 1937/2034/1937 1914/2011/1914
f 1937/2034/1937 1938/2035/1938 1914/2011/1914
f 1914/2011/1914 1938/2035/1938 1915/2012/1915
f 1938/2035/1938 1939/2036/1939 1915/2012/1915
f 1915/2012/1915 1939/2036/1939 1916/2013/1916
f 1939/2036/1939 1940/2037/1940 1916/2013/1916
f 1916/2013/1916 1940/2037/1940 1917/2014/1917
f 1940/2037/1940 1941/2038/1941 1917/2014/1917
f 1917/2014/1917 1941/2038/1941 1918/2015/1918
f 1941/2038/1941 1942/2039/1942 1918/2015/1918
f 1918/2015/1918 1942/2039/1942 1919/2016/1919
f 1942/2039/1942 1943/2040/1943 1919/2016/1919
f 1919/2016/1919 1943/2040/1943 1920/2017/1920
f 1943/2040/1943 1944/2041/1944 1920/2017/1920
f 1920/2017/1920 1944/2041/1944 1921/2018/1921
f 1944/2041/1944 1945/2042/1945 1921/2018/1921
f 1921/2018/1921 1945/2042/1945 1922/2019/1922
f 1945/2042/1945 1946/2043/1946 1922/2019/1922
f 1922/2019/1922 1946/2043/1946 1923/2020/1923
f 1946/2043/1946 1947/2044/1947 1923/2020/1923
f 1923/2020/1923 1947/2044/1947 1924/2021/1924
f 1947/2044/1947 1948/2045/1948 1924/2021/1924
f 1924/2021/1924 1948/2045/1948 1925/2022/1925
f 1948/2045/1948 1949/2046/1949 1925/2022/1925
f 1925/2022/1925 1949/2046/1949 1926/2023/1926
f 1949/2046/1949 1950/2047/1950 1926/2023/1926
f 1926/2023/1926 1950/2047/1950 1927/2024/1927
f 1950/2047/1950 1951/2048/1951 1927/2024/1927
f 1927/2024/1927 1951/2048/1951 1928/2025/1928
f 1951/2048/1951 1952/2049/1952 1928/2025/1928
f 1427/1737/1427 1647/1740/1647 1646/1738/1646
f 1647/1740/1647 1953/2050/1953 1646/1738/1646
f 1646/1738/1646 1953/2050/1953 1929/2026/1929
f 1953/2050/1953 1954/2051/1954 1929/2026/1929
f 1929/2026/1929 1954/2051/1954 1930/2027/1930
f 1954/2051/1954 1955/2052/1955 1930/2027/1930
f 1930/2027/1930 1955/2052/1955 1931/2028/1931
f 1955/2052/1955 1956/2053/1956 1931/2028/1931
f 1931/2028/1931 1956/2053/1956 1932/2029/1932
f 1956/2053/1956 1957/2054/1957 1932/2029/1932
f 1932/2029/1932 1957/2054/1957 1933/2030/1933
f 1957/2054/1957 1958/2055/1958 1933/2030/1933
f 1933/2030/1933 1958/2055/1958 1934/2031/1934
f 1958/2055/1958 1959/2056/1959 1934/2031/1934
f 1934/2031/1934 1959/2056/1959 1935/2032/1935
f 1959/2056/1959 1960/2057/1960 1935/2032/1935
f 1935/2032/1935 1960/2057/1960 1936/2033/1936
f 1960/2057/1960 1961/2058/1961 1936/2033/1936
f 1936/2033/1936 1961/2058/1961 1937/2034/1937
f 1961/2058/1961 1962/2059/1962 1937/2034/1937
f 1937/2034/1937 1962/2059/1962 1938/2035/1938
f 1962/2059/1962 1963/2060/1963 1938/2035/1938
f 1938/2035/1938 1963/2060/1963 1939/2036/1939
f 1963/2060/1963 1964/2061/1964 1939/2036/1939
f 1939/2036/1939 1964/2061/1964 1940/2037/1940
f 1964/2061/1964 1965/2062/1965 1940/2037/1940
f 1940/2037/1940 1965/2062/1965 1941/2038/1941
f 1965/2062/1965 1966/2063/1966 1941/2038/1941
f 1941/2038/1941 1966/2063/1966 1942/2039/1942
f 1966/2063/1966 1967/2064/1967 1942/2039/1942
f 1942/2039/1942 1967/2064/1967 1943/2040/1943
f 1967/2064/1967 1968/2065/1968 1943/2040/1943
f 1943/2040/1943 1968/2065/1968 1944/2041/1944
f 1968/2065/1968 1969/2066/1969 1944/2041/1944
f 1944/2041/1944 1969/2066/1969 1945/2042/1945
f 1969/2066/1969 1970/2067/1970 1945/2042/1945
f 1945/2042/1945 1970/2067/1970 1946/2043/1946
f 1970/2067/1970 1971/2068/1971 1946/2043/1946
f 1946/2043/1946 1971/2068/1971 1947/2044/1947
f 1971/2068/1971 1972/2069/1972 1947/2044/1947
f 1947/2044/1947 1972/2069/1972 1948/2045/1948
f 1972/2069/1972 1973/2070/1973 1948/2045/1948
f 1948/2045/1948 1973/2070/1973 1949/2046/1949
f 1973/2070/1973 1974/2071/1974 1949/2046/1949
f 1949/2046/1949 1974/2071/1974 1950/2047/1950
f 1974/2071/1974 1975/2072/1975 1950/2047/1950
f 1950/2047/1950 1975/2072/1975 1951/2048/1951
f 1975/2072/1975 1976/2073/1976 1951/2048/1951
f 1951/2048/1951 1976/2073/1976 1952/2049/1952
f 1976/2073/1976 1977/2074/1977 1952/2049/1952
f 1452/1739/1452 1648/1742/1648 1647/1740/1647
f 1648/1742/1648 1978/2075/1978 1647/1740/1647
f 1647/1740/1647 1978/2075/1978 1953/2050/1953
f 1978/2075/1978 1979/2076/1979 1953/2050/1953
f 1953/2050/1953 1979/2076/1979 1954/2051/1954
f 1979/2076/1979 1980/2077/1980 1954/2051/1954
f 1954/2051/1954 1980/2077/1980 1955/2052/1955
f 1980/2077/1980 1981/2078/1981 1955/2052/1955
f 1955/2052/1955 1981/2078/1981 1956/2053/1956
f 1981/2078/1981 1982/2079/1982 1956/2053/1956
f 1956/2053/1956 1982/2079/1982 1957/2054/1957
f 1982/2079/1982 1983/2080/1983 1957/2054/1957
f 1957/2054/1957 1983/2080/1983 1958/2055/1958
f 1983/2080/1983 1984/2081/1984 1958/2055/1958
f 1958/2055/1958 1984/2081/1984 1959/2056/1959
f 1984/2081/1984 1985/2082/1985 1959/2056/1959
f 1959/2056/1959 1985/2082/1985 1960/2057/1960
f 1985/2082/1985 1986/2083/1986 1960/2057/1960
f 1960/2057/1960 1986/2083/1986 1961/2058/1961
f 1986/2083/1986 1987/2084/1987 1961/2058/1961
f 1961/2058/1961 1987/2084/1987 1962/2059/1962
f 1987/2084/1987 1988/2085/1988 1962/2059/1962
f 1962/2059/1962 1988/2085/1988 1963/2060/1963
f 1988/2085/1988 1989/2086/1989 1963/2060/1963
f 1963/2060/1963 1989/2086/1989 1964/2061/1964
f 1989/2086/1989 1990/2087/1990 1964/2061/1964
f 1964/2061/1964 1990/2087/1990 1965/2062/1965
f 1990/2087/1990 1991/2088/1991 1965/2062/1965
f 1965/2062/1965 1991/2088/1991 1966/2063/1966
f 1991/2088/1991 1992/2089/1992 1966/2063/1966
f 1966/2063/1966 1992/2089/1992 1967/2064/1967
f 1992/2089/1992 1993/2090/1993 1967/2064/1967
f 1967/2064/1967 1993/2090/1993 1968/2065/1968
f 1993/2090/1993 1994/2091/1994 1968/2065/1968
f 1968/2065/1968 1994/2091/1994 1969/2066/1969
f 1994/2091/1994 1995/2092/1995 1969/2066/1969
f 1969/2066/1969 1995/2092/1995 1970/2067/1970
f 1995/2092/1995 1996/2093/1996 1970/2067/1970
f 1970/2067/1970 1996/2093/1996 1971/2068/1971
f 1996/2093/1996 1997/2094/1997 1971/2068/1971
f 1971/2068/1971 1997/2094/1997 1972/2069/1972
f 1997/2094/1997 1998/2095/1998 1972/2069/1972
f 1972/2069/1972 1998/2095/1998 1973/2070/1973
f 1998/2095/1998 1999/2096/1999 1973/2070/1973
f 1973/2070/1973 1999/2096/1999 1974/2071/1974
f 1999/2096/1999 2000/2097/2000 1974/2071/1974
f 1974/2071/1974 2000/2097/2000 1975/2072/1975
f 2000/2097/2000 2001/2098/2001 1975/2072/1975
f 1975/2072/1975 2001/2098/2001 1976/2073/1976
f 2001/2098/2001 2002/2099/2002 1976/2073/1976
f 1976/2073/1976 2002/2099/2002 1977/2074/1977
f 2002/2099/2002 2003/2100/2003 1977/2074/1977
f 1478/1741/1478 1649/1744/1649 1648/1742/1648
f 1649/1744/1649 2004/2101/2004 1648/1742/1648
f 1648/1742/1648 2004/2101/2004 1978/2075/1978
f 2004/2101/2004 2005/2102/2005 1978/2075/1978
f 1978/2075/1978 2005/2102/2005 1979/2076/1979
f 2005/2102/2005 2006/2103/2006 1979/2076/1979
f 1979/2076/1979 2006/2103/2006 1980/2077/1980
f 2006/2103/2006 2007/2104/2007 1980/2077/1980
f 1980/2077/1980 2007/2104/2007 1981/2078/1981
f 2007/2104/2007 2008/2105/2008 1981/2078/1981
f 1981/2078/1981 2008/2105/2008 1982/2079/1982
f 2008/2105/2008 2009/2106/2009 1982/2079/1982
f 1982/2079/1982 2009/2106/2009 1983/2080/1983
f 2009/2106/2009 2010/2107/2010 1983/2080/1983
f 1983/2080/1983 2010/2107/2010 1984/2081/1984
f 2010/2107/2010 2011/2108/2011 1984/2081/1984
f 1984/2081/1984 2011/2108/2011 1985/2082/1985
f 2011/2108/2011 2012/2109/2012 1985/2082/1985
f 1985/2082/1985 2012/2109/2012 1986/2083/1986
f 2012/2109/2012 2013/2110/2013 1986/2083/1986
f 1986/2083/1986 2013/2110/2013 1987/2084/1987
f 2013/2110/2013 2014/2111/2014 1987/2084/1987
f 1987/2084/1987 2014/2111/2014 1988/2085/1988
f 2014/2111/2014 2015/2112/2015 1988/2085/1988
f 1988/2085/1988 2015/2112/2015 1989/2086/1989
f 2015/2112/2015 2016/2113/2016 1989/2086/1989
f 1989/2086/1989 2016/2113/2016 1990/2087/1990
f 2016/2113/2016 2017/2114/2017 1990/2087/1990
f 1990/2087/1990 2017/2114/2017 1991/2088/1991
f 2017/2114/2017 2018/2115/2018 1991/2088/1991
f 1991/2088/1991 2018/2115/2018 1992/2089/1992
f 2018/2115/2018 2019/2116/2019 1992/2089/1992
f 1992/2089/1992 2019/2116/2019 1993/2090/1993
f 2019/2116/2019 2020/2117/2020 1993/2090/1993
f 1993/2090/1993 2020/2117/2020 1994/2091/1994
f 2020/2117/2020 2021/2118/2021 1994/2091/1994
f 1994/2091/1994 2021/2118/2021 1995/2092/1995
f 2021/2118/2021 2022/2119/2022 1995/2092/1995
f 1995/2092/1995 2022/2119/2022 1996/2093/1996
f 2022/2119/2022 2023/2120/2023 1996/2093/1996
f 1996/2093/1996 2023/2120/2023 1997/2094/1997
f 2023/2120/2023 2024/2121/2024 1997/2094/1997
f 1997/2094/1997 2024/2121/2024 1998/2095/1998
f 2024/2121/2024 2025/2122/2025 1998/2095/1998
f 1998/2095/1998 2025/2122/2025 1999/2096/1999
f 2025/2122/2025 2026/2123/2026 1999/2096/1999
f 1999/2096/1999 2026/2123/2026 2000/2097/2000
f 2026/2123/2026 2027/2124/2027 2000/2097/2000
f 2000/2097/2000 2027/2124/2027 2001/2098/2001
f 2027/2124/2027 2028/2125/2028 2001/2098/2001
f 2001/2098/2001 2028/2125/2028 2002/2099/2002
f 2028/2125/2028 2029/2126/2029 2002/2099/2002
f 2002/2099/2002 2029/2126/2029 2003/2100/2003
f 2029/2126/2029 2030/2127/2030 2003/2100/2003
f 1505/1743/1505 1650/1746/1650 1649/1744/1649
f 1650/1746/1650 2031/2128/2031 1649/1744/1649
f 1649/1744/1649 2031/2128/2031 2004/2101/2004
f 2031/2128/2031 2032/2129/2032 2004/2101/2004
f 2004/2101/2004 2032/2129/2032 2005/2102/2005
f 2032/2129/2032 2033/2130/2033 2005/2102/2005
f 2005/2102/2005 2033/2130/2033 2006/2103/2006
f 2033/2130/2033 2034/2131/2034 2006/2103/2006
f 2006/2103/2006 2034/2131/2034 2007/2104/2007
f 2034/2131/2034 2035/2132/2035 2007/2104/2007
f 2007/2104/2007 2035/2132/2035 2008/2105/2008
f 2035/2132/2035 2036/2133/2036 2008/2105/2008
f 2008/2105/2008 2036/2133/2036 2009/2106/2009
f 2036/2133/2036 2037/2134/2037 2009/2106/2009
f 2009/2106/2009 2037/2134/2037 2010/2107/2010
f 2037/2134/2037 2038/2135/2038 2010/2107/2010
f 2010/2107/2010 2038/2135/2038 2011/2108/2011
f 2038/2135/2038 2039/2136/2039 2011/2108/2011
f 2011/2108/2011 2039/2136/2039 2012/2109/2012
f 2039/2136/2039 2040/2137/2040 2012/2109/2012
f 2012/2109/2012 2040/2137/2040 2013/2110/2013
f 2040/2137/2040 2041/2138/2041 2013/2110/2013
f 2013/2110/2013 2041/2138/2041 2014/2111/2014
f 2041/2138/2041 2042/2139/2042 2014/2111/2014
f 2014/2111/2014 2042/2139/2042 2015/2112/2015
f 2042/2139/2042 2043/2140/2043 2015/2112/2015
f 2015/2112/2015 2043/2140/2043 2016/2113/2016
f 2043/2140/2043 2044/2141/2044 2016/2113/2016
f 2016/2113/2016 2044/2141/2044 2017/2114/2017
f 2044/2141/2044 2045/2142/2045 2017/2114/2017
f 2017/2114/2017 2045/2142/2045 2018/2115/2018
f 2045/2142/2045 2046/2143/2046 2018/2115/2018
f 2018/2115/2018 2046/2143/2046 2019/2116/2019
f 2046/2143/2046 2047/2144/2047 2019/2116/2019
f 2019/2116/2019 2047/2144/2047 2020/2117/2020
f 2047/2144/2047 2048/2145/2048 2020/2117/2020
f 2020/2117/2020 2048/2145/2048 2021/2118/2021
f 2048/2145/2048 2049/2146/2049 2021/2118/2021
f 2021/2118/2021 2049/2146/2049 2022/2119/2022
f 2049/2146/2049 2050/2147/2050 2022/2119/2022
f 2022/2119/2022 2050/2147/2050 2023/2120/2023
f 2050/2147/2050 2051/2148/2051 2023/2120/2023
f 2023/2120/2023 2051/2148/2051 2024/2121/2024
f 2051/2148/2051 2052/2149/2052 2024/2121/2024
f 2024/2121/2024 2052/2149/2052 2025/2122/2025
f 2052/2149/2052 2053/2150/2053 2025/2122/2025
f 2025/2122/2025 2053/2150/2053 2026/2123/2026
f 2053/2150/2053 2054/2151/2054 2026/2123/2026
f 2026/2123/2026 2054/2151/2054 2027/2124/2027
f 2054/2151/2054 2055/2152/2055 2027/2124/2027
f 2027/2124/2027 2055/2152/2055 2028/2125/2028
f 2055/2152/2055 2056/2153/2056 2028/2125/2028
f 2028/2125/2028 2056/2153/2056 2029/2126/2029
f 2056/2153/2056 2057/2154/2057 2029/2126/2029
f 2029/2126/2029 2057/2154/2057 2030/2127/2030
f 2057/2154/2057 2058/2155/2058 2030/2127/2030
f 1533/1745/1533 1651/1748/1651 1650/1746/1650
f 1651/1748/1651 2059/2156/2059 1650/1746/1650
f 1650/1746/1650 2059/2156/2059 2031/2128/2031
f 2059/2156/2059 2060/2157/2060 2031/2128/2031
f 2031/2128/2031 2060/2157/2060 2032/2129/2032
f 2060/2157/2060 2061/2158/2061 2032/2129/2032
f 2032/2129/2032 2061/2158/2061 2033/2130/2033
f 2061/2158/2061 2062/2159/2062 2033/2130/2033
f 2033/2130/2033 2062/2159/2062 2034/2131/2034
f 2062/2159/2062 2063/2160/2063 2034/2131/2034
f 2034/2131/2034 2063/2160/2063 2035/2132/2035
f 2063/2160/2063 2064/2161/2064 2035/2132/2035
f 2035/2132/2035 2064/2161/2064 2036/2133/2036
f 2064/2161/2064 2065/2162/2065 2036/2133/2036
f 2036/2133/2036 2065/2162/2065 2037/2134/2037
f 2065/2162/2065 2066/2163/2066 2037/2134/2037
f 2037/2134/2037 2066/2163/2066 2038/2135/2038
f 2066/2163/2066 2067/2164/2067 2038/2135/2038
f 2038/2135/2038 2067/2164/2067 2039/2136/2039
f 2067/2164/2067 2068/2165/2068 2039/2136/2039
f 2039/2136/2039 2068/2165/2068 2040/2137/2040
f 2068/2165/2068 2069/2166/2069 2040/2137/2040
f 2040/2137/2040 2069/2166/2069 2041/2138/2041
f 2069/2166/2069 2070/2167/2070 2041/2138/2041
f 2041/2138/2041 2070/2167/2070 2042/2139/2042
f 2070/2167/2070 2071/2168/2071 2042/2139/2042
f 2042/2139/2042 2071/2168/2071 2043/2140/2043
f 2071/2168/2071 2072/2169/2072 2043/2140/2043
f 2043/2140/2043 2072/2169/2072 2044/2141/2044
f 2072/2169/2072 2073/2170/2073 2044/2141/2044
f 2044/2141/2044 2073/2170/2073 2045/2142/2045
f 2073/2170/2073 2074/2171/2074 2045/2142/2045
f 2045/2142/2045 2074/2171/2074 2046/2143/2046
f 2074/2171/2074 2075/2172/2075 2046/2143/2046
f 2046/2143/2046 2075/2172/2075 2047/2144/2047
f 2075/2172/2075 2076/2173/2076 2047/2144/2047
f 2047/2144/2047 2076/2173/2076 2048/2145/2048
f 2076/2173/2076 2077/2174/2077 2048/2145/2048
f 2048/2145/2048 2077/2174/2077 2049/2146/2049
f 2077/2174/2077 2078/2175/2078 2049/2146/2049
f 2049/2146/2049 2078/2175/2078 2050/2147/2050
f 2078/2175/2078 2079/2176/2079 2050/2147/2050
f 2050/2147/2050 2079/2176/2079 2051/2148/2051
f 2079/2176/2079 2080/2177/2080 2051/2148/2051
f 2051/2148/2051 2080/2177/2080 2052/2149/2052
f 2080/2177/2080 2081/2178/2081 2052/2149/2052
f 2052/2149/2052 2081/2178/2081 2053/2150/2053
f 2081/2178/2081 2082/2179/2082 2053/2150/2053
f 2053/2150/2053 2082/2179/2082 2054/2151/2054
f 2082/2179/2082 2083/2180/2083 2054/2151/2054
f 2054/2151/2054 2083/2180/2083 2055/2152/2055
f 2083/2180/2083 2084/2181/2084 2055/2152/2055
f 2055/2152/2055 2084/2181/2084 2056/2153/2056
f 2084/2181/2084 2085/2182/2085 2056/2153/2056
f 2056/2153/2056 2085/2182/2085 2057/2154/2057
f 2085/2182/2085 2086/2183/2086 2057/2154/2057
f 2057/2154/2057 2086/2183/2086 2058/2155/2058
f 2086/2183/2086 2087/2184/2087 2058/2155/2058
f 1562/1747/1562 1652/1749/1652 1651/1748/1651
f 1652/1749/1652 2088/2185/2088 1651/1748/1651
f 1651/1748/1651 2088/2185/2088 2059/2156/2059
f 2088/2185/2088 2089/2186/2089 2059/2156/2059
f 2059/2156/2059 2089/2186/2089 2060/2157/2060
f 2089/2186/2089 2090/2187/2090 2060/2157/2060
f 2060/2157/2060 2090/2187/2090 2061/2158/2061
f 2090/2187/2090 2091/2188/2091 2061/2158/2061
f 2061/2158/2061 2091/2188/2091 2062/2159/2062
f 2091/2188/2091 2092/2189/2092 2062/2159/2062
f 2062/2159/2062 2092/2189/2092 2063/2160/2063
f 2092/2189/2092 2093/2190/2093 2063/2160/2063
f 2063/2160/2063 2093/2190/2093 2064/2161/2064
f 2093/2190/2093 2094/2191/2094 2064/2161/2064
f 2064/2161/2064 2094/2191/2094 2065/2162/2065
f 2094/2191/2094 2095/2192/2095 2065/2162/2065
f 2065/2162/2065 2095/2192/2095 2066/2163/2066
f 2095/2192/2095 2096/2193/2096 2066/2163/2066
f 2066/2163/2066 2096/2193/2096 2067/2164/2067
f 2096/2193/2096 2097/2194/2097 2067/2164/2067
f 2067/2164/2067 2097/2194/2097 2068/2165/2068
f 2097/2194/2097 2098/2195/2098 2068/2165/2068
f 2068/2165/2068 2098/2195/2098 2069/2166/2069
f 2098/2195/2098 2099/2196/2099 2069/2166/2069
f 2069/2166/2069 2099/2196/2099 2070/2167/2070
f 2099/2196/2099 2100/2197/2100 2070/2167/2070
f 2070/2167/2070 2100/2197/2100 2071/2168/2071
f 2100/2197/2100 2101/2198/2101 2071/2168/2071
f 2071/2168/2071 2101/2198/2101 2072/2169/2072
f 2101/2198/2101 2102/2199/2102 2072/2169/2072
f 2072/2169/2072 2102/2199/2102 2073/2170/2073
f 2102/2199/2102 2103/2200/2103 2073/2170/2073
f 2073/2170/2073 2103/2200/2103 2074/2171/2074
f 2103/2200/2103 2104/2201/2104 2074/2171/2074
f 2074/2171/2074 2104/2201/2104 2075/2172/2075
f 2104/2201/2104 2105/2202/2105 2075/2172/2075
f 2075/2172/2075 2105/2202/2105 2076/2173/2076
f 2105/2202/2105 2106/2203/2106 2076/2173/2076
f 2076/2173/2076 2106/2203/2106 2077/2174/2077
f 2106/2203/2106 2107/2204/2107 2077/2174/2077
f 2077/2174/2077 2107/2204/2107 2078/2175/2078
f 2107/2204/2107 2108/2205/2108 2078/2175/2078
f 2078/2175/2078 2108/2205/2108 2079/2176/2079
f 2108/2205/2108 2109/2206/2109 2079/2176/2079
f 2079/2176/2079 2109/2206/2109 2080/2177/2080
f 2109/2206/2109 2110/2207/2110 2080/2177/2080
f 2080/2177/2080 2110/2207/2110 2081/2178/2081
f 2110/2207/2110 2111/2208/2111 2081/2178/2081
f 2081/2178/2081 2111/2208/2111 2082/2179/2082
f 2111/2208/2111 2112/2209/2112 2082/2179/2082
f 2082/2179/2082 2112/2209/2112 2083/2180/2083
f 2112/2209/2112 2113/2210/2113 2083/2180/2083
f 2083/2180/2083 2113/2210/2113 2084/2181/2084
f 2113/2210/2113 2114/2211/2114 2084/2181/2084
f 2084/2181/2084 2114/2211/2114 2085/2182/2085
f 2114/2211/2114 2115/2212/2115 2085/2182/2085
f 2085/2182/2085 2115/2212/2115 2086/2183/2086
f 2115/2212/2115 2116/2213/2116 2086/2183/2086
f 2086/2183/2086 2116/2213/2116 2087/2184/2087
f 2116/2213/2116 3/2214/3 2087/2184/2087
f 6/6/6 5/5/5 1652/1749/1652
f 5/5/5 2117/2215/2117 1652/1749/1652
f 1652/1749/1652 2117/2215/2117 2088/2185/2088
f 2117/2215/2117 2118/2216/2118 2088/2185/2088
f 2088/2185/2088 2118/2216/2118 2089/2186/2089
f 2118/2216/2118 2119/2217/2119 2089/2186/2089
f 2089/2186/2089 2119/2217/2119 2090/2187/2090
f 2119/2217/2119 2120/2218/2120 2090/2187/2090
f 2090/2187/2090 2120/2218/2120 2091/2188/2091
f 2120/2218/2120 2121/2219/2121 2091/2188/2091
f 2091/2188/2091 2121/2219/2121 2092/2189/2092
f 2121/2219/2121 2122/2220/2122 2092/2189/2092
f 2092/2189/2092 2122/2220/2122 2093/2190/2093
f 2122/2220/2122 2123/2221/2123 2093/2190/2093
f 2093/2190/2093 2123/2221/2123 2094/2191/2094
f 2123/2221/2123 2124/2222/2124 2094/2191/2094
f 2094/2191/2094 2124/2222/2124 2095/2192/2095
f 2124/2222/2124 2125/2223/2125 2095/2192/2095
f 2095/2192/2095 2125/2223/2125 2096/2193/2096
f 2125/2223/2125 2126/2224/2126 2096/2193/2096
f 2096/2193/2096 2126/2224/2126 2097/2194/2097
f 2126/2224/2126 2127/2225/2127 2097/2194/2097
f 2097/2194/2097 2127/2225/2127 2098/2195/2098
f 2127/2225/2127 2128/2226/2128 2098/2195/2098
f 2098/2195/2098 2128/2226/2128 2099/2196/2099
f 2128/2226/2128 2129/2227/2129 2099/2196/2099
f 2099/2196/2099 2129/2227/2129 2100/2197/2100
f 2129/2227/2129 2130/2228/2130 2100/2197/2100
f 2100/2197/2100 2130/2228/2130 2101/2198/2101
f 2130/2228/2130 2131/2229/2131 2101/2198/2101
f 2101/2198/2101 2131/2229/2131 2102/2199/2102
f 2131/2229/2131 2132/2230/2132 2102/2199/2102
f 2102/2199/2102 2132/2230/2132 2103/2200/2103
f 2132/2230/2132 2133/2231/2133 2103/2200/2103
f 2103/2200/2103 2133/2231/2133 2104/2201/2104
f 2133/2231/2133 2134/2232/2134 2104/2201/2104
f 2104/2201/2104 2134/2232/2134 2105/2202/2105
f 2134/2232/2134 2135/2233/2135 2105/2202/2105
f 2105/2202/2105 2135/2233/2135 2106/2203/2106
f 2135/2233/2135 2136/2234/2136 2106/2203/2106
f 2106/2203/2106 2136/2234/2136 2107/2204/2107
f 2136/2234/2136 2137/2235/2137 2107/2204/2107
f 2107/2204/2107 2137/2235/2137 2108/2205/2108
f 2137/2235/2137 2138/2236/2138 2108/2205/2108
f 2108/2205/2108 2138/2236/2138 2109/2206/2109
f 2138/2236/2138 2139/2237/2139 2109/2206/2109
f 2109/2206/2109 2139/2237/2139 2110/2207/2110
f 2139/2237/2139 2140/2238/2140 2110/2207/2110
f 2110/2207/2110 2140/2238/2140 2111/2208/2111
f 2140/2238/2140 2141/2239/2141 2111/2208/2111
f 2111/2208/2111 2141/2239/2141 2112/2209/2112
f 2141/2239/2141 2142/2240/2142 2112/2209/2112
f 2112/2209/2112 2142/2240/2142 2113/2210/2113
f 2142/2240/2142 2143/2241/2143 2113/2210/2113
f 2113/2210/2113 2143/2241/2143 2114/2211/2114
f 2143/2241/2143 2144/2242/2144 2114/2211/2114
f 2114/2211/2114 2144/2242/2144 2115/2212/2115
f 2144/2242/2144 2145/2243/2145 2115/2212/2115
f 2115/2212/2115 2145/2243/2145 2116/2213/2116
f 2145/2243/2145 2146/2244/2146 2116/2213/2116
f 2116/2213/2116 2146/2244/2146 3/2214/3
f 2146/2244/2146 1/1/1 3/2214/3
f 1622/2245/1622 16/2246/16 18/2247/18
f 1653/2248/1653 2147/2249/2147 1622/2245/1622
f 1655/2250/1655 2148/2251/2148 1653/2248/1653
f 1658/2252/1658 2149/2253/2149 1655/2250/1655
f 1662/2254/1662 2150/2255/2150 1658/2252/1658
f 1667/2256/1667 2151/2257/2151 1662/2254/1662
f 1673/2258/1673 2152/2259/2152 1667/2256/1667
f 1680/2260/1680 2153/2261/2153 1673/2258/1673
f 1688/2262/1688 2154/2263/2154 1680/2260/1680
f 1697/2264/1697 2155/2265/2155 1688/2262/1688
f 1707/2266/1707 2156/2267/2156 1697/2264/1697
f 1718/2268/1718 2157/2269/2157 1707/2266/1707
f 1730/2270/1730 2158/2271/2158 1718/2268/1718
f 1743/2272/1743 2159/2273/2159 1730/2270/1730
f 1757/2274/1757 2160/2275/2160 1743/2272/1743
f 1772/2276/1772 2161/2277/2161 1757/2274/1757
f 1788/2278/1788 2162/2279/2162 1772/2276/1772
f 1805/2280/1805 2163/2281/2163 1788/2278/1788
f 1823/2282/1823 2164/2283/2164 1805/2280/1805
f 1842/2284/1842 2165/2285/2165 1823/2282/1823
f 1862/2286/1862 2166/2287/2166 1842/2284/1842
f 1883/2288/1883 2167/2289/2167 1862/2286/1862
f 1905/2290/1905 2168/2291/2168 1883/2288/1883
f 1928/2292/1928 2169/2293/2169 1905/2290/1905
f 1952/2294/1952 2170/2295/2170 1928/2292/1928
f 1977/2296/1977 2171/2297/2171 1952/2294/1952
f 2003/2298/2003 2172/2299/2172 1977/2296/1977
f 2030/2300/2030 2173/2301/2173 2003/2298/2003
f 2058/2302/2058 2174/2303/2174 2030/2300/2030
f 2087/2304/2087 2175/2305/2175 2058/2302/2058
f 3/3/3 2176/2306/2176 2087/2304/2087
f 1622/2245/1622 2147/2249/2147 16/2246/16
f 2147/2249/2147 19/2307/19 16/2246/16
f 1653/2248/1653 2148/2251/2148 2147/2249/2147
f 2148/2251/2148 2177/2308/2177 2147/2249/2147
f 2147/2249/2147 2177/2308/2177 19/2307/19
f 2177/2308/2177 21/2309/21 19/2307/19
f 1655/2250/1655 2149/2253/2149 2148/2251/2148
f 2149/2253/2149 2178/2310/2178 2148/2251/2148
f 2148/2251/2148 2178/2310/2178 2177/2308/2177
f 2178/2310/2178 2179/2311/2179 2177/2308/2177
f 2177/2308/2177 2179/2311/2179 21/2309/21
f 2179/2311/2179 23/2312/23 21/2309/21
f 1658/2252/1658 2150/2255/2150 2149/2253/2149
f 2150/2255/2150 2180/2313/2180 2149/2253/2149
f 2149/2253/2149 2180/2313/2180 2178/2310/2178
f 2180/2313/2180 2181/2314/2181 2178/2310/2178
f 2178/2310/2178 2181/2314/2181 2179/2311/2179
f 2181/2314/2181 2182/2315/2182 2179/2311/2179
f 2179/2311/2179 2182/2315/2182 23/2312/23
f 2182/2315/2182 25/2316/25 23/2312/23
f 1662/2254/1662 2151/2257/2151 2150/2255/2150
f 2151/2257/2151 2183/2317/2183 2150/2255/2150
f 2150/2255/2150 2183/2317/2183 2180/2313/2180
f 2183/2317/2183 2184/2318/2184 2180/2313/2180
f 2180/2313/2180 2184/2318/2184 2181/2314/2181
f 2184/2318/2184 2185/2319/2185 2181/2314/2181
f 2181/2314/2181 2185/2319/2185 2182/2315/2182
f 2185/2319/2185 2186/2320/2186 2182/2315/2182
f 2182/2315/2182 2186/2320/2186 25/2316/25
f 2186/2320/2186 27/2321/27 25/2316/25
f 1667/2256/1667 2152/2259/2152 2151/2257/2151
f 2152/2259/2152 2187/2322/2187 2151/2257/2151
f 2151/2257/2151 2187/2322/2187 2183/2317/2183
f 2187/2322/2187 2188/2323/2188 2183/2317/2183
f 2183/2317/2183 2188/2323/2188 2184/2318/2184
f 2188/2323/2188 2189/2324/2189 2184/2318/2184
f 2184/2318/2184 2189/2324/2189 2185/2319/2185
f 2189/2324/2189 2190/2325/2190 2185/2319/2185
f 2185/2319/2185 2190/2325/2190 2186/2320/2186
f 2190/2325/2190 2191/2326/2191 2186/2320/2186
f 2186/2320/2186 2191/2326/2191 27/2321/27
f 2191/2326/2191 29/2327/29 27/2321/27
f 1673/2258/1673 2153/2261/2153 2152/2259/2152
f 2153/2261/2153 2192/2328/2192 2152/2259/2152
f 2152/2259/2152 2192/2328/2192 2187/2322/2187
f 2192/2328/2192 2193/2329/2193 2187/2322/2187
f 2187/2322/2187 2193/2329/2193 2188/2323/2188
f 2193/2329/2193 2194/2330/2194 2188/2323/2188
f 2188/2323/2188 2194/2330/2194 2189/2324/2189
f 2194/2330/2194 2195/2331/2195 2189/2324/2189
f 2189/2324/2189 2195/2331/2195 2190/2325/2190
f 2195/2331/2195 2196/2332/2196 2190/2325/2190
f 2190/2325/2190 2196/2332/2196 2191/2326/2191
f 2196/2332/2196 2197/2333/2197 2191/2326/2191
f 2191/2326/2191 2197/2333/2197 29/2327/29
f 2197/2333/2197 31/2334/31 29/2327/29
f 1680/2260/1680 2154/2263/2154 2153/2261/2153
f 2154/2263/2154 2198/2335/2198 2153/2261/2153
f 2153/2261/2153 2198/2335/2198 2192/2328/2192
f 2198/2335/2198 2199/2336/2199 2192/2328/2192
f 2192/2328/2192 2199/2336/2199 2193/2329/2193
f 2199/2336/2199 2200/2337/2200 2193/2329/2193
f 2193/2329/2193 2200/2337/2200 2194/2330/2194
f 2200/2337/2200 2201/2338/2201 2194/2330/2194
f 2194/2330/2194 2201/2338/2201 2195/2331/2195
f 2201/2338/2201 2202/2339/2202 2195/2331/2195
f 2195/2331/2195 2202/2339/2202 2196/2332/2196
f 2202/2339/2202 2203/2340/2203 2196/2332/2196
f 2196/2332/2196 2203/2340/2203 2197/2333/2197
f 2203/2340/2203 2204/2341/2204 2197/2333/2197
f 2197/2333/2197 2204/2341/2204 31/2334/31
f 2204/2341/2204 33/2342/33 31/2334/31
f 1688/2262/1688 2155/2265/2155 2154/2263/2154
f 2155/2265/2155 2205/2343/2205 2154/2263/2154
f 2154/2263/2154 2205/2343/2205 2198/2335/2198
f 2205/2343/2205 2206/2344/2206 2198/2335/2198
f 2198/2335/2198 2206/2344/2206 2199/2336/2199
f 2206/2344/2206 2207/2345/2207 2199/2336/2199
f 2199/2336/2199 2207/2345/2207 2200/2337/2200
f 2207/2345/2207 2208/2346/2208 2200/2337/2200
f 2200/2337/2200 2208/2346/2208 2201/2338/2201
f 2208/2346/2208 2209/2347/2209 2201/2338/2201
f 2201/2338/2201 2209/2347/2209 2202/2339/2202
f 2209/2347/2209 2210/2348/2210 2202/2339/2202
f 2202/2339/2202 2210/2348/2210 2203/2340/2203
f 2210/2348/2210 2211/2349/2211 2203/2340/2203
f 2203/2340/2203 2211/2349/2211 2204/2341/2204
f 2211/2349/2211 2212/2350/2212 2204/2341/2204
f 2204/2341/2204 2212/2350/2212 33/2342/33
f 2212/2350/2212 35/2351/35 33/2342/33
f 1697/2264/1697 2156/2267/2156 2155/2265/2155
f 2156/2267/2156 2213/2352/2213 2155/2265/2155
f 2155/2265/2155 2213/2352/2213 2205/2343/2205
f 2213/2352/2213 2214/2353/2214 2205/2343/2205
f 2205/2343/2205 2214/2353/2214 2206/2344/2206
f 2214/2353/2214 2215/2354/2215 2206/2344/2206
f 2206/2344/2206 2215/2354/2215 2207/2345/2207
f 2215/2354/2215 2216/2355/2216 2207/2345/2207
f 2207/2345/2207 2216/2355/2216 2208/2346/2208
f 2216/2355/2216 2217/2356/2217 2208/2346/2208
f 2208/2346/2208 2217/2356/2217 2209/2347/2209
f 2217/2356/2217 2218/2357/2218 2209/2347/2209
f 2209/2347/2209 2218/2357/2218 2210/2348/2210
f 2218/2357/2218 2219/2358/2219 2210/2348/2210
f 2210/2348/2210 2219/2358/2219 2211/2349/2211
f 2219/2358/2219 2220/2359/2220 2211/2349/2211
f 2211/2349/2211 2220/2359/2220 2212/2350/2212
f 2220/2359/2220 2221/2360/2221 2212/2350/2212
f 2212/2350/2212 2221/2360/2221 35/2351/35
f 2221/2360/2221 37/2361/37 35/2351/35
f 1707/2266/1707 2157/2269/2157 2156/2267/2156
f 2157/2269/2157 2222/2362/2222 2156/2267/2156
f 2156/2267/2156 2222/2362/2222 2213/2352/2213
f 2222/2362/2222 2223/2363/2223 2213/2352/2213
f 2213/2352/2213 2223/2363/2223 2214/2353/2214
f 2223/2363/2223 2224/2364/2224 2214/2353/2214
f 2214/2353/2214 2224/2364/2224 2215/2354/2215
f 2224/2364/2224 2225/2365/2225 2215/2354/2215
f 2215/2354/2215 2225/2365/2225 2216/2355/2216
f 2225/2365/2225 2226/2366/2226 2216/2355/2216
f 2216/2355/2216 2226/2366/2226 2217/2356/2217
f 2226/2366/2226 2227/2367/2227 2217/2356/2217
f 2217/2356/2217 2227/2367/2227 2218/2357/2218
f 2227/2367/2227 2228/2368/2228 2218/2357/2218
f 2218/2357/2218 2228/2368/2228 2219/2358/2219
f 2228/2368/2228 2229/2369/2229 2219/2358/2219
f 2219/2358/2219 2229/2369/2229 2220/2359/2220
f 2229/2369/2229 2230/2370/2230 2220/2359/2220
f 2220/2359/2220 2230/2370/2230 2221/2360/2221
f 2230/2370/2230 2231/2371/2231 2221/2360/2221
f 2221/2360/2221 2231/2371/2231 37/2361/37
f 2231/2371/2231 39/2372/39 37/2361/37
f 1718/2268/1718 2158/2271/2158 2157/2269/2157
f 2158/2271/2158 2232/2373/2232 2157/2269/2157
f 2157/2269/2157 2232/2373/2232 2222/2362/2222
f 2232/2373/2232 2233/2374/2233 2222/2362/2222
f 2222/2362/2222 2233/2374/2233 2223/2363/2223
f 2233/2374/2233 2234/2375/2234 2223/2363/2223
f 2223/2363/2223 2234/2375/2234 2224/2364/2224
f 2234/2375/2234 2235/2376/2235 2224/2364/2224
f 2224/2364/2224 2235/2376/2235 2225/2365/2225
f 2235/2376/2235 2236/2377/2236 2225/2365/2225
f 2225/2365/2225 2236/2377/2236 2226/2366/2226
f 2236/2377/2236 2237/2378/2237 2226/2366/2226
f 2226/2366/2226 2237/2378/2237 2227/2367/2227
f 2237/2378/2237 2238/2379/2238 2227/2367/2227
f 2227/2367/2227 2238/2379/2238 2228/2368/2228
f 2238/2379/2238 2239/2380/2239 2228/2368/2228
f 2228/2368/2228 2239/2380/2239 2229/2369/2229
f 2239/2380/2239 2240/2381/2240 2229/2369/2229
f 2229/2369/2229 2240/2381/2240 2230/2370/2230
f 2240/2381/2240 2241/2382/2241 2230/2370/2230
f 2230/2370/2230 2241/2382/2241 2231/2371/2231
f 2241/2382/2241 2242/2383/2242 2231/2371/2231
f 2231/2371/2231 2242/2383/2242 39/2372/39
f 2242/2383/2242 41/2384/41 39/2372/39
f 1730/2270/1730 2159/2273/2159 2158/2271/2158
f 2159/2273/2159 2243/2385/2243 2158/2271/2158
f 2158/2271/2158 2243/2385/2243 2232/2373/2232
f 2243/2385/2243 2244/2386/2244 2232/2373/2232
f 2232/2373/2232 2244/2386/2244 2233/2374/2233
f 2244/2386/2244 2245/2387/2245 2233/2374/2233
f 2233/2374/2233 2245/2387/2245 2234/2375/2234
f 2245/2387/2245 2246/2388/2246 2234/2375/2234
f 2234/2375/2234 2246/2388/2246 2235/2376/2235
f 2246/2388/2246 2247/2389/2247 2235/2376/2235
f 2235/2376/2235 2247/2389/2247 2236/2377/2236
f 2247/2389/2247 2248/2390/2248 2236/2377/2236
f 2236/2377/2236 2248/2390/2248 2237/2378/2237
f 2248/2390/2248 2249/2391/2249 2237/2378/2237
f 2237/2378/2237 2249/2391/2249 2238/2379/2238
f 2249/2391/2249 2250/2392/2250 2238/2379/2238
f 2238/2379/2238 2250/2392/2250 2239/2380/2239
f 2250/2392/2250 2251/2393/2251 2239/2380/2239
f 2239/2380/2239 2251/2393/2251 2240/2381/2240
f 2251/2393/2251 2252/2394/2252 2240/2381/2240
f 2240/2381/2240 2252/2394/2252 2241/2382/2241
f 2252/2394/2252 2253/2395/2253 2241/2382/2241
f 2241/2382/2241 2253/2395/2253 2242/2383/2242
f 2253/2395/2253 2254/2396/2254 2242/2383/2242
f 2242/2383/2242 2254/2396/2254 41/2384/41
f 2254/2396/2254 43/2397/43 41/2384/41
f 1743/2272/1743 2160/2275/2160 2159/2273/2159
f 2160/2275/2160 2255/2398/2255 2159/2273/2159
f 2159/2273/2159 2255/2398/2255 2243/2385/2243
f 2255/2398/2255 2256/2399/2256 2243/2385/2243
f 2243/2385/2243 2256/2399/2256 2244/2386/2244
f 2256/2399/2256 2257/2400/2257 2244/2386/2244
f 2244/2386/2244 2257/2400/2257 2245/2387/2245
f 2257/2400/2257 2258/2401/2258 2245/2387/2245
f 2245/2387/2245 2258/2401/2258 2246/2388/2246
f 2258/2401/2258 2259/2402/2259 2246/2388/2246
f 2246/2388/2246 2259/2402/2259 2247/2389/2247
f 2259/2402/2259 2260/2403/2260 2247/2389/2247
f 2247/2389/2247 2260/2403/2260 2248/2390/2248
f 2260/2403/2260 2261/2404/2261 2248/2390/2248
f 2248/2390/2248 2261/2404/2261 2249/2391/2249
f 2261/2404/2261 2262/2405/2262 2249/2391/2249
f 2249/2391/2249 2262/2405/2262 2250/2392/2250
f 2262/2405/2262 2263/2406/2263 2250/2392/2250
f 2250/2392/2250 2263/2406/2263 2251/2393/2251
f 2263/2406/2263 2264/2407/2264 2251/2393/2251
f 2251/2393/2251 2264/2407/2264 2252/2394/2252
f 2264/2407/2264 2265/2408/2265 2252/2394/2252
f 2252/2394/2252 2265/2408/2265 2253/2395/2253
f 2265/2408/2265 2266/2409/2266 2253/2395/2253
f 2253/2395/2253 2266/2409/2266 2254/2396/2254
f 2266/2409/2266 2267/2410/2267 2254/2396/2254
f 2254/2396/2254 2267/2410/2267 43/2397/43
f 2267/2410/2267 45/2411/45 43/2397/43
f 1757/2274/1757 2161/2277/2161 2160/2275/2160
f 2161/2277/2161 2268/2412/2268 2160/2275/2160
f 2160/2275/2160 2268/2412/2268 2255/2398/2255
f 2268/2412/2268 2269/2413/2269 2255/2398/2255
f 2255/2398/2255 2269/2413/2269 2256/2399/2256
f 2269/2413/2269 2270/2414/2270 2256/2399/2256
f 2256/2399/2256 2270/2414/2270 2257/2400/2257
f 2270/2414/2270 2271/2415/2271 2257/2400/2257
f 2257/2400/2257 2271/2415/2271 2258/2401/2258
f 2271/2415/2271 2272/2416/2272 2258/2401/2258
f 2258/2401/2258 2272/2416/2272 2259/2402/2259
f 2272/2416/2272 2273/2417/2273 2259/2402/2259
f 2259/2402/2259 2273/2417/2273 2260/2403/2260
f 2273/2417/2273 2274/2418/2274 2260/2403/2260
f 2260/2403/2260 2274/2418/2274 2261/2404/2261
f 2274/2418/2274 2275/2419/2275 2261/2404/2261
f 2261/2404/2261 2275/2419/2275 2262/2405/2262
f 2275/2419/2275 2276/2420/2276 2262/2405/2262
f 2262/2405/2262 2276/2420/2276 2263/2406/2263
f 2276/2420/2276 2277/2421/2277 2263/2406/2263
f 2263/2406/2263 2277/2421/2277 2264/2407/2264
f 2277/2421/2277 2278/2422/2278 2264/2407/2264
f 2264/2407/2264 2278/2422/2278 2265/2408/2265
f 2278/2422/2278 2279/2423/2279 2265/2408/2265
f 2265/2408/2265 2279/2423/2279 2266/2409/2266
f 2279/2423/2279 2280/2424/2280 2266/2409/2266
f 2266/2409/2266 2280/2424/2280 2267/2410/2267
f 2280/2424/2280 2281/2425/2281 2267/2410/2267
f 2267/2410/2267 2281/2425/2281 45/2411/45
f 2281/2425/2281 47/2426/47 45/2411/45
f 1772/2276/1772 2162/2279/2162 2161/2277/2161
f 2162/2279/2162 2282/2427/2282 2161/2277/2161
f 2161/2277/2161 2282/2427/2282 2268/2412/2268
f 2282/2427/2282 2283/2428/2283 2268/2412/2268
f 2268/2412/2268 2283/2428/2283 2269/2413/2269
f 2283/2428/2283 2284/2429/2284 2269/2413/2269
f 2269/2413/2269 2284/2429/2284 2270/2414/2270
f 2284/2429/2284 2285/2430/2285 2270/2414/2270
f 2270/2414/2270 2285/2430/2285 2271/2415/2271
f 2285/2430/2285 2286/2431/2286 2271/2415/2271
f 2271/2415/2271 2286/2431/2286 2272/2416/2272
f 2286/2431/2286 2287/2432/2287 2272/2416/2272
f 2272/2416/2272 2287/2432/2287 2273/2417/2273
f 2287/2432/2287 2288/2433/2288 2273/2417/2273
f 2273/2417/2273 2288/2433/2288 2274/2418/2274
f 2288/2433/2288 2289/2434/2289 2274/2418/2274
f 2274/2418/2274 2289/2434/2289 2275/2419/2275
f 2289/2434/2289 2290/2435/2290 2275/2419/2275
f 2275/2419/2275 2290/2435/2290 2276/2420/2276
f 2290/2435/2290 2291/2436/2291 2276/2420/2276
f 2276/2420/2276 2291/2436/2291 2277/2421/2277
f 2291/2436/2291 2292/2437/2292 2277/2421/2277
f 2277/2421/2277 2292/2437/2292 2278/2422/2278
f 2292/2437/2292 2293/2438/2293 2278/2422/2278
f 2278/2422/2278 2293/2438/2293 2279/2423/2279
f 2293/2438/2293 2294/2439/2294 2279/2423/2279
f 2279/2423/2279 2294/2439/2294 2280/2424/2280
f 2294/2439/2294 2295/2440/2295 2280/2424/2280
f 2280/2424/2280 2295/2440/2295 2281/2425/2281
f 2295/2440/2295 2296/2441/2296 2281/2425/2281
f 2281/2425/2281 2296/2441/2296 47/2426/47
f 2296/2441/2296 49/2442/49 47/2426/47
f 1788/2278/1788 2163/2281/2163 2162/2279/2162
f 2163/2281/2163 2297/2443/2297 2162/2279/2162
f 2162/2279/2162 2297/2443/2297 2282/2427/2282
f 2297/2443/2297 2298/2444/2298 2282/2427/2282
f 2282/2427/2282 2298/2444/2298 2283/2428/2283
f 2298/2444/2298 2299/2445/2299 2283/2428/2283
f 2283/2428/2283 2299/2445/2299 2284/2429/2284
f 2299/2445/2299 2300/2446/2300 2284/2429/2284
f 2284/2429/2284 2300/2446/2300 2285/2430/2285
f 2300/2446/2300 2301/2447/2301 2285/2430/2285
f 2285/2430/2285 2301/2447/2301 2286/2431/2286
f 2301/2447/2301 2302/2448/2302 2286/2431/2286
f 2286/2431/2286 2302/2448/2302 2287/2432/2287
f 2302/2448/2302 2303/2449/2303 2287/2432/2287
f 2287/2432/2287 2303/2449/2303 2288/2433/2288
f 2303/2449/2303 2304/2450/2304 2288/2433/2288
f 2288/2433/2288 2304/2450/2304 2289/2434/2289
f 2304/2450/2304 2305/2451/2305 2289/2434/2289
f 2289/2434/2289 2305/2451/2305 2290/2435/2290
f 2305/2451/2305 2306/2452/2306 2290/2435/2290
f 2290/2435/2290 2306/2452/2306 2291/2436/2291
f 2306/2452/2306 2307/2453/2307 2291/2436/2291
f 2291/2436/2291 2307/2453/2307 2292/2437/2292
f 2307/2453/2307 2308/2454/2308 2292/2437/2292
f 2292/2437/2292 2308/2454/2308 2293/2438/2293
f 2308/2454/2308 2309/2455/2309 2293/2438/2293
f 2293/2438/2293 2309/2455/2309 2294/2439/2294
f 2309/2455/2309 2310/2456/2310 2294/2439/2294
f 2294/2439/2294 2310/2456/2310 2295/2440/2295
f 2310/2456/2310 2311/2457/2311 2295/2440/2295
f 2295/2440/2295 2311/2457/2311 2296/2441/2296
f 2311/2457/2311 2312/2458/2312 2296/2441/2296
f 2296/2441/2296 2312/2458/2312 49/2442/49
f 2312/2458/2312 51/2459/51 49/2442/49
f 1805/2280/1805 2164/2283/2164 2163/2281/2163
f 2164/2283/2164 2313/2460/2313 2163/2281/2163
f 2163/2281/2163 2313/2460/2313 2297/2443/2297
f 2313/2460/2313 2314/2461/2314 2297/2443/2297
f 2297/2443/2297 2314/2461/2314 2298/2444/2298
f 2314/2461/2314 2315/2462/2315 2298/2444/2298
f 2298/2444/2298 2315/2462/2315 2299/2445/2299
f 2315/2462/2315 2316/2463/2316 2299/2445/2299
f 2299/2445/2299 2316/2463/2316 2300/2446/2300
f 2316/2463/2316 2317/2464/2317 2300/2446/2300
f 2300/2446/2300 2317/2464/2317 2301/2447/2301
f 2317/2464/2317 2318/2465/2318 2301/2447/2301
f 2301/2447/2301 2318/2465/2318 2302/2448/2302
f 2318/2465/2318 2319/2466/2319 2302/2448/2302
f 2302/2448/2302 2319/2466/2319 2303/2449/2303
f 2319/2466/2319 2320/2467/2320 2303/2449/2303
f 2303/2449/2303 2320/2467/2320 2304/2450/2304
f 2320/2467/2320 2321/2468/2321 2304/2450/2304
f 2304/2450/2304 2321/2468/2321 2305/2451/2305
f 2321/2468/2321 2322/2469/2322 2305/2451/2305
f 2305/2451/2305 2322/2469/2322 2306/2452/2306
f 2322/2469/2322 2323/2470/2323 2306/2452/2306
f 2306/2452/2306 2323/2470/2323 2307/2453/2307
f 2323/2470/2323 2324/2471/2324 2307/2453/2307
f 2307/2453/2307 2324/2471/2324 2308/2454/2308
f 2324/2471/2324 2325/2472/2325 2308/2454/2308
f 2308/2454/2308 2325/2472/2325 2309/2455/2309
f 2325/2472/2325 2326/2473/2326 2309/2455/2309
f 2309/2455/2309 2326/2473/2326 2310/2456/2310
f 2326/2473/2326 2327/2474/2327 2310/2456/2310
f 2310/2456/2310 2327/2474/2327 2311/2457/2311
f 2327/2474/2327 2328/2475/2328 2311/2457/2311
f 2311/2457/2311 2328/2475/2328 2312/2458/2312
f 2328/2475/2328 2329/2476/2329 2312/2458/2312
f 2312/2458/2312 2329/2476/2329 51/2459/51
f 2329/2476/2329 53/2477/53 51/2459/51
f 1823/2282/1823 2165/2285/2165 2164/2283/2164
f 2165/2285/2165 2330/2478/2330 2164/2283/2164
f 2164/2283/2164 2330/2478/2330 2313/2460/2313
f 2330/2478/2330 2331/2479/2331 2313/2460/2313
f 2313/2460/2313 2331/2479/2331 2314/2461/2314
f 2331/2479/2331 2332/2480/2332 2314/2461/2314
f 2314/2461/2314 2332/2480/2332 2315/2462/2315
f 2332/2480/2332 2333/2481/2333 2315/2462/2315
f 2315/2462/2315 2333/2481/2333 2316/2463/2316
f 2333/2481/2333 2334/2482/2334 2316/2463/2316
f 2316/2463/2316 2334/2482/2334 2317/2464/2317
f 2334/2482/2334 2335/2483/2335 2317/2464/2317
f 2317/2464/2317 2335/2483/2335 2318/2465/2318
f 2335/2483/2335 2336/2484/2336 2318/2465/2318
f 2318/2465/2318 2336/2484/2336 2319/2466/2319
f 2336/2484/2336 2337/2485/2337 2319/2466/2319
f 2319/2466/2319 2337/2485/2337 2320/2467/2320
f 2337/2485/2337 2338/2486/2338 2320/2467/2320
f 2320/2467/2320 2338/2486/2338 2321/2468/2321
f 2338/2486/2338 2339/2487/2339 2321/2468/2321
f 2321/2468/2321 2339/2487/2339 2322/2469/2322
f 2339/2487/2339 2340/2488/2340 2322/2469/2322
f 2322/2469/2322 2340/2488/2340 2323/2470/2323
f 2340/2488/2340 2341/2489/2341 2323/2470/2323
f 2323/2470/2323 2341/2489/2341 2324/2471/2324
f 2341/2489/2341 2342/2490/2342 2324/2471/2324
f 2324/2471/2324 2342/2490/2342 2325/2472/2325
f 2342/2490/2342 2343/2491/2343 2325/2472/2325
f 2325/2472/2325 2343/2491/2343 2326/2473/2326
f 2343/2491/2343 2344/2492/2344 2326/2473/2326
f 2326/2473/2326 2344/2492/2344 2327/2474/2327
f 2344/2492/2344 2345/2493/2345 2327/2474/2327
f 2327/2474/2327 2345/2493/2345 2328/2475/2328
f 2345/2493/2345 2346/2494/2346 2328/2475/2328
f 2328/2475/2328 2346/2494/2346 2329/2476/2329
f 2346/2494/2346 2347/2495/2347 2329/2476/2329
f 2329/2476/2329 2347/2495/2347 53/2477/53
f 2347/2495/2347 55/2496/55 53/2477/53
f 1842/2284/1842 2166/2287/2166 2165/2285/2165
f 2166/2287/2166 2348/2497/2348 2165/2285/2165
f 2165/2285/2165 2348/2497/2348 2330/2478/2330
f 2348/2497/2348 2349/2498/2349 2330/2478/2330
f 2330/2478/2330 2349/2498/2349 2331/2479/2331
f 2349/2498/2349 2350/2499/2350 2331/2479/2331
f 2331/2479/2331 2350/2499/2350 2332/2480/2332
f 2350/2499/2350 2351/2500/2351 2332/2480/2332
f 2332/2480/2332 2351/2500/2351 2333/2481/2333
f 2351/2500/2351 2352/2501/2352 2333/2481/2333
f 2333/2481/2333 2352/2501/2352 2334/2482/2334
f 2352/2501/2352 2353/2502/2353 2334/2482/2334
f 2334/2482/2334 2353/2502/2353 2335/2483/2335
f 2353/2502/2353 2354/2503/2354 2335/2483/2335
f 2335/2483/2335 2354/2503/2354 2336/2484/2336
f 2354/2503/2354 2355/2504/2355 2336/2484/2336
f 2336/2484/2336 2355/2504/2355 2337/2485/2337
f 2355/2504/2355 2356/2505/2356 2337/2485/2337
f 2337/2485/2337 2356/2505/2356 2338/2486/2338
f 2356/2505/2356 2357/2506/2357 2338/2486/2338
f 2338/2486/2338 2357/2506/2357 2339/2487/2339
f 2357/2506/2357 2358/2507/2358 2339/2487/2339
f 2339/2487/2339 2358/2507/2358 2340/2488/2340
f 2358/2507/2358 2359/2508/2359 2340/2488/2340
f 2340/2488/2340 2359/2508/2359 2341/2489/2341
f 2359/2508/2359 2360/2509/2360 2341/2489/2341
f 2341/2489/2341 2360/2509/2360 2342/2490/2342
f 2360/2509/2360 2361/2510/2361 2342/2490/2342
f 2342/2490/2342 2361/2510/2361 2343/2491/2343
f 2361/2510/2361 2362/2511/2362 2343/2491/2343
f 2343/2491/2343 2362/2511/2362 2344/2492/2344
f 2362/2511/2362 2363/2512/2363 2344/2492/2344
f 2344/2492/2344 2363/2512/2363 2345/2493/2345
f 2363/2512/2363 2364/2513/2364 2345/2493/2345
f 2345/2493/2345 2364/2513/2364 2346/2494/2346
f 2364/2513/2364 2365/2514/2365 2346/2494/2346
f 2346/2494/2346 2365/2514/2365 2347/2495/2347
f 2365/2514/2365 2366/2515/2366 2347/2495/2347
f 2347/2495/2347 2366/2515/2366 55/2496/55
f 2366/2515/2366 57/2516/57 55/2496/55
f 1862/2286/1862 2167/2289/2167 2166/2287/2166
f 2167/2289/2167 2367/2517/2367 2166/2287/2166
f 2166/2287/2166 2367/2517/2367 2348/2497/2348
f 2367/2517/2367 2368/2518/2368 2348/2497/2348
f 2348/2497/2348 2368/2518/2368 2349/2498/2349
f 2368/2518/2368 2369/2519/2369 2349/2498/2349
f 2349/2498/2349 2369/2519/2369 2350/2499/2350
f 2369/2519/2369 2370/2520/2370 2350/2499/2350
f 2350/2499/2350 2370/2520/2370 2351/2500/2351
f 2370/2520/2370 2371/2521/2371 2351/2500/2351
f 2351/2500/2351 2371/2521/2371 2352/2501/2352
f 2371/2521/2371 2372/2522/2372 2352/2501/2352
f 2352/2501/2352 2372/2522/2372 2353/2502/2353
f 2372/2522/2372 2373/2523/2373 2353/2502/2353
f 2353/2502/2353 2373/2523/2373 2354/2503/2354
f 2373/2523/2373 2374/2524/2374 2354/2503/2354
f 2354/2503/2354 2374/2524/2374 2355/2504/2355
f 2374/2524/2374 2375/2525/2375 2355/2504/2355
f 2355/2504/2355 2375/2525/2375 2356/2505/2356
f 2375/2525/2375 2376/2526/2376 2356/2505/2356
f 2356/2505/2356 2376/2526/2376 2357/2506/2357
f 2376/2526/2376 2377/2527/2377 2357/2506/2357
f 2357/2506/2357 2377/2527/2377 2358/2507/2358
f 2377/2527/2377 2378/2528/2378 2358/2507/2358
f 2358/2507/2358 2378/2528/2378 2359/2508/2359
f 2378/2528/2378 2379/2529/2379 2359/2508/2359
f 2359/2508/2359 2379/2529/2379 2360/2509/2360
f 2379/2529/2379 2380/2530/2380 2360/2509/2360
f 2360/2509/2360 2380/2530/2380 2361/2510/2361
f 2380/2530/2380 2381/2531/2381 2361/2510/2361
f 2361/2510/2361 2381/2531/2381 2362/2511/2362
f 2381/2531/2381 2382/2532/2382 2362/2511/2362
f 2362/2511/2362 2382/2532/2382 2363/2512/2363
f 2382/2532/2382 2383/2533/2383 2363/2512/2363
f 2363/2512/2363 2383/2533/2383 2364/2513/2364
f 2383/2533/2383 2384/2534/2384 2364/2513/2364
f 2364/2513/2364 2384/2534/2384 2365/2514/2365
f 2384/2534/2384 2385/2535/2385 2365/2514/2365
f 2365/2514/2365 2385/2535/2385 2366/2515/2366
f 2385/2535/2385 2386/2536/2386 2366/2515/2366
f 2366/2515/2366 2386/2536/2386 57/2516/57
f 2386/2536/2386 59/2537/59 57/2516/57
f 1883/2288/1883 2168/2291/2168 2167/2289/2167
f 2168/2291/2168 2387/2538/2387 2167/2289/2167
f 2167/2289/2167 2387/2538/2387 2367/2517/2367
f 2387/2538/2387 2388/2539/2388 2367/2517/2367
f 2367/2517/2367 2388/2539/2388 2368/2518/2368
f 2388/2539/2388 2389/2540/2389 2368/2518/2368
f 2368/2518/2368 2389/2540/2389 2369/2519/2369
f 2389/2540/2389 2390/2541/2390 2369/2519/2369
f 2369/2519/2369 2390/2541/2390 2370/2520/2370
f 2390/2541/2390 2391/2542/2391 2370/2520/2370
f 2370/2520/2370 2391/2542/2391 2371/2521/2371
f 2391/2542/2391 2392/2543/2392 2371/2521/2371
f 2371/2521/2371 2392/2543/2392 2372/2522/2372
f 2392/2543/2392 2393/2544/2393 2372/2522/2372
f 2372/2522/2372 2393/2544/2393 2373/2523/2373
f 2393/2544/2393 2394/2545/2394 2373/2523/2373
f 2373/2523/2373 2394/2545/2394 2374/2524/2374
f 2394/2545/2394 2395/2546/2395 2374/2524/2374
f 2374/2524/2374 2395/2546/2395 2375/2525/2375
f 2395/2546/2395 2396/2547/2396 2375/2525/2375
f 2375/2525/2375 2396/2547/2396 2376/2526/2376
f 2396/2547/2396 2397/2548/2397 2376/2526/2376
f 2376/2526/2376 2397/2548/2397 2377/2527/2377
f 2397/2548/2397 2398/2549/2398 2377/2527/2377
f 2377/2527/2377 2398/2549/2398 2378/2528/2378
f 2398/2549/2398 2399/2550/2399 2378/2528/2378
f 2378/2528/2378 2399/2550/2399 2379/2529/2379
f 2399/2550/2399 2400/2551/2400 2379/2529/2379
f 2379/2529/2379 2400/2551/2400 2380/2530/2380
f 2400/2551/2400 2401/2552/2401 2380/2530/2380
f 2380/2530/2380 2401/2552/2401 2381/2531/2381
f 2401/2552/2401 2402/2553/2402 2381/2531/2381
f 2381/2531/2381 2402/2553/2402 2382/2532/2382
f 2402/2553/2402 2403/2554/2403 2382/2532/2382
f 2382/2532/2382 2403/2554/2403 2383/2533/2383
f 2403/2554/2403 2404/2555/2404 2383/2533/2383
f 2383/2533/2383 2404/2555/2404 2384/2534/2384
f 2404/2555/2404 2405/2556/2405 2384/2534/2384
f 2384/2534/2384 2405/2556/2405 2385/2535/2385
f 2405/2556/2405 2406/2557/2406 2385/2535/2385
f 2385/2535/2385 2406/2557/2406 2386/2536/2386
f 2406/2557/2406 2407/2558/2407 2386/2536/2386
f 2386/2536/2386 2407/2558/2407 59/2537/59
f 2407/2558/2407 61/2559/61 59/2537/59
f 1905/2290/1905 2169/2293/2169 2168/2291/2168
f 2169/2293/2169 2408/2560/2408 2168/2291/2168
f 2168/2291/2168 2408/2560/2408 2387/2538/2387
f 2408/2560/2408 2409/2561/2409 2387/2538/2387
f 2387/2538/2387 2409/2561/2409 2388/2539/2388
f 2409/2561/2409 2410/2562/2410 2388/2539/2388
f 2388/2539/2388 2410/2562/2410 2389/2540/2389
f 2410/2562/2410 2411/2563/2411 2389/2540/2389
f 2389/2540/2389 2411/2563/2411 2390/2541/2390
f 2411/2563/2411 2412/2564/2412 2390/2541/2390
f 2390/2541/2390 2412/2564/2412 2391/2542/2391
f 2412/2564/2412 2413/2565/2413 2391/2542/2391
f 2391/2542/2391 2413/2565/2413 2392/2543/2392
f 2413/2565/2413 2414/2566/2414 2392/2543/2392
f 2392/2543/2392 2414/2566/2414 2393/2544/2393
f 2414/2566/2414 2415/2567/2415 2393/2544/2393
f 2393/2544/2393 2415/2567/2415 2394/2545/2394
f 2415/2567/2415 2416/2568/2416 2394/2545/2394
f 2394/2545/2394 2416/2568/2416 2395/2546/2395
f 2416/2568/2416 2417/2569/2417 2395/2546/2395
f 2395/2546/2395 2417/2569/2417 2396/2547/2396
f 2417/2569/2417 2418/2570/2418 2396/2547/2396
f 2396/2547/2396 2418/2570/2418 2397/2548/2397
f 2418/2570/2418 2419/2571/2419 2397/2548/2397
f 2397/2548/2397 2419/2571/2419 2398/2549/2398
f 2419/2571/2419 2420/2572/2420 2398/2549/2398
f 2398/2549/2398 2420/2572/2420 2399/2550/2399
f 2420/2572/2420 2421/2573/2421 2399/2550/2399
f 2399/2550/2399 2421/2573/2421 2400/2551/2400
f 2421/2573/2421 2422/2574/2422 2400/2551/2400
f 2400/2551/2400 2422/2574/2422 2401/2552/2401
f 2422/2574/2422 2423/2575/2423 2401/2552/2401
f 2401/2552/2401 2423/2575/2423 2402/2553/2402
f 2423/2575/2423 2424/2576/2424 2402/2553/2402
f 2402/2553/2402 2424/2576/2424 2403/2554/2403
f 2424/2576/2424 2425/2577/2425 2403/2554/2403
f 2403/2554/2403 2425/2577/2425 2404/2555/2404
f 2425/2577/2425 2426/2578/2426 2404/2555/2404
f 2404/2555/2404 2426/2578/2426 2405/2556/2405
f 2426/2578/2426 2427/2579/2427 2405/2556/2405
f 2405/2556/2405 2427/2579/2427 2406/2557/2406
f 2427/2579/2427 2428/2580/2428 2406/2557/2406
f 2406/2557/2406 2428/2580/2428 2407/2558/2407
f 2428/2580/2428 2429/2581/2429 2407/2558/2407
f 2407/2558/2407 2429/2581/2429 61/2559/61
f 2429/2581/2429 63/2582/63 61/2559/61
f 1928/2292/1928 2170/2295/2170 2169/2293/2169
f 2170/2295/2170 2430/2583/2430 2169/2293/2169
f 2169/2293/2169 2430/2583/2430 2408/2560/2408
f 2430/2583/2430 2431/2584/2431 2408/2560/2408
f 2408/2560/2408 2431/2584/2431 2409/2561/2409
f 2431/2584/2431 2432/2585/2432 2409/2561/2409
f 2409/2561/2409 2432/2585/2432 2410/2562/2410
f 2432/2585/2432 2433/2586/2433 2410/2562/2410
f 2410/2562/2410 2433/2586/2433 2411/2563/2411
f 2433/2586/2433 2434/2587/2434 2411/2563/2411
f 2411/2563/2411 2434/2587/2434 2412/2564/2412
f 2434/2587/2434 2435/2588/2435 2412/2564/2412
f 2412/2564/2412 2435/2588/2435 2413/2565/2413
f 2435/2588/2435 2436/2589/2436 2413/2565/2413
f 2413/2565/2413 2436/2589/2436 2414/2566/2414
f 2436/2589/2436 2437/2590/2437 2414/2566/2414
f 2414/2566/2414 2437/2590/2437 2415/2567/2415
f 2437/2590/2437 2438/2591/2438 2415/2567/2415
f 2415/2567/2415 2438/2591/2438 2416/2568/2416
f 2438/2591/2438 2439/2592/2439 2416/2568/2416
f 2416/2568/2416 2439/2592/2439 2417/2569/2417
f 2439/2592/2439 2440/2593/2440 2417/2569/2417
f 2417/2569/2417 2440/2593/2440 2418/2570/2418
f 2440/2593/2440 2441/2594/2441 2418/2570/2418
f 2418/2570/2418 2441/2594/2441 2419/2571/2419
f 2441/2594/2441 2442/2595/2442 2419/2571/2419
f 2419/2571/2419 2442/2595/2442 2420/2572/2420
f 2442/2595/2442 2443/2596/2443 2420/2572/2420
f 2420/2572/2420 2443/2596/2443 2421/2573/2421
f 2443/2596/2443 2444/2597/2444 2421/2573/2421
f 2421/2573/2421 2444/2597/2444 2422/2574/2422
f 2444/2597/2444 2445/2598/2445 2422/2574/2422
f 2422/2574/2422 2445/2598/2445 2423/2575/2423
f 2445/2598/2445 2446/2599/2446 2423/2575/2423
f 2423/2575/2423 2446/2599/2446 2424/2576/2424
f 2446/2599/2446 2447/2600/2447 2424/2576/2424
f 2424/2576/2424 2447/2600/2447 2425/2577/2425
f 2447/2600/2447 2448/2601/2448 2425/2577/2425
f 2425/2577/2425 2448/2601/2448 2426/2578/2426
f 2448/2601/2448 2449/2602/2449 2426/2578/2426
f 2426/2578/2426 2449/2602/2449 2427/2579/2427
f 2449/2602/2449 2450/2603/2450 2427/2579/2427
f 2427/2579/2427 2450/2603/2450 2428/2580/2428
f 2450/2603/2450 2451/2604/2451 2428/2580/2428
f 2428/2580/2428 2451/2604/2451 2429/2581/2429
f 2451/2604/2451 2452/2605/2452 2429/2581/2429
f 2429/2581/2429 2452/2605/2452 63/2582/63
f 2452/2605/2452 65/2606/65 63/2582/63
f 1952/2294/1952 2171/2297/2171 2170/2295/2170
f 2171/2297/2171 2453/2607/2453 2170/2295/2170
f 2170/2295/2170 2453/2607/2453 2430/2583/2430
f 2453/2607/2453 2454/2608/2454 2430/2583/2430
f 2430/2583/2430 2454/2608/2454 2431/2584/2431
f 2454/2608/2454 2455/2609/2455 2431/2584/2431
f 2431/2584/2431 2455/2609/2455 2432/2585/2432
f 2455/2609/2455 2456/2610/2456 2432/2585/2432
f 2432/2585/2432 2456/2610/2456 2433/2586/2433
f 2456/2610/2456 2457/2611/2457 2433/2586/2433
f 2433/2586/2433 2457/2611/2457 2434/2587/2434
f 2457/2611/2457 2458/2612/2458 2434/2587/2434
f 2434/2587/2434 2458/2612/2458 2435/2588/2435
f 2458/2612/2458 2459/2613/2459 2435/2588/2435
f 2435/2588/2435 2459/2613/2459 2436/2589/2436
f 2459/2613/2459 2460/2614/2460 2436/2589/2436
f 2436/2589/2436 2460/2614/2460 2437/2590/2437
f 2460/2614/2460 2461/2615/2461 2437/2590/2437
f 2437/2590/2437 2461/2615/2461 2438/2591/2438
f 2461/2615/2461 2462/2616/2462 2438/2591/2438
f 2438/2591/2438 2462/2616/2462 2439/2592/2439
f 2462/2616/2462 2463/2617/2463 2439/2592/2439
f 2439/2592/2439 2463/2617/2463 2440/2593/2440
f 2463/2617/2463 2464/2618/2464 2440/2593/2440
f 2440/2593/2440 2464/2618/2464 2441/2594/2441
f 2464/2618/2464 2465/2619/2465 2441/2594/2441
f 2441/2594/2441 2465/2619/2465 2442/2595/2442
f 2465/2619/2465 2466/2620/2466 2442/2595/2442
f 2442/2595/2442 2466/2620/2466 2443/2596/2443
f 2466/2620/2466 2467/2621/2467 2443/2596/2443
f 2443/2596/2443 2467/2621/2467 2444/2597/2444
f 2467/2621/2467 2468/2622/2468 2444/2597/2444
f 2444/2597/2444 2468/2622/2468 2445/2598/2445
f 2468/2622/2468 2469/2623/2469 2445/2598/2445
f 2445/2598/2445 2469/2623/2469 2446/2599/2446
f 2469/2623/2469 2470/2624/2470 2446/2599/2446
f 2446/2599/2446 2470/2624/2470 2447/2600/2447
f 2470/2624/2470 2471/2625/2471 2447/2600/2447
f 2447/2600/2447 2471/2625/2471 2448/2601/2448
f 2471/2625/2471 2472/2626/2472 2448/2601/2448
f 2448/2601/2448 2472/2626/2472 2449/2602/2449
f 2472/2626/2472 2473/2627/2473 2449/2602/2449
f 2449/2602/2449 2473/2627/2473 2450/2603/2450
f 2473/2627/2473 2474/2628/2474 2450/2603/2450
f 2450/2603/2450 2474/2628/2474 2451/2604/2451
f 2474/2628/2474 2475/2629/2475 2451/2604/2451
f 2451/2604/2451 2475/2629/2475 2452/2605/2452
f 2475/2629/2475 2476/2630/2476 2452/2605/2452
f 2452/2605/2452 2476/2630/2476 65/2606/65
f 2476/2630/2476 67/2631/67 65/2606/65
f 1977/2296/1977 2172/2299/2172 2171/2297/2171
f 2172/2299/2172 2477/2632/2477 2171/2297/2171
f 2171/2297/2171 2477/2632/2477 2453/2607/2453
f 2477/2632/2477 2478/2633/2478 2453/2607/2453
f 2453/2607/2453 2478/2633/2478 2454/2608/2454
f 2478/2633/2478 2479/2634/2479 2454/2608/2454
f 2454/2608/2454 2479/2634/2479 2455/2609/2455
f 2479/2634/2479 2480/2635/2480 2455/2609/2455
f 2455/2609/2455 2480/2635/2480 2456/2610/2456
f 2480/2635/2480 2481/2636/2481 2456/2610/2456
f 2456/2610/2456 2481/2636/2481 2457/2611/2457
f 2481/2636/2481 2482/2637/2482 2457/2611/2457
f 2457/2611/2457 2482/2637/2482 2458/2612/2458
f 2482/2637/2482 2483/2638/2483 2458/2612/2458
f 2458/2612/2458 2483/2638/2483 2459/2613/2459
f 2483/2638/2483 2484/2639/2484 2459/2613/2459
f 2459/2613/2459 2484/2639/2484 2460/2614/2460
f 2484/2639/2484 2485/2640/2485 2460/2614/2460
f 2460/2614/2460 2485/2640/2485 2461/2615/2461
f 2485/2640/2485 2486/2641/2486 2461/2615/2461
f 2461/2615/2461 2486/2641/2486 2462/2616/2462
f 2486/2641/2486 2487/2642/2487 2462/2616/2462
f 2462/2616/2462 2487/2642/2487 2463/2617/2463
f 2487/2642/2487 2488/2643/2488 2463/2617/2463
f 2463/2617/2463 2488/2643/2488 2464/2618/2464
f 2488/2643/2488 2489/2644/2489 2464/2618/2464
f 2464/2618/2464 2489/2644/2489 2465/2619/2465
f 2489/2644/2489 2490/2645/2490 2465/2619/2465
f 2465/2619/2465 2490/2645/2490 2466/2620/2466
f 2490/2645/2490 2491/2646/2491 2466/2620/2466
f 2466/2620/2466 2491/2646/2491 2467/2621/2467
f 2491/2646/2491 2492/2647/2492 2467/2621/2467
f 2467/2621/2467 2492/2647/2492 2468/2622/2468
f 2492/2647/2492 2493/2648/2493 2468/2622/2468
f 2468/2622/2468 2493/2648/2493 2469/2623/2469
f 2493/2648/2493 2494/2649/2494 2469/2623/2469
f 2469/2623/2469 2494/2649/2494 2470/2624/2470
f 2494/2649/2494 2495/2650/2495 2470/2624/2470
f 2470/2624/2470 2495/2650/2495 2471/2625/2471
f 2495/2650/2495 2496/2651/2496 2471/2625/2471
f 2471/2625/2471 2496/2651/2496 2472/2626/2472
f 2496/2651/2496 2497/2652/2497 2472/2626/2472
f 2472/2626/2472 2497/2652/2497 2473/2627/2473
f 2497/2652/2497 2498/2653/2498 2473/2627/2473
f 2473/2627/2473 2498/2653/2498 2474/2628/2474
f 2498/2653/2498 2499/2654/2499 2474/2628/2474
f 2474/2628/2474 2499/2654/2499 2475/2629/2475
f 2499/2654/2499 2500/2655/2500 2475/2629/2475
f 2475/2629/2475 2500/2655/2500 2476/2630/2476
f 2500/2655/2500 2501/2656/2501 2476/2630/2476
f 2476/2630/2476 2501/2656/2501 67/2631/67
f 2501/2656/2501 69/2657/69 67/2631/67
f 2003/2298/2003 2173/2301/2173 2172/2299/2172
f 2173/2301/2173 2502/2658/2502 2172/2299/2172
f 2172/2299/2172 2502/2658/2502 2477/2632/2477
f 2502/2658/2502 2503/2659/2503 2477/2632/2477
f 2477/2632/2477 2503/2659/2503 2478/2633/2478
f 2503/2659/2503 2504/2660/2504 2478/2633/2478
f 2478/2633/2478 2504/2660/2504 2479/2634/2479
f 2504/2660/2504 2505/2661/2505 2479/2634/2479
f 2479/2634/2479 2505/2661/2505 2480/2635/2480
f 2505/2661/2505 2506/2662/2506 2480/2635/2480
f 2480/2635/2480 2506/2662/2506 2481/2636/2481
f 2506/2662/2506 2507/2663/2507 2481/2636/2481
f 2481/2636/2481 2507/2663/2507 2482/2637/2482
f 2507/2663/2507 2508/2664/2508 2482/2637/2482
f 2482/2637/2482 2508/2664/2508 2483/2638/2483
f 2508/2664/2508 2509/2665/2509 2483/2638/2483
f 2483/2638/2483 2509/2665/2509 2484/2639/2484
f 2509/2665/2509 2510/2666/2510 2484/2639/2484
f 2484/2639/2484 2510/2666/2510 2485/2640/2485
f 2510/2666/2510 2511/2667/2511 2485/2640/2485
f 2485/2640/2485 2511/2667/2511 2486/2641/2486
f 2511/2667/2511 2512/2668/2512 2486/2641/2486
f 2486/2641/2486 2512/2668/2512 2487/2642/2487
f 2512/2668/2512 2513/2669/2513 2487/2642/2487
f 2487/2642/2487 2513/2669/2513 2488/2643/2488
f 2513/2669/2513 2514/2670/2514 2488/2643/2488
f 2488/2643/2488 2514/2670/2514 2489/2644/2489
f 2514/2670/2514 2515/2671/2515 2489/2644/2489
f 2489/2644/2489 2515/2671/2515 2490/2645/2490
f 2515/2671/2515 2516/2672/2516 2490/2645/2490
f 2490/2645/2490 2516/2672/2516 2491/2646/2491
f 2516/2672/2516 2517/2673/2517 2491/2646/2491
f 2491/2646/2491 2517/2673/2517 2492/2647/2492
f 2517/2673/2517 2518/2674/2518 2492/2647/2492
f 2492/2647/2492 2518/2674/2518 2493/2648/2493
f 2518/2674/2518 2519/2675/2519 2493/2648/2493
f 2493/2648/2493 2519/2675/2519 2494/2649/2494
f 2519/2675/2519 2520/2676/2520 2494/2649/2494
f 2494/2649/2494 2520/2676/2520 2495/2650/2495
f 2520/2676/2520 2521/2677/2521 2495/2650/2495
f 2495/2650/2495 2521/2677/2521 2496/2651/2496
f 2521/2677/2521 2522/2678/2522 2496/2651/2496
f 2496/2651/2496 2522/2678/2522 2497/2652/2497
f 2522/2678/2522 2523/2679/2523 2497/2652/2497
f 2497/2652/2497 2523/2679/2523 2498/2653/2498
f 2523/2679/2523 2524/2680/2524 2498/2653/2498
f 2498/2653/2498 2524/2680/2524 2499/2654/2499
f 2524/2680/2524 2525/2681/2525 2499/2654/2499
f 2499/2654/2499 2525/2681/2525 2500/2655/2500
f 2525/2681/2525 2526/2682/2526 2500/2655/2500
f 2500/2655/2500 2526/2682/2526 2501/2656/2501
f 2526/2682/2526 2527/2683/2527 2501/2656/2501
f 2501/2656/2501 2527/2683/2527 69/2657/69
f 2527/2683/2527 71/2684/71 69/2657/69
f 2030/2300/2030 2174/2303/2174 2173/2301/2173
f 2174/2303/2174 2528/2685/2528 2173/2301/2173
f 2173/2301/2173 2528/2685/2528 2502/2658/2502
f 2528/2685/2528 2529/2686/2529 2502/2658/2502
f 2502/2658/2502 2529/2686/2529 2503/2659/2503
f 2529/2686/2529 2530/2687/2530 2503/2659/2503
f 2503/2659/2503 2530/2687/2530 2504/2660/2504
f 2530/2687/2530 2531/2688/2531 2504/2660/2504
f 2504/2660/2504 2531/2688/2531 2505/2661/2505
f 2531/2688/2531 2532/2689/2532 2505/2661/2505
f 2505/2661/2505 2532/2689/2532 2506/2662/2506
f 2532/2689/2532 2533/2690/2533 2506/2662/2506
f 2506/2662/2506 2533/2690/2533 2507/2663/2507
f 2533/2690/2533 2534/2691/2534 2507/2663/2507
f 2507/2663/2507 2534/2691/2534 2508/2664/2508
f 2534/2691/2534 2535/2692/2535 2508/2664/2508
f 2508/2664/2508 2535/2692/2535 2509/2665/2509
f 2535/2692/2535 2536/2693/2536 2509/2665/2509
f 2509/2665/2509 2536/2693/2536 2510/2666/2510
f 2536/2693/2536 2537/2694/2537 2510/2666/2510
f 2510/2666/2510 2537/2694/2537 2511/2667/2511
f 2537/2694/2537 2538/2695/2538 2511/2667/2511
f 2511/2667/2511 2538/2695/2538 2512/2668/2512
f 2538/2695/2538 2539/2696/2539 2512/2668/2512
f 2512/2668/2512 2539/2696/2539 2513/2669/2513
f 2539/2696/2539 2540/2697/2540 2513/2669/2513
f 2513/2669/2513 2540/2697/2540 2514/2670/2514
f 2540/2697/2540 2541/2698/2541 2514/2670/2514
f 2514/2670/2514 2541/2698/2541 2515/2671/2515
f 2541/2698/2541 2542/2699/2542 2515/2671/2515
f 2515/2671/2515 2542/2699/2542 2516/2672/2516
f 2542/2699/2542 2543/2700/2543 2516/2672/2516
f 2516/2672/2516 2543/2700/2543 2517/2673/2517
f 2543/2700/2543 2544/2701/2544 2517/2673/2517
f 2517/2673/2517 2544/2701/2544 2518/2674/2518
f 2544/2701/2544 2545/2702/2545 2518/2674/2518
f 2518/2674/2518 2545/2702/2545 2519/2675/2519
f 2545/2702/2545 2546/2703/2546 2519/2675/2519
f 2519/2675/2519 2546/2703/2546 2520/2676/2520
f 2546/2703/2546 2547/2704/2547 2520/2676/2520
f 2520/2676/2520 2547/2704/2547 2521/2677/2521
f 2547/2704/2547 2548/2705/2548 2521/2677/2521
f 2521/2677/2521 2548/2705/2548 2522/2678/2522
f 2548/2705/2548 2549/2706/2549 2522/2678/2522
f 2522/2678/2522 2549/2706/2549 2523/2679/2523
f 2549/2706/2549 2550/2707/2550 2523/2679/2523
f 2523/2679/2523 2550/2707/2550 2524/2680/2524
f 2550/2707/2550 2551/2708/2551 2524/2680/2524
f 2524/2680/2524 2551/2708/2551 2525/2681/2525
f 2551/2708/2551 2552/2709/2552 2525/2681/2525
f 2525/2681/2525 2552/2709/2552 2526/2682/2526
f 2552/2709/2552 2553/2710/2553 2526/2682/2526
f 2526/2682/2526 2553/2710/2553 2527/2683/2527
f 2553/2710/2553 2554/2711/2554 2527/2683/2527
f 2527/2683/2527 2554/2711/2554 71/2684/71
f 2554/2711/2554 73/2712/73 71/2684/71
f 2058/2302/2058 2175/2305/2175 2174/2303/2174
f 2175/2305/2175 2555/2713/2555 2174/2303/2174
f 2174/2303/2174 2555/2713/2555 2528/2685/2528
f 2555/2713/2555 2556/2714/2556 2528/2685/2528
f 2528/2685/2528 2556/2714/2556 2529/2686/2529
f 2556/2714/2556 2557/2715/2557 2529/2686/2529
f 2529/2686/2529 2557/2715/2557 2530/2687/2530
f 2557/2715/2557 2558/2716/2558 2530/2687/2530
f 2530/2687/2530 2558/2716/2558 2531/2688/2531
f 2558/2716/2558 2559/2717/2559 2531/2688/2531
f 2531/2688/2531 2559/2717/2559 2532/2689/2532
f 2559/2717/2559 2560/2718/2560 2532/2689/2532
f 2532/2689/2532 2560/2718/2560 2533/2690/2533
f 2560/2718/2560 2561/2719/2561 2533/2690/2533
f 2533/2690/2533 2561/2719/2561 2534/2691/2534
f 2561/2719/2561 2562/2720/2562 2534/2691/2534
f 2534/2691/2534 2562/2720/2562 2535/2692/2535
f 2562/2720/2562 2563/2721/2563 2535/2692/2535
f 2535/2692/2535 2563/2721/2563 2536/2693/2536
f 2563/2721/2563 2564/2722/2564 2536/2693/2536
f 2536/2693/2536 2564/2722/2564 2537/2694/2537
f 2564/2722/2564 2565/2723/2565 2537/2694/2537
f 2537/2694/2537 2565/2723/2565 2538/2695/2538
f 2565/2723/2565 2566/2724/2566 2538/2695/2538
f 2538/2695/2538 2566/2724/2566 2539/2696/2539
f 2566/2724/2566 2567/2725/2567 2539/2696/2539
f 2539/2696/2539 2567/2725/2567 2540/2697/2540
f 2567/2725/2567 2568/2726/2568 2540/2697/2540
f 2540/2697/2540 2568/2726/2568 2541/2698/2541
f 2568/2726/2568 2569/2727/2569 2541/2698/2541
f 2541/2698/2541 2569/2727/2569 2542/2699/2542
f 2569/2727/2569 2570/2728/2570 2542/2699/2542
f 2542/2699/2542 2570/2728/2570 2543/2700/2543
f 2570/2728/2570 2571/2729/2571 2543/2700/2543
f 2543/2700/2543 2571/2729/2571 2544/2701/2544
f 2571/2729/2571 2572/2730/2572 2544/2701/2544
f 2544/2701/2544 2572/2730/2572 2545/2702/2545
f 2572/2730/2572 2573/2731/2573 2545/2702/2545
f 2545/2702/2545 2573/2731/2573 2546/2703/2546
f 2573/2731/2573 2574/2732/2574 2546/2703/2546
f 2546/2703/2546 2574/2732/2574 2547/2704/2547
f 2574/2732/2574 2575/2733/2575 2547/2704/2547
f 2547/2704/2547 2575/2733/2575 2548/2705/2548
f 2575/2733/2575 2576/2734/2576 2548/2705/2548
f 2548/2705/2548 2576/2734/2576 2549/2706/2549
f 2576/2734/2576 2577/2735/2577 2549/2706/2549
f 2549/2706/2549 2577/2735/2577 2550/2707/2550
f 2577/2735/2577 2578/2736/2578 2550/2707/2550
f 2550/2707/2550 2578/2736/2578 2551/2708/2551
f 2578/2736/2578 2579/2737/2579 2551/2708/2551
f 2551/2708/2551 2579/2737/2579 2552/2709/2552
f 2579/2737/2579 2580/2738/2580 2552/2709/2552
f 2552/2709/2552 2580/2738/2580 2553/2710/2553
f 2580/2738/2580 2581/2739/2581 2553/2710/2553
f 2553/2710/2553 2581/2739/2581 2554/2711/2554
f 2581/2739/2581 2582/2740/2582 2554/2711/2554
f 2554/2711/2554 2582/2740/2582 73/2712/73
f 2582/2740/2582 75/2741/75 73/2712/73
f 2087/2304/2087 2176/2306/2176 2175/2305/2175
f 2176/2306/2176 2583/2742/2583 2175/2305/2175
f 2175/2305/2175 2583/2742/2583 2555/2713/2555
f 2583/2742/2583 2584/2743/2584 2555/2713/2555
f 2555/2713/2555 2584/2743/2584 2556/2714/2556
f 2584/2743/2584 2585/2744/2585 2556/2714/2556
f 2556/2714/2556 2585/2744/2585 2557/2715/2557
f 2585/2744/2585 2586/2745/2586 2557/2715/2557
f 2557/2715/2557 2586/2745/2586 2558/2716/2558
f 2586/2745/2586 2587/2746/2587 2558/2716/2558
f 2558/2716/2558 2587/2746/2587 2559/2717/2559
f 2587/2746/2587 2588/2747/2588 2559/2717/2559
f 2559/2717/2559 2588/2747/2588 2560/2718/2560
f 2588/2747/2588 2589/2748/2589 2560/2718/2560
f 2560/2718/2560 2589/2748/2589 2561/2719/2561
f 2589/2748/2589 2590/2749/2590 2561/2719/2561
f 2561/2719/2561 2590/2749/2590 2562/2720/2562
f 2590/2749/2590 2591/2750/2591 2562/2720/2562
f 2562/2720/2562 2591/2750/2591 2563/2721/2563
f 2591/2750/2591 2592/2751/2592 2563/2721/2563
f 2563/2721/2563 2592/2751/2592 2564/2722/2564
f 2592/2751/2592 2593/2752/2593 2564/2722/2564
f 2564/2722/2564 2593/2752/2593 2565/2723/2565
f 2593/2752/2593 2594/2753/2594 2565/2723/2565
f 2565/2723/2565 2594/2753/2594 2566/2724/2566
f 2594/2753/2594 2595/2754/2595 2566/2724/2566
f 2566/2724/2566 2595/2754/2595 2567/2725/2567
f 2595/2754/2595 2596/2755/2596 2567/2725/2567
f 2567/2725/2567 2596/2755/2596 2568/2726/2568
f 2596/2755/2596 2597/2756/2597 2568/2726/2568
f 2568/2726/2568 2597/2756/2597 2569/2727/2569
f 2597/2756/2597 2598/2757/2598 2569/2727/2569
f 2569/2727/2569 2598/2757/2598 2570/2728/2570
f 2598/2757/2598 2599/2758/2599 2570/2728/2570
f 2570/2728/2570 2599/2758/2599 2571/2729/2571
f 2599/2758/2599 2600/2759/2600 2571/2729/2571
f 2571/2729/2571 2600/2759/2600 2572/2730/2572
f 2600/2759/2600 2601/2760/2601 2572/2730/2572
f 2572/2730/2572 2601/2760/2601 2573/2731/2573
f 2601/2760/2601 2602/2761/2602 2573/2731/2573
f 2573/2731/2573 2602/2761/2602 2574/2732/2574
f 2602/2761/2602 2603/2762/2603 2574/2732/2574
f 2574/2732/2574 2603/2762/2603 2575/2733/2575
f 2603/2762/2603 2604/2763/2604 2575/2733/2575
f 2575/2733/2575 2604/2763/2604 2576/2734/2576
f 2604/2763/2604 2605/2764/2605 2576/2734/2576
f 2576/2734/2576 2605/2764/2605 2577/2735/2577
f 2605/2764/2605 2606/2765/2606 2577/2735/2577
f 2577/2735/2577 2606/2765/2606 2578/2736/2578
f 2606/2765/2606 2607/2766/2607 2578/2736/2578
f 2578/2736/2578 2607/2766/2607 2579/2737/2579
f 2607/2766/2607 2608/2767/2608 2579/2737/2579
f 2579/2737/2579 2608/2767/2608 2580/2738/2580
f 2608/2767/2608 2609/2768/2609 2580/2738/2580
f 2580/2738/2580 2609/2768/2609 2581/2739/2581
f 2609/2768/2609 2610/2769/2610 2581/2739/2581
f 2581/2739/2581 2610/2769/2610 2582/2740/2582
f 2610/2769/2610 2611/2770/2611 2582/2740/2582
f 2582/2740/2582 2611/2770/2611 75/2741/75
f 2611/2770/2611 15/2771/15 75/2741/75
f 3/3/3 2/2/2 2176/2306/2176
f 2/2/2 2612/2772/2612 2176/2306/2176
f 2176/2306/2176 2612/2772/2612 2583/2742/2583
f 2612/2772/2612 2613/2773/2613 2583/2742/2583
f 2583/2742/2583 2613/2773/2613 2584/2743/2584
f 2613/2773/2613 2614/2774/2614 2584/2743/2584
f 2584/2743/2584 2614/2774/2614 2585/2744/2585
f 2614/2774/2614 2615/2775/2615 2585/2744/2585
f 2585/2744/2585 2615/2775/2615 2586/2745/2586
f 2615/2775/2615 2616/2776/2616 2586/2745/2586
f 2586/2745/2586 2616/2776/2616 2587/2746/2587
f 2616/2776/2616 2617/2777/2617 2587/2746/2587
f 2587/2746/2587 2617/2777/2617 2588/2747/2588
f 2617/2777/2617 2618/2778/2618 2588/2747/2588
f 2588/2747/2588 2618/2778/2618 2589/2748/2589
f 2618/2778/2618 2619/2779/2619 2589/2748/2589
f 2589/2748/2589 2619/2779/2619 2590/2749/2590
f 2619/2779/2619 2620/2780/2620 2590/2749/2590
f 2590/2749/2590 2620/2780/2620 2591/2750/2591
f 2620/2780/2620 2621/2781/2621 2591/2750/2591
f 2591/2750/2591 2621/2781/2621 2592/2751/2592
f 2621/2781/2621 2622/2782/2622 2592/2751/2592
f 2592/2751/2592 2622/2782/2622 2593/2752/2593
f 2622/2782/2622 2623/2783/2623 2593/2752/2593
f 2593/2752/2593 2623/2783/2623 2594/2753/2594
f 2623/2783/2623 2624/2784/2624 2594/2753/2594
f 2594/2753/2594 2624/2784/2624 2595/2754/2595
f 2624/2784/2624 2625/2785/2625 2595/2754/2595
f 2595/2754/2595 2625/2785/2625 2596/2755/2596
f 2625/2785/2625 2626/2786/2626 2596/2755/2596
f 2596/2755/2596 2626/2786/2626 2597/2756/2597
f 2626/2786/2626 2627/2787/2627 2597/2756/2597
f 2597/2756/2597 2627/2787/2627 2598/2757/2598
f 2627/2787/2627 2628/2788/2628 2598/2757/2598
f 2598/2757/2598 2628/2788/2628 2599/2758/2599
f 2628/2788/2628 2629/2789/2629 2599/2758/2599
f 2599/2758/2599 2629/2789/2629 2600/2759/2600
f 2629/2789/2629 2630/2790/2630 2600/2759/2600
f 2600/2759/2600 2630/2790/2630 2601/2760/2601
f 2630/2790/2630 2631/2791/2631 2601/2760/2601
f 2601/2760/2601 2631/2791/2631 2602/2761/2602
f 2631/2791/2631 2632/2792/2632 2602/2761/2602
f 2602/2761/2602 2632/2792/2632 2603/2762/2603
f 2632/2792/2632 2633/2793/2633 2603/2762/2603
f 2603/2762/2603 2633/2793/2633 2604/2763/2604
f 2633/2793/2633 2634/2794/2634 2604/2763/2604
f 2604/2763/2604 2634/2794/2634 2605/2764/2605
f 2634/2794/2634 2635/2795/2635 2605/2764/2605
f 2605/2764/2605 2635/2795/2635 2606/2765/2606
f 2635/2795/2635 2636/2796/2636 2606/2765/2606
f 2606/2765/2606 2636/2796/2636 2607/2766/2607
f 2636/2796/2636 2637/2797/2637 2607/2766/2607
f 2607/2766/2607 2637/2797/2637 2608/2767/2608
f 2637/2797/2637 2638/2798/2638 2608/2767/2608
f 2608/2767/2608 2638/2798/2638 2609/2768/2609
f 2638/2798/2638 2639/2799/2639 2609/2768/2609
f 2609/2768/2609 2639/2799/2639 2610/2769/2610
f 2639/2799/2639 2640/2800/2640 2610/2769/2610
f 2610/2769/2610 2640/2800/2640 2611/2770/2611
f 2640/2800/2640 2641/2801/2641 2611/2770/2611
f 2611/2770/2611 2641/2801/2641 15/2771/15
f 2641/2801/2641 13/13/13 15/2771/15
f 2642/2802/2642 14/14/14 13/13/13
f 2643/2803/2643 2644/2804/2644 2642/2802/2642
f 2645/2805/2645 2646/2806/2646 2643/2803/2643
f 2647/2807/2647 2648/2808/2648 2645/2805/2645
f 2649/2809/2649 2650/2810/2650 2647/2807/2647
f 2651/2811/2651 2652/2812/2652 2649/2809/2649
f 2653/2813/2653 2654/2814/2654 2651/2811/2651
f 2655/2815/2655 2656/2816/2656 2653/2813/2653
f 2657/2817/2657 2658/2818/2658 2655/2815/2655
f 2659/2819/2659 2660/2820/2660 2657/2817/2657
f 2661/2821/2661 2662/2822/2662 2659/2819/2659
f 2663/2823/2663 2664/2824/2664 2661/2821/2661
f 2665/2825/2665 2666/2826/2666 2663/2823/2663
f 2667/2827/2667 2668/2828/2668 2665/2825/2665
f 2669/2829/2669 2670/2830/2670 2667/2827/2667
f 2671/2831/2671 2672/2832/2672 2669/2829/2669
f 2673/2833/2673 2674/2834/2674 2671/2831/2671
f 2642/2802/2642 2644/2804/2644 14/14/14
f 2644/2804/2644 542/543/542 14/14/14
f 2643/2803/2643 2646/2806/2646 2644/2804/2644
f 2646/2806/2646 2676/2835/2675 2644/2804/2644
f 2644/2804/2644 2676/2835/2675 542/543/542
f 2676/2835/2675 543/544/543 542/543/542
f 2645/2805/2645 2648/2808/2648 2646/2806/2646
f 2648/2808/2648 2677/2836/2676 2646/2806/2646
f 2646/2806/2646 2677/2836/2676 2676/2835/2675
f 2677/2836/2676 2678/2837/2677 2676/2835/2675
f 2676/2835/2675 2678/2837/2677 543/544/543
f 2678/2837/2677 544/545/544 543/544/543
f 2647/2807/2647 2650/2810/2650 2648/2808/2648
f 2650/2810/2650 2679/2838/2678 2648/2808/2648
f 2648/2808/2648 2679/2838/2678 2677/2836/2676
f 2679/2838/2678 2680/2839/2679 2677/2836/2676
f 2677/2836/2676 2680/2839/2679 2678/2837/2677
f 2680/2839/2679 2681/2840/2680 2678/2837/2677
f 2678/2837/2677 2681/2840/2680 544/545/544
f 2681/2840/2680 545/546/545 544/545/544
f 2649/2809/2649 2652/2812/2652 2650/2810/2650
f 2652/2812/2652 2682/2841/2681 2650/2810/2650
f 2650/2810/2650 2682/2841/2681 2679/2838/2678
f 2682/2841/2681 2683/2842/2682 2679/2838/2678
f 2679/2838/2678 2683/2842/2682 2680/2839/2679
f 2683/2842/2682 2684/2843/2683 2680/2839/2679
f 2680/2839/2679 2684/2843/2683 2681/2840/2680
f 2684/2843/2683 2685/2844/2684 2681/2840/2680
f 2681/2840/2680 2685/2844/2684 545/546/545
f 2685/2844/2684 546/547/546 545/546/545
f 2651/2811/2651 2654/2814/2654 2652/2812/2652
f 2654/2814/2654 2686/2845/2685 2652/2812/2652
f 2652/2812/2652 2686/2845/2685 2682/2841/2681
f 2686/2845/2685 2687/2846/2686 2682/2841/2681
f 2682/2841/2681 2687/2846/2686 2683/2842/2682
f 2687/2846/2686 2688/2847/2687 2683/2842/2682
f 2683/2842/2682 2688/2847/2687 2684/2843/2683
f 2688/2847/2687 2689/2848/2688 2684/2843/2683
f 2684/2843/2683 2689/2848/2688 2685/2844/2684
f 2689/2848/2688 2690/2849/2689 2685/2844/2684
f 2685/2844/2684 2690/2849/2689 546/547/546
f 2690/2849/2689 547/548/547 546/547/546
f 2653/2813/2653 2656/2816/2656 2654/2814/2654
f 2656/2816/2656 2691/2850/2690 2654/2814/2654
f 2654/2814/2654 2691/2850/2690 2686/2845/2685
f 2691/2850/2690 2692/2851/2691 2686/2845/2685
f 2686/2845/2685 2692/2851/2691 2687/2846/2686
f 2692/2851/2691 2693/2852/2692 2687/2846/2686
f 2687/2846/2686 2693/2852/2692 2688/2847/2687
f 2693/2852/2692 2694/2853/2693 2688/2847/2687
f 2688/2847/2687 2694/2853/2693 2689/2848/2688
f 2694/2853/2693 2695/2854/2694 2689/2848/2688
f 2689/2848/2688 2695/2854/2694 2690/2849/2689
f 2695/2854/2694 2696/2855/2695 2690/2849/2689
f 2690/2849/2689 2696/2855/2695 547/548/547
f 2696/2855/2695 548/549/548 547/548/547
f 2655/2815/2655 2658/2818/2658 2656/2816/2656
f 2658/2818/2658 2697/2856/2696 2656/2816/2656
f 2656/2816/2656 2697/2856/2696 2691/2850/2690
f 2697/2856/2696 2698/2857/2697 2691/2850/2690
f 2691/2850/2690 2698/2857/2697 2692/2851/2691
f 2698/2857/2697 2699/2858/2698 2692/2851/2691
f 2692/2851/2691 2699/2858/2698 2693/2852/2692
f 2699/2858/2698 2700/2859/2699 2693/2852/2692
f 2693/2852/2692 2700/2859/2699 2694/2853/2693
f 2700/2859/2699 2701/2860/2700 2694/2853/2693
f 2694/2853/2693 2701/2860/2700 2695/2854/2694
f 2701/2860/2700 2702/2861/2701 2695/2854/2694
f 2695/2854/2694 2702/2861/2701 2696/2855/2695
f 2702/2861/2701 2703/2862/2702 2696/2855/2695
f 2696/2855/2695 2703/2862/2702 548/549/548
f 2703/2862/2702 549/550/549 548/549/548
f 2657/2817/2657 2660/2820/2660 2658/2818/2658
f 2660/2820/2660 2704/2863/2703 2658/2818/2658
f 2658/2818/2658 2704/2863/2703 2697/2856/2696
f 2704/2863/2703 2705/2864/2704 2697/2856/2696
f 2697/2856/2696 2705/2864/2704 2698/2857/2697
f 2705/2864/2704 2706/2865/2705 2698/2857/2697
f 2698/2857/2697 2706/2865/2705 2699/2858/2698
f 2706/2865/2705 2707/2866/2706 2699/2858/2698
f 2699/2858/2698 2707/2866/2706 2700/2859/2699
f 2707/2866/2706 2708/2867/2707 2700/2859/2699
f 2700/2859/2699 2708/2867/2707 2701/2860/2700
f 2708/2867/2707 2709/2868/2708 2701/2860/2700
f 2701/2860/2700 2709/2868/2708 2702/2861/2701
f 2709/2868/2708 2710/2869/2709 2702/2861/2701
f 2702/2861/2701 2710/2869/2709 2703/2862/2702
f 2710/2869/2709 2711/2870/2710 2703/2862/2702
f 2703/2862/2702 2711/2870/2710 549/550/549
f 2711/2870/2710 550/551/550 549/550/549
f 2659/2819/2659 2662/2822/2662 2660/2820/2660
f 2662/2822/2662 2712/2871/2711 2660/2820/2660
f 2660/2820/2660 2712/2871/2711 2704/2863/2703
f 2712/2871/2711 2713/2872/2712 2704/2863/2703
f 2704/2863/2703 2713/2872/2712 2705/2864/2704
f 2713/2872/2712 2714/2873/2713 2705/2864/2704
f 2705/2864/2704 2714/2873/2713 2706/2865/2705
f 2714/2873/2713 2715/2874/2714 2706/2865/2705
f 2706/2865/2705 2715/2874/2714 2707/2866/2706
f 2715/2874/2714 2716/2875/2715 2707/2866/2706
f 2707/2866/2706 2716/2875/2715 2708/2867/2707
f 2716/2875/2715 2717/2876/2716 2708/2867/2707
f 2708/2867/2707 2717/2876/2716 2709/2868/2708
f 2717/2876/2716 2718/2877/2717 2709/2868/2708
f 2709/2868/2708 2718/2877/2717 2710/2869/2709
f 2718/2877/2717 2719/2878/2718 2710/2869/2709
f 2710/2869/2709 2719/2878/2718 2711/2870/2710
f 2719/2878/2718 2720/2879/2719 2711/2870/2710
f 2711/2870/2710 2720/2879/2719 550/551/550
f 2720/2879/2719 551/552/551 550/551/550
f 2661/2821/2661 2664/2824/2664 2662/2822/2662
f 2664/2824/2664 2721/2880/2720 2662/2822/2662
f 2662/2822/2662 2721/2880/2720 2712/2871/2711
f 2721/2880/2720 2722/2881/2721 2712/2871/2711
f 2712/2871/2711 2722/2881/2721 2713/2872/2712
f 2722/2881/2721 2723/2882/2722 2713/2872/2712
f 2713/2872/2712 2723/2882/2722 2714/2873/2713
f 2723/2882/2722 2724/2883/2723 2714/2873/2713
f 2714/2873/2713 2724/2883/2723 2715/2874/2714
f 2724/2883/2723 2725/2884/2724 2715/2874/2714
f 2715/2874/2714 2725/2884/2724 2716/2875/2715
f 2725/2884/2724 2726/2885/2725 2716/2875/2715
f 2716/2875/2715 2726/2885/2725 2717/2876/2716
f 2726/2885/2725 2727/2886/2726 2717/2876/2716
f 2717/2876/2716 2727/2886/2726 2718/2877/2717
f 2727/2886/2726 2728/2887/2727 2718/2877/2717
f 2718/2877/2717 2728/2887/2727 2719/2878/2718
f 2728/2887/2727 2729/2888/2728 2719/2878/2718
f 2719/2878/2718 2729/2888/2728 2720/2879/2719
f 2729/2888/2728 2730/2889/2729 2720/2879/2719
f 2720/2879/2719 2730/2889/2729 551/552/551
f 2730/2889/2729 552/553/552 551/552/551
f 2663/2823/2663 2666/2826/2666 2664/2824/2664
f 2666/2826/2666 2731/2890/2730 2664/2824/2664
f 2664/2824/2664 2731/2890/2730 2721/2880/2720
f 2731/2890/2730 2732/2891/2731 2721/2880/2720
f 2721/2880/2720 2732/2891/2731 2722/2881/2721
f 2732/2891/2731 2733/2892/2732 2722/2881/2721
f 2722/2881/2721 2733/2892/2732 2723/2882/2722
f 2733/2892/2732 2734/2893/2733 2723/2882/2722
f 2723/2882/2722 2734/2893/2733 2724/2883/2723
f 2734/2893/2733 2735/2894/2734 2724/2883/2723
f 2724/2883/2723 2735/2894/2734 2725/2884/2724
f 2735/2894/2734 2736/2895/2735 2725/2884/2724
f 2725/2884/2724 2736/2895/2735 2726/2885/2725
f 2736/2895/2735 2737/2896/2736 2726/2885/2725
f 2726/2885/2725 2737/2896/2736 2727/2886/2726
f 2737/2896/2736 2738/2897/2737 2727/2886/2726
f 2727/2886/2726 2738/2897/2737 2728/2887/2727
f 2738/2897/2737 2739/2898/2738 2728/2887/2727
f 2728/2887/2727 2739/2898/2738 2729/2888/2728
f 2739/2898/2738 2740/2899/2739 2729/2888/2728
f 2729/2888/2728 2740/2899/2739 2730/2889/2729
f 2740/2899/2739 2741/2900/2740 2730/2889/2729
f 2730/2889/2729 2741/2900/2740 552/553/552
f 2741/2900/2740 553/554/553 552/553/552
f 2665/2825/2665 2668/2828/2668 2666/2826/2666
f 2668/2828/2668 2742/2901/2741 2666/2826/2666
f 2666/2826/2666 2742/2901/2741 2731/2890/2730
f 2742/2901/2741 2743/2902/2742 2731/2890/2730
f 2731/2890/2730 2743/2902/2742 2732/2891/2731
f 2743/2902/2742 2744/2903/2743 2732/2891/2731
f 2732/2891/2731 2744/2903/2743 2733/2892/2732
f 2744/2903/2743 2745/2904/2744 2733/2892/2732
f 2733/2892/2732 2745/2904/2744 2734/2893/2733
f 2745/2904/2744 2746/2905/2745 2734/2893/2733
f 2734/2893/2733 2746/2905/2745 2735/2894/2734
f 2746/2905/2745 2747/2906/2746 2735/2894/2734
f 2735/2894/2734 2747/2906/2746 2736/2895/2735
f 2747/2906/2746 2748/2907/2747 2736/2895/2735
f 2736/2895/2735 2748/2907/2747 2737/2896/2736
f 2748/2907/2747 2749/2908/2748 2737/2896/2736
f 2737/2896/2736 2749/2908/2748 2738/2897/2737
f 2749/2908/2748 2750/2909/2749 2738/2897/2737
f 2738/2897/2737 2750/2909/2749 2739/2898/2738
f 2750/2909/2749 2751/2910/2750 2739/2898/2738
f 2739/2898/2738 2751/2910/2750 2740/2899/2739
f 2751/2910/2750 2752/2911/2751 2740/2899/2739
f 2740/2899/2739 2752/2911/2751 2741/2900/2740
f 2752/2911/2751 2753/2912/2752 2741/2900/2740
f 2741/2900/2740 2753/2912/2752 553/554/553
f 2753/2912/2752 554/555/554 553/554/553
f 2667/2827/2667 2670/2830/2670 2668/2828/2668
f 2670/2830/2670 2754/2913/2753 2668/2828/2668
f 2668/2828/2668 2754/2913/2753 2742/2901/2741
f 2754/2913/2753 2755/2914/2754 2742/2901/2741
f 2742/2901/2741 2755/2914/2754 2743/2902/2742
f 2755/2914/2754 2756/2915/2755 2743/2902/2742
f 2743/2902/2742 2756/2915/2755 2744/2903/2743
f 2756/2915/2755 2757/2916/2756 2744/2903/2743
f 2744/2903/2743 2757/2916/2756 2745/2904/2744
f 2757/2916/2756 2758/2917/2757 2745/2904/2744
f 2745/2904/2744 2758/2917/2757 2746/2905/2745
f 2758/2917/2757 2759/2918/2758 2746/2905/2745
f 2746/2905/2745 2759/2918/2758 2747/2906/2746
f 2759/2918/2758 2760/2919/2759 2747/2906/2746
f 2747/2906/2746 2760/2919/2759 2748/2907/2747
f 2760/2919/2759 2761/2920/2760 2748/2907/2747
f 2748/2907/2747 2761/2920/2760 2749/2908/2748
f 2761/2920/2760 2762/2921/2761 2749/2908/2748
f 2749/2908/2748 2762/2921/2761 2750/2909/2749
f 2762/2921/2761 2763/2922/2762 2750/2909/2749
f 2750/2909/2749 2763/2922/2762 2751/2910/2750
f 2763/2922/2762 2764/2923/2763 2751/2910/2750
f 2751/2910/2750 2764/2923/2763 2752/2911/2751
f 2764/2923/2763 2765/2924/2764 2752/2911/2751
f 2752/2911/2751 2765/2924/2764 2753/2912/2752
f 2765/2924/2764 2766/2925/2765 2753/2912/2752
f 2753/2912/2752 2766/2925/2765 554/555/554
f 2766/2925/2765 555/556/555 554/555/554
f 2669/2829/2669 2672/2832/2672 2670/2830/2670
f 2672/2832/2672 2767/2926/2766 2670/2830/2670
f 2670/2830/2670 2767/2926/2766 2754/2913/2753
f 2767/2926/2766 2768/2927/2767 2754/2913/2753
f 2754/2913/2753 2768/2927/2767 2755/2914/2754
f 2768/2927/2767 2769/2928/2768 2755/2914/2754
f 2755/2914/2754 2769/2928/2768 2756/2915/2755
f 2769/2928/2768 2770/2929/2769 2756/2915/2755
f 2756/2915/2755 2770/2929/2769 2757/2916/2756
f 2770/2929/2769 2771/2930/2770 2757/2916/2756
f 2757/2916/2756 2771/2930/2770 2758/2917/2757
f 2771/2930/2770 2772/2931/2771 2758/2917/2757
f 2758/2917/2757 2772/2931/2771 2759/2918/2758
f 2772/2931/2771 2773/2932/2772 2759/2918/2758
f 2759/2918/2758 2773/2932/2772 2760/2919/2759
f 2773/2932/2772 2774/2933/2773 2760/2919/2759
f 2760/2919/2759 2774/2933/2773 2761/2920/2760
f 2774/2933/2773 2775/2934/2774 2761/2920/2760
f 2761/2920/2760 2775/2934/2774 2762/2921/2761
f 2775/2934/2774 2776/2935/2775 2762/2921/2761
f 2762/2921/2761 2776/2935/2775 2763/2922/2762
f 2776/2935/2775 2777/2936/2776 2763/2922/2762
f 2763/2922/2762 2777/2936/2776 2764/2923/2763
f 2777/2936/2776 2778/2937/2777 2764/2923/2763
f 2764/2923/2763 2778/2937/2777 2765/2924/2764
f 2778/2937/2777 2779/2938/2778 2765/2924/2764
f 2765/2924/2764 2779/2938/2778 2766/2925/2765
f 2779/2938/2778 2780/2939/2779 2766/2925/2765
f 2766/2925/2765 2780/2939/2779 555/556/555
f 2780/2939/2779 556/557/556 555/556/555
f 2671/2831/2671 2674/2834/2674 2672/2832/2672
f 2674/2834/2674 2781/2940/2780 2672/2832/2672
f 2672/2832/2672 2781/2940/2780 2767/2926/2766
f 2781/2940/2780 2782/2941/2781 2767/2926/2766
f 2767/2926/2766 2782/2941/2781 2768/2927/2767
f 2782/2941/2781 2783/2942/2782 2768/2927/2767
f 2768/2927/2767 2783/2942/2782 2769/2928/2768
f 2783/2942/2782 2784/2943/2783 2769/2928/2768
f 2769/2928/2768 2784/2943/2783 2770/2929/2769
f 2784/2943/2783 2785/2944/2784 2770/2929/2769
f 2770/2929/2769 2785/2944/2784 2771/2930/2770
f 2785/2944/2784 2786/2945/2785 2771/2930/2770
f 2771/2930/2770 2786/2945/2785 2772/2931/2771
f 2786/2945/2785 2787/2946/2786 2772/2931/2771
f 2772/2931/2771 2787/2946/2786 2773/2932/2772
f 2787/2946/2786 2788/2947/2787 2773/2932/2772
f 2773/2932/2772 2788/2947/2787 2774/2933/2773
f 2788/2947/2787 2789/2948/2788 2774/2933/2773
f 2774/2933/2773 2789/2948/2788 2775/2934/2774
f 2789/2948/2788 2790/2949/2789 2775/2934/2774
f 2775/2934/2774 2790/2949/2789 2776/2935/2775
f 2790/2949/2789 2791/2950/2790 2776/2935/2775
f 2776/2935/2775 2791/2950/2790 2777/2936/2776
f 2791/2950/2790 2792/2951/2791 2777/2936/2776
f 2777/2936/2776 2792/2951/2791 2778/2937/2777
f 2792/2951/2791 2793/2952/2792 2778/2937/2777
f 2778/2937/2777 2793/2952/2792 2779/2938/2778
f 2793/2952/2792 2794/2953/2793 2779/2938/2778
f 2779/2938/2778 2794/2953/2793 2780/2939/2779
f 2794/2953/2793 2795/2954/2794 2780/2939/2779
f 2780/2939/2779 2795/2954/2794 556/557/556
f 2795/2954/2794 557/558/557 556/557/556
f 2673/2833/2673 2675/2955/2795 2674/2834/2674
f 2675/2955/2795 2796/2956/2796 2674/2834/2674
f 2674/2834/2674 2796/2956/2796 2781/2940/2780
f 2796/2956/2796 2797/2957/2797 2781/2940/2780
f 2781/2940/2780 2797/2957/2797 2782/2941/2781
f 2797/2957/2797 2798/2958/2798 2782/2941/2781
f 2782/2941/2781 2798/2958/2798 2783/2942/2782
f 2798/2958/2798 2799/2959/2799 2783/2942/2782
f 2783/2942/2782 2799/2959/2799 2784/2943/2783
f 2799/2959/2799 2800/2960/2800 2784/2943/2783
f 2784/2943/2783 2800/2960/2800 2785/2944/2784
f 2800/2960/2800 2801/2961/2801 2785/2944/2784
f 2785/2944/2784 2801/2961/2801 2786/2945/2785
f 2801/2961/2801 2802/2962/2802 2786/2945/2785
f 2786/2945/2785 2802/2962/2802 2787/2946/2786
f 2802/2962/2802 2803/2963/2803 2787/2946/2786
f 2787/2946/2786 2803/2963/2803 2788/2947/2787
f 2803/2963/2803 2804/2964/2804 2788/2947/2787
f 2788/2947/2787 2804/2964/2804 2789/2948/2788
f 2804/2964/2804 2805/2965/2805 2789/2948/2788
f 2789/2948/2788 2805/2965/2805 2790/2949/2789
f 2805/2965/2805 2806/2966/2806 2790/2949/2789
f 2790/2949/2789 2806/2966/2806 2791/2950/2790
f 2806/2966/2806 2807/2967/2807 2791/2950/2790
f 2791/2950/2790 2807/2967/2807 2792/2951/2791
f 2807/2967/2807 2808/2968/2808 2792/2951/2791
f 2792/2951/2791 2808/2968/2808 2793/2952/2792
f 2808/2968/2808 2809/2969/2809 2793/2952/2792
f 2793/2952/2792 2809/2969/2809 2794/2953/2793
f 2809/2969/2809 2810/2970/2810 2794/2953/2793
f 2794/2953/2793 2810/2970/2810 2795/2954/2794
f 2810/2970/2810 2811/2971/2811 2795/2954/2794
f 2795/2954/2794 2811/2971/2811 557/558/557
f 2811/2971/2811 558/559/558 557/558/557
f 2675/2955/2795 2812/2972/2812 2796/2956/2796
f 2812/2972/2812 2813/2973/2813 2796/2956/2796
f 2796/2956/2796 2813/2973/2813 2797/2957/2797
f 2813/2973/2813 2814/2974/2814 2797/2957/2797
f 2797/2957/2797 2814/2974/2814 2798/2958/2798
f 2814/2974/2814 2815/2975/2815 2798/2958/2798
f 2798/2958/2798 2815/2975/2815 2799/2959/2799
f 2815/2975/2815 2816/2976/2816 2799/2959/2799
f 2799/2959/2799 2816/2976/2816 2800/2960/2800
f 2816/2976/2816 2817/2977/2817 2800/2960/2800
f 2800/2960/2800 2817/2977/2817 2801/2961/2801
f 2817/2977/2817 2818/2978/2818 2801/2961/2801
f 2801/2961/2801 2818/2978/2818 2802/2962/2802
f 2818/2978/2818 2819/2979/2819 2802/2962/2802
f 2802/2962/2802 2819/2979/2819 2803/2963/2803
f 2819/2979/2819 2820/2980/2820 2803/2963/2803
f 2803/2963/2803 2820/2980/2820 2804/2964/2804
f 2820/2980/2820 2821/2981/2821 2804/2964/2804
f 2804/2964/2804 2821/2981/2821 2805/2965/2805
f 2821/2981/2821 2822/2982/2822 2805/2965/2805
f 2805/2965/2805 2822/2982/2822 2806/2966/2806
f 2822/2982/2822 2823/2983/2823 2806/2966/2806
f 2806/2966/2806 2823/2983/2823 2807/2967/2807
f 2823/2983/2823 2824/2984/2824 2807/2967/2807
f 2807/2967/2807 2824/2984/2824 2808/2968/2808
f 2824/2984/2824 2825/2985/2825 2808/2968/2808
f 2808/2968/2808 2825/2985/2825 2809/2969/2809
f 2825/2985/2825 2826/2986/2826 2809/2969/2809
f 2809/2969/2809 2826/2986/2826 2810/2970/2810
f 2826/2986/2826 2827/2987/2827 2810/2970/2810
f 2810/2970/2810 2827/2987/2827 2811/2971/2811
f 2827/2987/2827 2828/2988/2828 2811/2971/2811
f 2811/2971/2811 2828/2988/2828 558/559/558
f 2828/2988/2828 559/560/559 558/559/558
f 2812/2972/2812 2829/2989/2829 2813/2973/2813
f 2829/2989/2829 2830/2990/2830 2813/2973/2813
f 2813/2973/2813 2830/2990/2830 2814/2974/2814
f 2830/2990/2830 2831/2991/2831 2814/2974/2814
f 2814/2974/2814 2831/2991/2831 2815/2975/2815
f 2831/2991/2831 2832/2992/2832 2815/2975/2815
f 2815/2975/2815 2832/2992/2832 2816/2976/2816
f 2832/2992/2832 2833/2993/2833 2816/2976/2816
f 2816/2976/2816 2833/2993/2833 2817/2977/2817
f 2833/2993/2833 2834/2994/2834 2817/2977/2817
f 2817/2977/2817 2834/2994/2834 2818/2978/2818
f 2834/2994/2834 2835/2995/2835 2818/2978/2818
f 2818/2978/2818 2835/2995/2835 2819/2979/2819
f 2835/2995/2835 2836/2996/2836 2819/2979/2819
f 2819/2979/2819 2836/2996/2836 2820/2980/2820
f 2836/2996/2836 2837/2997/2837 2820/2980/2820
f 2820/2980/2820 2837/2997/2837 2821/2981/2821
f 2837/2997/2837 2838/2998/2838 2821/2981/2821
f 2821/2981/2821 2838/2998/2838 2822/2982/2822
f 2838/2998/2838 2839/2999/2839 2822/2982/2822
f 2822/2982/2822 2839/2999/2839 2823/2983/2823
f 2839/2999/2839 2840/3000/2840 2823/2983/2823
f 2823/2983/2823 2840/3000/2840 2824/2984/2824
f 2840/3000/2840 2841/3001/2841 2824/2984/2824
f 2824/2984/2824 2841/3001/2841 2825/2985/2825
f 2841/3001/2841 2842/3002/2842 2825/2985/2825
f 2825/2985/2825 2842/3002/2842 2826/2986/2826
f 2842/3002/2842 2843/3003/2843 2826/2986/2826
f 2826/2986/2826 2843/3003/2843 2827/2987/2827
f 2843/3003/2843 2844/3004/2844 2827/2987/2827
f 2827/2987/2827 2844/3004/2844 2828/2988/2828
f 2844/3004/2844 2845/3005/2845 2828/2988/2828
f 2828/2988/2828 2845/3005/2845 559/560/559
f 2845/3005/2845 560/561/560 559/560/559
f 2829/2989/2829 2846/3006/2846 2830/2990/2830
f 2846/3006/2846 2847/3007/2847 2830/2990/2830
f 2830/2990/2830 2847/3007/2847 2831/2991/2831
f 2847/3007/2847 2848/3008/2848 2831/2991/2831
f 2831/2991/2831 2848/3008/2848 2832/2992/2832
f 2848/3008/2848 2849/3009/2849 2832/2992/2832
f 2832/2992/2832 2849/3009/2849 2833/2993/2833
f 2849/3009/2849 2850/3010/2850 2833/2993/2833
f 2833/2993/2833 2850/3010/2850 2834/2994/2834
f 2850/3010/2850 2851/3011/2851 2834/2994/2834
f 2834/2994/2834 2851/3011/2851 2835/2995/2835
f 2851/3011/2851 2852/3012/2852 2835/2995/2835
f 2835/2995/2835 2852/3012/2852 2836/2996/2836
f 2852/3012/2852 2853/3013/2853 2836/2996/2836
f 2836/2996/2836 2853/3013/2853 2837/2997/2837
f 2853/3013/2853 2854/3014/2854 2837/2997/2837
f 2837/2997/2837 2854/3014/2854 2838/2998/2838
f 2854/3014/2854 2855/3015/2855 2838/2998/2838
f 2838/2998/2838 2855/3015/2855 2839/2999/2839
f 2855/3015/2855 2856/3016/2856 2839/2999/2839
f 2839/2999/2839 2856/3016/2856 2840/3000/2840
f 2856/3016/2856 2857/3017/2857 2840/3000/2840
f 2840/3000/2840 2857/3017/2857 2841/3001/2841
f 2857/3017/2857 2858/3018/2858 2841/3001/2841
f 2841/3001/2841 2858/3018/2858 2842/3002/2842
f 2858/3018/2858 2859/3019/2859 2842/3002/2842
f 2842/3002/2842 2859/3019/2859 2843/3003/2843
f 2859/3019/2859 2860/3020/2860 2843/3003/2843
f 2843/3003/2843 2860/3020/2860 2844/3004/2844
f 2860/3020/2860 2861/3021/2861 2844/3004/2844
f 2844/3004/2844 2861/3021/2861 2845/3005/2845
f 2861/3021/2861 2862/3022/2862 2845/3005/2845
f 2845/3005/2845 2862/3022/2862 560/561/560
f 2862/3022/2862 561/562/561 560/561/560
f 2846/3006/2846 2863/3023/2863 2847/3007/2847
f 2863/3023/2863 2864/3024/2864 2847/3007/2847
f 2847/3007/2847 2864/3024/2864 2848/3008/2848
f 2864/3024/2864 2865/3025/2865 2848/3008/2848
f 2848/3008/2848 2865/3025/2865 2849/3009/2849
f 2865/3025/2865 2866/3026/2866 2849/3009/2849
f 2849/3009/2849 2866/3026/2866 2850/3010/2850
f 2866/3026/2866 2867/3027/2867 2850/3010/2850
f 2850/3010/2850 2867/3027/2867 2851/3011/2851
f 2867/3027/2867 2868/3028/2868 2851/3011/2851
f 2851/3011/2851 2868/3028/2868 2852/3012/2852
f 2868/3028/2868 2869/3029/2869 2852/3012/2852
f 2852/3012/2852 2869/3029/2869 2853/3013/2853
f 2869/3029/2869 2870/3030/2870 2853/3013/2853
f 2853/3013/2853 2870/3030/2870 2854/3014/2854
f 2870/3030/2870 2871/3031/2871 2854/3014/2854
f 2854/3014/2854 2871/3031/2871 2855/3015/2855
f 2871/3031/2871 2872/3032/2872 2855/3015/2855
f 2855/3015/2855 2872/3032/2872 2856/3016/2856
f 2872/3032/2872 2873/3033/2873 2856/3016/2856
f 2856/3016/2856 2873/3033/2873 2857/3017/2857
f 2873/3033/2873 2874/3034/2874 2857/3017/2857
f 2857/3017/2857 2874/3034/2874 2858/3018/2858
f 2874/3034/2874 2875/3035/2875 2858/3018/2858
f 2858/3018/2858 2875/3035/2875 2859/3019/2859
f 2875/3035/2875 2876/3036/2876 2859/3019/2859
f 2859/3019/2859 2876/3036/2876 2860/3020/2860
f 2876/3036/2876 2877/3037/2877 2860/3020/2860
f 2860/3020/2860 2877/3037/2877 2861/3021/2861
f 2877/3037/2877 2878/3038/2878 2861/3021/2861
f 2861/3021/2861 2878/3038/2878 2862/3022/2862
f 2878/3038/2878 2879/3039/2879 2862/3022/2862
f 2862/3022/2862 2879/3039/2879 561/562/561
f 2879/3039/2879 562/563/562 561/562/561
f 2863/3023/2863 2880/3040/2880 2864/3024/2864
f 2880/3040/2880 2881/3041/2881 2864/3024/2864
f 2864/3024/2864 2881/3041/2881 2865/3025/2865
f 2881/3041/2881 2882/3042/2882 2865/3025/2865
f 2865/3025/2865 2882/3042/2882 2866/3026/2866
f 2882/3042/2882 2883/3043/2883 2866/3026/2866
f 2866/3026/2866 2883/3043/2883 2867/3027/2867
f 2883/3043/2883 2884/3044/2884 2867/3027/2867
f 2867/3027/2867 2884/3044/2884 2868/3028/2868
f 2884/3044/2884 2885/3045/2885 2868/3028/2868
f 2868/3028/2868 2885/3045/2885 2869/3029/2869
f 2885/3045/2885 2886/3046/2886 2869/3029/2869
f 2869/3029/2869 2886/3046/2886 2870/3030/2870
f 2886/3046/2886 2887/3047/2887 2870/3030/2870
f 2870/3030/2870 2887/3047/2887 2871/3031/2871
f 2887/3047/2887 2888/3048/2888 2871/3031/2871
f 2871/3031/2871 2888/3048/2888 2872/3032/2872
f 2888/3048/2888 2889/3049/2889 2872/3032/2872
f 2872/3032/2872 2889/3049/2889 2873/3033/2873
f 2889/3049/2889 2890/3050/2890 2873/3033/2873
f 2873/3033/2873 2890/3050/2890 2874/3034/2874
f 2890/3050/2890 2891/3051/2891 2874/3034/2874
f 2874/3034/2874 2891/3051/2891 2875/3035/2875
f 2891/3051/2891 2892/3052/2892 2875/3035/2875
f 2875/3035/2875 2892/3052/2892 2876/3036/2876
f 2892/3052/2892 2893/3053/2893 2876/3036/2876
f 2876/3036/2876 2893/3053/2893 2877/3037/2877
f 2893/3053/2893 2894/3054/2894 2877/3037/2877
f 2877/3037/2877 2894/3054/2894 2878/3038/2878
f 2894/3054/2894 2895/3055/2895 2878/3038/2878
f 2878/3038/2878 2895/3055/2895 2879/3039/2879
f 2895/3055/2895 2896/3056/2896 2879/3039/2879
f 2879/3039/2879 2896/3056/2896 562/563/562
f 2896/3056/2896 563/564/563 562/563/562
f 2880/3040/2880 2897/3057/2897 2881/3041/2881
f 2897/3057/2897 2898/3058/2898 2881/3041/2881
f 2881/3041/2881 2898/3058/2898 2882/3042/2882
f 2898/3058/2898 2899/3059/2899 2882/3042/2882
f 2882/3042/2882 2899/3059/2899 2883/3043/2883
f 2899/3059/2899 2900/3060/2900 2883/3043/2883
f 2883/3043/2883 2900/3060/2900 2884/3044/2884
f 2900/3060/2900 2901/3061/2901 2884/3044/2884
f 2884/3044/2884 2901/3061/2901 2885/3045/2885
f 2901/3061/2901 2902/3062/2902 2885/3045/2885
f 2885/3045/2885 2902/3062/2902 2886/3046/2886
f 2902/3062/2902 2903/3063/2903 2886/3046/2886
f 2886/3046/2886 2903/3063/2903 2887/3047/2887
f 2903/3063/2903 2904/3064/2904 2887/3047/2887
f 2887/3047/2887 2904/3064/2904 2888/3048/2888
f 2904/3064/2904 2905/3065/2905 2888/3048/2888
f 2888/3048/2888 2905/3065/2905 2889/3049/2889
f 2905/3065/2905 2906/3066/2906 2889/3049/2889
f 2889/3049/2889 2906/3066/2906 2890/3050/2890
f 2906/3066/2906 2907/3067/2907 2890/3050/2890
f 2890/3050/2890 2907/3067/2907 2891/3051/2891
f 2907/3067/2907 2908/3068/2908 2891/3051/2891
f 2891/3051/2891 2908/3068/2908 2892/3052/2892
f 2908/3068/2908 2909/3069/2909 2892/3052/2892
f 2892/3052/2892 2909/3069/2909 2893/3053/2893
f 2909/3069/2909 2910/3070/2910 2893/3053/2893
f 2893/3053/2893 2910/3070/2910 2894/3054/2894
f 2910/3070/2910 2911/3071/2911 2894/3054/2894
f 2894/3054/2894 2911/3071/2911 2895/3055/2895
f 2911/3071/2911 2912/3072/2912 2895/3055/2895
f 2895/3055/2895 2912/3072/2912 2896/3056/2896
f 2912/3072/2912 2913/3073/2913 2896/3056/2896
f 2896/3056/2896 2913/3073/2913 563/564/563
f 2913/3073/2913 564/565/564 563/564/563
f 2897/3057/2897 2914/3074/2914 2898/3058/2898
f 2914/3074/2914 2915/3075/2915 2898/3058/2898
f 2898/3058/2898 2915/3075/2915 2899/3059/2899
f 2915/3075/2915 2916/3076/2916 2899/3059/2899
f 2899/3059/2899 2916/3076/2916 2900/3060/2900
f 2916/3076/2916 2917/3077/2917 2900/3060/2900
f 2900/3060/2900 2917/3077/2917 2901/3061/2901
f 2917/3077/2917 2918/3078/2918 2901/3061/2901
f 2901/3061/2901 2918/3078/2918 2902/3062/2902
f 2918/3078/2918 2919/3079/2919 2902/3062/2902
f 2902/3062/2902 2919/3079/2919 2903/3063/2903
f 2919/3079/2919 2920/3080/2920 2903/3063/2903
f 2903/3063/2903 2920/3080/2920 2904/3064/2904
f 2920/3080/2920 2921/3081/2921 2904/3064/2904
f 2904/3064/2904 2921/3081/2921 2905/3065/2905
f 2921/3081/2921 2922/3082/2922 2905/3065/2905
f 2905/3065/2905 2922/3082/2922 2906/3066/2906
f 2922/3082/2922 2923/3083/2923 2906/3066/2906
f 2906/3066/2906 2923/3083/2923 2907/3067/2907
f 2923/3083/2923 2924/3084/2924 2907/3067/2907
f 2907/3067/2907 2924/3084/2924 2908/3068/2908
f 2924/3084/2924 2925/3085/2925 2908/3068/2908
f 2908/3068/2908 2925/3085/2925 2909/3069/2909
f 2925/3085/2925 2926/3086/2926 2909/3069/2909
f 2909/3069/2909 2926/3086/2926 2910/3070/2910
f 2926/3086/2926 2927/3087/2927 2910/3070/2910
f 2910/3070/2910 2927/3087/2927 2911/3071/2911
f 2927/3087/2927 2928/3088/2928 2911/3071/2911
f 2911/3071/2911 2928/3088/2928 2912/3072/2912
f 2928/3088/2928 2929/3089/2929 2912/3072/2912
f 2912/3072/2912 2929/3089/2929 2913/3073/2913
f 2929/3089/2929 2930/3090/2930 2913/3073/2913
f 2913/3073/2913 2930/3090/2930 564/565/564
f 2930/3090/2930 565/566/565 564/565/564
f 2914/3074/2914 2931/3091/2931 2915/3075/2915
f 2931/3091/2931 2932/3092/2932 2915/3075/2915
f 2915/3075/2915 2932/3092/2932 2916/3076/2916
f 2932/3092/2932 2933/3093/2933 2916/3076/2916
f 2916/3076/2916 2933/3093/2933 2917/3077/2917
f 2933/3093/2933 2934/3094/2934 2917/3077/2917
f 2917/3077/2917 2934/3094/2934 2918/3078/2918
f 2934/3094/2934 2935/3095/2935 2918/3078/2918
f 2918/3078/2918 2935/3095/2935 2919/3079/2919
f 2935/3095/2935 2936/3096/2936 2919/3079/2919
f 2919/3079/2919 2936/3096/2936 2920/3080/2920
f 2936/3096/2936 2937/3097/2937 2920/3080/2920
f 2920/3080/2920 2937/3097/2937 2921/3081/2921
f 2937/3097/2937 2938/3098/2938 2921/3081/2921
f 2921/3081/2921 2938/3098/2938 2922/3082/2922
f 2938/3098/2938 2939/3099/2939 2922/3082/2922
f 2922/3082/2922 2939/3099/2939 2923/3083/2923
f 2939/3099/2939 2940/3100/2940 2923/3083/2923
f 2923/3083/2923 2940/3100/2940 2924/3084/2924
f 2940/3100/2940 2941/3101/2941 2924/3084/2924
f 2924/3084/2924 2941/3101/2941 2925/3085/2925
f 2941/3101/2941 2942/3102/2942 2925/3085/2925
f 2925/3085/2925 2942/3102/2942 2926/3086/2926
f 2942/3102/2942 2943/3103/2943 2926/3086/2926
f 2926/3086/2926 2943/3103/2943 2927/3087/2927
f 2943/3103/2943 2944/3104/2944 2927/3087/2927
f 2927/3087/2927 2944/3104/2944 2928/3088/2928
f 2944/3104/2944 2945/3105/2945 2928/3088/2928
f 2928/3088/2928 2945/3105/2945 2929/3089/2929
f 2945/3105/2945 2946/3106/2946 2929/3089/2929
f 2929/3089/2929 2946/3106/2946 2930/3090/2930
f 2946/3106/2946 2947/3107/2947 2930/3090/2930
f 2930/3090/2930 2947/3107/2947 565/566/565
f 2947/3107/2947 566/567/566 565/566/565
f 2931/3091/2931 2948/3108/2948 2932/3092/2932
f 2948/3108/2948 2949/3109/2949 2932/3092/2932
f 2932/3092/2932 2949/3109/2949 2933/3093/2933
f 2949/3109/2949 2950/3110/2950 2933/3093/2933
f 2933/3093/2933 2950/3110/2950 2934/3094/2934
f 2950/3110/2950 2951/3111/2951 2934/3094/2934
f 2934/3094/2934 2951/3111/2951 2935/3095/2935
f 2951/3111/2951 2952/3112/2952 2935/3095/2935
f 2935/3095/2935 2952/3112/2952 2936/3096/2936
f 2952/3112/2952 2953/3113/2953 2936/3096/2936
f 2936/3096/2936 2953/3113/2953 2937/3097/2937
f 2953/3113/2953 2954/3114/2954 2937/3097/2937
f 2937/3097/2937 2954/3114/2954 2938/3098/2938
f 2954/3114/2954 2955/3115/2955 2938/3098/2938
f 2938/3098/2938 2955/3115/2955 2939/3099/2939
f 2955/3115/2955 2956/3116/2956 2939/3099/2939
f 2939/3099/2939 2956/3116/2956 2940/3100/2940
f 2956/3116/2956 2957/3117/2957 2940/3100/2940
f 2940/3100/2940 2957/3117/2957 2941/3101/2941
f 2957/3117/2957 2958/3118/2958 2941/3101/2941
f 2941/3101/2941 2958/3118/2958 2942/3102/2942
f 2958/3118/2958 2959/3119/2959 2942/3102/2942
f 2942/3102/2942 2959/3119/2959 2943/3103/2943
f 2959/3119/2959 2960/3120/2960 2943/3103/2943
f 2943/3103/2943 2960/3120/2960 2944/3104/2944
f 2960/3120/2960 2961/3121/2961 2944/3104/2944
f 2944/3104/2944 2961/3121/2961 2945/3105/2945
f 2961/3121/2961 2962/3122/2962 2945/3105/2945
f 2945/3105/2945 2962/3122/2962 2946/3106/2946
f 2962/3122/2962 2963/3123/2963 2946/3106/2946
f 2946/3106/2946 2963/3123/2963 2947/3107/2947
f 2963/3123/2963 2964/3124/2964 2947/3107/2947
f 2947/3107/2947 2964/3124/2964 566/567/566
f 2964/3124/2964 567/568/567 566/567/566
f 2948/3108/2948 2965/3125/2965 2949/3109/2949
f 2965/3125/2965 2966/3126/2966 2949/3109/2949
f 2949/3109/2949 2966/3126/2966 2950/3110/2950
f 2966/3126/2966 2967/3127/2967 2950/3110/2950
f 2950/3110/2950 2967/3127/2967 2951/3111/2951
f 2967/3127/2967 2968/3128/2968 2951/3111/2951
f 2951/3111/2951 2968/3128/2968 2952/3112/2952
f 2968/3128/2968 2969/3129/2969 2952/3112/2952
f 2952/3112/2952 2969/3129/2969 2953/3113/2953
f 2969/3129/2969 2970/3130/2970 2953/3113/2953
f 2953/3113/2953 2970/3130/2970 2954/3114/2954
f 2970/3130/2970 2971/3131/2971 2954/3114/2954
f 2954/3114/2954 2971/3131/2971 2955/3115/2955
f 2971/3131/2971 2972/3132/2972 2955/3115/2955
f 2955/3115/2955 2972/3132/2972 2956/3116/2956
f 2972/3132/2972 2973/3133/2973 2956/3116/2956
f 2956/3116/2956 2973/3133/2973 2957/3117/2957
f 2973/3133/2973 2974/3134/2974 2957/3117/2957
f 2957/3117/2957 2974/3134/2974 2958/3118/2958
f 2974/3134/2974 2975/3135/2975 2958/3118/2958
f 2958/3118/2958 2975/3135/2975 2959/3119/2959
f 2975/3135/2975 2976/3136/2976 2959/3119/2959
f 2959/3119/2959 2976/3136/2976 2960/3120/2960
f 2976/3136/2976 2977/3137/2977 2960/3120/2960
f 2960/3120/2960 2977/3137/2977 2961/3121/2961
f 2977/3137/2977 2978/3138/2978 2961/3121/2961
f 2961/3121/2961 2978/3138/2978 2962/3122/2962
f 2978/3138/2978 2979/3139/2979 2962/3122/2962
f 2962/3122/2962 2979/3139/2979 2963/3123/2963
f 2979/3139/2979 2980/3140/2980 2963/3123/2963
f 2963/3123/2963 2980/3140/2980 2964/3124/2964
f 2980/3140/2980 2981/3141/2981 2964/3124/2964
f 2964/3124/2964 2981/3141/2981 567/568/567
f 2981/3141/2981 568/569/568 567/568/567
f 2965/3125/2965 2982/3142/2982 2966/3126/2966
f 2982/3142/2982 2983/3143/2983 2966/3126/2966
f 2966/3126/2966 2983/3143/2983 2967/3127/2967
f 2983/3143/2983 2984/3144/2984 2967/3127/2967
f 2967/3127/2967 2984/3144/2984 2968/3128/2968
f 2984/3144/2984 2985/3145/2985 2968/3128/2968
f 2968/3128/2968 2985/3145/2985 2969/3129/2969
f 2985/3145/2985 2986/3146/2986 2969/3129/2969
f 2969/3129/2969 2986/3146/2986 2970/3130/2970
f 2986/3146/2986 2987/3147/2987 2970/3130/2970
f 2970/3130/2970 2987/3147/2987 2971/3131/2971
f 2987/3147/2987 2988/3148/2988 2971/3131/2971
f 2971/3131/2971 2988/3148/2988 2972/3132/2972
f 2988/3148/2988 2989/3149/2989 2972/3132/2972
f 2972/3132/2972 2989/3149/2989 2973/3133/2973
f 2989/3149/2989 2990/3150/2990 2973/3133/2973
f 2973/3133/2973 2990/3150/2990 2974/3134/2974
f 2990/3150/2990 2991/3151/2991 2974/3134/2974
f 2974/3134/2974 2991/3151/2991 2975/3135/2975
f 2991/3151/2991 2992/3152/2992 2975/3135/2975
f 2975/3135/2975 2992/3152/2992 2976/3136/2976
f 2992/3152/2992 2993/3153/2993 2976/3136/2976
f 2976/3136/2976 2993/3153/2993 2977/3137/2977
f 2993/3153/2993 2994/3154/2994 2977/3137/2977
f 2977/3137/2977 2994/3154/2994 2978/3138/2978
f 2994/3154/2994 2995/3155/2995 2978/3138/2978
f 2978/3138/2978 2995/3155/2995 2979/3139/2979
f 2995/3155/2995 2996/3156/2996 2979/3139/2979
f 2979/3139/2979 2996/3156/2996 2980/3140/2980
f 2996/3156/2996 2997/3157/2997 2980/3140/2980
f 2980/3140/2980 2997/3157/2997 2981/3141/2981
f 2997/3157/2997 2998/3158/2998 2981/3141/2981
f 2981/3141/2981 2998/3158/2998 568/569/568
f 2998/3158/2998 569/570/569 568/569/568
f 2982/3142/2982 2999/3159/2999 2983/3143/2983
f 2999/3159/2999 3000/3160/3000 2983/3143/2983
f 2983/3143/2983 3000/3160/3000 2984/3144/2984
f 3000/3160/3000 3001/3161/3001 2984/3144/2984
f 2984/3144/2984 3001/3161/3001 2985/3145/2985
f 3001/3161/3001 3002/3162/3002 2985/3145/2985
f 2985/3145/2985 3002/3162/3002 2986/3146/2986
f 3002/3162/3002 3003/3163/3003 2986/3146/2986
f 2986/3146/2986 3003/3163/3003 2987/3147/2987
f 3003/3163/3003 3004/3164/3004 2987/3147/2987
f 2987/3147/2987 3004/3164/3004 2988/3148/2988
f 3004/3164/3004 3005/3165/3005 2988/3148/2988
f 2988/3148/2988 3005/3165/3005 2989/3149/2989
f 3005/3165/3005 3006/3166/3006 2989/3149/2989
f 2989/3149/2989 3006/3166/3006 2990/3150/2990
f 3006/3166/3006 3007/3167/3007 2990/3150/2990
f 2990/3150/2990 3007/3167/3007 2991/3151/2991
f 3007/3167/3007 3008/3168/3008 2991/3151/2991
f 2991/3151/2991 3008/3168/3008 2992/3152/2992
f 3008/3168/3008 3009/3169/3009 2992/3152/2992
f 2992/3152/2992 3009/3169/3009 2993/3153/2993
f 3009/3169/3009 3010/3170/3010 2993/3153/2993
f 2993/3153/2993 3010/3170/3010 2994/3154/2994
f 3010/3170/3010 3011/3171/3011 2994/3154/2994
f 2994/3154/2994 3011/3171/3011 2995/3155/2995
f 3011/3171/3011 3012/3172/3012 2995/3155/2995
f 2995/3155/2995 3012/3172/3012 2996/3156/2996
f 3012/3172/3012 3013/3173/3013 2996/3156/2996
f 2996/3156/2996 3013/3173/3013 2997/3157/2997
f 3013/3173/3013 3014/3174/3014 2997/3157/2997
f 2997/3157/2997 3014/3174/3014 2998/3158/2998
f 3014/3174/3014 3015/3175/3015 2998/3158/2998
f 2998/3158/2998 3015/3175/3015 569/570/569
f 3015/3175/3015 570/571/570 569/570/569
f 2999/3159/2999 3016/3176/3016 3000/3160/3000
f 3016/3176/3016 3017/3177/3017 3000/3160/3000
f 3000/3160/3000 3017/3177/3017 3001/3161/3001
f 3017/3177/3017 3018/3178/3018 3001/3161/3001
f 3001/3161/3001 3018/3178/3018 3002/3162/3002
f 3018/3178/3018 3019/3179/3019 3002/3162/3002
f 3002/3162/3002 3019/3179/3019 3003/3163/3003
f 3019/3179/3019 3020/3180/3020 3003/3163/3003
f 3003/3163/3003 3020/3180/3020 3004/3164/3004
f 3020/3180/3020 3021/3181/3021 3004/3164/3004
f 3004/3164/3004 3021/3181/3021 3005/3165/3005
f 3021/3181/3021 3022/3182/3022 3005/3165/3005
f 3005/3165/3005 3022/3182/3022 3006/3166/3006
f 3022/3182/3022 3023/3183/3023 3006/3166/3006
f 3006/3166/3006 3023/3183/3023 3007/3167/3007
f 3023/3183/3023 3024/3184/3024 3007/3167/3007
f 3007/3167/3007 3024/3184/3024 3008/3168/3008
f 3024/3184/3024 3025/3185/3025 3008/3168/3008
f 3008/3168/3008 3025/3185/3025 3009/3169/3009
f 3025/3185/3025 3026/3186/3026 3009/3169/3009
f 3009/3169/3009 3026/3186/3026 3010/3170/3010
f 3026/3186/3026 3027/3187/3027 3010/3170/3010
f 3010/3170/3010 3027/3187/3027 3011/3171/3011
f 3027/3187/3027 3028/3188/3028 3011/3171/3011
f 3011/3171/3011 3028/3188/3028 3012/3172/3012
f 3028/3188/3028 3029/3189/3029 3012/3172/3012
f 3012/3172/3012 3029/3189/3029 3013/3173/3013
f 3029/3189/3029 3030/3190/3030 3013/3173/3013
f 3013/3173/3013 3030/3190/3030 3014/3174/3014
f 3030/3190/3030 3031/3191/3031 3014/3174/3014
f 3014/3174/3014 3031/3191/3031 3015/3175/3015
f 3031/3191/3031 3032/3192/3032 3015/3175/3015
f 3015/3175/3015 3032/3192/3032 570/571/570
f 3032/3192/3032 571/572/571 570/571/570
f 3016/3176/3016 3033/3193/3033 3017/3177/3017
f 3033/3193/3033 3034/3194/3034 3017/3177/3017
f 3017/3177/3017 3034/3194/3034 3018/3178/3018
f 3034/3194/3034 3035/3195/3035 3018/3178/3018
f 3018/3178/3018 3035/3195/3035 3019/3179/3019
f 3035/3195/3035 3036/3196/3036 3019/3179/3019
f 3019/3179/3019 3036/3196/3036 3020/3180/3020
f 3036/3196/3036 3037/3197/3037 3020/3180/3020
f 3020/3180/3020 3037/3197/3037 3021/3181/3021
f 3037/3197/3037 3038/3198/3038 3021/3181/3021
f 3021/3181/3021 3038/3198/3038 3022/3182/3022
f 3038/3198/3038 3039/3199/3039 3022/3182/3022
f 3022/3182/3022 3039/3199/3039 3023/3183/3023
f 3039/3199/3039 3040/3200/3040 3023/3183/3023
f 3023/3183/3023 3040/3200/3040 3024/3184/3024
f 3040/3200/3040 3041/3201/3041 3024/3184/3024
f 3024/3184/3024 3041/3201/3041 3025/3185/3025
f 3041/3201/3041 3042/3202/3042 3025/3185/3025
f 3025/3185/3025 3042/3202/3042 3026/3186/3026
f 3042/3202/3042 3043/3203/3043 3026/3186/3026
f 3026/3186/3026 3043/3203/3043 3027/3187/3027
f 3043/3203/3043 3044/3204/3044 3027/3187/3027
f 3027/3187/3027 3044/3204/3044 3028/3188/3028
f 3044/3204/3044 3045/3205/3045 3028/3188/3028
f 3028/3188/3028 3045/3205/3045 3029/3189/3029
f 3045/3205/3045 3046/3206/3046 3029/3189/3029
f 3029/3189/3029 3046/3206/3046 3030/3190/3030
f 3046/3206/3046 3047/3207/3047 3030/3190/3030
f 3030/3190/3030 3047/3207/3047 3031/3191/3031
f 3047/3207/3047 3048/3208/3048 3031/3191/3031
f 3031/3191/3031 3048/3208/3048 3032/3192/3032
f 3048/3208/3048 3049/3209/3049 3032/3192/3032
f 3032/3192/3032 3049/3209/3049 571/572/571
f 3049/3209/3049 10/10/10 571/572/571
f 3050/3210/3050 11/11/11 10/10/10
f 3051/3211/3051 3052/3212/3052 3050/3210/3050
f 3053/3213/3053 3054/3214/3054 3051/3211/3051
f 3055/3215/3055 3056/3216/3056 3053/3213/3053
f 3057/3217/3057 3058/3218/3058 3055/3215/3055
f 3059/3219/3059 3060/3220/3060 3057/3217/3057
f 3061/3221/3061 3062/3222/3062 3059/3219/3059
f 3063/3223/3063 3064/3224/3064 3061/3221/3061
f 3065/3225/3065 3066/3226/3066 3063/3223/3063
f 3067/3227/3067 3068/3228/3068 3065/3225/3065
f 3069/3229/3069 3070/3230/3070 3067/3227/3067
f 3071/3231/3071 3072/3232/3072 3069/3229/3069
f 3073/3233/3073 3074/3234/3074 3071/3231/3071
f 3075/3235/3075 3076/3236/3076 3073/3233/3073
f 3077/3237/3077 3078/3238/3078 3075/3235/3075
f 3079/3239/3079 3080/3240/3080 3077/3237/3077
f 3081/3241/3081 3082/3242/3082 3079/3239/3079
f 3050/3210/3050 3052/3212/3052 11/11/11
f 3052/3212/3052 1067/1100/1067 11/11/11
f 3051/3211/3051 3054/3214/3054 3052/3212/3052
f 3054/3214/3054 3084/3243/3083 3052/3212/3052
f 3052/3212/3052 3084/3243/3083 1067/1100/1067
f 3084/3243/3083 1068/1101/1068 1067/1100/1067
f 3053/3213/3053 3056/3216/3056 3054/3214/3054
f 3056/3216/3056 3085/3244/3084 3054/3214/3054
f 3054/3214/3054 3085/3244/3084 3084/3243/3083
f 3085/3244/3084 3086/3245/3085 3084/3243/3083
f 3084/3243/3083 3086/3245/3085 1068/1101/1068
f 3086/3245/3085 1069/1102/1069 1068/1101/1068
f 3055/3215/3055 3058/3218/3058 3056/3216/3056
f 3058/3218/3058 3087/3246/3086 3056/3216/3056
f 3056/3216/3056 3087/3246/3086 3085/3244/3084
f 3087/3246/3086 3088/3247/3087 3085/3244/3084
f 3085/3244/3084 3088/3247/3087 3086/3245/3085
f 3088/3247/3087 3089/3248/3088 3086/3245/3085
f 3086/3245/3085 3089/3248/3088 1069/1102/1069
f 3089/3248/3088 1070/1103/1070 1069/1102/1069
f 3057/3217/3057 3060/3220/3060 3058/3218/3058
f 3060/3220/3060 3090/3249/3089 3058/3218/3058
f 3058/3218/3058 3090/3249/3089 3087/3246/3086
f 3090/3249/3089 3091/3250/3090 3087/3246/3086
f 3087/3246/3086 3091/3250/3090 3088/3247/3087
f 3091/3250/3090 3092/3251/3091 3088/3247/3087
f 3088/3247/3087 3092/3251/3091 3089/3248/3088
f 3092/3251/3091 3093/3252/3092 3089/3248/3088
f 3089/3248/3088 3093/3252/3092 1070/1103/1070
f 3093/3252/3092 1071/1104/1071 1070/1103/1070
f 3059/3219/3059 3062/3222/3062 3060/3220/3060
f 3062/3222/3062 3094/3253/3093 3060/3220/3060
f 3060/3220/3060 3094/3253/3093 3090/3249/3089
f 3094/3253/3093 3095/3254/3094 3090/3249/3089
f 3090/3249/3089 3095/3254/3094 3091/3250/3090
f 3095/3254/3094 3096/3255/3095 3091/3250/3090
f 3091/3250/3090 3096/3255/3095 3092/3251/3091
f 3096/3255/3095 3097/3256/3096 3092/3251/3091
f 3092/3251/3091 3097/3256/3096 3093/3252/3092
f 3097/3256/3096 3098/3257/3097 3093/3252/3092
f 3093/3252/3092 3098/3257/3097 1071/1104/1071
f 3098/3257/3097 1072/1105/1072 1071/1104/1071
f 3061/3221/3061 3064/3224/3064 3062/3222/3062
f 3064/3224/3064 3099/3258/3098 3062/3222/3062
f 3062/3222/3062 3099/3258/3098 3094/3253/3093
f 3099/3258/3098 3100/3259/3099 3094/3253/3093
f 3094/3253/3093 3100/3259/3099 3095/3254/3094
f 3100/3259/3099 3101/3260/3100 3095/3254/3094
f 3095/3254/3094 3101/3260/3100 3096/3255/3095
f 3101/3260/3100 3102/3261/3101 3096/3255/3095
f 3096/3255/3095 3102/3261/3101 3097/3256/3096
f 3102/3261/3101 3103/3262/3102 3097/3256/3096
f 3097/3256/3096 3103/3262/3102 3098/3257/3097
f 3103/3262/3102 3104/3263/3103 3098/3257/3097
f 3098/3257/3097 3104/3263/3103 1072/1105/1072
f 3104/3263/3103 1073/1106/1073 1072/1105/1072
f 3063/3223/3063 3066/3226/3066 3064/3224/3064
f 3066/3226/3066 3105/3264/3104 3064/3224/3064
f 3064/3224/3064 3105/3264/3104 3099/3258/3098
f 3105/3264/3104 3106/3265/3105 3099/3258/3098
f 3099/3258/3098 3106/3265/3105 3100/3259/3099
f 3106/3265/3105 3107/3266/3106 3100/3259/3099
f 3100/3259/3099 3107/3266/3106 3101/3260/3100
f 3107/3266/3106 3108/3267/3107 3101/3260/3100
f 3101/3260/3100 3108/3267/3107 3102/3261/3101
f 3108/3267/3107 3109/3268/3108 3102/3261/3101
f 3102/3261/3101 3109/3268/3108 3103/3262/3102
f 3109/3268/3108 3110/3269/3109 3103/3262/3102
f 3103/3262/3102 3110/3269/3109 3104/3263/3103
f 3110/3269/3109 3111/3270/3110 3104/3263/3103
f 3104/3263/3103 3111/3270/3110 1073/1106/1073
f 3111/3270/3110 1074/1107/1074 1073/1106/1073
f 3065/3225/3065 3068/3228/3068 3066/3226/3066
f 3068/3228/3068 3112/3271/3111 3066/3226/3066
f 3066/3226/3066 3112/3271/3111 3105/3264/3104
f 3112/3271/3111 3113/3272/3112 3105/3264/3104
f 3105/3264/3104 3113/3272/3112 3106/3265/3105
f 3113/3272/3112 3114/3273/3113 3106/3265/3105
f 3106/3265/3105 3114/3273/3113 3107/3266/3106
f 3114/3273/3113 3115/3274/3114 3107/3266/3106
f 3107/3266/3106 3115/3274/3114 3108/3267/3107
f 3115/3274/3114 3116/3275/3115 3108/3267/3107
f 3108/3267/3107 3116/3275/3115 3109/3268/3108
f 3116/3275/3115 3117/3276/3116 3109/3268/3108
f 3109/3268/3108 3117/3276/3116 3110/3269/3109
f 3117/3276/3116 3118/3277/3117 3110/3269/3109
f 3110/3269/3109 3118/3277/3117 3111/3270/3110
f 3118/3277/3117 3119/3278/3118 3111/3270/3110
f 3111/3270/3110 3119/3278/3118 1074/1107/1074
f 3119/3278/3118 1075/1108/1075 1074/1107/1074
f 3067/3227/3067 3070/3230/3070 3068/3228/3068
f 3070/3230/3070 3120/3279/3119 3068/3228/3068
f 3068/3228/3068 3120/3279/3119 3112/3271/3111
f 3120/3279/3119 3121/3280/3120 3112/3271/3111
f 3112/3271/3111 3121/3280/3120 3113/3272/3112
f 3121/3280/3120 3122/3281/3121 3113/3272/3112
f 3113/3272/3112 3122/3281/3121 3114/3273/3113
f 3122/3281/3121 3123/3282/3122 3114/3273/3113
f 3114/3273/3113 3123/3282/3122 3115/3274/3114
f 3123/3282/3122 3124/3283/3123 3115/3274/3114
f 3115/3274/3114 3124/3283/3123 3116/3275/3115
f 3124/3283/3123 3125/3284/3124 3116/3275/3115
f 3116/3275/3115 3125/3284/3124 3117/3276/3116
f 3125/3284/3124 3126/3285/3125 3117/3276/3116
f 3117/3276/3116 3126/3285/3125 3118/3277/3117
f 3126/3285/3125 3127/3286/3126 3118/3277/3117
f 3118/3277/3117 3127/3286/3126 3119/3278/3118
f 3127/3286/3126 3128/3287/3127 3119/3278/3118
f 3119/3278/3118 3128/3287/3127 1075/1108/1075
f 3128/3287/3127 1076/1109/1076 1075/1108/1075
f 3069/3229/3069 3072/3232/3072 3070/3230/3070
f 3072/3232/3072 3129/3288/3128 3070/3230/3070
f 3070/3230/3070 3129/3288/3128 3120/3279/3119
f 3129/3288/3128 3130/3289/3129 3120/3279/3119
f 3120/3279/3119 3130/3289/3129 3121/3280/3120
f 3130/3289/3129 3131/3290/3130 3121/3280/3120
f 3121/3280/3120 3131/3290/3130 3122/3281/3121
f 3131/3290/3130 3132/3291/3131 3122/3281/3121
f 3122/3281/3121 3132/3291/3131 3123/3282/3122
f 3132/3291/3131 3133/3292/3132 3123/3282/3122
f 3123/3282/3122 3133/3292/3132 3124/3283/3123
f 3133/3292/3132 3134/3293/3133 3124/3283/3123
f 3124/3283/3123 3134/3293/3133 3125/3284/3124
f 3134/3293/3133 3135/3294/3134 3125/3284/3124
f 3125/3284/3124 3135/3294/3134 3126/3285/3125
f 3135/3294/3134 3136/3295/3135 3126/3285/3125
f 3126/3285/3125 3136/3295/3135 3127/3286/3126
f 3136/3295/3135 3137/3296/3136 3127/3286/3126
f 3127/3286/3126 3137/3296/3136 3128/3287/3127
f 3137/3296/3136 3138/3297/3137 3128/3287/3127
f 3128/3287/3127 3138/3297/3137 1076/1109/1076
f 3138/3297/3137 1077/1110/1077 1076/1109/1076
f 3071/3231/3071 3074/3234/3074 3072/3232/3072
f 3074/3234/3074 3139/3298/3138 3072/3232/3072
f 3072/3232/3072 3139/3298/3138 3129/3288/3128
f 3139/3298/3138 3140/3299/3139 3129/3288/3128
f 3129/3288/3128 3140/3299/3139 3130/3289/3129
f 3140/3299/3139 3141/3300/3140 3130/3289/3129
f 3130/3289/3129 3141/3300/3140 3131/3290/3130
f 3141/3300/3140 3142/3301/3141 3131/3290/3130
f 3131/3290/3130 3142/3301/3141 3132/3291/3131
f 3142/3301/3141 3143/3302/3142 3132/3291/3131
f 3132/3291/3131 3143/3302/3142 3133/3292/3132
f 3143/3302/3142 3144/3303/3143 3133/3292/3132
f 3133/3292/3132 3144/3303/3143 3134/3293/3133
f 3144/3303/3143 3145/3304/3144 3134/3293/3133
f 3134/3293/3133 3145/3304/3144 3135/3294/3134
f 3145/3304/3144 3146/3305/3145 3135/3294/3134
f 3135/3294/3134 3146/3305/3145 3136/3295/3135
f 3146/3305/3145 3147/3306/3146 3136/3295/3135
f 3136/3295/3135 3147/3306/3146 3137/3296/3136
f 3147/3306/3146 3148/3307/3147 3137/3296/3136
f 3137/3296/3136 3148/3307/3147 3138/3297/3137
f 3148/3307/3147 3149/3308/3148 3138/3297/3137
f 3138/3297/3137 3149/3308/3148 1077/1110/1077
f 3149/3308/3148 1078/1111/1078 1077/1110/1077
f 3073/3233/3073 3076/3236/3076 3074/3234/3074
f 3076/3236/3076 3150/3309/3149 3074/3234/3074
f 3074/3234/3074 3150/3309/3149 3139/3298/3138
f 3150/3309/3149 3151/3310/3150 3139/3298/3138
f 3139/3298/3138 3151/3310/3150 3140/3299/3139
f 3151/3310/3150 3152/3311/3151 3140/3299/3139
f 3140/3299/3139 3152/3311/3151 3141/3300/3140
f 3152/3311/3151 3153/3312/3152 3141/3300/3140
f 3141/3300/3140 3153/3312/3152 3142/3301/3141
f 3153/3312/3152 3154/3313/3153 3142/3301/3141
f 3142/3301/3141 3154/3313/3153 3143/3302/3142
f 3154/3313/3153 3155/3314/3154 3143/3302/3142
f 3143/3302/3142 3155/3314/3154 3144/3303/3143
f 3155/3314/3154 3156/3315/3155 3144/3303/3143
f 3144/3303/3143 3156/3315/3155 3145/3304/3144
f 3156/3315/3155 3157/3316/3156 3145/3304/3144
f 3145/3304/3144 3157/3316/3156 3146/3305/3145
f 3157/3316/3156 3158/3317/3157 3146/3305/3145
f 3146/3305/3145 3158/3317/3157 3147/3306/3146
f 3158/3317/3157 3159/3318/3158 3147/3306/3146
f 3147/3306/3146 3159/3318/3158 3148/3307/3147
f 3159/3318/3158 3160/3319/3159 3148/3307/3147
f 3148/3307/3147 3160/3319/3159 3149/3308/3148
f 3160/3319/3159 3161/3320/3160 3149/3308/3148
f 3149/3308/3148 3161/3320/3160 1078/1111/1078
f 3161/3320/3160 1079/1112/1079 1078/1111/1078
f 3075/3235/3075 3078/3238/3078 3076/3236/3076
f 3078/3238/3078 3162/3321/3161 3076/3236/3076
f 3076/3236/3076 3162/3321/3161 3150/3309/3149
f 3162/3321/3161 3163/3322/3162 3150/3309/3149
f 3150/3309/3149 3163/3322/3162 3151/3310/3150
f 3163/3322/3162 3164/3323/3163 3151/3310/3150
f 3151/3310/3150 3164/3323/3163 3152/3311/3151
f 3164/3323/3163 3165/3324/3164 3152/3311/3151
f 3152/3311/3151 3165/3324/3164 3153/3312/3152
f 3165/3324/3164 3166/3325/3165 3153/3312/3152
f 3153/3312/3152 3166/3325/3165 3154/3313/3153
f 3166/3325/3165 3167/3326/3166 3154/3313/3153
f 3154/3313/3153 3167/3326/3166 3155/3314/3154
f 3167/3326/3166 3168/3327/3167 3155/3314/3154
f 3155/3314/3154 3168/3327/3167 3156/3315/3155
f 3168/3327/3167 3169/3328/3168 3156/3315/3155
f 3156/3315/3155 3169/3328/3168 3157/3316/3156
f 3169/3328/3168 3170/3329/3169 3157/3316/3156
f 3157/3316/3156 3170/3329/3169 3158/3317/3157
f 3170/3329/3169 3171/3330/3170 3158/3317/3157
f 3158/3317/3157 3171/3330/3170 3159/3318/3158
f 3171/3330/3170 3172/3331/3171 3159/3318/3158
f 3159/3318/3158 3172/3331/3171 3160/3319/3159
f 3172/3331/3171 3173/3332/3172 3160/3319/3159
f 3160/3319/3159 3173/3332/3172 3161/3320/3160
f 3173/3332/3172 3174/3333/3173 3161/3320/3160
f 3161/3320/3160 3174/3333/3173 1079/1112/1079
f 3174/3333/3173 1080/1113/1080 1079/1112/1079
f 3077/3237/3077 3080/3240/3080 3078/3238/3078
f 3080/3240/3080 3175/3334/3174 3078/3238/3078
f 3078/3238/3078 3175/3334/3174 3162/3321/3161
f 3175/3334/3174 3176/3335/3175 3162/3321/3161
f 3162/3321/3161 3176/3335/3175 3163/3322/3162
f 3176/3335/3175 3177/3336/3176 3163/3322/3162
f 3163/3322/3162 3177/3336/3176 3164/3323/3163
f 3177/3336/3176 3178/3337/3177 3164/3323/3163
f 3164/3323/3163 3178/3337/3177 3165/3324/3164
f 3178/3337/3177 3179/3338/3178 3165/3324/3164
f 3165/3324/3164 3179/3338/3178 3166/3325/3165
f 3179/3338/3178 3180/3339/3179 3166/3325/3165
f 3166/3325/3165 3180/3339/3179 3167/3326/3166
f 3180/3339/3179 3181/3340/3180 3167/3326/3166
f 3167/3326/3166 3181/3340/3180 3168/3327/3167
f 3181/3340/3180 3182/3341/3181 3168/3327/3167
f 3168/3327/3167 3182/3341/3181 3169/3328/3168
f 3182/3341/3181 3183/3342/3182 3169/3328/3168
f 3169/3328/3168 3183/3342/3182 3170/3329/3169
f 3183/3342/3182 3184/3343/3183 3170/3329/3169
f 3170/3329/3169 3184/3343/3183 3171/3330/3170
f 3184/3343/3183 3185/3344/3184 3171/3330/3170
f 3171/3330/3170 3185/3344/3184 3172/3331/3171
f 3185/3344/3184 3186/3345/3185 3172/3331/3171
f 3172/3331/3171 3186/3345/3185 3173/3332/3172
f 3186/3345/3185 3187/3346/3186 3173/3332/3172
f 3173/3332/3172 3187/3346/3186 3174/3333/3173
f 3187/3346/3186 3188/3347/3187 3174/3333/3173
f 3174/3333/3173 3188/3347/3187 1080/1113/1080
f 3188/3347/3187 1081/1114/1081 1080/1113/1080
f 3079/3239/3079 3082/3242/3082 3080/3240/3080
f 3082/3242/3082 3189/3348/3188 3080/3240/3080
f 3080/3240/3080 3189/3348/3188 3175/3334/3174
f 3189/3348/3188 3190/3349/3189 3175/3334/3174
f 3175/3334/3174 3190/3349/3189 3176/3335/3175
f 3190/3349/3189 3191/3350/3190 3176/3335/3175
f 3176/3335/3175 3191/3350/3190 3177/3336/3176
f 3191/3350/3190 3192/3351/3191 3177/3336/3176
f 3177/3336/3176 3192/3351/3191 3178/3337/3177
f 3192/3351/3191 3193/3352/3192 3178/3337/3177
f 3178/3337/3177 3193/3352/3192 3179/3338/3178
f 3193/3352/3192 3194/3353/3193 3179/3338/3178
f 3179/3338/3178 3194/3353/3193 3180/3339/3179
f 3194/3353/3193 3195/3354/3194 3180/3339/3179
f 3180/3339/3179 3195/3354/3194 3181/3340/3180
f 3195/3354/3194 3196/3355/3195 3181/3340/3180
f 3181/3340/3180 3196/3355/3195 3182/3341/3181
f 3196/3355/3195 3197/3356/3196 3182/3341/3181
f 3182/3341/3181 3197/3356/3196 3183/3342/3182
f 3197/3356/3196 3198/3357/3197 3183/3342/3182
f 3183/3342/3182 3198/3357/3197 3184/3343/3183
f 3198/3357/3197 3199/3358/3198 3184/3343/3183
f 3184/3343/3183 3199/3358/3198 3185/3344/3184
f 3199/3358/3198 3200/3359/3199 3185/3344/3184
f 3185/3344/3184 3200/3359/3199 3186/3345/3185
f 3200/3359/3199 3201/3360/3200 3186/3345/3185
f 3186/3345/3185 3201/3360/3200 3187/3346/3186
f 3201/3360/3200 3202/3361/3201 3187/3346/3186
f 3187/3346/3186 3202/3361/3201 3188/3347/3187
f 3202/3361/3201 3203/3362/3202 3188/3347/3187
f 3188/3347/3187 3203/3362/3202 1081/1114/1081
f 3203/3362/3202 1082/1115/1082 1081/1114/1081
f 3081/3241/3081 3083/3363/3203 3082/3242/3082
f 3083/3363/3203 3204/3364/3204 3082/3242/3082
f 3082/3242/3082 3204/3364/3204 3189/3348/3188
f 3204/3364/3204 3205/3365/3205 3189/3348/3188
f 3189/3348/3188 3205/3365/3205 3190/3349/3189
f 3205/3365/3205 3206/3366/3206 3190/3349/3189
f 3190/3349/3189 3206/3366/3206 3191/3350/3190
f 3206/3366/3206 3207/3367/3207 3191/3350/3190
f 3191/3350/3190 3207/3367/3207 3192/3351/3191
f 3207/3367/3207 3208/3368/3208 3192/3351/3191
f 3192/3351/3191 3208/3368/3208 3193/3352/3192
f 3208/3368/3208 3209/3369/3209 3193/3352/3192
f 3193/3352/3192 3209/3369/3209 3194/3353/3193
f 3209/3369/3209 3210/3370/3210 3194/3353/3193
f 3194/3353/3193 3210/3370/3210 3195/3354/3194
f 3210/3370/3210 3211/3371/3211 3195/3354/3194
f 3195/3354/3194 3211/3371/3211 3196/3355/3195
f 3211/3371/3211 3212/3372/3212 3196/3355/3195
f 3196/3355/3195 3212/3372/3212 3197/3356/3196
f 3212/3372/3212 3213/3373/3213 3197/3356/3196
f 3197/3356/3196 3213/3373/3213 3198/3357/3197
f 3213/3373/3213 3214/3374/3214 3198/3357/3197
f 3198/3357/3197 3214/3374/3214 3199/3358/3198
f 3214/3374/3214 3215/3375/3215 3199/3358/3198
f 3199/3358/3198 3215/3375/3215 3200/3359/3199
f 3215/3375/3215 3216/3376/3216 3200/3359/3199
f 3200/3359/3199 3216/3376/3216 3201/3360/3200
f 3216/3376/3216 3217/3377/3217 3201/3360/3200
f 3201/3360/3200 3217/3377/3217 3202/3361/3201
f 3217/3377/3217 3218/3378/3218 3202/3361/3201
f 3202/3361/3201 3218/3378/3218 3203/3362/3202
f 3218/3378/3218 3219/3379/3219 3203/3362/3202
f 3203/3362/3202 3219/3379/3219 1082/1115/1082
f 3219/3379/3219 1083/1116/1083 1082/1115/1082
f 3083/3363/3203 3220/3380/3220 3204/3364/3204
f 3220/3380/3220 3221/3381/3221 3204/3364/3204
f 3204/3364/3204 3221/3381/3221 3205/3365/3205
f 3221/3381/3221 3222/3382/3222 3205/3365/3205
f 3205/3365/3205 3222/3382/3222 3206/3366/3206
f 3222/3382/3222 3223/3383/3223 3206/3366/3206
f 3206/3366/3206 3223/3383/3223 3207/3367/3207
f 3223/3383/3223 3224/3384/3224 3207/3367/3207
f 3207/3367/3207 3224/3384/3224 3208/3368/3208
f 3224/3384/3224 3225/3385/3225 3208/3368/3208
f 3208/3368/3208 3225/3385/3225 3209/3369/3209
f 3225/3385/3225 3226/3386/3226 3209/3369/3209
f 3209/3369/3209 3226/3386/3226 3210/3370/3210
f 3226/3386/3226 3227/3387/3227 3210/3370/3210
f 3210/3370/3210 3227/3387/3227 3211/3371/3211
f 3227/3387/3227 3228/3388/3228 3211/3371/3211
f 3211/3371/3211 3228/3388/3228 3212/3372/3212
f 3228/3388/3228 3229/3389/3229 3212/3372/3212
f 3212/3372/3212 3229/3389/3229 3213/3373/3213
f 3229/3389/3229 3230/3390/3230 3213/3373/3213
f 3213/3373/3213 3230/3390/3230 3214/3374/3214
f 3230/3390/3230 3231/3391/3231 3214/3374/3214
f 3214/3374/3214 3231/3391/3231 3215/3375/3215
f 3231/3391/3231 3232/3392/3232 3215/3375/3215
f 3215/3375/3215 3232/3392/3232 3216/3376/3216
f 3232/3392/3232 3233/3393/3233 3216/3376/3216
f 3216/3376/3216 3233/3393/3233 3217/3377/3217
f 3233/3393/3233 3234/3394/3234 3217/3377/3217
f 3217/3377/3217 3234/3394/3234 3218/3378/3218
f 3234/3394/3234 3235/3395/3235 3218/3378/3218
f 3218/3378/3218 3235/3395/3235 3219/3379/3219
f 3235/3395/3235 3236/3396/3236 3219/3379/3219
f 3219/3379/3219 3236/3396/3236 1083/1116/1083
f 3236/3396/3236 1084/1117/1084 1083/1116/1083
f 3220/3380/3220 3237/3397/3237 3221/3381/3221
f 3237/3397/3237 3238/3398/3238 3221/3381/3221
f 3221/3381/3221 3238/3398/3238 3222/3382/3222
f 3238/3398/3238 3239/3399/3239 3222/3382/3222
f 3222/3382/3222 3239/3399/3239 3223/3383/3223
f 3239/3399/3239 3240/3400/3240 3223/3383/3223
f 3223/3383/3223 3240/3400/3240 3224/3384/3224
f 3240/3400/3240 3241/3401/3241 3224/3384/3224
f 3224/3384/3224 3241/3401/3241 3225/3385/3225
f 3241/3401/3241 3242/3402/3242 3225/3385/3225
f 3225/3385/3225 3242/3402/3242 3226/3386/3226
f 3242/3402/3242 3243/3403/3243 3226/3386/3226
f 3226/3386/3226 3243/3403/3243 3227/3387/3227
f 3243/3403/3243 3244/3404/3244 3227/3387/3227
f 3227/3387/3227 3244/3404/3244 3228/3388/3228
f 3244/3404/3244 3245/3405/3245 3228/3388/3228
f 3228/3388/3228 3245/3405/3245 3229/3389/3229
f 3245/3405/3245 3246/3406/3246 3229/3389/3229
f 3229/3389/3229 3246/3406/3246 3230/3390/3230
f 3246/3406/3246 3247/3407/3247 3230/3390/3230
f 3230/3390/3230 3247/3407/3247 3231/3391/3231
f 3247/3407/3247 3248/3408/3248 3231/3391/3231
f 3231/3391/3231 3248/3408/3248 3232/3392/3232
f 3248/3408/3248 3249/3409/3249 3232/3392/3232
f 3232/3392/3232 3249/3409/3249 3233/3393/3233
f 3249/3409/3249 3250/3410/3250 3233/3393/3233
f 3233/3393/3233 3250/3410/3250 3234/3394/3234
f 3250/3410/3250 3251/3411/3251 3234/3394/3234
f 3234/3394/3234 3251/3411/3251 3235/3395/3235
f 3251/3411/3251 3252/3412/3252 3235/3395/3235
f 3235/3395/3235 3252/3412/3252 3236/3396/3236
f 3252/3412/3252 3253/3413/3253 3236/3396/3236
f 3236/3396/3236 3253/3413/3253 1084/1117/1084
f 3253/3413/3253 1085/1118/1085 1084/1117/1084
f 3237/3397/3237 3254/3414/3254 3238/3398/3238
f 3254/3414/3254 3255/3415/3255 3238/3398/3238
f 3238/3398/3238 3255/3415/3255 3239/3399/3239
f 3255/3415/3255 3256/3416/3256 3239/3399/3239
f 3239/3399/3239 3256/3416/3256 3240/3400/3240
f 3256/3416/3256 3257/3417/3257 3240/3400/3240
f 3240/3400/3240 3257/3417/3257 3241/3401/3241
f 3257/3417/3257 3258/3418/3258 3241/3401/3241
f 3241/3401/3241 3258/3418/3258 3242/3402/3242
f 3258/3418/3258 3259/3419/3259 3242/3402/3242
f 3242/3402/3242 3259/3419/3259 3243/3403/3243
f 3259/3419/3259 3260/3420/3260 3243/3403/3243
f 3243/3403/3243 3260/3420/3260 3244/3404/3244
f 3260/3420/3260 3261/3421/3261 3244/3404/3244
f 3244/3404/3244 3261/3421/3261 3245/3405/3245
f 3261/3421/3261 3262/3422/3262 3245/3405/3245
f 3245/3405/3245 3262/3422/3262 3246/3406/3246
f 3262/3422/3262 3263/3423/3263 3246/3406/3246
f 3246/3406/3246 3263/3423/3263 3247/3407/3247
f 3263/3423/3263 3264/3424/3264 3247/3407/3247
f 3247/3407/3247 3264/3424/3264 3248/3408/3248
f 3264/3424/3264 3265/3425/3265 3248/3408/3248
f 3248/3408/3248 3265/3425/3265 3249/3409/3249
f 3265/3425/3265 3266/3426/3266 3249/3409/3249
f 3249/3409/3249 3266/3426/3266 3250/3410/3250
f 3266/3426/3266 3267/3427/3267 3250/3410/3250
f 3250/3410/3250 3267/3427/3267 3251/3411/3251
f 3267/3427/3267 3268/3428/3268 3251/3411/3251
f 3251/3411/3251 3268/3428/3268 3252/3412/3252
f 3268/3428/3268 3269/3429/3269 3252/3412/3252
f 3252/3412/3252 3269/3429/3269 3253/3413/3253
f 3269/3429/3269 3270/3430/3270 3253/3413/3253
f 3253/3413/3253 3270/3430/3270 1085/1118/1085
f 3270/3430/3270 1086/1119/1086 1085/1118/1085
f 3254/3414/3254 3271/3431/3271 3255/3415/3255
f 3271/3431/3271 3272/3432/3272 3255/3415/3255
f 3255/3415/3255 3272/3432/3272 3256/3416/3256
f 3272/3432/3272 3273/3433/3273 3256/3416/3256
f 3256/3416/3256 3273/3433/3273 3257/3417/3257
f 3273/3433/3273 3274/3434/3274 3257/3417/3257
f 3257/3417/3257 3274/3434/3274 3258/3418/3258
f 3274/3434/3274 3275/3435/3275 3258/3418/3258
f 3258/3418/3258 3275/3435/3275 3259/3419/3259
f 3275/3435/3275 3276/3436/3276 3259/3419/3259
f 3259/3419/3259 3276/3436/3276 3260/3420/3260
f 3276/3436/3276 3277/3437/3277 3260/3420/3260
f 3260/3420/3260 3277/3437/3277 3261/3421/3261
f 3277/3437/3277 3278/3438/3278 3261/3421/3261
f 3261/3421/3261 3278/3438/3278 3262/3422/3262
f 3278/3438/3278 3279/3439/3279 3262/3422/3262
f 3262/3422/3262 3279/3439/3279 3263/3423/3263
f 3279/3439/3279 3280/3440/3280 3263/3423/3263
f 3263/3423/3263 3280/3440/3280 3264/3424/3264
f 3280/3440/3280 3281/3441/3281 3264/3424/3264
f 3264/3424/3264 3281/3441/3281 3265/3425/3265
f 3281/3441/3281 3282/3442/3282 3265/3425/3265
f 3265/3425/3265 3282/3442/3282 3266/3426/3266
f 3282/3442/3282 3283/3443/3283 3266/3426/3266
f 3266/3426/3266 3283/3443/3283 3267/3427/3267
f 3283/3443/3283 3284/3444/3284 3267/3427/3267
f 3267/3427/3267 3284/3444/3284 3268/3428/3268
f 3284/3444/3284 3285/3445/3285 3268/3428/3268
f 3268/3428/3268 3285/3445/3285 3269/3429/3269
f 3285/3445/3285 3286/3446/3286 3269/3429/3269
f 3269/3429/3269 3286/3446/3286 3270/3430/3270
f 3286/3446/3286 3287/3447/3287 3270/3430/3270
f 3270/3430/3270 3287/3447/3287 1086/1119/1086
f 3287/3447/3287 1087/1120/1087 1086/1119/1086
f 3271/3431/3271 3288/3448/3288 3272/3432/3272
f 3288/3448/3288 3289/3449/3289 3272/3432/3272
f 3272/3432/3272 3289/3449/3289 3273/3433/3273
f 3289/3449/3289 3290/3450/3290 3273/3433/3273
f 3273/3433/3273 3290/3450/3290 3274/3434/3274
f 3290/3450/3290 3291/3451/3291 3274/3434/3274
f 3274/3434/3274 3291/3451/3291 3275/3435/3275
f 3291/3451/3291 3292/3452/3292 3275/3435/3275
f 3275/3435/3275 3292/3452/3292 3276/3436/3276
f 3292/3452/3292 3293/3453/3293 3276/3436/3276
f 3276/3436/3276 3293/3453/3293 3277/3437/3277
f 3293/3453/3293 3294/3454/3294 3277/3437/3277
f 3277/3437/3277 3294/3454/3294 3278/3438/3278
f 3294/3454/3294 3295/3455/3295 3278/3438/3278
f 3278/3438/3278 3295/3455/3295 3279/3439/3279
f 3295/3455/3295 3296/3456/3296 3279/3439/3279
f 3279/3439/3279 3296/3456/3296 3280/3440/3280
f 3296/3456/3296 3297/3457/3297 3280/3440/3280
f 3280/3440/3280 3297/3457/3297 3281/3441/3281
f 3297/3457/3297 3298/3458/3298 3281/3441/3281
f 3281/3441/3281 3298/3458/3298 3282/3442/3282
f 3298/3458/3298 3299/3459/3299 3282/3442/3282
f 3282/3442/3282 3299/3459/3299 3283/3443/3283
f 3299/3459/3299 3300/3460/3300 3283/3443/3283
f 3283/3443/3283 3300/3460/3300 3284/3444/3284
f 3300/3460/3300 3301/3461/3301 3284/3444/3284
f 3284/3444/3284 3301/3461/3301 3285/3445/3285
f 3301/3461/3301 3302/3462/3302 3285/3445/3285
f 3285/3445/3285 3302/3462/3302 3286/3446/3286
f 3302/3462/3302 3303/3463/3303 3286/3446/3286
f 3286/3446/3286 3303/3463/3303 3287/3447/3287
f 3303/3463/3303 3304/3464/3304 3287/3447/3287
f 3287/3447/3287 3304/3464/3304 1087/1120/1087
f 3304/3464/3304 1088/1121/1088 1087/1120/1087
f 3288/3448/3288 3305/3465/3305 3289/3449/3289
f 3305/3465/3305 3306/3466/3306 3289/3449/3289
f 3289/3449/3289 3306/3466/3306 3290/3450/3290
f 3306/3466/3306 3307/3467/3307 3290/3450/3290
f 3290/3450/3290 3307/3467/3307 3291/3451/3291
f 3307/3467/3307 3308/3468/3308 3291/3451/3291
f 3291/3451/3291 3308/3468/3308 3292/3452/3292
f 3308/3468/3308 3309/3469/3309 3292/3452/3292
f 3292/3452/3292 3309/3469/3309 3293/3453/3293
f 3309/3469/3309 3310/3470/3310 3293/3453/3293
f 3293/3453/3293 3310/3470/3310 3294/3454/3294
f 3310/3470/3310 3311/3471/3311 3294/3454/3294
f 3294/3454/3294 3311/3471/3311 3295/3455/3295
f 3311/3471/3311 3312/3472/3312 3295/3455/3295
f 3295/3455/3295 3312/3472/3312 3296/3456/3296
f 3312/3472/3312 3313/3473/3313 3296/3456/3296
f 3296/3456/3296 3313/3473/3313 3297/3457/3297
f 3313/3473/3313 3314/3474/3314 3297/3457/3297
f 3297/3457/3297 3314/3474/3314 3298/3458/3298
f 3314/3474/3314 3315/3475/3315 3298/3458/3298
f 3298/3458/3298 3315/3475/3315 3299/3459/3299
f 3315/3475/3315 3316/3476/3316 3299/3459/3299
f 3299/3459/3299 3316/3476/3316 3300/3460/3300
f 3316/3476/3316 3317/3477/3317 3300/3460/3300
f 3300/3460/3300 3317/3477/3317 3301/3461/3301
f 3317/3477/3317 3318/3478/3318 3301/3461/3301
f 3301/3461/3301 3318/3478/3318 3302/3462/3302
f 3318/3478/3318 3319/3479/3319 3302/3462/3302
f 3302/3462/3302 3319/3479/3319 3303/3463/3303
f 3319/3479/3319 3320/3480/3320 3303/3463/3303
f 3303/3463/3303 3320/3480/3320 3304/3464/3304
f 3320/3480/3320 3321/3481/3321 3304/3464/3304
f 3304/3464/3304 3321/3481/3321 1088/1121/1088
f 3321/3481/3321 1089/1122/1089 1088/1121/1088
f 3305/3465/3305 3322/3482/3322 3306/3466/3306
f 3322/3482/3322 3323/3483/3323 3306/3466/3306
f 3306/3466/3306 3323/3483/3323 3307/3467/3307
f 3323/3483/3323 3324/3484/3324 3307/3467/3307
f 3307/3467/3307 3324/3484/3324 3308/3468/3308
f 3324/3484/3324 3325/3485/3325 3308/3468/3308
f 3308/3468/3308 3325/3485/3325 3309/3469/3309
f 3325/3485/3325 3326/3486/3326 3309/3469/3309
f 3309/3469/3309 3326/3486/3326 3310/3470/3310
f 3326/3486/3326 3327/3487/3327 3310/3470/3310
f 3310/3470/3310 3327/3487/3327 3311/3471/3311
f 3327/3487/3327 3328/3488/3328 3311/3471/3311
f 3311/3471/3311 3328/3488/3328 3312/3472/3312
f 3328/3488/3328 3329/3489/3329 3312/3472/3312
f 3312/3472/3312 3329/3489/3329 3313/3473/3313
f 3329/3489/3329 3330/3490/3330 3313/3473/3313
f 3313/3473/3313 3330/3490/3330 3314/3474/3314
f 3330/3490/3330 3331/3491/3331 3314/3474/3314
f 3314/3474/3314 3331/3491/3331 3315/3475/3315
f 3331/3491/3331 3332/3492/3332 3315/3475/3315
f 3315/3475/3315 3332/3492/3332 3316/3476/3316
f 3332/3492/3332 3333/3493/3333 3316/3476/3316
f 3316/3476/3316 3333/3493/3333 3317/3477/3317
f 3333/3493/3333 3334/3494/3334 3317/3477/3317
f 3317/3477/3317 3334/3494/3334 3318/3478/3318
f 3334/3494/3334 3335/3495/3335 3318/3478/3318
f 3318/3478/3318 3335/3495/3335 3319/3479/3319
f 3335/3495/3335 3336/3496/3336 3319/3479/3319
f 3319/3479/3319 3336/3496/3336 3320/3480/3320
f 3336/3496/3336 3337/3497/3337 3320/3480/3320
f 3320/3480/3320 3337/3497/3337 3321/3481/3321
f 3337/3497/3337 3338/3498/3338 3321/3481/3321
f 3321/3481/3321 3338/3498/3338 1089/1122/1089
f 3338/3498/3338 1090/1123/1090 1089/1122/1089
f 3322/3482/3322 3339/3499/3339 3323/3483/3323
f 3339/3499/3339 3340/3500/3340 3323/3483/3323
f 3323/3483/3323 3340/3500/3340 3324/3484/3324
f 3340/3500/3340 3341/3501/3341 3324/3484/3324
f 3324/3484/3324 3341/3501/3341 3325/3485/3325
f 3341/3501/3341 3342/3502/3342 3325/3485/3325
f 3325/3485/3325 3342/3502/3342 3326/3486/3326
f 3342/3502/3342 3343/3503/3343 3326/3486/3326
f 3326/3486/3326 3343/3503/3343 3327/3487/3327
f 3343/3503/3343 3344/3504/3344 3327/3487/3327
f 3327/3487/3327 3344/3504/3344 3328/3488/3328
f 3344/3504/3344 3345/3505/3345 3328/3488/3328
f 3328/3488/3328 3345/3505/3345 3329/3489/3329
f 3345/3505/3345 3346/3506/3346 3329/3489/3329
f 3329/3489/3329 3346/3506/3346 3330/3490/3330
f 3346/3506/3346 3347/3507/3347 3330/3490/3330
f 3330/3490/3330 3347/3507/3347 3331/3491/3331
f 3347/3507/3347 3348/3508/3348 3331/3491/3331
f 3331/3491/3331 3348/3508/3348 3332/3492/3332
f 3348/3508/3348 3349/3509/3349 3332/3492/3332
f 3332/3492/3332 3349/3509/3349 3333/3493/3333
f 3349/3509/3349 3350/3510/3350 3333/3493/3333
f 3333/3493/3333 3350/3510/3350 3334/3494/3334
f 3350/3510/3350 3351/3511/3351 3334/3494/3334
f 3334/3494/3334 3351/3511/3351 3335/3495/3335
f 3351/3511/3351 3352/3512/3352 3335/3495/3335
f 3335/3495/3335 3352/3512/3352 3336/3496/3336
f 3352/3512/3352 3353/3513/3353 3336/3496/3336
f 3336/3496/3336 3353/3513/3353 3337/3497/3337
f 3353/3513/3353 3354/3514/3354 3337/3497/3337
f 3337/3497/3337 3354/3514/3354 3338/3498/3338
f 3354/3514/3354 3355/3515/3355 3338/3498/3338
f 3338/3498/3338 3355/3515/3355 1090/1123/1090
f 3355/3515/3355 1091/1124/1091 1090/1123/1090
f 3339/3499/3339 3356/3516/3356 3340/3500/3340
f 3356/3516/3356 3357/3517/3357 3340/3500/3340
f 3340/3500/3340 3357/3517/3357 3341/3501/3341
f 3357/3517/3357 3358/3518/3358 3341/3501/3341
f 3341/3501/3341 3358/3518/3358 3342/3502/3342
f 3358/3518/3358 3359/3519/3359 3342/3502/3342
f 3342/3502/3342 3359/3519/3359 3343/3503/3343
f 3359/3519/3359 3360/3520/3360 3343/3503/3343
f 3343/3503/3343 3360/3520/3360 3344/3504/3344
f 3360/3520/3360 3361/3521/3361 3344/3504/3344
f 3344/3504/3344 3361/3521/3361 3345/3505/3345
f 3361/3521/3361 3362/3522/3362 3345/3505/3345
f 3345/3505/3345 3362/3522/3362 3346/3506/3346
f 3362/3522/3362 3363/3523/3363 3346/3506/3346
f 3346/3506/3346 3363/3523/3363 3347/3507/3347
f 3363/3523/3363 3364/3524/3364 3347/3507/3347
f 3347/3507/3347 3364/3524/3364 3348/3508/3348
f 3364/3524/3364 3365/3525/3365 3348/3508/3348
f 3348/3508/3348 3365/3525/3365 3349/3509/3349
f 3365/3525/3365 3366/3526/3366 3349/3509/3349
f 3349/3509/3349 3366/3526/3366 3350/3510/3350
f 3366/3526/3366 3367/3527/3367 3350/3510/3350
f 3350/3510/3350 3367/3527/3367 3351/3511/3351
f 3367/3527/3367 3368/3528/3368 3351/3511/3351
f 3351/3511/3351 3368/3528/3368 3352/3512/3352
f 3368/3528/3368 3369/3529/3369 3352/3512/3352
f 3352/3512/3352 3369/3529/3369 3353/3513/3353
f 3369/3529/3369 3370/3530/3370 3353/3513/3353
f 3353/3513/3353 3370/3530/3370 3354/3514/3354
f 3370/3530/3370 3371/3531/3371 3354/3514/3354
f 3354/3514/3354 3371/3531/3371 3355/3515/3355
f 3371/3531/3371 3372/3532/3372 3355/3515/3355
f 3355/3515/3355 3372/3532/3372 1091/1124/1091
f 3372/3532/3372 1092/1125/1092 1091/1124/1091
f 3356/3516/3356 3373/3533/3373 3357/3517/3357
f 3373/3533/3373 3374/3534/3374 3357/3517/3357
f 3357/3517/3357 3374/3534/3374 3358/3518/3358
f 3374/3534/3374 3375/3535/3375 3358/3518/3358
f 3358/3518/3358 3375/3535/3375 3359/3519/3359
f 3375/3535/3375 3376/3536/3376 3359/3519/3359
f 3359/3519/3359 3376/3536/3376 3360/3520/3360
f 3376/3536/3376 3377/3537/3377 3360/3520/3360
f 3360/3520/3360 3377/3537/3377 3361/3521/3361
f 3377/3537/3377 3378/3538/3378 3361/3521/3361
f 3361/3521/3361 3378/3538/3378 3362/3522/3362
f 3378/3538/3378 3379/3539/3379 3362/3522/3362
f 3362/3522/3362 3379/3539/3379 3363/3523/3363
f 3379/3539/3379 3380/3540/3380 3363/3523/3363
f 3363/3523/3363 3380/3540/3380 3364/3524/3364
f 3380/3540/3380 3381/3541/3381 3364/3524/3364
f 3364/3524/3364 3381/3541/3381 3365/3525/3365
f 3381/3541/3381 3382/3542/3382 3365/3525/3365
f 3365/3525/3365 3382/3542/3382 3366/3526/3366
f 3382/3542/3382 3383/3543/3383 3366/3526/3366
f 3366/3526/3366 3383/3543/3383 3367/3527/3367
f 3383/3543/3383 3384/3544/3384 3367/3527/3367
f 3367/3527/3367 3384/3544/3384 3368/3528/3368
f 3384/3544/3384 3385/3545/3385 3368/3528/3368
f 3368/3528/3368 3385/3545/3385 3369/3529/3369
f 3385/3545/3385 3386/3546/3386 3369/3529/3369
f 3369/3529/3369 3386/3546/3386 3370/3530/3370
f 3386/3546/3386 3387/3547/3387 3370/3530/3370
f 3370/3530/3370 3387/3547/3387 3371/3531/3371
f 3387/3547/3387 3388/3548/3388 3371/3531/3371
f 3371/3531/3371 3388/3548/3388 3372/3532/3372
f 3388/3548/3388 3389/3549/3389 3372/3532/3372
f 3372/3532/3372 3389/3549/3389 1092/1125/1092
f 3389/3549/3389 1093/1126/1093 1092/1125/1092
f 3373/3533/3373 3390/3550/3390 3374/3534/3374
f 3390/3550/3390 3391/3551/3391 3374/3534/3374
f 3374/3534/3374 3391/3551/3391 3375/3535/3375
f 3391/3551/3391 3392/3552/3392 3375/3535/3375
f 3375/3535/3375 3392/3552/3392 3376/3536/3376
f 3392/3552/3392 3393/3553/3393 3376/3536/3376
f 3376/3536/3376 3393/3553/3393 3377/3537/3377
f 3393/3553/3393 3394/3554/3394 3377/3537/3377
f 3377/3537/3377 3394/3554/3394 3378/3538/3378
f 3394/3554/3394 3395/3555/3395 3378/3538/3378
f 3378/3538/3378 3395/3555/3395 3379/3539/3379
f 3395/3555/3395 3396/3556/3396 3379/3539/3379
f 3379/3539/3379 3396/3556/3396 3380/3540/3380
f 3396/3556/3396 3397/3557/3397 3380/3540/3380
f 3380/3540/3380 3397/3557/3397 3381/3541/3381
f 3397/3557/3397 3398/3558/3398 3381/3541/3381
f 3381/3541/3381 3398/3558/3398 3382/3542/3382
f 3398/3558/3398 3399/3559/3399 3382/3542/3382
f 3382/3542/3382 3399/3559/3399 3383/3543/3383
f 3399/3559/3399 3400/3560/3400 3383/3543/3383
f 3383/3543/3383 3400/3560/3400 3384/3544/3384
f 3400/3560/3400 3401/3561/3401 3384/3544/3384
f 3384/3544/3384 3401/3561/3401 3385/3545/3385
f 3401/3561/3401 3402/3562/3402 3385/3545/3385
f 3385/3545/3385 3402/3562/3402 3386/3546/3386
f 3402/3562/3402 3403/3563/3403 3386/3546/3386
f 3386/3546/3386 3403/3563/3403 3387/3547/3387
f 3403/3563/3403 3404/3564/3404 3387/3547/3387
f 3387/3547/3387 3404/3564/3404 3388/3548/3388
f 3404/3564/3404 3405/3565/3405 3388/3548/3388
f 3388/3548/3388 3405/3565/3405 3389/3549/3389
f 3405/3565/3405 3406/3566/3406 3389/3549/3389
f 3389/3549/3389 3406/3566/3406 1093/1126/1093
f 3406/3566/3406 1094/1127/1094 1093/1126/1093
f 3390/3550/3390 3407/3567/3407 3391/3551/3391
f 3407/3567/3407 3408/3568/3408 3391/3551/3391
f 3391/3551/3391 3408/3568/3408 3392/3552/3392
f 3408/3568/3408 3409/3569/3409 3392/3552/3392
f 3392/3552/3392 3409/3569/3409 3393/3553/3393
f 3409/3569/3409 3410/3570/3410 3393/3553/3393
f 3393/3553/3393 3410/3570/3410 3394/3554/3394
f 3410/3570/3410 3411/3571/3411 3394/3554/3394
f 3394/3554/3394 3411/3571/3411 3395/3555/3395
f 3411/3571/3411 3412/3572/3412 3395/3555/3395
f 3395/3555/3395 3412/3572/3412 3396/3556/3396
f 3412/3572/3412 3413/3573/3413 3396/3556/3396
f 3396/3556/3396 3413/3573/3413 3397/3557/3397
f 3413/3573/3413 3414/3574/3414 3397/3557/3397
f 3397/3557/3397 3414/3574/3414 3398/3558/3398
f 3414/3574/3414 3415/3575/3415 3398/3558/3398
f 3398/3558/3398 3415/3575/3415 3399/3559/3399
f 3415/3575/3415 3416/3576/3416 3399/3559/3399
f 3399/3559/3399 3416/3576/3416 3400/3560/3400
f 3416/3576/3416 3417/3577/3417 3400/3560/3400
f 3400/3560/3400 3417/3577/3417 3401/3561/3401
f 3417/3577/3417 3418/3578/3418 3401/3561/3401
f 3401/3561/3401 3418/3578/3418 3402/3562/3402
f 3418/3578/3418 3419/3579/3419 3402/3562/3402
f 3402/3562/3402 3419/3579/3419 3403/3563/3403
f 3419/3579/3419 3420/3580/3420 3403/3563/3403
f 3403/3563/3403 3420/3580/3420 3404/3564/3404
f 3420/3580/3420 3421/3581/3421 3404/3564/3404
f 3404/3564/3404 3421/3581/3421 3405/3565/3405
f 3421/3581/3421 3422/3582/3422 3405/3565/3405
f 3405/3565/3405 3422/3582/3422 3406/3566/3406
f 3422/3582/3422 3423/3583/3423 3406/3566/3406
f 3406/3566/3406 3423/3583/3423 1094/1127/1094
f 3423/3583/3423 1095/1128/1095 1094/1127/1094
f 3407/3567/3407 3424/3584/3424 3408/3568/3408
f 3424/3584/3424 3425/3585/3425 3408/3568/3408
f 3408/3568/3408 3425/3585/3425 3409/3569/3409
f 3425/3585/3425 3426/3586/3426 3409/3569/3409
f 3409/3569/3409 3426/3586/3426 3410/3570/3410
f 3426/3586/3426 3427/3587/3427 3410/3570/3410
f 3410/3570/3410 3427/3587/3427 3411/3571/3411
f 3427/3587/3427 3428/3588/3428 3411/3571/3411
f 3411/3571/3411 3428/3588/3428 3412/3572/3412
f 3428/3588/3428 3429/3589/3429 3412/3572/3412
f 3412/3572/3412 3429/3589/3429 3413/3573/3413
f 3429/3589/3429 3430/3590/3430 3413/3573/3413
f 3413/3573/3413 3430/3590/3430 3414/3574/3414
f 3430/3590/3430 3431/3591/3431 3414/3574/3414
f 3414/3574/3414 3431/3591/3431 3415/3575/3415
f 3431/3591/3431 3432/3592/3432 3415/3575/3415
f 3415/3575/3415 3432/3592/3432 3416/3576/3416
f 3432/3592/3432 3433/3593/3433 3416/3576/3416
f 3416/3576/3416 3433/3593/3433 3417/3577/3417
f 3433/3593/3433 3434/3594/3434 3417/3577/3417
f 3417/3577/3417 3434/3594/3434 3418/3578/3418
f 3434/3594/3434 3435/3595/3435 3418/3578/3418
f 3418/3578/3418 3435/3595/3435 3419/3579/3419
f 3435/3595/3435 3436/3596/3436 3419/3579/3419
f 3419/3579/3419 3436/3596/3436 3420/3580/3420
f 3436/3596/3436 3437/3597/3437 3420/3580/3420
f 3420/3580/3420 3437/3597/3437 3421/3581/3421
f 3437/3597/3437 3438/3598/3438 3421/3581/3421
f 3421/3581/3421 3438/3598/3438 3422/3582/3422
f 3438/3598/3438 3439/3599/3439 3422/3582/3422
f 3422/3582/3422 3439/3599/3439 3423/3583/3423
f 3439/3599/3439 3440/3600/3440 3423/3583/3423
f 3423/3583/3423 3440/3600/3440 1095/1128/1095
f 3440/3600/3440 1096/1129/1096 1095/1128/1095
f 3424/3584/3424 3441/3601/3441 3425/3585/3425
f 3441/3601/3441 3442/3602/3442 3425/3585/3425
f 3425/3585/3425 3442/3602/3442 3426/3586/3426
f 3442/3602/3442 3443/3603/3443 3426/3586/3426
f 3426/3586/3426 3443/3603/3443 3427/3587/3427
f 3443/3603/3443 3444/3604/3444 3427/3587/3427
f 3427/3587/3427 3444/3604/3444 3428/3588/3428
f 3444/3604/3444 3445/3605/3445 3428/3588/3428
f 3428/3588/3428 3445/3605/3445 3429/3589/3429
f 3445/3605/3445 3446/3606/3446 3429/3589/3429
f 3429/3589/3429 3446/3606/3446 3430/3590/3430
f 3446/3606/3446 3447/3607/3447 3430/3590/3430
f 3430/3590/3430 3447/3607/3447 3431/3591/3431
f 3447/3607/3447 3448/3608/3448 3431/3591/3431
f 3431/3591/3431 3448/3608/3448 3432/3592/3432
f 3448/3608/3448 3449/3609/3449 3432/3592/3432
f 3432/3592/3432 3449/3609/3449 3433/3593/3433
f 3449/3609/3449 3450/3610/3450 3433/3593/3433
f 3433/3593/3433 3450/3610/3450 3434/3594/3434
f 3450/3610/3450 3451/3611/3451 3434/3594/3434
f 3434/3594/3434 3451/3611/3451 3435/3595/3435
f 3451/3611/3451 3452/3612/3452 3435/3595/3435
f 3435/3595/3435 3452/3612/3452 3436/3596/3436
f 3452/3612/3452 3453/3613/3453 3436/3596/3436
f 3436/3596/3436 3453/3613/3453 3437/3597/3437
f 3453/3613/3453 3454/3614/3454 3437/3597/3437
f 3437/3597/3437 3454/3614/3454 3438/3598/3438
f 3454/3614/3454 3455/3615/3455 3438/3598/3438
f 3438/3598/3438 3455/3615/3455 3439/3599/3439
f 3455/3615/3455 3456/3616/3456 3439/3599/3439
f 3439/3599/3439 3456/3616/3456 3440/3600/3440
f 3456/3616/3456 3457/3617/3457 3440/3600/3440
f 3440/3600/3440 3457/3617/3457 1096/1129/1096
f 3457/3617/3457 7/7/7 1096/1129/1096
f 3458/3618/3458 8/8/8 7/7/7
f 3459/3619/3459 3460/3620/3460 3458/3618/3458
f 3461/3621/3461 3462/3622/3462 3459/3619/3459
f 3463/3623/3463 3464/3624/3464 3461/3621/3461
f 3465/3625/3465 3466/3626/3466 3463/3623/3463
f 3467/3627/3467 3468/3628/3468 3465/3625/3465
f 3469/3629/3469 3470/3630/3470 3467/3627/3467
f 3471/3631/3471 3472/3632/3472 3469/3629/3469
f 3473/3633/3473 3474/3634/3474 3471/3631/3471
f 3475/3635/3475 3476/3636/3476 3473/3633/3473
f 3477/3637/3477 3478/3638/3478 3475/3635/3475
f 3479/3639/3479 3480/3640/3480 3477/3637/3477
f 3481/3641/3481 3482/3642/3482 3479/3639/3479
f 3483/3643/3483 3484/3644/3484 3481/3641/3481
f 3485/3645/3485 3486/3646/3486 3483/3643/3483
f 3487/3647/3487 3488/3648/3488 3485/3645/3485
f 3489/3649/3489 3490/3650/3490 3487/3647/3487
f 3458/3618/3458 3460/3620/3460 8/8/8
f 3460/3620/3460 1592/1657/1592 8/8/8
f 3459/3619/3459 3462/3622/3462 3460/3620/3460
f 3462/3622/3462 3492/3651/3491 3460/3620/3460
f 3460/3620/3460 3492/3651/3491 1592/1657/1592
f 3492/3651/3491 1593/1658/1593 1592/1657/1592
f 3461/3621/3461 3464/3624/3464 3462/3622/3462
f 3464/3624/3464 3493/3652/3492 3462/3622/3462
f 3462/3622/3462 3493/3652/3492 3492/3651/3491
f 3493/3652/3492 3494/3653/3493 3492/3651/3491
f 3492/3651/3491 3494/3653/3493 1593/1658/1593
f 3494/3653/3493 1594/1659/1594 1593/1658/1593
f 3463/3623/3463 3466/3626/3466 3464/3624/3464
f 3466/3626/3466 3495/3654/3494 3464/3624/3464
f 3464/3624/3464 3495/3654/3494 3493/3652/3492
f 3495/3654/3494 3496/3655/3495 3493/3652/3492
f 3493/3652/3492 3496/3655/3495 3494/3653/3493
f 3496/3655/3495 3497/3656/3496 3494/3653/3493
f 3494/3653/3493 3497/3656/3496 1594/1659/1594
f 3497/3656/3496 1595/1660/1595 1594/1659/1594
f 3465/3625/3465 3468/3628/3468 3466/3626/3466
f 3468/3628/3468 3498/3657/3497 3466/3626/3466
f 3466/3626/3466 3498/3657/3497 3495/3654/3494
f 3498/3657/3497 3499/3658/3498 3495/3654/3494
f 3495/3654/3494 3499/3658/3498 3496/3655/3495
f 3499/3658/3498 3500/3659/3499 3496/3655/3495
f 3496/3655/3495 3500/3659/3499 3497/3656/3496
f 3500/3659/3499 3501/3660/3500 3497/3656/3496
f 3497/3656/3496 3501/3660/3500 1595/1660/1595
f 3501/3660/3500 1596/1661/1596 1595/1660/1595
f 3467/3627/3467 3470/3630/3470 3468/3628/3468
f 3470/3630/3470 3502/3661/3501 3468/3628/3468
f 3468/3628/3468 3502/3661/3501 3498/3657/3497
f 3502/3661/3501 3503/3662/3502 3498/3657/3497
f 3498/3657/3497 3503/3662/3502 3499/3658/3498
f 3503/3662/3502 3504/3663/3503 3499/3658/3498
f 3499/3658/3498 3504/3663/3503 3500/3659/3499
f 3504/3663/3503 3505/3664/3504 3500/3659/3499
f 3500/3659/3499 3505/3664/3504 3501/3660/3500
f 3505/3664/3504 3506/3665/3505 3501/3660/3500
f 3501/3660/3500 3506/3665/3505 1596/1661/1596
f 3506/3665/3505 1597/1662/1597 1596/1661/1596
f 3469/3629/3469 3472/3632/3472 3470/3630/3470
f 3472/3632/3472 3507/3666/3506 3470/3630/3470
f 3470/3630/3470 3507/3666/3506 3502/3661/3501
f 3507/3666/3506 3508/3667/3507 3502/3661/3501
f 3502/3661/3501 3508/3667/3507 3503/3662/3502
f 3508/3667/3507 3509/3668/3508 3503/3662/3502
f 3503/3662/3502 3509/3668/3508 3504/3663/3503
f 3509/3668/3508 3510/3669/3509 3504/3663/3503
f 3504/3663/3503 3510/3669/3509 3505/3664/3504
f 3510/3669/3509 3511/3670/3510 3505/3664/3504
f 3505/3664/3504 3511/3670/3510 3506/3665/3505
f 3511/3670/3510 3512/3671/3511 3506/3665/3505
f 3506/3665/3505 3512/3671/3511 1597/1662/1597
f 3512/3671/3511 1598/1663/1598 1597/1662/1597
f 3471/3631/3471 3474/3634/3474 3472/3632/3472
f 3474/3634/3474 3513/3672/3512 3472/3632/3472
f 3472/3632/3472 3513/3672/3512 3507/3666/3506
f 3513/3672/3512 3514/3673/3513 3507/3666/3506
f 3507/3666/3506 3514/3673/3513 3508/3667/3507
f 3514/3673/3513 3515/3674/3514 3508/3667/3507
f 3508/3667/3507 3515/3674/3514 3509/3668/3508
f 3515/3674/3514 3516/3675/3515 3509/3668/3508
f 3509/3668/3508 3516/3675/3515 3510/3669/3509
f 3516/3675/3515 3517/3676/3516 3510/3669/3509
f 3510/3669/3509 3517/3676/3516 3511/3670/3510
f 3517/3676/3516 3518/3677/3517 3511/3670/3510
f 3511/3670/3510 3518/3677/3517 3512/3671/3511
f 3518/3677/3517 3519/3678/3518 3512/3671/3511
f 3512/3671/3511 3519/3678/3518 1598/1663/1598
f 3519/3678/3518 1599/1664/1599 1598/1663/1598
f 3473/3633/3473 3476/3636/3476 3474/3634/3474
f 3476/3636/3476 3520/3679/3519 3474/3634/3474
f 3474/3634/3474 3520/3679/3519 3513/3672/3512
f 3520/3679/3519 3521/3680/3520 3513/3672/3512
f 3513/3672/3512 3521/3680/3520 3514/3673/3513
f 3521/3680/3520 3522/3681/3521 3514/3673/3513
f 3514/3673/3513 3522/3681/3521 3515/3674/3514
f 3522/3681/3521 3523/3682/3522 3515/3674/3514
f 3515/3674/3514 3523/3682/3522 3516/3675/3515
f 3523/3682/3522 3524/3683/3523 3516/3675/3515
f 3516/3675/3515 3524/3683/3523 3517/3676/3516
f 3524/3683/3523 3525/3684/3524 3517/3676/3516
f 3517/3676/3516 3525/3684/3524 3518/3677/3517
f 3525/3684/3524 3526/3685/3525 3518/3677/3517
f 3518/3677/3517 3526/3685/3525 3519/3678/3518
f 3526/3685/3525 3527/3686/3526 3519/3678/3518
f 3519/3678/3518 3527/3686/3526 1599/1664/1599
f 3527/3686/3526 1600/1665/1600 1599/1664/1599
f 3475/3635/3475 3478/3638/3478 3476/3636/3476
f 3478/3638/3478 3528/3687/3527 3476/3636/3476
f 3476/3636/3476 3528/3687/3527 3520/3679/3519
f 3528/3687/3527 3529/3688/3528 3520/3679/3519
f 3520/3679/3519 3529/3688/3528 3521/3680/3520
f 3529/3688/3528 3530/3689/3529 3521/3680/3520
f 3521/3680/3520 3530/3689/3529 3522/3681/3521
f 3530/3689/3529 3531/3690/3530 3522/3681/3521
f 3522/3681/3521 3531/3690/3530 3523/3682/3522
f 3531/3690/3530 3532/3691/3531 3523/3682/3522
f 3523/3682/3522 3532/3691/3531 3524/3683/3523
f 3532/3691/3531 3533/3692/3532 3524/3683/3523
f 3524/3683/3523 3533/3692/3532 3525/3684/3524
f 3533/3692/3532 3534/3693/3533 3525/3684/3524
f 3525/3684/3524 3534/3693/3533 3526/3685/3525
f 3534/3693/3533 3535/3694/3534 3526/3685/3525
f 3526/3685/3525 3535/3694/3534 3527/3686/3526
f 3535/3694/3534 3536/3695/3535 3527/3686/3526
f 3527/3686/3526 3536/3695/3535 1600/1665/1600
f 3536/3695/3535 1601/1666/1601 1600/1665/1600
f 3477/3637/3477 3480/3640/3480 3478/3638/3478
f 3480/3640/3480 3537/3696/3536 3478/3638/3478
f 3478/3638/3478 3537/3696/3536 3528/3687/3527
f 3537/3696/3536 3538/3697/3537 3528/3687/3527
f 3528/3687/3527 3538/3697/3537 3529/3688/3528
f 3538/3697/3537 3539/3698/3538 3529/3688/3528
f 3529/3688/3528 3539/3698/3538 3530/3689/3529
f 3539/3698/3538 3540/3699/3539 3530/3689/3529
f 3530/3689/3529 3540/3699/3539 3531/3690/3530
f 3540/3699/3539 3541/3700/3540 3531/3690/3530
f 3531/3690/3530 3541/3700/3540 3532/3691/3531
f 3541/3700/3540 3542/3701/3541 3532/3691/3531
f 3532/3691/3531 3542/3701/3541 3533/3692/3532
f 3542/3701/3541 3543/3702/3542 3533/3692/3532
f 3533/3692/3532 3543/3702/3542 3534/3693/3533
f 3543/3702/3542 3544/3703/3543 3534/3693/3533
f 3534/3693/3533 3544/3703/3543 3535/3694/3534
f 3544/3703/3543 3545/3704/3544 3535/3694/3534
f 3535/3694/3534 3545/3704/3544 3536/3695/3535
f 3545/3704/3544 3546/3705/3545 3536/3695/3535
f 3536/3695/3535 3546/3705/3545 1601/1666/1601
f 3546/3705/3545 1602/1667/1602 1601/1666/1601
f 3479/3639/3479 3482/3642/3482 3480/3640/3480
f 3482/3642/3482 3547/3706/3546 3480/3640/3480
f 3480/3640/3480 3547/3706/3546 3537/3696/3536
f 3547/3706/3546 3548/3707/3547 3537/3696/3536
f 3537/3696/3536 3548/3707/3547 3538/3697/3537
f 3548/3707/3547 3549/3708/3548 3538/3697/3537
f 3538/3697/3537 3549/3708/3548 3539/3698/3538
f 3549/3708/3548 3550/3709/3549 3539/3698/3538
f 3539/3698/3538 3550/3709/3549 3540/3699/3539
f 3550/3709/3549 3551/3710/3550 3540/3699/3539
f 3540/3699/3539 3551/3710/3550 3541/3700/3540
f 3551/3710/3550 3552/3711/3551 3541/3700/3540
f 3541/3700/3540 3552/3711/3551 3542/3701/3541
f 3552/3711/3551 3553/3712/3552 3542/3701/3541
f 3542/3701/3541 3553/3712/3552 3543/3702/3542
f 3553/3712/3552 3554/3713/3553 3543/3702/3542
f 3543/3702/3542 3554/3713/3553 3544/3703/3543
f 3554/3713/3553 3555/3714/3554 3544/3703/3543
f 3544/3703/3543 3555/3714/3554 3545/3704/3544
f 3555/3714/3554 3556/3715/3555 3545/3704/3544
f 3545/3704/3544 3556/3715/3555 3546/3705/3545
f 3556/3715/3555 3557/3716/3556 3546/3705/3545
f 3546/3705/3545 3557/3716/3556 1602/1667/1602
f 3557/3716/3556 1603/1668/1603 1602/1667/1602
f 3481/3641/3481 3484/3644/3484 3482/3642/3482
f 3484/3644/3484 3558/3717/3557 3482/3642/3482
f 3482/3642/3482 3558/3717/3557 3547/3706/3546
f 3558/3717/3557 3559/3718/3558 3547/3706/3546
f 3547/3706/3546 3559/3718/3558 3548/3707/3547
f 3559/3718/3558 3560/3719/3559 3548/3707/3547
f 3548/3707/3547 3560/3719/3559 3549/3708/3548
f 3560/3719/3559 3561/3720/3560 3549/3708/3548
f 3549/3708/3548 3561/3720/3560 3550/3709/3549
f 3561/3720/3560 3562/3721/3561 3550/3709/3549
f 3550/3709/3549 3562/3721/3561 3551/3710/3550
f 3562/3721/3561 3563/3722/3562 3551/3710/3550
f 3551/3710/3550 3563/3722/3562 3552/3711/3551
f 3563/3722/3562 3564/3723/3563 3552/3711/3551
f 3552/3711/3551 3564/3723/3563 3553/3712/3552
f 3564/3723/3563 3565/3724/3564 3553/3712/3552
f 3553/3712/3552 3565/3724/3564 3554/3713/3553
f 3565/3724/3564 3566/3725/3565 3554/3713/3553
f 3554/3713/3553 3566/3725/3565 3555/3714/3554
f 3566/3725/3565 3567/3726/3566 3555/3714/3554
f 3555/3714/3554 3567/3726/3566 3556/3715/3555
f 3567/3726/3566 3568/3727/3567 3556/3715/3555
f 3556/3715/3555 3568/3727/3567 3557/3716/3556
f 3568/3727/3567 3569/3728/3568 3557/3716/3556
f 3557/3716/3556 3569/3728/3568 1603/1668/1603
f 3569/3728/3568 1604/1669/1604 1603/1668/1603
f 3483/3643/3483 3486/3646/3486 3484/3644/3484
f 3486/3646/3486 3570/3729/3569 3484/3644/3484
f 3484/3644/3484 3570/3729/3569 3558/3717/3557
f 3570/3729/3569 3571/3730/3570 3558/3717/3557
f 3558/3717/3557 3571/3730/3570 3559/3718/3558
f 3571/3730/3570 3572/3731/3571 3559/3718/3558
f 3559/3718/3558 3572/3731/3571 3560/3719/3559
f 3572/3731/3571 3573/3732/3572 3560/3719/3559
f 3560/3719/3559 3573/3732/3572 3561/3720/3560
f 3573/3732/3572 3574/3733/3573 3561/3720/3560
f 3561/3720/3560 3574/3733/3573 3562/3721/3561
f 3574/3733/3573 3575/3734/3574 3562/3721/3561
f 3562/3721/3561 3575/3734/3574 3563/3722/3562
f 3575/3734/3574 3576/3735/3575 3563/3722/3562
f 3563/3722/3562 3576/3735/3575 3564/3723/3563
f 3576/3735/3575 3577/3736/3576 3564/3723/3563
f 3564/3723/3563 3577/3736/3576 3565/3724/3564
f 3577/3736/3576 3578/3737/3577 3565/3724/3564
f 3565/3724/3564 3578/3737/3577 3566/3725/3565
f 3578/3737/3577 3579/3738/3578 3566/3725/3565
f 3566/3725/3565 3579/3738/3578 3567/3726/3566
f 3579/3738/3578 3580/3739/3579 3567/3726/3566
f 3567/3726/3566 3580/3739/3579 3568/3727/3567
f 3580/3739/3579 3581/3740/3580 3568/3727/3567
f 3568/3727/3567 3581/3740/3580 3569/3728/3568
f 3581/3740/3580 3582/3741/3581 3569/3728/3568
f 3569/3728/3568 3582/3741/3581 1604/1669/1604
f 3582/3741/3581 1605/1670/1605 1604/1669/1604
f 3485/3645/3485 3488/3648/3488 3486/3646/3486
f 3488/3648/3488 3583/3742/3582 3486/3646/3486
f 3486/3646/3486 3583/3742/3582 3570/3729/3569
f 3583/3742/3582 3584/3743/3583 3570/3729/3569
f 3570/3729/3569 3584/3743/3583 3571/3730/3570
f 3584/3743/3583 3585/3744/3584 3571/3730/3570
f 3571/3730/3570 3585/3744/3584 3572/3731/3571
f 3585/3744/3584 3586/3745/3585 3572/3731/3571
f 3572/3731/3571 3586/3745/3585 3573/3732/3572
f 3586/3745/3585 3587/3746/3586 3573/3732/3572
f 3573/3732/3572 3587/3746/3586 3574/3733/3573
f 3587/3746/3586 3588/3747/3587 3574/3733/3573
f 3574/3733/3573 3588/3747/3587 3575/3734/3574
f 3588/3747/3587 3589/3748/3588 3575/3734/3574
f 3575/3734/3574 3589/3748/3588 3576/3735/3575
f 3589/3748/3588 3590/3749/3589 3576/3735/3575
f 3576/3735/3575 3590/3749/3589 3577/3736/3576
f 3590/3749/3589 3591/3750/3590 3577/3736/3576
f 3577/3736/3576 3591/3750/3590 3578/3737/3577
f 3591/3750/3590 3592/3751/3591 3578/3737/3577
f 3578/3737/3577 3592/3751/3591 3579/3738/3578
f 3592/3751/3591 3593/3752/3592 3579/3738/3578
f 3579/3738/3578 3593/3752/3592 3580/3739/3579
f 3593/3752/3592 3594/3753/3593 3580/3739/3579
f 3580/3739/3579 3594/3753/3593 3581/3740/3580
f 3594/3753/3593 3595/3754/3594 3581/3740/3580
f 3581/3740/3580 3595/3754/3594 3582/3741/3581
f 3595/3754/3594 3596/3755/3595 3582/3741/3581
f 3582/3741/3581 3596/3755/3595 1605/1670/1605
f 3596/3755/3595 1606/1671/1606 1605/1670/1605
f 3487/3647/3487 3490/3650/3490 3488/3648/3488
f 3490/3650/3490 3597/3756/3596 3488/3648/3488
f 3488/3648/3488 3597/3756/3596 3583/3742/3582
f 3597/3756/3596 3598/3757/3597 3583/3742/3582
f 3583/3742/3582 3598/3757/3597 3584/3743/3583
f 3598/3757/3597 3599/3758/3598 3584/3743/3583
f 3584/3743/3583 3599/3758/3598 3585/3744/3584
f 3599/3758/3598 3600/3759/3599 3585/3744/3584
f 3585/3744/3584 3600/3759/3599 3586/3745/3585
f 3600/3759/3599 3601/3760/3600 3586/3745/3585
f 3586/3745/3585 3601/3760/3600 3587/3746/3586
f 3601/3760/3600 3602/3761/3601 3587/3746/3586
f 3587/3746/3586 3602/3761/3601 3588/3747/3587
f 3602/3761/3601 3603/3762/3602 3588/3747/3587
f 3588/3747/3587 3603/3762/3602 3589/3748/3588
f 3603/3762/3602 3604/3763/3603 3589/3748/3588
f 3589/3748/3588 3604/3763/3603 3590/3749/3589
f 3604/3763/3603 3605/3764/3604 3590/3749/3589
f 3590/3749/3589 3605/3764/3604 3591/3750/3590
f 3605/3764/3604 3606/3765/3605 3591/3750/3590
f 3591/3750/3590 3606/3765/3605 3592/3751/3591
f 3606/3765/3605 3607/3766/3606 3592/3751/3591
f 3592/3751/3591 3607/3766/3606 3593/3752/3592
f 3607/3766/3606 3608/3767/3607 3593/3752/3592
f 3593/3752/3592 3608/3767/3607 3594/3753/3593
f 3608/3767/3607 3609/3768/3608 3594/3753/3593
f 3594/3753/3593 3609/3768/3608 3595/3754/3594
f 3609/3768/3608 3610/3769/3609 3595/3754/3594
f 3595/3754/3594 3610/3769/3609 3596/3755/3595
f 3610/3769/3609 3611/3770/3610 3596/3755/3595
f 3596/3755/3595 3611/3770/3610 1606/1671/1606
f 3611/3770/3610 1607/1672/1607 1606/1671/1606
f 3489/3649/3489 3491/3771/3611 3490/3650/3490
f 3491/3771/3611 3612/3772/3612 3490/3650/3490
f 3490/3650/3490 3612/3772/3612 3597/3756/3596
f 3612/3772/3612 3613/3773/3613 3597/3756/3596
f 3597/3756/3596 3613/3773/3613 3598/3757/3597
f 3613/3773/3613 3614/3774/3614 3598/3757/3597
f 3598/3757/3597 3614/3774/3614 3599/3758/3598
f 3614/3774/3614 3615/3775/3615 3599/3758/3598
f 3599/3758/3598 3615/3775/3615 3600/3759/3599
f 3615/3775/3615 3616/3776/3616 3600/3759/3599
f 3600/3759/3599 3616/3776/3616 3601/3760/3600
f 3616/3776/3616 3617/3777/3617 3601/3760/3600
f 3601/3760/3600 3617/3777/3617 3602/3761/3601
f 3617/3777/3617 3618/3778/3618 3602/3761/3601
f 3602/3761/3601 3618/3778/3618 3603/3762/3602
f 3618/3778/3618 3619/3779/3619 3603/3762/3602
f 3603/3762/3602 3619/3779/3619 3604/3763/3603
f 3619/3779/3619 3620/3780/3620 3604/3763/3603
f 3604/3763/3603 3620/3780/3620 3605/3764/3604
f 3620/3780/3620 3621/3781/3621 3605/3764/3604
f 3605/3764/3604 3621/3781/3621 3606/3765/3605
f 3621/3781/3621 3622/3782/3622 3606/3765/3605
f 3606/3765/3605 3622/3782/3622 3607/3766/3606
f 3622/3782/3622 3623/3783/3623 3607/3766/3606
f 3607/3766/3606 3623/3783/3623 3608/3767/3607
f 3623/3783/3623 3624/3784/3624 3608/3767/3607
f 3608/3767/3607 3624/3784/3624 3609/3768/3608
f 3624/3784/3624 3625/3785/3625 3609/3768/3608
f 3609/3768/3608 3625/3785/3625 3610/3769/3609
f 3625/3785/3625 3626/3786/3626 3610/3769/3609
f 3610/3769/3609 3626/3786/3626 3611/3770/3610
f 3626/3786/3626 3627/3787/3627 3611/3770/3610
f 3611/3770/3610 3627/3787/3627 1607/1672/1607
f 3627/3787/3627 1608/1673/1608 1607/1672/1607
f 3491/3771/3611 3628/3788/3628 3612/3772/3612
f 3628/3788/3628 3629/3789/3629 3612/3772/3612
f 3612/3772/3612 3629/3789/3629 3613/3773/3613
f 3629/3789/3629 3630/3790/3630 3613/3773/3613
f 3613/3773/3613 3630/3790/3630 3614/3774/3614
f 3630/3790/3630 3631/3791/3631 3614/3774/3614
f 3614/3774/3614 3631/3791/3631 3615/3775/3615
f 3631/3791/3631 3632/3792/3632 3615/3775/3615
f 3615/3775/3615 3632/3792/3632 3616/3776/3616
f 3632/3792/3632 3633/3793/3633 3616/3776/3616
f 3616/3776/3616 3633/3793/3633 3617/3777/3617
f 3633/3793/3633 3634/3794/3634 3617/3777/3617
f 3617/3777/3617 3634/3794/3634 3618/3778/3618
f 3634/3794/3634 3635/3795/3635 3618/3778/3618
f 3618/3778/3618 3635/3795/3635 3619/3779/3619
f 3635/3795/3635 3636/3796/3636 3619/3779/3619
f 3619/3779/3619 3636/3796/3636 3620/3780/3620
f 3636/3796/3636 3637/3797/3637 3620/3780/3620
f 3620/3780/3620 3637/3797/3637 3621/3781/3621
f 3637/3797/3637 3638/3798/3638 3621/3781/3621
f 3621/3781/3621 3638/3798/3638 3622/3782/3622
f 3638/3798/3638 3639/3799/3639 3622/3782/3622
f 3622/3782/3622 3639/3799/3639 3623/3783/3623
f 3639/3799/3639 3640/3800/3640 3623/3783/3623
f 3623/3783/3623 3640/3800/3640 3624/3784/3624
f 3640/3800/3640 3641/3801/3641 3624/3784/3624
f 3624/3784/3624 3641/3801/3641 3625/3785/3625
f 3641/3801/3641 3642/3802/3642 3625/3785/3625
f 3625/3785/3625 3642/3802/3642 3626/3786/3626
f 3642/3802/3642 3643/3803/3643 3626/3786/3626
f 3626/3786/3626 3643/3803/3643 3627/3787/3627
f 3643/3803/3643 3644/3804/3644 3627/3787/3627
f 3627/3787/3627 3644/3804/3644 1608/1673/1608
f 3644/3804/3644 1609/1674/1609 1608/1673/1608
f 3628/3788/3628 3645/3805/3645 3629/3789/3629
f 3645/3805/3645 3646/3806/3646 3629/3789/3629
f 3629/3789/3629 3646/3806/3646 3630/3790/3630
f 3646/3806/3646 3647/3807/3647 3630/3790/3630
f 3630/3790/3630 3647/3807/3647 3631/3791/3631
f 3647/3807/3647 3648/3808/3648 3631/3791/3631
f 3631/3791/3631 3648/3808/3648 3632/3792/3632
f 3648/3808/3648 3649/3809/3649 3632/3792/3632
f 3632/3792/3632 3649/3809/3649 3633/3793/3633
f 3649/3809/3649 3650/3810/3650 3633/3793/3633
f 3633/3793/3633 3650/3810/3650 3634/3794/3634
f 3650/3810/3650 3651/3811/3651 3634/3794/3634
f 3634/3794/3634 3651/3811/3651 3635/3795/3635
f 3651/3811/3651 3652/3812/3652 3635/3795/3635
f 3635/3795/3635 3652/3812/3652 3636/3796/3636
f 3652/3812/3652 3653/3813/3653 3636/3796/3636
f 3636/3796/3636 3653/3813/3653 3637/3797/3637
f 3653/3813/3653 3654/3814/3654 3637/3797/3637
f 3637/3797/3637 3654/3814/3654 3638/3798/3638
f 3654/3814/3654 3655/3815/3655 3638/3798/3638
f 3638/3798/3638 3655/3815/3655 3639/3799/3639
f 3655/3815/3655 3656/3816/3656 3639/3799/3639
f 3639/3799/3639 3656/3816/3656 3640/3800/3640
f 3656/3816/3656 3657/3817/3657 3640/3800/3640
f 3640/3800/3640 3657/3817/3657 3641/3801/3641
f 3657/3817/3657 3658/3818/3658 3641/3801/3641
f 3641/3801/3641 3658/3818/3658 3642/3802/3642
f 3658/3818/3658 3659/3819/3659 3642/3802/3642
f 3642/3802/3642 3659/3819/3659 3643/3803/3643
f 3659/3819/3659 3660/3820/3660 3643/3803/3643
f 3643/3803/3643 3660/3820/3660 3644/3804/3644
f 3660/3820/3660 3661/3821/3661 3644/3804/3644
f 3644/3804/3644 3661/3821/3661 1609/1674/1609
f 3661/3821/3661 1610/1675/1610 1609/1674/1609
f 3645/3805/3645 3662/3822/3662 3646/3806/3646
f 3662/3822/3662 3663/3823/3663 3646/3806/3646
f 3646/3806/3646 3663/3823/3663 3647/3807/3647
f 3663/3823/3663 3664/3824/3664 3647/3807/3647
f 3647/3807/3647 3664/3824/3664 3648/3808/3648
f 3664/3824/3664 3665/3825/3665 3648/3808/3648
f 3648/3808/3648 3665/3825/3665 3649/3809/3649
f 3665/3825/3665 3666/3826/3666 3649/3809/3649
f 3649/3809/3649 3666/3826/3666 3650/3810/3650
f 3666/3826/3666 3667/3827/3667 3650/3810/3650
f 3650/3810/3650 3667/3827/3667 3651/3811/3651
f 3667/3827/3667 3668/3828/3668 3651/3811/3651
f 3651/3811/3651 3668/3828/3668 3652/3812/3652
f 3668/3828/3668 3669/3829/3669 3652/3812/3652
f 3652/3812/3652 3669/3829/3669 3653/3813/3653
f 3669/3829/3669 3670/3830/3670 3653/3813/3653
f 3653/3813/3653 3670/3830/3670 3654/3814/3654
f 3670/3830/3670 3671/3831/3671 3654/3814/3654
f 3654/3814/3654 3671/3831/3671 3655/3815/3655
f 3671/3831/3671 3672/3832/3672 3655/3815/3655
f 3655/3815/3655 3672/3832/3672 3656/3816/3656
f 3672/3832/3672 3673/3833/3673 3656/3816/3656
f 3656/3816/3656 3673/3833/3673 3657/3817/3657
f 3673/3833/3673 3674/3834/3674 3657/3817/3657
f 3657/3817/3657 3674/3834/3674 3658/3818/3658
f 3674/3834/3674 3675/3835/3675 3658/3818/3658
f 3658/3818/3658 3675/3835/3675 3659/3819/3659
f 3675/3835/3675 3676/3836/3676 3659/3819/3659
f 3659/3819/3659 3676/3836/3676 3660/3820/3660
f 3676/3836/3676 3677/3837/3677 3660/3820/3660
f 3660/3820/3660 3677/3837/3677 3661/3821/3661
f 3677/3837/3677 3678/3838/3678 3661/3821/3661
f 3661/3821/3661 3678/3838/3678 1610/1675/1610
f 3678/3838/3678 1611/1676/1611 1610/1675/1610
f 3662/3822/3662 3679/3839/3679 3663/3823/3663
f 3679/3839/3679 3680/3840/3680 3663/3823/3663
f 3663/3823/3663 3680/3840/3680 3664/3824/3664
f 3680/3840/3680 3681/3841/3681 3664/3824/3664
f 3664/3824/3664 3681/3841/3681 3665/3825/3665
f 3681/3841/3681 3682/3842/3682 3665/3825/3665
f 3665/3825/3665 3682/3842/3682 3666/3826/3666
f 3682/3842/3682 3683/3843/3683 3666/3826/3666
f 3666/3826/3666 3683/3843/3683 3667/3827/3667
f 3683/3843/3683 3684/3844/3684 3667/3827/3667
f 3667/3827/3667 3684/3844/3684 3668/3828/3668
f 3684/3844/3684 3685/3845/3685 3668/3828/3668
f 3668/3828/3668 3685/3845/3685 3669/3829/3669
f 3685/3845/3685 3686/3846/3686 3669/3829/3669
f 3669/3829/3669 3686/3846/3686 3670/3830/3670
f 3686/3846/3686 3687/3847/3687 3670/3830/3670
f 3670/3830/3670 3687/3847/3687 3671/3831/3671
f 3687/3847/3687 3688/3848/3688 3671/3831/3671
f 3671/3831/3671 3688/3848/3688 3672/3832/3672
f 3688/3848/3688 3689/3849/3689 3672/3832/3672
f 3672/3832/3672 3689/3849/3689 3673/3833/3673
f 3689/3849/3689 3690/3850/3690 3673/3833/3673
f 3673/3833/3673 3690/3850/3690 3674/3834/3674
f 3690/3850/3690 3691/3851/3691 3674/3834/3674
f 3674/3834/3674 3691/3851/3691 3675/3835/3675
f 3691/3851/3691 3692/3852/3692 3675/3835/3675
f 3675/3835/3675 3692/3852/3692 3676/3836/3676
f 3692/3852/3692 3693/3853/3693 3676/3836/3676
f 3676/3836/3676 3693/3853/3693 3677/3837/3677
f 3693/3853/3693 3694/3854/3694 3677/3837/3677
f 3677/3837/3677 3694/3854/3694 3678/3838/3678
f 3694/3854/3694 3695/3855/3695 3678/3838/3678
f 3678/3838/3678 3695/3855/3695 1611/1676/1611
f 3695/3855/3695 1612/1677/1612 1611/1676/1611
f 3679/3839/3679 3696/3856/3696 3680/3840/3680
f 3696/3856/3696 3697/3857/3697 3680/3840/3680
f 3680/3840/3680 3697/3857/3697 3681/3841/3681
f 3697/3857/3697 3698/3858/3698 3681/3841/3681
f 3681/3841/3681 3698/3858/3698 3682/3842/3682
f 3698/3858/3698 3699/3859/3699 3682/3842/3682
f 3682/3842/3682 3699/3859/3699 3683/3843/3683
f 3699/3859/3699 3700/3860/3700 3683/3843/3683
f 3683/3843/3683 3700/3860/3700 3684/3844/3684
f 3700/3860/3700 3701/3861/3701 3684/3844/3684
f 3684/3844/3684 3701/3861/3701 3685/3845/3685
f 3701/3861/3701 3702/3862/3702 3685/3845/3685
f 3685/3845/3685 3702/3862/3702 3686/3846/3686
f 3702/3862/3702 3703/3863/3703 3686/3846/3686
f 3686/3846/3686 3703/3863/3703 3687/3847/3687
f 3703/3863/3703 3704/3864/3704 3687/3847/3687
f 3687/3847/3687 3704/3864/3704 3688/3848/3688
f 3704/3864/3704 3705/3865/3705 3688/3848/3688
f 3688/3848/3688 3705/3865/3705 3689/3849/3689
f 3705/3865/3705 3706/3866/3706 3689/3849/3689
f 3689/3849/3689 3706/3866/3706 3690/3850/3690
f 3706/3866/3706 3707/3867/3707 3690/3850/3690
f 3690/3850/3690 3707/3867/3707 3691/3851/3691
f 3707/3867/3707 3708/3868/3708 3691/3851/3691
f 3691/3851/3691 3708/3868/3708 3692/3852/3692
f 3708/3868/3708 3709/3869/3709 3692/3852/3692
f 3692/3852/3692 3709/3869/3709 3693/3853/3693
f 3709/3869/3709 3710/3870/3710 3693/3853/3693
f 3693/3853/3693 3710/3870/3710 3694/3854/3694
f 3710/3870/3710 3711/3871/3711 3694/3854/3694
f 3694/3854/3694 3711/3871/3711 3695/3855/3695
f 3711/3871/3711 3712/3872/3712 3695/3855/3695
f 3695/3855/3695 3712/3872/3712 1612/1677/1612
f 3712/3872/3712 1613/1678/1613 1612/1677/1612
f 3696/3856/3696 3713/3873/3713 3697/3857/3697
f 3713/3873/3713 3714/3874/3714 3697/3857/3697
f 3697/3857/3697 3714/3874/3714 3698/3858/3698
f 3714/3874/3714 3715/3875/3715 3698/3858/3698
f 3698/3858/3698 3715/3875/3715 3699/3859/3699
f 3715/3875/3715 3716/3876/3716 3699/3859/3699
f 3699/3859/3699 3716/3876/3716 3700/3860/3700
f 3716/3876/3716 3717/3877/3717 3700/3860/3700
f 3700/3860/3700 3717/3877/3717 3701/3861/3701
f 3717/3877/3717 3718/3878/3718 3701/3861/3701
f 3701/3861/3701 3718/3878/3718 3702/3862/3702
f 3718/3878/3718 3719/3879/3719 3702/3862/3702
f 3702/3862/3702 3719/3879/3719 3703/3863/3703
f 3719/3879/3719 3720/3880/3720 3703/3863/3703
f 3703/3863/3703 3720/3880/3720 3704/3864/3704
f 3720/3880/3720 3721/3881/3721 3704/3864/3704
f 3704/3864/3704 3721/3881/3721 3705/3865/3705
f 3721/3881/3721 3722/3882/3722 3705/3865/3705
f 3705/3865/3705 3722/3882/3722 3706/3866/3706
f 3722/3882/3722 3723/3883/3723 3706/3866/3706
f 3706/3866/3706 3723/3883/3723 3707/3867/3707
f 3723/3883/3723 3724/3884/3724 3707/3867/3707
f 3707/3867/3707 3724/3884/3724 3708/3868/3708
f 3724/3884/3724 3725/3885/3725 3708/3868/3708
f 3708/3868/3708 3725/3885/3725 3709/3869/3709
f 3725/3885/3725 3726/3886/3726 3709/3869/3709
f 3709/3869/3709 3726/3886/3726 3710/3870/3710
f 3726/3886/3726 3727/3887/3727 3710/3870/3710
f 3710/3870/3710 3727/3887/3727 3711/3871/3711
f 3727/3887/3727 3728/3888/3728 3711/3871/3711
f 3711/3871/3711 3728/3888/3728 3712/3872/3712
f 3728/3888/3728 3729/3889/3729 3712/3872/3712
f 3712/3872/3712 3729/3889/3729 1613/1678/1613
f 3729/3889/3729 1614/1679/1614 1613/1678/1613
f 3713/3873/3713 3730/3890/3730 3714/3874/3714
f 3730/3890/3730 3731/3891/3731 3714/3874/3714
f 3714/3874/3714 3731/3891/3731 3715/3875/3715
f 3731/3891/3731 3732/3892/3732 3715/3875/3715
f 3715/3875/3715 3732/3892/3732 3716/3876/3716
f 3732/3892/3732 3733/3893/3733 3716/3876/3716
f 3716/3876/3716 3733/3893/3733 3717/3877/3717
f 3733/3893/3733 3734/3894/3734 3717/3877/3717
f 3717/3877/3717 3734/3894/3734 3718/3878/3718
f 3734/3894/3734 3735/3895/3735 3718/3878/3718
f 3718/3878/3718 3735/3895/3735 3719/3879/3719
f 3735/3895/3735 3736/3896/3736 3719/3879/3719
f 3719/3879/3719 3736/3896/3736 3720/3880/3720
f 3736/3896/3736 3737/3897/3737 3720/3880/3720
f 3720/3880/3720 3737/3897/3737 3721/3881/3721
f 3737/3897/3737 3738/3898/3738 3721/3881/3721
f 3721/3881/3721 3738/3898/3738 3722/3882/3722
f 3738/3898/3738 3739/3899/3739 3722/3882/3722
f 3722/3882/3722 3739/3899/3739 3723/3883/3723
f 3739/3899/3739 3740/3900/3740 3723/3883/3723
f 3723/3883/3723 3740/3900/3740 3724/3884/3724
f 3740/3900/3740 3741/3901/3741 3724/3884/3724
f 3724/3884/3724 3741/3901/3741 3725/3885/3725
f 3741/3901/3741 3742/3902/3742 3725/3885/3725
f 3725/3885/3725 3742/3902/3742 3726/3886/3726
f 3742/3902/3742 3743/3903/3743 3726/3886/3726
f 3726/3886/3726 3743/3903/3743 3727/3887/3727
f 3743/3903/3743 3744/3904/3744 3727/3887/3727
f 3727/3887/3727 3744/3904/3744 3728/3888/3728
f 3744/3904/3744 3745/3905/3745 3728/3888/3728
f 3728/3888/3728 3745/3905/3745 3729/3889/3729
f 3745/3905/3745 3746/3906/3746 3729/3889/3729
f 3729/3889/3729 3746/3906/3746 1614/1679/1614
f 3746/3906/3746 1615/1680/1615 1614/1679/1614
f 3730/3890/3730 3747/3907/3747 3731/3891/3731
f 3747/3907/3747 3748/3908/3748 3731/3891/3731
f 3731/3891/3731 3748/3908/3748 3732/3892/3732
f 3748/3908/3748 3749/3909/3749 3732/3892/3732
f 3732/3892/3732 3749/3909/3749 3733/3893/3733
f 3749/3909/3749 3750/3910/3750 3733/3893/3733
f 3733/3893/3733 3750/3910/3750 3734/3894/3734
f 3750/3910/3750 3751/3911/3751 3734/3894/3734
f 3734/3894/3734 3751/3911/3751 3735/3895/3735
f 3751/3911/3751 3752/3912/3752 3735/3895/3735
f 3735/3895/3735 3752/3912/3752 3736/3896/3736
f 3752/3912/3752 3753/3913/3753 3736/3896/3736
f 3736/3896/3736 3753/3913/3753 3737/3897/3737
f 3753/3913/3753 3754/3914/3754 3737/3897/3737
f 3737/3897/3737 3754/3914/3754 3738/3898/3738
f 3754/3914/3754 3755/3915/3755 3738/3898/3738
f 3738/3898/3738 3755/3915/3755 3739/3899/3739
f 3755/3915/3755 3756/3916/3756 3739/3899/3739
f 3739/3899/3739 3756/3916/3756 3740/3900/3740
f 3756/3916/3756 3757/3917/3757 3740/3900/3740
f 3740/3900/3740 3757/3917/3757 3741/3901/3741
f 3757/3917/3757 3758/3918/3758 3741/3901/3741
f 3741/3901/3741 3758/3918/3758 3742/3902/3742
f 3758/3918/3758 3759/3919/3759 3742/3902/3742
f 3742/3902/3742 3759/3919/3759 3743/3903/3743
f 3759/3919/3759 3760/3920/3760 3743/3903/3743
f 3743/3903/3743 3760/3920/3760 3744/3904/3744
f 3760/3920/3760 3761/3921/3761 3744/3904/3744
f 3744/3904/3744 3761/3921/3761 3745/3905/3745
f 3761/3921/3761 3762/3922/3762 3745/3905/3745
f 3745/3905/3745 3762/3922/3762 3746/3906/3746
f 3762/3922/3762 3763/3923/3763 3746/3906/3746
f 3746/3906/3746 3763/3923/3763 1615/1680/1615
f 3763/3923/3763 1616/1681/1616 1615/1680/1615
f 3747/3907/3747 3764/3924/3764 3748/3908/3748
f 3764/3924/3764 3765/3925/3765 3748/3908/3748
f 3748/3908/3748 3765/3925/3765 3749/3909/3749
f 3765/3925/3765 3766/3926/3766 3749/3909/3749
f 3749/3909/3749 3766/3926/3766 3750/3910/3750
f 3766/3926/3766 3767/3927/3767 3750/3910/3750
f 3750/3910/3750 3767/3927/3767 3751/3911/3751
f 3767/3927/3767 3768/3928/3768 3751/3911/3751
f 3751/3911/3751 3768/3928/3768 3752/3912/3752
f 3768/3928/3768 3769/3929/3769 3752/3912/3752
f 3752/3912/3752 3769/3929/3769 3753/3913/3753
f 3769/3929/3769 3770/3930/3770 3753/3913/3753
f 3753/3913/3753 3770/3930/3770 3754/3914/3754
f 3770/3930/3770 3771/3931/3771 3754/3914/3754
f 3754/3914/3754 3771/3931/3771 3755/3915/3755
f 3771/3931/3771 3772/3932/3772 3755/3915/3755
f 3755/3915/3755 3772/3932/3772 3756/3916/3756
f 3772/3932/3772 3773/3933/3773 3756/3916/3756
f 3756/3916/3756 3773/3933/3773 3757/3917/3757
f 3773/3933/3773 3774/3934/3774 3757/3917/3757
f 3757/3917/3757 3774/3934/3774 3758/3918/3758
f 3774/3934/3774 3775/3935/3775 3758/3918/3758
f 3758/3918/3758 3775/3935/3775 3759/3919/3759
f 3775/3935/3775 3776/3936/3776 3759/3919/3759
f 3759/3919/3759 3776/3936/3776 3760/3920/3760
f 3776/3936/3776 3777/3937/3777 3760/3920/3760
f 3760/3920/3760 3777/3937/3777 3761/3921/3761
f 3777/3937/3777 3778/3938/3778 3761/3921/3761
f 3761/3921/3761 3778/3938/3778 3762/3922/3762
f 3778/3938/3778 3779/3939/3779 3762/3922/3762
f 3762/3922/3762 3779/3939/3779 3763/3923/3763
f 3779/3939/3779 3780/3940/3780 3763/3923/3763
f 3763/3923/3763 3780/3940/3780 1616/1681/1616
f 3780/3940/3780 1617/1682/1617 1616/1681/1616
f 3764/3924/3764 3781/3941/3781 3765/3925/3765
f 3781/3941/3781 3782/3942/3782 3765/3925/3765
f 3765/3925/3765 3782/3942/3782 3766/3926/3766
f 3782/3942/3782 3783/3943/3783 3766/3926/3766
f 3766/3926/3766 3783/3943/3783 3767/3927/3767
f 3783/3943/3783 3784/3944/3784 3767/3927/3767
f 3767/3927/3767 3784/3944/3784 3768/3928/3768
f 3784/3944/3784 3785/3945/3785 3768/3928/3768
f 3768/3928/3768 3785/3945/3785 3769/3929/3769
f 3785/3945/3785 3786/3946/3786 3769/3929/3769
f 3769/3929/3769 3786/3946/3786 3770/3930/3770
f 3786/3946/3786 3787/3947/3787 3770/3930/3770
f 3770/3930/3770 3787/3947/3787 3771/3931/3771
f 3787/3947/3787 3788/3948/3788 3771/3931/3771
f 3771/3931/3771 3788/3948/3788 3772/3932/3772
f 3788/3948/3788 3789/3949/3789 3772/3932/3772
f 3772/3932/3772 3789/3949/3789 3773/3933/3773
f 3789/3949/3789 3790/3950/3790 3773/3933/3773
f 3773/3933/3773 3790/3950/3790 3774/3934/3774
f 3790/3950/3790 3791/3951/3791 3774/3934/3774
f 3774/3934/3774 3791/3951/3791 3775/3935/3775
f 3791/3951/3791 3792/3952/3792 3775/3935/3775
f 3775/3935/3775 3792/3952/3792 3776/3936/3776
f 3792/3952/3792 3793/3953/3793 3776/3936/3776
f 3776/3936/3776 3793/3953/3793 3777/3937/3777
f 3793/3953/3793 3794/3954/3794 3777/3937/3777
f 3777/3937/3777 3794/3954/3794 3778/3938/3778
f 3794/3954/3794 3795/3955/3795 3778/3938/3778
f 3778/3938/3778 3795/3955/3795 3779/3939/3779
f 3795/3955/3795 3796/3956/3796 3779/3939/3779
f 3779/3939/3779 3796/3956/3796 3780/3940/3780
f 3796/3956/3796 3797/3957/3797 3780/3940/3780
f 3780/3940/3780 3797/3957/3797 1617/1682/1617
f 3797/3957/3797 1618/1683/1618 1617/1682/1617
f 3781/3941/3781 3798/3958/3798 3782/3942/3782
f 3798/3958/3798 3799/3959/3799 3782/3942/3782
f 3782/3942/3782 3799/3959/3799 3783/3943/3783
f 3799/3959/3799 3800/3960/3800 3783/3943/3783
f 3783/3943/3783 3800/3960/3800 3784/3944/3784
f 3800/3960/3800 3801/3961/3801 3784/3944/3784
f 3784/3944/3784 3801/3961/3801 3785/3945/3785
f 3801/3961/3801 3802/3962/3802 3785/3945/3785
f 3785/3945/3785 3802/3962/3802 3786/3946/3786
f 3802/3962/3802 3803/3963/3803 3786/3946/3786
f 3786/3946/3786 3803/3963/3803 3787/3947/3787
f 3803/3963/3803 3804/3964/3804 3787/3947/3787
f 3787/3947/3787 3804/3964/3804 3788/3948/3788
f 3804/3964/3804 3805/3965/3805 3788/3948/3788
f 3788/3948/3788 3805/3965/3805 3789/3949/3789
f 3805/3965/3805 3806/3966/3806 3789/3949/3789
f 3789/3949/3789 3806/3966/3806 3790/3950/3790
f 3806/3966/3806 3807/3967/3807 3790/3950/3790
f 3790/3950/3790 3807/3967/3807 3791/3951/3791
f 3807/3967/3807 3808/3968/3808 3791/3951/3791
f 3791/3951/3791 3808/3968/3808 3792/3952/3792
f 3808/3968/3808 3809/3969/3809 3792/3952/3792
f 3792/3952/3792 3809/3969/3809 3793/3953/3793
f 3809/3969/3809 3810/3970/3810 3793/3953/3793
f 3793/3953/3793 3810/3970/3810 3794/3954/3794
f 3810/3970/3810 3811/3971/3811 3794/3954/3794
f 3794/3954/3794 3811/3971/3811 3795/3955/3795
f 3811/3971/3811 3812/3972/3812 3795/3955/3795
f 3795/3955/3795 3812/3972/3812 3796/3956/3796
f 3812/3972/3812 3813/3973/3813 3796/3956/3796
f 3796/3956/3796 3813/3973/3813 3797/3957/3797
f 3813/3973/3813 3814/3974/3814 3797/3957/3797
f 3797/3957/3797 3814/3974/3814 1618/1683/1618
f 3814/3974/3814 1619/1684/1619 1618/1683/1618
f 3798/3958/3798 3815/3975/3815 3799/3959/3799
f 3815/3975/3815 3816/3976/3816 3799/3959/3799
f 3799/3959/3799 3816/3976/3816 3800/3960/3800
f 3816/3976/3816 3817/3977/3817 3800/3960/3800
f 3800/3960/3800 3817/3977/3817 3801/3961/3801
f 3817/3977/3817 3818/3978/3818 3801/3961/3801
f 3801/3961/3801 3818/3978/3818 3802/3962/3802
f 3818/3978/3818 3819/3979/3819 3802/3962/3802
f 3802/3962/3802 3819/3979/3819 3803/3963/3803
f 3819/3979/3819 3820/3980/3820 3803/3963/3803
f 3803/3963/3803 3820/3980/3820 3804/3964/3804
f 3820/3980/3820 3821/3981/3821 3804/3964/3804
f 3804/3964/3804 3821/3981/3821 3805/3965/3805
f 3821/3981/3821 3822/3982/3822 3805/3965/3805
f 3805/3965/3805 3822/3982/3822 3806/3966/3806
f 3822/3982/3822 3823/3983/3823 3806/3966/3806
f 3806/3966/3806 3823/3983/3823 3807/3967/3807
f 3823/3983/3823 3824/3984/3824 3807/3967/3807
f 3807/3967/3807 3824/3984/3824 3808/3968/3808
f 3824/3984/3824 3825/3985/3825 3808/3968/3808
f 3808/3968/3808 3825/3985/3825 3809/3969/3809
f 3825/3985/3825 3826/3986/3826 3809/3969/3809
f 3809/3969/3809 3826/3986/3826 3810/3970/3810
f 3826/3986/3826 3827/3987/3827 3810/3970/3810
f 3810/3970/3810 3827/3987/3827 3811/3971/3811
f 3827/3987/3827 3828/3988/3828 3811/3971/3811
f 3811/3971/3811 3828/3988/3828 3812/3972/3812
f 3828/3988/3828 3829/3989/3829 3812/3972/3812
f 3812/3972/3812 3829/3989/3829 3813/3973/3813
f 3829/3989/3829 3830/3990/3830 3813/3973/3813
f 3813/3973/3813 3830/3990/3830 3814/3974/3814
f 3830/3990/3830 3831/3991/3831 3814/3974/3814
f 3814/3974/3814 3831/3991/3831 1619/1684/1619
f 3831/3991/3831 1620/1685/1620 1619/1684/1619
f 3815/3975/3815 3832/3992/3832 3816/3976/3816
f 3832/3992/3832 3833/3993/3833 3816/3976/3816
f 3816/3976/3816 3833/3993/3833 3817/3977/3817
f 3833/3993/3833 3834/3994/3834 3817/3977/3817
f 3817/3977/3817 3834/3994/3834 3818/3978/3818
f 3834/3994/3834 3835/3995/3835 3818/3978/3818
f 3818/3978/3818 3835/3995/3835 3819/3979/3819
f 3835/3995/3835 3836/3996/3836 3819/3979/3819
f 3819/3979/3819 3836/3996/3836 3820/3980/3820
f 3836/3996/3836 3837/3997/3837 3820/3980/3820
f 3820/3980/3820 3837/3997/3837 3821/3981/3821
f 3837/3997/3837 3838/3998/3838 3821/3981/3821
f 3821/3981/3821 3838/3998/3838 3822/3982/3822
f 3838/3998/3838 3839/3999/3839 3822/3982/3822
f 3822/3982/3822 3839/3999/3839 3823/3983/3823
f 3839/3999/3839 3840/4000/3840 3823/3983/3823
f 3823/3983/3823 3840/4000/3840 3824/3984/3824
f 3840/4000/3840 3841/4001/3841 3824/3984/3824
f 3824/3984/3824 3841/4001/3841 3825/3985/3825
f 3841/4001/3841 3842/4002/3842 3825/3985/3825
f 3825/3985/3825 3842/4002/3842 3826/3986/3826
f 3842/4002/3842 3843/4003/3843 3826/3986/3826
f 3826/3986/3826 3843/4003/3843 3827/3987/3827
f 3843/4003/3843 3844/4004/3844 3827/3987/3827
f 3827/3987/3827 3844/4004/3844 3828/3988/3828
f 3844/4004/3844 3845/4005/3845 3828/3988/3828
f 3828/3988/3828 3845/4005/3845 3829/3989/3829
f 3845/4005/3845 3846/4006/3846 3829/3989/3829
f 3829/3989/3829 3846/4006/3846 3830/3990/3830
f 3846/4006/3846 3847/4007/3847 3830/3990/3830
f 3830/3990/3830 3847/4007/3847 3831/3991/3831
f 3847/4007/3847 3848/4008/3848 3831/3991/3831
f 3831/3991/3831 3848/4008/3848 1620/1685/1620
f 3848/4008/3848 1621/1686/1621 1620/1685/1620
f 3832/3992/3832 3849/4009/3849 3833/3993/3833
f 3849/4009/3849 3850/4010/3850 3833/3993/3833
f 3833/3993/3833 3850/4010/3850 3834/3994/3834
f 3850/4010/3850 3851/4011/3851 3834/3994/3834
f 3834/3994/3834 3851/4011/3851 3835/3995/3835
f 3851/4011/3851 3852/4012/3852 3835/3995/3835
f 3835/3995/3835 3852/4012/3852 3836/3996/3836
f 3852/4012/3852 3853/4013/3853 3836/3996/3836
f 3836/3996/3836 3853/4013/3853 3837/3997/3837
f 3853/4013/3853 3854/4014/3854 3837/3997/3837
f 3837/3997/3837 3854/4014/3854 3838/3998/3838
f 3854/4014/3854 3855/4015/3855 3838/3998/3838
f 3838/3998/3838 3855/4015/3855 3839/3999/3839
f 3855/4015/3855 3856/4016/3856 3839/3999/3839
f 3839/3999/3839 3856/4016/3856 3840/4000/3840
f 3856/4016/3856 3857/4017/3857 3840/4000/3840
f 3840/4000/3840 3857/4017/3857 3841/4001/3841
f 3857/4017/3857 3858/4018/3858 3841/4001/3841
f 3841/4001/3841 3858/4018/3858 3842/4002/3842
f 3858/4018/3858 3859/4019/3859 3842/4002/3842
f 3842/4002/3842 3859/4019/3859 3843/4003/3843
f 3859/4019/3859 3860/4020/3860 3843/4003/3843
f 3843/4003/3843 3860/4020/3860 3844/4004/3844
f 3860/4020/3860 3861/4021/3861 3844/4004/3844
f 3844/4004/3844 3861/4021/3861 3845/4005/3845
f 3861/4021/3861 3862/4022/3862 3845/4005/3845
f 3845/4005/3845 3862/4022/3862 3846/4006/3846
f 3862/4022/3862 3863/4023/3863 3846/4006/3846
f 3846/4006/3846 3863/4023/3863 3847/4007/3847
f 3863/4023/3863 3864/4024/3864 3847/4007/3847
f 3847/4007/3847 3864/4024/3864 3848/4008/3848
f 3864/4024/3864 3865/4025/3865 3848/4008/3848
f 3848/4008/3848 3865/4025/3865 1621/1686/1621
f 3865/4025/3865 4/1687/4 1621/1686/1621
f 3866/4026/3866 5/5/5 4/4/4
f 3867/4027/3867 3868/4028/3868 3866/4026/3866
f 3869/4029/3869 3870/4030/3870 3867/4027/3867
f 3871/4031/3871 3872/4032/3872 3869/4029/3869
f 3873/4033/3873 3874/4034/3874 3871/4031/3871
f 3875/4035/3875 3876/4036/3876 3873/4033/3873
f 3877/4037/3877 3878/4038/3878 3875/4035/3875
f 3879/4039/3879 3880/4040/3880 3877/4037/3877
f 3881/4041/3881 3882/4042/3882 3879/4039/3879
f 3883/4043/3883 3884/4044/3884 3881/4041/3881
f 3885/4045/3885 3886/4046/3886 3883/4043/3883
f 3887/4047/3887 3888/4048/3888 3885/4045/3885
f 3889/4049/3889 3890/4050/3890 3887/4047/3887
f 3891/4051/3891 3892/4052/3892 3889/4049/3889
f 3893/4053/3893 3894/4054/3894 3891/4051/3891
f 3895/4055/3895 3896/4056/3896 3893/4053/3893
f 3897/4057/3897 3898/4058/3898 3895/4055/3895
f 3866/4026/3866 3868/4028/3868 5/5/5
f 3868/4028/3868 2117/2215/2117 5/5/5
f 3867/4027/3867 3870/4030/3870 3868/4028/3868
f 3870/4030/3870 3900/4059/3899 3868/4028/3868
f 3868/4028/3868 3900/4059/3899 2117/2215/2117
f 3900/4059/3899 2118/2216/2118 2117/2215/2117
f 3869/4029/3869 3872/4032/3872 3870/4030/3870
f 3872/4032/3872 3901/4060/3900 3870/4030/3870
f 3870/4030/3870 3901/4060/3900 3900/4059/3899
f 3901/4060/3900 3902/4061/3901 3900/4059/3899
f 3900/4059/3899 3902/4061/3901 2118/2216/2118
f 3902/4061/3901 2119/2217/2119 2118/2216/2118
f 3871/4031/3871 3874/4034/3874 3872/4032/3872
f 3874/4034/3874 3903/4062/3902 3872/4032/3872
f 3872/4032/3872 3903/4062/3902 3901/4060/3900
f 3903/4062/3902 3904/4063/3903 3901/4060/3900
f 3901/4060/3900 3904/4063/3903 3902/4061/3901
f 3904/4063/3903 3905/4064/3904 3902/4061/3901
f 3902/4061/3901 3905/4064/3904 2119/2217/2119
f 3905/4064/3904 2120/2218/2120 2119/2217/2119
f 3873/4033/3873 3876/4036/3876 3874/4034/3874
f 3876/4036/3876 3906/4065/3905 3874/4034/3874
f 3874/4034/3874 3906/4065/3905 3903/4062/3902
f 3906/4065/3905 3907/4066/3906 3903/4062/3902
f 3903/4062/3902 3907/4066/3906 3904/4063/3903
f 3907/4066/3906 3908/4067/3907 3904/4063/3903
f 3904/4063/3903 3908/4067/3907 3905/4064/3904
f 3908/4067/3907 3909/4068/3908 3905/4064/3904
f 3905/4064/3904 3909/4068/3908 2120/2218/2120
f 3909/4068/3908 2121/2219/2121 2120/2218/2120
f 3875/4035/3875 3878/4038/3878 3876/4036/3876
f 3878/4038/3878 3910/4069/3909 3876/4036/3876
f 3876/4036/3876 3910/4069/3909 3906/4065/3905
f 3910/4069/3909 3911/4070/3910 3906/4065/3905
f 3906/4065/3905 3911/4070/3910 3907/4066/3906
f 3911/4070/3910 3912/4071/3911 3907/4066/3906
f 3907/4066/3906 3912/4071/3911 3908/4067/3907
f 3912/4071/3911 3913/4072/3912 3908/4067/3907
f 3908/4067/3907 3913/4072/3912 3909/4068/3908
f 3913/4072/3912 3914/4073/3913 3909/4068/3908
f 3909/4068/3908 3914/4073/3913 2121/2219/2121
f 3914/4073/3913 2122/2220/2122 2121/2219/2121
f 3877/4037/3877 3880/4040/3880 3878/4038/3878
f 3880/4040/3880 3915/4074/3914 3878/4038/3878
f 3878/4038/3878 3915/4074/3914 3910/4069/3909
f 3915/4074/3914 3916/4075/3915 3910/4069/3909
f 3910/4069/3909 3916/4075/3915 3911/4070/3910
f 3916/4075/3915 3917/4076/3916 3911/4070/3910
f 3911/4070/3910 3917/4076/3916 3912/4071/3911
f 3917/4076/3916 3918/4077/3917 3912/4071/3911
f 3912/4071/3911 3918/4077/3917 3913/4072/3912
f 3918/4077/3917 3919/4078/3918 3913/4072/3912
f 3913/4072/3912 3919/4078/3918 3914/4073/3913
f 3919/4078/3918 3920/4079/3919 3914/4073/3913
f 3914/4073/3913 3920/4079/3919 2122/2220/2122
f 3920/4079/3919 2123/2221/2123 2122/2220/2122
f 3879/4039/3879 3882/4042/3882 3880/4040/3880
f 3882/4042/3882 3921/4080/3920 3880/4040/3880
f 3880/4040/3880 3921/4080/3920 3915/4074/3914
f 3921/4080/3920 3922/4081/3921 3915/4074/3914
f 3915/4074/3914 3922/4081/3921 3916/4075/3915
f 3922/4081/3921 3923/4082/3922 3916/4075/3915
f 3916/4075/3915 3923/4082/3922 3917/4076/3916
f 3923/4082/3922 3924/4083/3923 3917/4076/3916
f 3917/4076/3916 3924/4083/3923 3918/4077/3917
f 3924/4083/3923 3925/4084/3924 3918/4077/3917
f 3918/4077/3917 3925/4084/3924 3919/4078/3918
f 3925/4084/3924 3926/4085/3925 3919/4078/3918
f 3919/4078/3918 3926/4085/3925 3920/4079/3919
f 3926/4085/3925 3927/4086/3926 3920/4079/3919
f 3920/4079/3919 3927/4086/3926 2123/2221/2123
f 3927/4086/3926 2124/2222/2124 2123/2221/2123
f 3881/4041/3881 3884/4044/3884 3882/4042/3882
f 3884/4044/3884 3928/4087/3927 3882/4042/3882
f 3882/4042/3882 3928/4087/3927 3921/4080/3920
f 3928/4087/3927 3929/4088/3928 3921/4080/3920
f 3921/4080/3920 3929/4088/3928 3922/4081/3921
f 3929/4088/3928 3930/4089/3929 3922/4081/3921
f 3922/4081/3921 3930/4089/3929 3923/4082/3922
f 3930/4089/3929 3931/4090/3930 3923/4082/3922
f 3923/4082/3922 3931/4090/3930 3924/4083/3923
f 3931/4090/3930 3932/4091/3931 3924/4083/3923
f 3924/4083/3923 3932/4091/3931 3925/4084/3924
f 3932/4091/3931 3933/4092/3932 3925/4084/3924
f 3925/4084/3924 3933/4092/3932 3926/4085/3925
f 3933/4092/3932 3934/4093/3933 3926/4085/3925
f 3926/4085/3925 3934/4093/3933 3927/4086/3926
f 3934/4093/3933 3935/4094/3934 3927/4086/3926
f 3927/4086/3926 3935/4094/3934 2124/2222/2124
f 3935/4094/3934 2125/2223/2125 2124/2222/2124
f 3883/4043/3883 3886/4046/3886 3884/4044/3884
f 3886/4046/3886 3936/4095/3935 3884/4044/3884
f 3884/4044/3884 3936/4095/3935 3928/4087/3927
f 3936/4095/3935 3937/4096/3936 3928/4087/3927
f 3928/4087/3927 3937/4096/3936 3929/4088/3928
f 3937/4096/3936 3938/4097/3937 3929/4088/3928
f 3929/4088/3928 3938/4097/3937 3930/4089/3929
f 3938/4097/3937 3939/4098/3938 3930/4089/3929
f 3930/4089/3929 3939/4098/3938 3931/4090/3930
f 3939/4098/3938 3940/4099/3939 3931/4090/3930
f 3931/4090/3930 3940/4099/3939 3932/4091/3931
f 3940/4099/3939 3941/4100/3940 3932/4091/3931
f 3932/4091/3931 3941/4100/3940 3933/4092/3932
f 3941/4100/3940 3942/4101/3941 3933/4092/3932
f 3933/4092/3932 3942/4101/3941 3934/4093/3933
f 3942/4101/3941 3943/4102/3942 3934/4093/3933
f 3934/4093/3933 3943/4102/3942 3935/4094/3934
f 3943/4102/3942 3944/4103/3943 3935/4094/3934
f 3935/4094/3934 3944/4103/3943 2125/2223/2125
f 3944/4103/3943 2126/2224/2126 2125/2223/2125
f 3885/4045/3885 3888/4048/3888 3886/4046/3886
f 3888/4048/3888 3945/4104/3944 3886/4046/3886
f 3886/4046/3886 3945/4104/3944 3936/4095/3935
f 3945/4104/3944 3946/4105/3945 3936/4095/3935
f 3936/4095/3935 3946/4105/3945 3937/4096/3936
f 3946/4105/3945 3947/4106/3946 3937/4096/3936
f 3937/4096/3936 3947/4106/3946 3938/4097/3937
f 3947/4106/3946 3948/4107/3947 3938/4097/3937
f 3938/4097/3937 3948/4107/3947 3939/4098/3938
f 3948/4107/3947 3949/4108/3948 3939/4098/3938
f 3939/4098/3938 3949/4108/3948 3940/4099/3939
f 3949/4108/3948 3950/4109/3949 3940/4099/3939
f 3940/4099/3939 3950/4109/3949 3941/4100/3940
f 3950/4109/3949 3951/4110/3950 3941/4100/3940
f 3941/4100/3940 3951/4110/3950 3942/4101/3941
f 3951/4110/3950 3952/4111/3951 3942/4101/3941
f 3942/4101/3941 3952/4111/3951 3943/4102/3942
f 3952/4111/3951 3953/4112/3952 3943/4102/3942
f 3943/4102/3942 3953/4112/3952 3944/4103/3943
f 3953/4112/3952 3954/4113/3953 3944/4103/3943
f 3944/4103/3943 3954/4113/3953 2126/2224/2126
f 3954/4113/3953 2127/2225/2127 2126/2224/2126
f 3887/4047/3887 3890/4050/3890 3888/4048/3888
f 3890/4050/3890 3955/4114/3954 3888/4048/3888
f 3888/4048/3888 3955/4114/3954 3945/4104/3944
f 3955/4114/3954 3956/4115/3955 3945/4104/3944
f 3945/4104/3944 3956/4115/3955 3946/4105/3945
f 3956/4115/3955 3957/4116/3956 3946/4105/3945
f 3946/4105/3945 3957/4116/3956 3947/4106/3946
f 3957/4116/3956 3958/4117/3957 3947/4106/3946
f 3947/4106/3946 3958/4117/3957 3948/4107/3947
f 3958/4117/3957 3959/4118/3958 3948/4107/3947
f 3948/4107/3947 3959/4118/3958 3949/4108/3948
f 3959/4118/3958 3960/4119/3959 3949/4108/3948
f 3949/4108/3948 3960/4119/3959 3950/4109/3949
f 3960/4119/3959 3961/4120/3960 3950/4109/3949
f 3950/4109/3949 3961/4120/3960 3951/4110/3950
f 3961/4120/3960 3962/4121/3961 3951/4110/3950
f 3951/4110/3950 3962/4121/3961 3952/4111/3951
f 3962/4121/3961 3963/4122/3962 3952/4111/3951
f 3952/4111/3951 3963/4122/3962 3953/4112/3952
f 3963/4122/3962 3964/4123/3963 3953/4112/3952
f 3953/4112/3952 3964/4123/3963 3954/4113/3953
f 3964/4123/3963 3965/4124/3964 3954/4113/3953
f 3954/4113/3953 3965/4124/3964 2127/2225/2127
f 3965/4124/3964 2128/2226/2128 2127/2225/2127
f 3889/4049/3889 3892/4052/3892 3890/4050/3890
f 3892/4052/3892 3966/4125/3965 3890/4050/3890
f 3890/4050/3890 3966/4125/3965 3955/4114/3954
f 3966/4125/3965 3967/4126/3966 3955/4114/3954
f 3955/4114/3954 3967/4126/3966 3956/4115/3955
f 3967/4126/3966 3968/4127/3967 3956/4115/3955
f 3956/4115/3955 3968/4127/3967 3957/4116/3956
f 3968/4127/3967 3969/4128/3968 3957/4116/3956
f 3957/4116/3956 3969/4128/3968 3958/4117/3957
f 3969/4128/3968 3970/4129/3969 3958/4117/3957
f 3958/4117/3957 3970/4129/3969 3959/4118/3958
f 3970/4129/3969 3971/4130/3970 3959/4118/3958
f 3959/4118/3958 3971/4130/3970 3960/4119/3959
f 3971/4130/3970 3972/4131/3971 3960/4119/3959
f 3960/4119/3959 3972/4131/3971 3961/4120/3960
f 3972/4131/3971 3973/4132/3972 3961/4120/3960
f 3961/4120/3960 3973/4132/3972 3962/4121/3961
f 3973/4132/3972 3974/4133/3973 3962/4121/3961
f 3962/4121/3961 3974/4133/3973 3963/4122/3962
f 3974/4133/3973 3975/4134/3974 3963/4122/3962
f 3963/4122/3962 3975/4134/3974 3964/4123/3963
f 3975/4134/3974 3976/4135/3975 3964/4123/3963
f 3964/4123/3963 3976/4135/3975 3965/4124/3964
f 3976/4135/3975 3977/4136/3976 3965/4124/3964
f 3965/4124/3964 3977/4136/3976 2128/2226/2128
f 3977/4136/3976 2129/2227/2129 2128/2226/2128
f 3891/4051/3891 3894/4054/3894 3892/4052/3892
f 3894/4054/3894 3978/4137/3977 3892/4052/3892
f 3892/4052/3892 3978/4137/3977 3966/4125/3965
f 3978/4137/3977 3979/4138/3978 3966/4125/3965
f 3966/4125/3965 3979/4138/3978 3967/4126/3966
f 3979/4138/3978 3980/4139/3979 3967/4126/3966
f 3967/4126/3966 3980/4139/3979 3968/4127/3967
f 3980/4139/3979 3981/4140/3980 3968/4127/3967
f 3968/4127/3967 3981/4140/3980 3969/4128/3968
f 3981/4140/3980 3982/4141/3981 3969/4128/3968
f 3969/4128/3968 3982/4141/3981 3970/4129/3969
f 3982/4141/3981 3983/4142/3982 3970/4129/3969
f 3970/4129/3969 3983/4142/3982 3971/4130/3970
f 3983/4142/3982 3984/4143/3983 3971/4130/3970
f 3971/4130/3970 3984/4143/3983 3972/4131/3971
f 3984/4143/3983 3985/4144/3984 3972/4131/3971
f 3972/4131/3971 3985/4144/3984 3973/4132/3972
f 3985/4144/3984 3986/4145/3985 3973/4132/3972
f 3973/4132/3972 3986/4145/3985 3974/4133/3973
f 3986/4145/3985 3987/4146/3986 3974/4133/3973
f 3974/4133/3973 3987/4146/3986 3975/4134/3974
f 3987/4146/3986 3988/4147/3987 3975/4134/3974
f 3975/4134/3974 3988/4147/3987 3976/4135/3975
f 3988/4147/3987 3989/4148/3988 3976/4135/3975
f 3976/4135/3975 3989/4148/3988 3977/4136/3976
f 3989/4148/3988 3990/4149/3989 3977/4136/3976
f 3977/4136/3976 3990/4149/3989 2129/2227/2129
f 3990/4149/3989 2130/2228/2130 2129/2227/2129
f 3893/4053/3893 3896/4056/3896 3894/4054/3894
f 3896/4056/3896 3991/4150/3990 3894/4054/3894
f 3894/4054/3894 3991/4150/3990 3978/4137/3977
f 3991/4150/3990 3992/4151/3991 3978/4137/3977
f 3978/4137/3977 3992/4151/3991 3979/4138/3978
f 3992/4151/3991 3993/4152/3992 3979/4138/3978
f 3979/4138/3978 3993/4152/3992 3980/4139/3979
f 3993/4152/3992 3994/4153/3993 3980/4139/3979
f 3980/4139/3979 3994/4153/3993 3981/4140/3980
f 3994/4153/3993 3995/4154/3994 3981/4140/3980
f 3981/4140/3980 3995/4154/3994 3982/4141/3981
f 3995/4154/3994 3996/4155/3995 3982/4141/3981
f 3982/4141/3981 3996/4155/3995 3983/4142/3982
f 3996/4155/3995 3997/4156/3996 3983/4142/3982
f 3983/4142/3982 3997/4156/3996 3984/4143/3983
f 3997/4156/3996 3998/4157/3997 3984/4143/3983
f 3984/4143/3983 3998/4157/3997 3985/4144/3984
f 3998/4157/3997 3999/4158/3998 3985/4144/3984
f 3985/4144/3984 3999/4158/3998 3986/4145/3985
f 3999/4158/3998 4000/4159/3999 3986/4145/3985
f 3986/4145/3985 4000/4159/3999 3987/4146/3986
f 4000/4159/3999 4001/4160/4000 3987/4146/3986
f 3987/4146/3986 4001/4160/4000 3988/4147/3987
f 4001/4160/4000 4002/4161/4001 3988/4147/3987
f 3988/4147/3987 4002/4161/4001 3989/4148/3988
f 4002/4161/4001 4003/4162/4002 3989/4148/3988
f 3989/4148/3988 4003/4162/4002 3990/4149/3989
f 4003/4162/4002 4004/4163/4003 3990/4149/3989
f 3990/4149/3989 4004/4163/4003 2130/2228/2130
f 4004/4163/4003 2131/2229/2131 2130/2228/2130
f 3895/4055/3895 3898/4058/3898 3896/4056/3896
f 3898/4058/3898 4005/4164/4004 3896/4056/3896
f 3896/4056/3896 4005/4164/4004 3991/4150/3990
f 4005/4164/4004 4006/4165/4005 3991/4150/3990
f 3991/4150/3990 4006/4165/4005 3992/4151/3991
f 4006/4165/4005 4007/4166/4006 3992/4151/3991
f 3992/4151/3991 4007/4166/4006 3993/4152/3992
f 4007/4166/4006 4008/4167/4007 3993/4152/3992
f 3993/4152/3992 4008/4167/4007 3994/4153/3993
f 4008/4167/4007 4009/4168/4008 3994/4153/3993
f 3994/4153/3993 4009/4168/4008 3995/4154/3994
f 4009/4168/4008 4010/4169/4009 3995/4154/3994
f 3995/4154/3994 4010/4169/4009 3996/4155/3995
f 4010/4169/4009 4011/4170/4010 3996/4155/3995
f 3996/4155/3995 4011/4170/4010 3997/4156/3996
f 4011/4170/4010 4012/4171/4011 3997/4156/3996
f 3997/4156/3996 4012/4171/4011 3998/4157/3997
f 4012/4171/4011 4013/4172/4012 3998/4157/3997
f 3998/4157/3997 4013/4172/4012 3999/4158/3998
f 4013/4172/4012 4014/4173/4013 3999/4158/3998
f 3999/4158/3998 4014/4173/4013 4000/4159/3999
f 4014/4173/4013 4015/4174/4014 4000/4159/3999
f 4000/4159/3999 4015/4174/4014 4001/4160/4000
f 4015/4174/4014 4016/4175/4015 4001/4160/4000
f 4001/4160/4000 4016/4175/4015 4002/4161/4001
f 4016/4175/4015 4017/4176/4016 4002/4161/4001
f 4002/4161/4001 4017/4176/4016 4003/4162/4002
f 4017/4176/4016 4018/4177/4017 4003/4162/4002
f 4003/4162/4002 4018/4177/4017 4004/4163/4003
f 4018/4177/4017 4019/4178/4018 4004/4163/4003
f 4004/4163/4003 4019/4178/4018 2131/2229/2131
f 4019/4178/4018 2132/2230/2132 2131/2229/2131
f 3897/4057/3897 3899/4179/4019 3898/4058/3898
f 3899/4179/4019 4020/4180/4020 3898/4058/3898
f 3898/4058/3898 4020/4180/4020 4005/4164/4004
f 4020/4180/4020 4021/4181/4021 4005/4164/4004
f 4005/4164/4004 4021/4181/4021 4006/4165/4005
f 4021/4181/4021 4022/4182/4022 4006/4165/4005
f 4006/4165/4005 4022/4182/4022 4007/4166/4006
f 4022/4182/4022 4023/4183/4023 4007/4166/4006
f 4007/4166/4006 4023/4183/4023 4008/4167/4007
f 4023/4183/4023 4024/4184/4024 4008/4167/4007
f 4008/4167/4007 4024/4184/4024 4009/4168/4008
f 4024/4184/4024 4025/4185/4025 4009/4168/4008
f 4009/4168/4008 4025/4185/4025 4010/4169/4009
f 4025/4185/4025 4026/4186/4026 4010/4169/4009
f 4010/4169/4009 4026/4186/4026 4011/4170/4010
f 4026/4186/4026 4027/4187/4027 4011/4170/4010
f 4011/4170/4010 4027/4187/4027 4012/4171/4011
f 4027/4187/4027 4028/4188/4028 4012/4171/4011
f 4012/4171/4011 4028/4188/4028 4013/4172/4012
f 4028/4188/4028 4029/4189/4029 4013/4172/4012
f 4013/4172/4012 4029/4189/4029 4014/4173/4013
f 4029/4189/4029 4030/4190/4030 4014/4173/4013
f 4014/4173/4013 4030/4190/4030 4015/4174/4014
f 4030/4190/4030 4031/4191/4031 4015/4174/4014
f 4015/4174/4014 4031/4191/4031 4016/4175/4015
f 4031/4191/4031 4032/4192/4032 4016/4175/4015
f 4016/4175/4015 4032/4192/4032 4017/4176/4016
f 4032/4192/4032 4033/4193/4033 4017/4176/4016
f 4017/4176/4016 4033/4193/4033 4018/4177/4017
f 4033/4193/4033 4034/4194/4034 4018/4177/4017
f 4018/4177/4017 4034/4194/4034 4019/4178/4018
f 4034/4194/4034 4035/4195/4035 4019/4178/4018
f 4019/4178/4018 4035/4195/4035 2132/2230/2132
f 4035/4195/4035 2133/2231/2133 2132/2230/2132
f 3899/4179/4019 4036/4196/4036 4020/4180/4020
f 4036/4196/4036 4037/4197/4037 4020/4180/4020
f 4020/4180/4020 4037/4197/4037 4021/4181/4021
f 4037/4197/4037 4038/4198/4038 4021/4181/4021
f 4021/4181/4021 4038/4198/4038 4022/4182/4022
f 4038/4198/4038 4039/4199/4039 4022/4182/4022
f 4022/4182/4022 4039/4199/4039 4023/4183/4023
f 4039/4199/4039 4040/4200/4040 4023/4183/4023
f 4023/4183/4023 4040/4200/4040 4024/4184/4024
f 4040/4200/4040 4041/4201/4041 4024/4184/4024
f 4024/4184/4024 4041/4201/4041 4025/4185/4025
f 4041/4201/4041 4042/4202/4042 4025/4185/4025
f 4025/4185/4025 4042/4202/4042 4026/4186/4026
f 4042/4202/4042 4043/4203/4043 4026/4186/4026
f 4026/4186/4026 4043/4203/4043 4027/4187/4027
f 4043/4203/4043 4044/4204/4044 4027/4187/4027
f 4027/4187/4027 4044/4204/4044 4028/4188/4028
f 4044/4204/4044 4045/4205/4045 4028/4188/4028
f 4028/4188/4028 4045/4205/4045 4029/4189/4029
f 4045/4205/4045 4046/4206/4046 4029/4189/4029
f 4029/4189/4029 4046/4206/4046 4030/4190/4030
f 4046/4206/4046 4047/4207/4047 4030/4190/4030
f 4030/4190/4030 4047/4207/4047 4031/4191/4031
f 4047/4207/4047 4048/4208/4048 4031/4191/4031
f 4031/4191/4031 4048/4208/4048 4032/4192/4032
f 4048/4208/4048 4049/4209/4049 4032/4192/4032
f 4032/4192/4032 4049/4209/4049 4033/4193/4033
f 4049/4209/4049 4050/4210/4050 4033/4193/4033
f 4033/4193/4033 4050/4210/4050 4034/4194/4034
f 4050/4210/4050 4051/4211/4051 4034/4194/4034
f 4034/4194/4034 4051/4211/4051 4035/4195/4035
f 4051/4211/4051 4052/4212/4052 4035/4195/4035
f 4035/4195/4035 4052/4212/4052 2133/2231/2133
f 4052/4212/4052 2134/2232/2134 2133/2231/2133
f 4036/4196/4036 4053/4213/4053 4037/4197/4037
f 4053/4213/4053 4054/4214/4054 4037/4197/4037
f 4037/4197/4037 4054/4214/4054 4038/4198/4038
f 4054/4214/4054 4055/4215/4055 4038/4198/4038
f 4038/4198/4038 4055/4215/4055 4039/4199/4039
f 4055/4215/4055 4056/4216/4056 4039/4199/4039
f 4039/4199/4039 4056/4216/4056 4040/4200/4040
f 4056/4216/4056 4057/4217/4057 4040/4200/4040
f 4040/4200/4040 4057/4217/4057 4041/4201/4041
f 4057/4217/4057 4058/4218/4058 4041/4201/4041
f 4041/4201/4041 4058/4218/4058 4042/4202/4042
f 4058/4218/4058 4059/4219/4059 4042/4202/4042
f 4042/4202/4042 4059/4219/4059 4043/4203/4043
f 4059/4219/4059 4060/4220/4060 4043/4203/4043
f 4043/4203/4043 4060/4220/4060 4044/4204/4044
f 4060/4220/4060 4061/4221/4061 4044/4204/4044
f 4044/4204/4044 4061/4221/4061 4045/4205/4045
f 4061/4221/4061 4062/4222/4062 4045/4205/4045
f 4045/4205/4045 4062/4222/4062 4046/4206/4046
f 4062/4222/4062 4063/4223/4063 4046/4206/4046
f 4046/4206/4046 4063/4223/4063 4047/4207/4047
f 4063/4223/4063 4064/4224/4064 4047/4207/4047
f 4047/4207/4047 4064/4224/4064 4048/4208/4048
f 4064/4224/4064 4065/4225/4065 4048/4208/4048
f 4048/4208/4048 4065/4225/4065 4049/4209/4049
f 4065/4225/4065 4066/4226/4066 4049/4209/4049
f 4049/4209/4049 4066/4226/4066 4050/4210/4050
f 4066/4226/4066 4067/4227/4067 4050/4210/4050
f 4050/4210/4050 4067/4227/4067 4051/4211/4051
f 4067/4227/4067 4068/4228/4068 4051/4211/4051
f 4051/4211/4051 4068/4228/4068 4052/4212/4052
f 4068/4228/4068 4069/4229/4069 4052/4212/4052
f 4052/4212/4052 4069/4229/4069 2134/2232/2134
f 4069/4229/4069 2135/2233/2135 2134/2232/2134
f 4053/4213/4053 4070/4230/4070 4054/4214/4054
f 4070/4230/4070 4071/4231/4071 4054/4214/4054
f 4054/4214/4054 4071/4231/4071 4055/4215/4055
f 4071/4231/4071 4072/4232/4072 4055/4215/4055
f 4055/4215/4055 4072/4232/4072 4056/4216/4056
f 4072/4232/4072 4073/4233/4073 4056/4216/4056
f 4056/4216/4056 4073/4233/4073 4057/4217/4057
f 4073/4233/4073 4074/4234/4074 4057/4217/4057
f 4057/4217/4057 4074/4234/4074 4058/4218/4058
f 4074/4234/4074 4075/4235/4075 4058/4218/4058
f 4058/4218/4058 4075/4235/4075 4059/4219/4059
f 4075/4235/4075 4076/4236/4076 4059/4219/4059
f 4059/4219/4059 4076/4236/4076 4060/4220/4060
f 4076/4236/4076 4077/4237/4077 4060/4220/4060
f 4060/4220/4060 4077/4237/4077 4061/4221/4061
f 4077/4237/4077 4078/4238/4078 4061/4221/4061
f 4061/4221/4061 4078/4238/4078 4062/4222/4062
f 4078/4238/4078 4079/4239/4079 4062/4222/4062
f 4062/4222/4062 4079/4239/4079 4063/4223/4063
f 4079/4239/4079 4080/4240/4080 4063/4223/4063
f 4063/4223/4063 4080/4240/4080 4064/4224/4064
f 4080/4240/4080 4081/4241/4081 4064/4224/4064
f 4064/4224/4064 4081/4241/4081 4065/4225/4065
f 4081/4241/4081 4082/4242/4082 4065/4225/4065
f 4065/4225/4065 4082/4242/4082 4066/4226/4066
f 4082/4242/4082 4083/4243/4083 4066/4226/4066
f 4066/4226/4066 4083/4243/4083 4067/4227/4067
f 4083/4243/4083 4084/4244/4084 4067/4227/4067
f 4067/4227/4067 4084/4244/4084 4068/4228/4068
f 4084/4244/4084 4085/4245/4085 4068/4228/4068
f 4068/4228/4068 4085/4245/4085 4069/4229/4069
f 4085/4245/4085 4086/4246/4086 4069/4229/4069
f 4069/4229/4069 4086/4246/4086 2135/2233/2135
f 4086/4246/4086 2136/2234/2136 2135/2233/2135
f 4070/4230/4070 4087/4247/4087 4071/4231/4071
f 4087/4247/4087 4088/4248/4088 4071/4231/4071
f 4071/4231/4071 4088/4248/4088 4072/4232/4072
f 4088/4248/4088 4089/4249/4089 4072/4232/4072
f 4072/4232/4072 4089/4249/4089 4073/4233/4073
f 4089/4249/4089 4090/4250/4090 4073/4233/4073
f 4073/4233/4073 4090/4250/4090 4074/4234/4074
f 4090/4250/4090 4091/4251/4091 4074/4234/4074
f 4074/4234/4074 4091/4251/4091 4075/4235/4075
f 4091/4251/4091 4092/4252/4092 4075/4235/4075
f 4075/4235/4075 4092/4252/4092 4076/4236/4076
f 4092/4252/4092 4093/4253/4093 4076/4236/4076
f 4076/4236/4076 4093/4253/4093 4077/4237/4077
f 4093/4253/4093 4094/4254/4094 4077/4237/4077
f 4077/4237/4077 4094/4254/4094 4078/4238/4078
f 4094/4254/4094 4095/4255/4095 4078/4238/4078
f 4078/4238/4078 4095/4255/4095 4079/4239/4079
f 4095/4255/4095 4096/4256/4096 4079/4239/4079
f 4079/4239/4079 4096/4256/4096 4080/4240/4080
f 4096/4256/4096 4097/4257/4097 4080/4240/4080
f 4080/4240/4080 4097/4257/4097 4081/4241/4081
f 4097/4257/4097 4098/4258/4098 4081/4241/4081
f 4081/4241/4081 4098/4258/4098 4082/4242/4082
f 4098/4258/4098 4099/4259/4099 4082/4242/4082
f 4082/4242/4082 4099/4259/4099 4083/4243/4083
f 4099/4259/4099 4100/4260/4100 4083/4243/4083
f 4083/4243/4083 4100/4260/4100 4084/4244/4084
f 4100/4260/4100 4101/4261/4101 4084/4244/4084
f 4084/4244/4084 4101/4261/4101 4085/4245/4085
f 4101/4261/4101 4102/4262/4102 4085/4245/4085
f 4085/4245/4085 4102/4262/4102 4086/4246/4086
f 4102/4262/4102 4103/4263/4103 4086/4246/4086
f 4086/4246/4086 4103/4263/4103 2136/2234/2136
f 4103/4263/4103 2137/2235/2137 2136/2234/2136
f 4087/4247/4087 4104/4264/4104 4088/4248/4088
f 4104/4264/4104 4105/4265/4105 4088/4248/4088
f 4088/4248/4088 4105/4265/4105 4089/4249/4089
f 4105/4265/4105 4106/4266/4106 4089/4249/4089
f 4089/4249/4089 4106/4266/4106 4090/4250/4090
f 4106/4266/4106 4107/4267/4107 4090/4250/4090
f 4090/4250/4090 4107/4267/4107 4091/4251/4091
f 4107/4267/4107 4108/4268/4108 4091/4251/4091
f 4091/4251/4091 4108/4268/4108 4092/4252/4092
f 4108/4268/4108 4109/4269/4109 4092/4252/4092
f 4092/4252/4092 4109/4269/4109 4093/4253/4093
f 4109/4269/4109 4110/4270/4110 4093/4253/4093
f 4093/4253/4093 4110/4270/4110 4094/4254/4094
f 4110/4270/4110 4111/4271/4111 4094/4254/4094
f 4094/4254/4094 4111/4271/4111 4095/4255/4095
f 4111/4271/4111 4112/4272/4112 4095/4255/4095
f 4095/4255/4095 4112/4272/4112 4096/4256/4096
f 4112/4272/4112 4113/4273/4113 4096/4256/4096
f 4096/4256/4096 4113/4273/4113 4097/4257/4097
f 4113/4273/4113 4114/4274/4114 4097/4257/4097
f 4097/4257/4097 4114/4274/4114 4098/4258/4098
f 4114/4274/4114 4115/4275/4115 4098/4258/4098
f 4098/4258/4098 4115/4275/4115 4099/4259/4099
f 4115/4275/4115 4116/4276/4116 4099/4259/4099
f 4099/4259/4099 4116/4276/4116 4100/4260/4100
f 4116/4276/4116 4117/4277/4117 4100/4260/4100
f 4100/4260/4100 4117/4277/4117 4101/4261/4101
f 4117/4277/4117 4118/4278/4118 4101/4261/4101
f 4101/4261/4101 4118/4278/4118 4102/4262/4102
f 4118/4278/4118 4119/4279/4119 4102/4262/4102
f 4102/4262/4102 4119/4279/4119 4103/4263/4103
f 4119/4279/4119 4120/4280/4120 4103/4263/4103
f 4103/4263/4103 4120/4280/4120 2137/2235/2137
f 4120/4280/4120 2138/2236/2138 2137/2235/2137
f 4104/4264/4104 4121/4281/4121 4105/4265/4105
f 4121/4281/4121 4122/4282/4122 4105/4265/4105
f 4105/4265/4105 4122/4282/4122 4106/4266/4106
f 4122/4282/4122 4123/4283/4123 4106/4266/4106
f 4106/4266/4106 4123/4283/4123 4107/4267/4107
f 4123/4283/4123 4124/4284/4124 4107/4267/4107
f 4107/4267/4107 4124/4284/4124 4108/4268/4108
f 4124/4284/4124 4125/4285/4125 4108/4268/4108
f 4108/4268/4108 4125/4285/4125 4109/4269/4109
f 4125/4285/4125 4126/4286/4126 4109/4269/4109
f 4109/4269/4109 4126/4286/4126 4110/4270/4110
f 4126/4286/4126 4127/4287/4127 4110/4270/4110
f 4110/4270/4110 4127/4287/4127 4111/4271/4111
f 4127/4287/4127 4128/4288/4128 4111/4271/4111
f 4111/4271/4111 4128/4288/4128 4112/4272/4112
f 4128/4288/4128 4129/4289/4129 4112/4272/4112
f 4112/4272/4112 4129/4289/4129 4113/4273/4113
f 4129/4289/4129 4130/4290/4130 4113/4273/4113
f 4113/4273/4113 4130/4290/4130 4114/4274/4114
f 4130/4290/4130 4131/4291/4131 4114/4274/4114
f 4114/4274/4114 4131/4291/4131 4115/4275/4115
f 4131/4291/4131 4132/4292/4132 4115/4275/4115
f 4115/4275/4115 4132/4292/4132 4116/4276/4116
f 4132/4292/4132 4133/4293/4133 4116/4276/4116
f 4116/4276/4116 4133/4293/4133 4117/4277/4117
f 4133/4293/4133 4134/4294/4134 4117/4277/4117
f 4117/4277/4117 4134/4294/4134 4118/4278/4118
f 4134/4294/4134 4135/4295/4135 4118/4278/4118
f 4118/4278/4118 4135/4295/4135 4119/4279/4119
f 4135/4295/4135 4136/4296/4136 4119/4279/4119
f 4119/4279/4119 4136/4296/4136 4120/4280/4120
f 4136/4296/4136 4137/4297/4137 4120/4280/4120
f 4120/4280/4120 4137/4297/4137 2138/2236/2138
f 4137/4297/4137 2139/2237/2139 2138/2236/2138
f 4121/4281/4121 4138/4298/4138 4122/4282/4122
f 4138/4298/4138 4139/4299/4139 4122/4282/4122
f 4122/4282/4122 4139/4299/4139 4123/4283/4123
f 4139/4299/4139 4140/4300/4140 4123/4283/4123
f 4123/4283/4123 4140/4300/4140 4124/4284/4124
f 4140/4300/4140 4141/4301/4141 4124/4284/4124
f 4124/4284/4124 4141/4301/4141 4125/4285/4125
f 4141/4301/4141 4142/4302/4142 4125/4285/4125
f 4125/4285/4125 4142/4302/4142 4126/4286/4126
f 4142/4302/4142 4143/4303/4143 4126/4286/4126
f 4126/4286/4126 4143/4303/4143 4127/4287/4127
f 4143/4303/4143 4144/4304/4144 4127/4287/4127
f 4127/4287/4127 4144/4304/4144 4128/4288/4128
f 4144/4304/4144 4145/4305/4145 4128/4288/4128
f 4128/4288/4128 4145/4305/4145 4129/4289/4129
f 4145/4305/4145 4146/4306/4146 4129/4289/4129
f 4129/4289/4129 4146/4306/4146 4130/4290/4130
f 4146/4306/4146 4147/4307/4147 4130/4290/4130
f 4130/4290/4130 4147/4307/4147 4131/4291/4131
f 4147/4307/4147 4148/4308/4148 4131/4291/4131
f 4131/4291/4131 4148/4308/4148 4132/4292/4132
f 4148/4308/4148 4149/4309/4149 4132/4292/4132
f 4132/4292/4132 4149/4309/4149 4133/4293/4133
f 4149/4309/4149 4150/4310/4150 4133/4293/4133
f 4133/4293/4133 4150/4310/4150 4134/4294/4134
f 4150/4310/4150 4151/4311/4151 4134/4294/4134
f 4134/4294/4134 4151/4311/4151 4135/4295/4135
f 4151/4311/4151 4152/4312/4152 4135/4295/4135
f 4135/4295/4135 4152/4312/4152 4136/4296/4136
f 4152/4312/4152 4153/4313/4153 4136/4296/4136
f 4136/4296/4136 4153/4313/4153 4137/4297/4137
f 4153/4313/4153 4154/4314/4154 4137/4297/4137
f 4137/4297/4137 4154/4314/4154 2139/2237/2139
f 4154/4314/4154 2140/2238/2140 2139/2237/2139
f 4138/4298/4138 4155/4315/4155 4139/4299/4139
f 4155/4315/4155 4156/4316/4156 4139/4299/4139
f 4139/4299/4139 4156/4316/4156 4140/4300/4140
f 4156/4316/4156 4157/4317/4157 4140/4300/4140
f 4140/4300/4140 4157/4317/4157 4141/4301/4141
f 4157/4317/4157 4158/4318/4158 4141/4301/4141
f 4141/4301/4141 4158/4318/4158 4142/4302/4142
f 4158/4318/4158 4159/4319/4159 4142/4302/4142
f 4142/4302/4142 4159/4319/4159 4143/4303/4143
f 4159/4319/4159 4160/4320/4160 4143/4303/4143
f 4143/4303/4143 4160/4320/4160 4144/4304/4144
f 4160/4320/4160 4161/4321/4161 4144/4304/4144
f 4144/4304/4144 4161/4321/4161 4145/4305/4145
f 4161/4321/4161 4162/4322/4162 4145/4305/4145
f 4145/4305/4145 4162/4322/4162 4146/4306/4146
f 4162/4322/4162 4163/4323/4163 4146/4306/4146
f 4146/4306/4146 4163/4323/4163 4147/4307/4147
f 4163/4323/4163 4164/4324/4164 4147/4307/4147
f 4147/4307/4147 4164/4324/4164 4148/4308/4148
f 4164/4324/4164 4165/4325/4165 4148/4308/4148
f 4148/4308/4148 4165/4325/4165 4149/4309/4149
f 4165/4325/4165 4166/4326/4166 4149/4309/4149
f 4149/4309/4149 4166/4326/4166 4150/4310/4150
f 4166/4326/4166 4167/4327/4167 4150/4310/4150
f 4150/4310/4150 4167/4327/4167 4151/4311/4151
f 4167/4327/4167 4168/4328/4168 4151/4311/4151
f 4151/4311/4151 4168/4328/4168 4152/4312/4152
f 4168/4328/4168 4169/4329/4169 4152/4312/4152
f 4152/4312/4152 4169/4329/4169 4153/4313/4153
f 4169/4329/4169 4170/4330/4170 4153/4313/4153
f 4153/4313/4153 4170/4330/4170 4154/4314/4154
f 4170/4330/4170 4171/4331/4171 4154/4314/4154
f 4154/4314/4154 4171/4331/4171 2140/2238/2140
f 4171/4331/4171 2141/2239/2141 2140/2238/2140
f 4155/4315/4155 4172/4332/4172 4156/4316/4156
f 4172/4332/4172 4173/4333/4173 4156/4316/4156
f 4156/4316/4156 4173/4333/4173 4157/4317/4157
f 4173/4333/4173 4174/4334/4174 4157/4317/4157
f 4157/4317/4157 4174/4334/4174 4158/4318/4158
f 4174/4334/4174 4175/4335/4175 4158/4318/4158
f 4158/4318/4158 4175/4335/4175 4159/4319/4159
f 4175/4335/4175 4176/4336/4176 4159/4319/4159
f 4159/4319/4159 4176/4336/4176 4160/4320/4160
f 4176/4336/4176 4177/4337/4177 4160/4320/4160
f 4160/4320/4160 4177/4337/4177 4161/4321/4161
f 4177/4337/4177 4178/4338/4178 4161/4321/4161
f 4161/4321/4161 4178/4338/4178 4162/4322/4162
f 4178/4338/4178 4179/4339/4179 4162/4322/4162
f 4162/4322/4162 4179/4339/4179 4163/4323/4163
f 4179/4339/4179 4180/4340/4180 4163/4323/4163
f 4163/4323/4163 4180/4340/4180 4164/4324/4164
f 4180/4340/4180 4181/4341/4181 4164/4324/4164
f 4164/4324/4164 4181/4341/4181 4165/4325/4165
f 4181/4341/4181 4182/4342/4182 4165/4325/4165
f 4165/4325/4165 4182/4342/4182 4166/4326/4166
f 4182/4342/4182 4183/4343/4183 4166/4326/4166
f 4166/4326/4166 4183/4343/4183 4167/4327/4167
f 4183/4343/4183 4184/4344/4184 4167/4327/4167
f 4167/4327/4167 4184/4344/4184 4168/4328/4168
f 4184/4344/4184 4185/4345/4185 4168/4328/4168
f 4168/4328/4168 4185/4345/4185 4169/4329/4169
f 4185/4345/4185 4186/4346/4186 4169/4329/4169
f 4169/4329/4169 4186/4346/4186 4170/4330/4170
f 4186/4346/4186 4187/4347/4187 4170/4330/4170
f 4170/4330/4170 4187/4347/4187 4171/4331/4171
f 4187/4347/4187 4188/4348/4188 4171/4331/4171
f 4171/4331/4171 4188/4348/4188 2141/2239/2141
f 4188/4348/4188 2142/2240/2142 2141/2239/2141
f 4172/4332/4172 4189/4349/4189 4173/4333/4173
f 4189/4349/4189 4190/4350/4190 4173/4333/4173
f 4173/4333/4173 4190/4350/4190 4174/4334/4174
f 4190/4350/4190 4191/4351/4191 4174/4334/4174
f 4174/4334/4174 4191/4351/4191 4175/4335/4175
f 4191/4351/4191 4192/4352/4192 4175/4335/4175
f 4175/4335/4175 4192/4352/4192 4176/4336/4176
f 4192/4352/4192 4193/4353/4193 4176/4336/4176
f 4176/4336/4176 4193/4353/4193 4177/4337/4177
f 4193/4353/4193 4194/4354/4194 4177/4337/4177
f 4177/4337/4177 4194/4354/4194 4178/4338/4178
f 4194/4354/4194 4195/4355/4195 4178/4338/4178
f 4178/4338/4178 4195/4355/4195 4179/4339/4179
f 4195/4355/4195 4196/4356/4196 4179/4339/4179
f 4179/4339/4179 4196/4356/4196 4180/4340/4180
f 4196/4356/4196 4197/4357/4197 4180/4340/4180
f 4180/4340/4180 4197/4357/4197 4181/4341/4181
f 4197/4357/4197 4198/4358/4198 4181/4341/4181
f 4181/4341/4181 4198/4358/4198 4182/4342/4182
f 4198/4358/4198 4199/4359/4199 4182/4342/4182
f 4182/4342/4182 4199/4359/4199 4183/4343/4183
f 4199/4359/4199 4200/4360/4200 4183/4343/4183
f 4183/4343/4183 4200/4360/4200 4184/4344/4184
f 4200/4360/4200 4201/4361/4201 4184/4344/4184
f 4184/4344/4184 4201/4361/4201 4185/4345/4185
f 4201/4361/4201 4202/4362/4202 4185/4345/4185
f 4185/4345/4185 4202/4362/4202 4186/4346/4186
f 4202/4362/4202 4203/4363/4203 4186/4346/4186
f 4186/4346/4186 4203/4363/4203 4187/4347/4187
f 4203/4363/4203 4204/4364/4204 4187/4347/4187
f 4187/4347/4187 4204/4364/4204 4188/4348/4188
f 4204/4364/4204 4205/4365/4205 4188/4348/4188
f 4188/4348/4188 4205/4365/4205 2142/2240/2142
f 4205/4365/4205 2143/2241/2143 2142/2240/2142
f 4189/4349/4189 4206/4366/4206 4190/4350/4190
f 4206/4366/4206 4207/4367/4207 4190/4350/4190
f 4190/4350/4190 4207/4367/4207 4191/4351/4191
f 4207/4367/4207 4208/4368/4208 4191/4351/4191
f 4191/4351/4191 4208/4368/4208 4192/4352/4192
f 4208/4368/4208 4209/4369/4209 4192/4352/4192
f 4192/4352/4192 4209/4369/4209 4193/4353/4193
f 4209/4369/4209 4210/4370/4210 4193/4353/4193
f 4193/4353/4193 4210/4370/4210 4194/4354/4194
f 4210/4370/4210 4211/4371/4211 4194/4354/4194
f 4194/4354/4194 4211/4371/4211 4195/4355/4195
f 4211/4371/4211 4212/4372/4212 4195/4355/4195
f 4195/4355/4195 4212/4372/4212 4196/4356/4196
f 4212/4372/4212 4213/4373/4213 4196/4356/4196
f 4196/4356/4196 4213/4373/4213 4197/4357/4197
f 4213/4373/4213 4214/4374/4214 4197/4357/4197
f 4197/4357/4197 4214/4374/4214 4198/4358/4198
f 4214/4374/4214 4215/4375/4215 4198/4358/4198
f 4198/4358/4198 4215/4375/4215 4199/4359/4199
f 4215/4375/4215 4216/4376/4216 4199/4359/4199
f 4199/4359/4199 4216/4376/4216 4200/4360/4200
f 4216/4376/4216 4217/4377/4217 4200/4360/4200
f 4200/4360/4200 4217/4377/4217 4201/4361/4201
f 4217/4377/4217 4218/4378/4218 4201/4361/4201
f 4201/4361/4201 4218/4378/4218 4202/4362/4202
f 4218/4378/4218 4219/4379/4219 4202/4362/4202
f 4202/4362/4202 4219/4379/4219 4203/4363/4203
f 4219/4379/4219 4220/4380/4220 4203/4363/4203
f 4203/4363/4203 4220/4380/4220 4204/4364/4204
f 4220/4380/4220 4221/4381/4221 4204/4364/4204
f 4204/4364/4204 4221/4381/4221 4205/4365/4205
f 4221/4381/4221 4222/4382/4222 4205/4365/4205
f 4205/4365/4205 4222/4382/4222 2143/2241/2143
f 4222/4382/4222 2144/2242/2144 2143/2241/2143
f 4206/4366/4206 4223/4383/4223 4207/4367/4207
f 4223/4383/4223 4224/4384/4224 4207/4367/4207
f 4207/4367/4207 4224/4384/4224 4208/4368/4208
f 4224/4384/4224 4225/4385/4225 4208/4368/4208
f 4208/4368/4208 4225/4385/4225 4209/4369/4209
f 4225/4385/4225 4226/4386/4226 4209/4369/4209
f 4209/4369/4209 4226/4386/4226 4210/4370/4210
f 4226/4386/4226 4227/4387/4227 4210/4370/4210
f 4210/4370/4210 4227/4387/4227 4211/4371/4211
f 4227/4387/4227 4228/4388/4228 4211/4371/4211
f 4211/4371/4211 4228/4388/4228 4212/4372/4212
f 4228/4388/4228 4229/4389/4229 4212/4372/4212
f 4212/4372/4212 4229/4389/4229 4213/4373/4213
f 4229/4389/4229 4230/4390/4230 4213/4373/4213
f 4213/4373/4213 4230/4390/4230 4214/4374/4214
f 4230/4390/4230 4231/4391/4231 4214/4374/4214
f 4214/4374/4214 4231/4391/4231 4215/4375/4215
f 4231/4391/4231 4232/4392/4232 4215/4375/4215
f 4215/4375/4215 4232/4392/4232 4216/4376/4216
f 4232/4392/4232 4233/4393/4233 4216/4376/4216
f 4216/4376/4216 4233/4393/4233 4217/4377/4217
f 4233/4393/4233 4234/4394/4234 4217/4377/4217
f 4217/4377/4217 4234/4394/4234 4218/4378/4218
f 4234/4394/4234 4235/4395/4235 4218/4378/4218
f 4218/4378/4218 4235/4395/4235 4219/4379/4219
f 4235/4395/4235 4236/4396/4236 4219/4379/4219
f 4219/4379/4219 4236/4396/4236 4220/4380/4220
f 4236/4396/4236 4237/4397/4237 4220/4380/4220
f 4220/4380/4220 4237/4397/4237 4221/4381/4221
f 4237/4397/4237 4238/4398/4238 4221/4381/4221
f 4221/4381/4221 4238/4398/4238 4222/4382/4222
f 4238/4398/4238 4239/4399/4239 4222/4382/4222
f 4222/4382/4222 4239/4399/4239 2144/2242/2144
f 4239/4399/4239 2145/2243/2145 2144/2242/2144
f 4223/4383/4223 4240/4400/4240 4224/4384/4224
f 4240/4400/4240 4241/4401/4241 4224/4384/4224
f 4224/4384/4224 4241/4401/4241 4225/4385/4225
f 4241/4401/4241 4242/4402/4242 4225/4385/4225
f 4225/4385/4225 4242/4402/4242 4226/4386/4226
f 4242/4402/4242 4243/4403/4243 4226/4386/4226
f 4226/4386/4226 4243/4403/4243 4227/4387/4227
f 4243/4403/4243 4244/4404/4244 4227/4387/4227
f 4227/4387/4227 4244/4404/4244 4228/4388/4228
f 4244/4404/4244 4245/4405/4245 4228/4388/4228
f 4228/4388/4228 4245/4405/4245 4229/4389/4229
f 4245/4405/4245 4246/4406/4246 4229/4389/4229
f 4229/4389/4229 4246/4406/4246 4230/4390/4230
f 4246/4406/4246 4247/4407/4247 4230/4390/4230
f 4230/4390/4230 4247/4407/4247 4231/4391/4231
f 4247/4407/4247 4248/4408/4248 4231/4391/4231
f 4231/4391/4231 4248/4408/4248 4232/4392/4232
f 4248/4408/4248 4249/4409/4249 4232/4392/4232
f 4232/4392/4232 4249/4409/4249 4233/4393/4233
f 4249/4409/4249 4250/4410/4250 4233/4393/4233
f 4233/4393/4233 4250/4410/4250 4234/4394/4234
f 4250/4410/4250 4251/4411/4251 4234/4394/4234
f 4234/4394/4234 4251/4411/4251 4235/4395/4235
f 4251/4411/4251 4252/4412/4252 4235/4395/4235
f 4235/4395/4235 4252/4412/4252 4236/4396/4236
f 4252/4412/4252 4253/4413/4253 4236/4396/4236
f 4236/4396/4236 4253/4413/4253 4237/4397/4237
f 4253/4413/4253 4254/4414/4254 4237/4397/4237
f 4237/4397/4237 4254/4414/4254 4238/4398/4238
f 4254/4414/4254 4255/4415/4255 4238/4398/4238
f 4238/4398/4238 4255/4415/4255 4239/4399/4239
f 4255/4415/4255 4256/4416/4256 4239/4399/4239
f 4239/4399/4239 4256/4416/4256 2145/2243/2145
f 4256/4416/4256 2146/2244/2146 2145/2243/2145
f 4240/4400/4240 4257/4417/4257 4241/4401/4241
f 4257/4417/4257 4258/4418/4258 4241/4401/4241
f 4241/4401/4241 4258/4418/4258 4242/4402/4242
f 4258/4418/4258 4259/4419/4259 4242/4402/4242
f 4242/4402/4242 4259/4419/4259 4243/4403/4243
f 4259/4419/4259 4260/4420/4260 4243/4403/4243
f 4243/4403/4243 4260/4420/4260 4244/4404/4244
f 4260/4420/4260 4261/4421/4261 4244/4404/4244
f 4244/4404/4244 4261/4421/4261 4245/4405/4245
f 4261/4421/4261 4262/4422/4262 4245/4405/4245
f 4245/4405/4245 4262/4422/4262 4246/4406/4246
f 4262/4422/4262 4263/4423/4263 4246/4406/4246
f 4246/4406/4246 4263/4423/4263 4247/4407/4247
f 4263/4423/4263 4264/4424/4264 4247/4407/4247
f 4247/4407/4247 4264/4424/4264 4248/4408/4248
f 4264/4424/4264 4265/4425/4265 4248/4408/4248
f 4248/4408/4248 4265/4425/4265 4249/4409/4249
f 4265/4425/4265 4266/4426/4266 4249/4409/4249
f 4249/4409/4249 4266/4426/4266 4250/4410/4250
f 4266/4426/4266 4267/4427/4267 4250/4410/4250
f 4250/4410/4250 4267/4427/4267 4251/4411/4251
f 4267/4427/4267 4268/4428/4268 4251/4411/4251
f 4251/4411/4251 4268/4428/4268 4252/4412/4252
f 4268/4428/4268 4269/4429/4269 4252/4412/4252
f 4252/4412/4252 4269/4429/4269 4253/4413/4253
f 4269/4429/4269 4270/4430/4270 4253/4413/4253
f 4253/4413/4253 4270/4430/4270 4254/4414/4254
f 4270/4430/4270 4271/4431/4271 4254/4414/4254
f 4254/4414/4254 4271/4431/4271 4255/4415/4255
f 4271/4431/4271 4272/4432/4272 4255/4415/4255
f 4255/4415/4255 4272/4432/4272 4256/4416/4256
f 4272/4432/4272 4273/4433/4273 4256/4416/4256
f 4256/4416/4256 4273/4433/4273 2146/2244/2146
f 4273/4433/4273 1/1/1 2146/2244/2146
f 4274/4434/4274 2/2/2 1/1/1
f 4275/4435/4275 4276/4436/4276 4274/4434/4274
f 4277/4437/4277 4278/4438/4278 4275/4435/4275
f 4279/4439/4279 4280/4440/4280 4277/4437/4277
f 4281/4441/4281 4282/4442/4282 4279/4439/4279
f 4283/4443/4283 4284/4444/4284 4281/4441/4281
f 4285/4445/4285 4286/4446/4286 4283/4443/4283
f 4287/4447/4287 4288/4448/4288 4285/4445/4285
f 4289/4449/4289 4290/4450/4290 4287/4447/4287
f 4291/4451/4291 4292/4452/4292 4289/4449/4289
f 4293/4453/4293 4294/4454/4294 4291/4451/4291
f 4295/4455/4295 4296/4456/4296 4293/4453/4293
f 4297/4457/4297 4298/4458/4298 4295/4455/4295
f 4299/4459/4299 4300/4460/4300 4297/4457/4297
f 4301/4461/4301 4302/4462/4302 4299/4459/4299
f 4303/4463/4303 4304/4464/4304 4301/4461/4301
f 4305/4465/4305 4306/4466/4306 4303/4463/4303
f 4274/4434/4274 4276/4436/4276 2/2/2
f 4276/4436/4276 2612/2772/2612 2/2/2
f 4275/4435/4275 4278/4438/4278 4276/4436/4276
f 4278/4438/4278 4308/4467/4307 4276/4436/4276
f 4276/4436/4276 4308/4467/4307 2612/2772/2612
f 4308/4467/4307 2613/2773/2613 2612/2772/2612
f 4277/4437/4277 4280/4440/4280 4278/4438/4278
f 4280/4440/4280 4309/4468/4308 4278/4438/4278
f 4278/4438/4278 4309/4468/4308 4308/4467/4307
f 4309/4468/4308 4310/4469/4309 4308/4467/4307
f 4308/4467/4307 4310/4469/4309 2613/2773/2613
f 4310/4469/4309 2614/2774/2614 2613/2773/2613
f 4279/4439/4279 4282/4442/4282 4280/4440/4280
f 4282/4442/4282 4311/4470/4310 4280/4440/4280
f 4280/4440/4280 4311/4470/4310 4309/4468/4308
f 4311/4470/4310 4312/4471/4311 4309/4468/4308
f 4309/4468/4308 4312/4471/4311 4310/4469/4309
f 4312/4471/4311 4313/4472/4312 4310/4469/4309
f 4310/4469/4309 4313/4472/4312 2614/2774/2614
f 4313/4472/4312 2615/2775/2615 2614/2774/2614
f 4281/4441/4281 4284/4444/4284 4282/4442/4282
f 4284/4444/4284 4314/4473/4313 4282/4442/4282
f 4282/4442/4282 4314/4473/4313 4311/4470/4310
f 4314/4473/4313 4315/4474/4314 4311/4470/4310
f 4311/4470/4310 4315/4474/4314 4312/4471/4311
f 4315/4474/4314 4316/4475/4315 4312/4471/4311
f 4312/4471/4311 4316/4475/4315 4313/4472/4312
f 4316/4475/4315 4317/4476/4316 4313/4472/4312
f 4313/4472/4312 4317/4476/4316 2615/2775/2615
f 4317/4476/4316 2616/2776/2616 2615/2775/2615
f 4283/4443/4283 4286/4446/4286 4284/4444/4284
f 4286/4446/4286 4318/4477/4317 4284/4444/4284
f 4284/4444/4284 4318/4477/4317 4314/4473/4313
f 4318/4477/4317 4319/4478/4318 4314/4473/4313
f 4314/4473/4313 4319/4478/4318 4315/4474/4314
f 4319/4478/4318 4320/4479/4319 4315/4474/4314
f 4315/4474/4314 4320/4479/4319 4316/4475/4315
f 4320/4479/4319 4321/4480/4320 4316/4475/4315
f 4316/4475/4315 4321/4480/4320 4317/4476/4316
f 4321/4480/4320 4322/4481/4321 4317/4476/4316
f 4317/4476/4316 4322/4481/4321 2616/2776/2616
f 4322/4481/4321 2617/2777/2617 2616/2776/2616
f 4285/4445/4285 4288/4448/4288 4286/4446/4286
f 4288/4448/4288 4323/4482/4322 4286/4446/4286
f 4286/4446/4286 4323/4482/4322 4318/4477/4317
f 4323/4482/4322 4324/4483/4323 4318/4477/4317
f 4318/4477/4317 4324/4483/4323 4319/4478/4318
f 4324/4483/4323 4325/4484/4324 4319/4478/4318
f 4319/4478/4318 4325/4484/4324 4320/4479/4319
f 4325/4484/4324 4326/4485/4325 4320/4479/4319
f 4320/4479/4319 4326/4485/4325 4321/4480/4320
f 4326/4485/4325 4327/4486/4326 4321/4480/4320
f 4321/4480/4320 4327/4486/4326 4322/4481/4321
f 4327/4486/4326 4328/4487/4327 4322/4481/4321
f 4322/4481/4321 4328/4487/4327 2617/2777/2617
f 4328/4487/4327 2618/2778/2618 2617/2777/2617
f 4287/4447/4287 4290/4450/4290 4288/4448/4288
f 4290/4450/4290 4329/4488/4328 4288/4448/4288
f 4288/4448/4288 4329/4488/4328 4323/4482/4322
f 4329/4488/4328 4330/4489/4329 4323/4482/4322
f 4323/4482/4322 4330/4489/4329 4324/4483/4323
f 4330/4489/4329 4331/4490/4330 4324/4483/4323
f 4324/4483/4323 4331/4490/4330 4325/4484/4324
f 4331/4490/4330 4332/4491/4331 4325/4484/4324
f 4325/4484/4324 4332/4491/4331 4326/4485/4325
f 4332/4491/4331 4333/4492/4332 4326/4485/4325
f 4326/4485/4325 4333/4492/4332 4327/4486/4326
f 4333/4492/4332 4334/4493/4333 4327/4486/4326
f 4327/4486/4326 4334/4493/4333 4328/4487/4327
f 4334/4493/4333 4335/4494/4334 4328/4487/4327
f 4328/4487/4327 4335/4494/4334 2618/2778/2618
f 4335/4494/4334 2619/2779/2619 2618/2778/2618
f 4289/4449/4289 4292/4452/4292 4290/4450/4290
f 4292/4452/4292 4336/4495/4335 4290/4450/4290
f 4290/4450/4290 4336/4495/4335 4329/4488/4328
f 4336/4495/4335 4337/4496/4336 4329/4488/4328
f 4329/4488/4328 4337/4496/4336 4330/4489/4329
f 4337/4496/4336 4338/4497/4337 4330/4489/4329
f 4330/4489/4329 4338/4497/4337 4331/4490/4330
f 4338/4497/4337 4339/4498/4338 4331/4490/4330
f 4331/4490/4330 4339/4498/4338 4332/4491/4331
f 4339/4498/4338 4340/4499/4339 4332/4491/4331
f 4332/4491/4331 4340/4499/4339 4333/4492/4332
f 4340/4499/4339 4341/4500/4340 4333/4492/4332
f 4333/4492/4332 4341/4500/4340 4334/4493/4333
f 4341/4500/4340 4342/4501/4341 4334/4493/4333
f 4334/4493/4333 4342/4501/4341 4335/4494/4334
f 4342/4501/4341 4343/4502/4342 4335/4494/4334
f 4335/4494/4334 4343/4502/4342 2619/2779/2619
f 4343/4502/4342 2620/2780/2620 2619/2779/2619
f 4291/4451/4291 4294/4454/4294 4292/4452/4292
f 4294/4454/4294 4344/4503/4343 4292/4452/4292
f 4292/4452/4292 4344/4503/4343 4336/4495/4335
f 4344/4503/4343 4345/4504/4344 4336/4495/4335
f 4336/4495/4335 4345/4504/4344 4337/4496/4336
f 4345/4504/4344 4346/4505/4345 4337/4496/4336
f 4337/4496/4336 4346/4505/4345 4338/4497/4337
f 4346/4505/4345 4347/4506/4346 4338/4497/4337
f 4338/4497/4337 4347/4506/4346 4339/4498/4338
f 4347/4506/4346 4348/4507/4347 4339/4498/4338
f 4339/4498/4338 4348/4507/4347 4340/4499/4339
f 4348/4507/4347 4349/4508/4348 4340/4499/4339
f 4340/4499/4339 4349/4508/4348 4341/4500/4340
f 4349/4508/4348 4350/4509/4349 4341/4500/4340
f 4341/4500/4340 4350/4509/4349 4342/4501/4341
f 4350/4509/4349 4351/4510/4350 4342/4501/4341
f 4342/4501/4341 4351/4510/4350 4343/4502/4342
f 4351/4510/4350 4352/4511/4351 4343/4502/4342
f 4343/4502/4342 4352/4511/4351 2620/2780/2620
f 4352/4511/4351 2621/2781/2621 2620/2780/2620
f 4293/4453/4293 4296/4456/4296 4294/4454/4294
f 4296/4456/4296 4353/4512/4352 4294/4454/4294
f 4294/4454/4294 4353/4512/4352 4344/4503/4343
f 4353/4512/4352 4354/4513/4353 4344/4503/4343
f 4344/4503/4343 4354/4513/4353 4345/4504/4344
f 4354/4513/4353 4355/4514/4354 4345/4504/4344
f 4345/4504/4344 4355/4514/4354 4346/4505/4345
f 4355/4514/4354 4356/4515/4355 4346/4505/4345
f 4346/4505/4345 4356/4515/4355 4347/4506/4346
f 4356/4515/4355 4357/4516/4356 4347/4506/4346
f 4347/4506/4346 4357/4516/4356 4348/4507/4347
f 4357/4516/4356 4358/4517/4357 4348/4507/4347
f 4348/4507/4347 4358/4517/4357 4349/4508/4348
f 4358/4517/4357 4359/4518/4358 4349/4508/4348
f 4349/4508/4348 4359/4518/4358 4350/4509/4349
f 4359/4518/4358 4360/4519/4359 4350/4509/4349
f 4350/4509/4349 4360/4519/4359 4351/4510/4350
f 4360/4519/4359 4361/4520/4360 4351/4510/4350
f 4351/4510/4350 4361/4520/4360 4352/4511/4351
f 4361/4520/4360 4362/4521/4361 4352/4511/4351
f 4352/4511/4351 4362/4521/4361 2621/2781/2621
f 4362/4521/4361 2622/2782/2622 2621/2781/2621
f 4295/4455/4295 4298/4458/4298 4296/4456/4296
f 4298/4458/4298 4363/4522/4362 4296/4456/4296
f 4296/4456/4296 4363/4522/4362 4353/4512/4352
f 4363/4522/4362 4364/4523/4363 4353/4512/4352
f 4353/4512/4352 4364/4523/4363 4354/4513/4353
f 4364/4523/4363 4365/4524/4364 4354/4513/4353
f 4354/4513/4353 4365/4524/4364 4355/4514/4354
f 4365/4524/4364 4366/4525/4365 4355/4514/4354
f 4355/4514/4354 4366/4525/4365 4356/4515/4355
f 4366/4525/4365 4367/4526/4366 4356/4515/4355
f 4356/4515/4355 4367/4526/4366 4357/4516/4356
f 4367/4526/4366 4368/4527/4367 4357/4516/4356
f 4357/4516/4356 4368/4527/4367 4358/4517/4357
f 4368/4527/4367 4369/4528/4368 4358/4517/4357
f 4358/4517/4357 4369/4528/4368 4359/4518/4358
f 4369/4528/4368 4370/4529/4369 4359/4518/4358
f 4359/4518/4358 4370/4529/4369 4360/4519/4359
f 4370/4529/4369 4371/4530/4370 4360/4519/4359
f 4360/4519/4359 4371/4530/4370 4361/4520/4360
f 4371/4530/4370 4372/4531/4371 4361/4520/4360
f 4361/4520/4360 4372/4531/4371 4362/4521/4361
f 4372/4531/4371 4373/4532/4372 4362/4521/4361
f 4362/4521/4361 4373/4532/4372 2622/2782/2622
f 4373/4532/4372 2623/2783/2623 2622/2782/2622
f 4297/4457/4297 4300/4460/4300 4298/4458/4298
f 4300/4460/4300 4374/4533/4373 4298/4458/4298
f 4298/4458/4298 4374/4533/4373 4363/4522/4362
f 4374/4533/4373 4375/4534/4374 4363/4522/4362
f 4363/4522/4362 4375/4534/4374 4364/4523/4363
f 4375/4534/4374 4376/4535/4375 4364/4523/4363
f 4364/4523/4363 4376/4535/4375 4365/4524/4364
f 4376/4535/4375 4377/4536/4376 4365/4524/4364
f 4365/4524/4364 4377/4536/4376 4366/4525/4365
f 4377/4536/4376 4378/4537/4377 4366/4525/4365
f 4366/4525/4365 4378/4537/4377 4367/4526/4366
f 4378/4537/4377 4379/4538/4378 4367/4526/4366
f 4367/4526/4366 4379/4538/4378 4368/4527/4367
f 4379/4538/4378 4380/4539/4379 4368/4527/4367
f 4368/4527/4367 4380/4539/4379 4369/4528/4368
f 4380/4539/4379 4381/4540/4380 4369/4528/4368
f 4369/4528/4368 4381/4540/4380 4370/4529/4369
f 4381/4540/4380 4382/4541/4381 4370/4529/4369
f 4370/4529/4369 4382/4541/4381 4371/4530/4370
f 4382/4541/4381 4383/4542/4382 4371/4530/4370
f 4371/4530/4370 4383/4542/4382 4372/4531/4371
f 4383/4542/4382 4384/4543/4383 4372/4531/4371
f 4372/4531/4371 4384/4543/4383 4373/4532/4372
f 4384/4543/4383 4385/4544/4384 4373/4532/4372
f 4373/4532/4372 4385/4544/4384 2623/2783/2623
f 4385/4544/4384 2624/2784/2624 2623/2783/2623
f 4299/4459/4299 4302/4462/4302 4300/4460/4300
f 4302/4462/4302 4386/4545/4385 4300/4460/4300
f 4300/4460/4300 4386/4545/4385 4374/4533/4373
f 4386/4545/4385 4387/4546/4386 4374/4533/4373
f 4374/4533/4373 4387/4546/4386 4375/4534/4374
f 4387/4546/4386 4388/4547/4387 4375/4534/4374
f 4375/4534/4374 4388/4547/4387 4376/4535/4375
f 4388/4547/4387 4389/4548/4388 4376/4535/4375
f 4376/4535/4375 4389/4548/4388 4377/4536/4376
f 4389/4548/4388 4390/4549/4389 4377/4536/4376
f 4377/4536/4376 4390/4549/4389 4378/4537/4377
f 4390/4549/4389 4391/4550/4390 4378/4537/4377
f 4378/4537/4377 4391/4550/4390 4379/4538/4378
f 4391/4550/4390 4392/4551/4391 4379/4538/4378
f 4379/4538/4378 4392/4551/4391 4380/4539/4379
f 4392/4551/4391 4393/4552/4392 4380/4539/4379
f 4380/4539/4379 4393/4552/4392 4381/4540/4380
f 4393/4552/4392 4394/4553/4393 4381/4540/4380
f 4381/4540/4380 4394/4553/4393 4382/4541/4381
f 4394/4553/4393 4395/4554/4394 4382/4541/4381
f 4382/4541/4381 4395/4554/4394 4383/4542/4382
f 4395/4554/4394 4396/4555/4395 4383/4542/4382
f 4383/4542/4382 4396/4555/4395 4384/4543/4383
f 4396/4555/4395 4397/4556/4396 4384/4543/4383
f 4384/4543/4383 4397/4556/4396 4385/4544/4384
f 4397/4556/4396 4398/4557/4397 4385/4544/4384
f 4385/4544/4384 4398/4557/4397 2624/2784/2624
f 4398/4557/4397 2625/2785/2625 2624/2784/2624
f 4301/4461/4301 4304/4464/4304 4302/4462/4302
f 4304/4464/4304 4399/4558/4398 4302/4462/4302
f 4302/4462/4302 4399/4558/4398 4386/4545/4385
f 4399/4558/4398 4400/4559/4399 4386/4545/4385
f 4386/4545/4385 4400/4559/4399 4387/4546/4386
f 4400/4559/4399 4401/4560/4400 4387/4546/4386
f 4387/4546/4386 4401/4560/4400 4388/4547/4387
f 4401/4560/4400 4402/4561/4401 4388/4547/4387
f 4388/4547/4387 4402/4561/4401 4389/4548/4388
f 4402/4561/4401 4403/4562/4402 4389/4548/4388
f 4389/4548/4388 4403/4562/4402 4390/4549/4389
f 4403/4562/4402 4404/4563/4403 4390/4549/4389
f 4390/4549/4389 4404/4563/4403 4391/4550/4390
f 4404/4563/4403 4405/4564/4404 4391/4550/4390
f 4391/4550/4390 4405/4564/4404 4392/4551/4391
f 4405/4564/4404 4406/4565/4405 4392/4551/4391
f 4392/4551/4391 4406/4565/4405 4393/4552/4392
f 4406/4565/4405 4407/4566/4406 4393/4552/4392
f 4393/4552/4392 4407/4566/4406 4394/4553/4393
f 4407/4566/4406 4408/4567/4407 4394/4553/4393
f 4394/4553/4393 4408/4567/4407 4395/4554/4394
f 4408/4567/4407 4409/4568/4408 4395/4554/4394
f 4395/4554/4394 4409/4568/4408 4396/4555/4395
f 4409/4568/4408 4410/4569/4409 4396/4555/4395
f 4396/4555/4395 4410/4569/4409 4397/4556/4396
f 4410/4569/4409 4411/4570/4410 4397/4556/4396
f 4397/4556/4396 4411/4570/4410 4398/4557/4397
f 4411/4570/4410 4412/4571/4411 4398/4557/4397
f 4398/4557/4397 4412/4571/4411 2625/2785/2625
f 4412/4571/4411 2626/2786/2626 2625/2785/2625
f 4303/4463/4303 4306/4466/4306 4304/4464/4304
f 4306/4466/4306 4413/4572/4412 4304/4464/4304
f 4304/4464/4304 4413/4572/4412 4399/4558/4398
f 4413/4572/4412 4414/4573/4413 4399/4558/4398
f 4399/4558/4398 4414/4573/4413 4400/4559/4399
f 4414/4573/4413 4415/4574/4414 4400/4559/4399
f 4400/4559/4399 4415/4574/4414 4401/4560/4400
f 4415/4574/4414 4416/4575/4415 4401/4560/4400
f 4401/4560/4400 4416/4575/4415 4402/4561/4401
f 4416/4575/4415 4417/4576/4416 4402/4561/4401
f 4402/4561/4401 4417/4576/4416 4403/4562/4402
f 4417/4576/4416 4418/4577/4417 4403/4562/4402
f 4403/4562/4402 4418/4577/4417 4404/4563/4403
f 4418/4577/4417 4419/4578/4418 4404/4563/4403
f 4404/4563/4403 4419/4578/4418 4405/4564/4404
f 4419/4578/4418 4420/4579/4419 4405/4564/4404
f 4405/4564/4404 4420/4579/4419 4406/4565/4405
f 4420/4579/4419 4421/4580/4420 4406/4565/4405
f 4406/4565/4405 4421/4580/4420 4407/4566/4406
f 4421/4580/4420 4422/4581/4421 4407/4566/4406
f 4407/4566/4406 4422/4581/4421 4408/4567/4407
f 4422/4581/4421 4423/4582/4422 4408/4567/4407
f 4408/4567/4407 4423/4582/4422 4409/4568/4408
f 4423/4582/4422 4424/4583/4423 4409/4568/4408
f 4409/4568/4408 4424/4583/4423 4410/4569/4409
f 4424/4583/4423 4425/4584/4424 4410/4569/4409
f 4410/4569/4409 4425/4584/4424 4411/4570/4410
f 4425/4584/4424 4426/4585/4425 4411/4570/4410
f 4411/4570/4410 4426/4585/4425 4412/4571/4411
f 4426/4585/4425 4427/4586/4426 4412/4571/4411
f 4412/4571/4411 4427/4586/4426 2626/2786/2626
f 4427/4586/4426 2627/2787/2627 2626/2786/2626
f 4305/4465/4305 4307/4587/4427 4306/4466/4306
f 4307/4587/4427 4428/4588/4428 4306/4466/4306
f 4306/4466/4306 4428/4588/4428 4413/4572/4412
f 4428/4588/4428 4429/4589/4429 4413/4572/4412
f 4413/4572/4412 4429/4589/4429 4414/4573/4413
f 4429/4589/4429 4430/4590/4430 4414/4573/4413
f 4414/4573/4413 4430/4590/4430 4415/4574/4414
f 4430/4590/4430 4431/4591/4431 4415/4574/4414
f 4415/4574/4414 4431/4591/4431 4416/4575/4415
f 4431/4591/4431 4432/4592/4432 4416/4575/4415
f 4416/4575/4415 4432/4592/4432 4417/4576/4416
f 4432/4592/4432 4433/4593/4433 4417/4576/4416
f 4417/4576/4416 4433/4593/4433 4418/4577/4417
f 4433/4593/4433 4434/4594/4434 4418/4577/4417
f 4418/4577/4417 4434/4594/4434 4419/4578/4418
f 4434/4594/4434 4435/4595/4435 4419/4578/4418
f 4419/4578/4418 4435/4595/4435 4420/4579/4419
f 4435/4595/4435 4436/4596/4436 4420/4579/4419
f 4420/4579/4419 4436/4596/4436 4421/4580/4420
f 4436/4596/4436 4437/4597/4437 4421/4580/4420
f 4421/4580/4420 4437/4597/4437 4422/4581/4421
f 4437/4597/4437 4438/4598/4438 4422/4581/4421
f 4422/4581/4421 4438/4598/4438 4423/4582/4422
f 4438/4598/4438 4439/4599/4439 4423/4582/4422
f 4423/4582/4422 4439/4599/4439 4424/4583/4423
f 4439/4599/4439 4440/4600/4440 4424/4583/4423
f 4424/4583/4423 4440/4600/4440 4425/4584/4424
f 4440/4600/4440 4441/4601/4441 4425/4584/4424
f 4425/4584/4424 4441/4601/4441 4426/4585/4425
f 4441/4601/4441 4442/4602/4442 4426/4585/4425
f 4426/4585/4425 4442/4602/4442 4427/4586/4426
f 4442/4602/4442 4443/4603/4443 4427/4586/4426
f 4427/4586/4426 4443/4603/4443 2627/2787/2627
f 4443/4603/4443 2628/2788/2628 2627/2787/2627
f 4307/4587/4427 4444/4604/4444 4428/4588/4428
f 4444/4604/4444 4445/4605/4445 4428/4588/4428
f 4428/4588/4428 4445/4605/4445 4429/4589/4429
f 4445/4605/4445 4446/4606/4446 4429/4589/4429
f 4429/4589/4429 4446/4606/4446 4430/4590/4430
f 4446/4606/4446 4447/4607/4447 4430/4590/4430
f 4430/4590/4430 4447/4607/4447 4431/4591/4431
f 4447/4607/4447 4448/4608/4448 4431/4591/4431
f 4431/4591/4431 4448/4608/4448 4432/4592/4432
f 4448/4608/4448 4449/4609/4449 4432/4592/4432
f 4432/4592/4432 4449/4609/4449 4433/4593/4433
f 4449/4609/4449 4450/4610/4450 4433/4593/4433
f 4433/4593/4433 4450/4610/4450 4434/4594/4434
f 4450/4610/4450 4451/4611/4451 4434/4594/4434
f 4434/4594/4434 4451/4611/4451 4435/4595/4435
f 4451/4611/4451 4452/4612/4452 4435/4595/4435
f 4435/4595/4435 4452/4612/4452 4436/4596/4436
f 4452/4612/4452 4453/4613/4453 4436/4596/4436
f 4436/4596/4436 4453/4613/4453 4437/4597/4437
f 4453/4613/4453 4454/4614/4454 4437/4597/4437
f 4437/4597/4437 4454/4614/4454 4438/4598/4438
f 4454/4614/4454 4455/4615/4455 4438/4598/4438
f 4438/4598/4438 4455/4615/4455 4439/4599/4439
f 4455/4615/4455 4456/4616/4456 4439/4599/4439
f 4439/4599/4439 4456/4616/4456 4440/4600/4440
f 4456/4616/4456 4457/4617/4457 4440/4600/4440
f 4440/4600/4440 4457/4617/4457 4441/4601/4441
f 4457/4617/4457 4458/4618/4458 4441/4601/4441
f 4441/4601/4441 4458/4618/4458 4442/4602/4442
f 4458/4618/4458 4459/4619/4459 4442/4602/4442
f 4442/4602/4442 4459/4619/4459 4443/4603/4443
f 4459/4619/4459 4460/4620/4460 4443/4603/4443
f 4443/4603/4443 4460/4620/4460 2628/2788/2628
f 4460/4620/4460 2629/2789/2629 2628/2788/2628
f 4444/4604/4444 4461/4621/4461 4445/4605/4445
f 4461/4621/4461 4462/4622/4462 4445/4605/4445
f 4445/4605/4445 4462/4622/4462 4446/4606/4446
f 4462/4622/4462 4463/4623/4463 4446/4606/4446
f 4446/4606/4446 4463/4623/4463 4447/4607/4447
f 4463/4623/4463 4464/4624/4464 4447/4607/4447
f 4447/4607/4447 4464/4624/4464 4448/4608/4448
f 4464/4624/4464 4465/4625/4465 4448/4608/4448
f 4448/4608/4448 4465/4625/4465 4449/4609/4449
f 4465/4625/4465 4466/4626/4466 4449/4609/4449
f 4449/4609/4449 4466/4626/4466 4450/4610/4450
f 4466/4626/4466 4467/4627/4467 4450/4610/4450
f 4450/4610/4450 4467/4627/4467 4451/4611/4451
f 4467/4627/4467 4468/4628/4468 4451/4611/4451
f 4451/4611/4451 4468/4628/4468 4452/4612/4452
f 4468/4628/4468 4469/4629/4469 4452/4612/4452
f 4452/4612/4452 4469/4629/4469 4453/4613/4453
f 4469/4629/4469 4470/4630/4470 4453/4613/4453
f 4453/4613/4453 4470/4630/4470 4454/4614/4454
f 4470/4630/4470 4471/4631/4471 4454/4614/4454
f 4454/4614/4454 4471/4631/4471 4455/4615/4455
f 4471/4631/4471 4472/4632/4472 4455/4615/4455
f 4455/4615/4455 4472/4632/4472 4456/4616/4456
f 4472/4632/4472 4473/4633/4473 4456/4616/4456
f 4456/4616/4456 4473/4633/4473 4457/4617/4457
f 4473/4633/4473 4474/4634/4474 4457/4617/4457
f 4457/4617/4457 4474/4634/4474 4458/4618/4458
f 4474/4634/4474 4475/4635/4475 4458/4618/4458
f 4458/4618/4458 4475/4635/4475 4459/4619/4459
f 4475/4635/4475 4476/4636/4476 4459/4619/4459
f 4459/4619/4459 4476/4636/4476 4460/4620/4460
f 4476/4636/4476 4477/4637/4477 4460/4620/4460
f 4460/4620/4460 4477/4637/4477 2629/2789/2629
f 4477/4637/4477 2630/2790/2630 2629/2789/2629
f 4461/4621/4461 4478/4638/4478 4462/4622/4462
f 4478/4638/4478 4479/4639/4479 4462/4622/4462
f 4462/4622/4462 4479/4639/4479 4463/4623/4463
f 4479/4639/4479 4480/4640/4480 4463/4623/4463
f 4463/4623/4463 4480/4640/4480 4464/4624/4464
f 4480/4640/4480 4481/4641/4481 4464/4624/4464
f 4464/4624/4464 4481/4641/4481 4465/4625/4465
f 4481/4641/4481 4482/4642/4482 4465/4625/4465
f 4465/4625/4465 4482/4642/4482 4466/4626/4466
f 4482/4642/4482 4483/4643/4483 4466/4626/4466
f 4466/4626/4466 4483/4643/4483 4467/4627/4467
f 4483/4643/4483 4484/4644/4484 4467/4627/4467
f 4467/4627/4467 4484/4644/4484 4468/4628/4468
f 4484/4644/4484 4485/4645/4485 4468/4628/4468
f 4468/4628/4468 4485/4645/4485 4469/4629/4469
f 4485/4645/4485 4486/4646/4486 4469/4629/4469
f 4469/4629/4469 4486/4646/4486 4470/4630/4470
f 4486/4646/4486 4487/4647/4487 4470/4630/4470
f 4470/4630/4470 4487/4647/4487 4471/4631/4471
f 4487/4647/4487 4488/4648/4488 4471/4631/4471
f 4471/4631/4471 4488/4648/4488 4472/4632/4472
f 4488/4648/4488 4489/4649/4489 4472/4632/4472
f 4472/4632/4472 4489/4649/4489 4473/4633/4473
f 4489/4649/4489 4490/4650/4490 4473/4633/4473
f 4473/4633/4473 4490/4650/4490 4474/4634/4474
f 4490/4650/4490 4491/4651/4491 4474/4634/4474
f 4474/4634/4474 4491/4651/4491 4475/4635/4475
f 4491/4651/4491 4492/4652/4492 4475/4635/4475
f 4475/4635/4475 4492/4652/4492 4476/4636/4476
f 4492/4652/4492 4493/4653/4493 4476/4636/4476
f 4476/4636/4476 4493/4653/4493 4477/4637/4477
f 4493/4653/4493 4494/4654/4494 4477/4637/4477
f 4477/4637/4477 4494/4654/4494 2630/2790/2630
f 4494/4654/4494 2631/2791/2631 2630/2790/2630
f 4478/4638/4478 4495/4655/4495 4479/4639/4479
f 4495/4655/4495 4496/4656/4496 4479/4639/4479
f 4479/4639/4479 4496/4656/4496 4480/4640/4480
f 4496/4656/4496 4497/4657/4497 4480/4640/4480
f 4480/4640/4480 4497/4657/4497 4481/4641/4481
f 4497/4657/4497 4498/4658/4498 4481/4641/4481
f 4481/4641/4481 4498/4658/4498 4482/4642/4482
f 4498/4658/4498 4499/4659/4499 4482/4642/4482
f 4482/4642/4482 4499/4659/4499 4483/4643/4483
f 4499/4659/4499 4500/4660/4500 4483/4643/4483
f 4483/4643/4483 4500/4660/4500 4484/4644/4484
f 4500/4660/4500 4501/4661/4501 4484/4644/4484
f 4484/4644/4484 4501/4661/4501 4485/4645/4485
f 4501/4661/4501 4502/4662/4502 4485/4645/4485
f 4485/4645/4485 4502/4662/4502 4486/4646/4486
f 4502/4662/4502 4503/4663/4503 4486/4646/4486
f 4486/4646/4486 4503/4663/4503 4487/4647/4487
f 4503/4663/4503 4504/4664/4504 4487/4647/4487
f 4487/4647/4487 4504/4664/4504 4488/4648/4488
f 4504/4664/4504 4505/4665/4505 4488/4648/4488
f 4488/4648/4488 4505/4665/4505 4489/4649/4489
f 4505/4665/4505 4506/4666/4506 4489/4649/4489
f 4489/4649/4489 4506/4666/4506 4490/4650/4490
f 4506/4666/4506 4507/4667/4507 4490/4650/4490
f 4490/4650/4490 4507/4667/4507 4491/4651/4491
f 4507/4667/4507 4508/4668/4508 4491/4651/4491
f 4491/4651/4491 4508/4668/4508 4492/4652/4492
f 4508/4668/4508 4509/4669/4509 4492/4652/4492
f 4492/4652/4492 4509/4669/4509 4493/4653/4493
f 4509/4669/4509 4510/4670/4510 4493/4653/4493
f 4493/4653/4493 4510/4670/4510 4494/4654/4494
f 4510/4670/4510 4511/4671/4511 4494/4654/4494
f 4494/4654/4494 4511/4671/4511 2631/2791/2631
f 4511/4671/4511 2632/2792/2632 2631/2791/2631
f 4495/4655/4495 4512/4672/4512 4496/4656/4496
f 4512/4672/4512 4513/4673/4513 4496/4656/4496
f 4496/4656/4496 4513/4673/4513 4497/4657/4497
f 4513/4673/4513 4514/4674/4514 4497/4657/4497
f 4497/4657/4497 4514/4674/4514 4498/4658/4498
f 4514/4674/4514 4515/4675/4515 4498/4658/4498
f 4498/4658/4498 4515/4675/4515 4499/4659/4499
f 4515/4675/4515 4516/4676/4516 4499/4659/4499
f 4499/4659/4499 4516/4676/4516 4500/4660/4500
f 4516/4676/4516 4517/4677/4517 4500/4660/4500
f 4500/4660/4500 4517/4677/4517 4501/4661/4501
f 4517/4677/4517 4518/4678/4518 4501/4661/4501
f 4501/4661/4501 4518/4678/4518 4502/4662/4502
f 4518/4678/4518 4519/4679/4519 4502/4662/4502
f 4502/4662/4502 4519/4679/4519 4503/4663/4503
f 4519/4679/4519 4520/4680/4520 4503/4663/4503
f 4503/4663/4503 4520/4680/4520 4504/4664/4504
f 4520/4680/4520 4521/4681/4521 4504/4664/4504
f 4504/4664/4504 4521/4681/4521 4505/4665/4505
f 4521/4681/4521 4522/4682/4522 4505/4665/4505
f 4505/4665/4505 4522/4682/4522 4506/4666/4506
f 4522/4682/4522 4523/4683/4523 4506/4666/4506
f 4506/4666/4506 4523/4683/4523 4507/4667/4507
f 4523/4683/4523 4524/4684/4524 4507/4667/4507
f 4507/4667/4507 4524/4684/4524 4508/4668/4508
f 4524/4684/4524 4525/4685/4525 4508/4668/4508
f 4508/4668/4508 4525/4685/4525 4509/4669/4509
f 4525/4685/4525 4526/4686/4526 4509/4669/4509
f 4509/4669/4509 4526/4686/4526 4510/4670/4510
f 4526/4686/4526 4527/4687/4527 4510/4670/4510
f 4510/4670/4510 4527/4687/4527 4511/4671/4511
f 4527/4687/4527 4528/4688/4528 4511/4671/4511
f 4511/4671/4511 4528/4688/4528 2632/2792/2632
f 4528/4688/4528 2633/2793/2633 2632/2792/2632
f 4512/4672/4512 4529/4689/4529 4513/4673/4513
f 4529/4689/4529 4530/4690/4530 4513/4673/4513
f 4513/4673/4513 4530/4690/4530 4514/4674/4514
f 4530/4690/4530 4531/4691/4531 4514/4674/4514
f 4514/4674/4514 4531/4691/4531 4515/4675/4515
f 4531/4691/4531 4532/4692/4532 4515/4675/4515
f 4515/4675/4515 4532/4692/4532 4516/4676/4516
f 4532/4692/4532 4533/4693/4533 4516/4676/4516
f 4516/4676/4516 4533/4693/4533 4517/4677/4517
f 4533/4693/4533 4534/4694/4534 4517/4677/4517
f 4517/4677/4517 4534/4694/4534 4518/4678/4518
f 4534/4694/4534 4535/4695/4535 4518/4678/4518
f 4518/4678/4518 4535/4695/4535 4519/4679/4519
f 4535/4695/4535 4536/4696/4536 4519/4679/4519
f 4519/4679/4519 4536/4696/4536 4520/4680/4520
f 4536/4696/4536 4537/4697/4537 4520/4680/4520
f 4520/4680/4520 4537/4697/4537 4521/4681/4521
f 4537/4697/4537 4538/4698/4538 4521/4681/4521
f 4521/4681/4521 4538/4698/4538 4522/4682/4522
f 4538/4698/4538 4539/4699/4539 4522/4682/4522
f 4522/4682/4522 4539/4699/4539 4523/4683/4523
f 4539/4699/4539 4540/4700/4540 4523/4683/4523
f 4523/4683/4523 4540/4700/4540 4524/4684/4524
f 4540/4700/4540 4541/4701/4541 4524/4684/4524
f 4524/4684/4524 4541/4701/4541 4525/4685/4525
f 4541/4701/4541 4542/4702/4542 4525/4685/4525
f 4525/4685/4525 4542/4702/4542 4526/4686/4526
f 4542/4702/4542 4543/4703/4543 4526/4686/4526
f 4526/4686/4526 4543/4703/4543 4527/4687/4527
f 4543/4703/4543 4544/4704/4544 4527/4687/4527
f 4527/4687/4527 4544/4704/4544 4528/4688/4528
f 4544/4704/4544 4545/4705/4545 4528/4688/4528
f 4528/4688/4528 4545/4705/4545 2633/2793/2633
f 4545/4705/4545 2634/2794/2634 2633/2793/2633
f 4529/4689/4529 4546/4706/4546 4530/4690/4530
f 4546/4706/4546 4547/4707/4547 4530/4690/4530
f 4530/4690/4530 4547/4707/4547 4531/4691/4531
f 4547/4707/4547 4548/4708/4548 4531/4691/4531
f 4531/4691/4531 4548/4708/4548 4532/4692/4532
f 4548/4708/4548 4549/4709/4549 4532/4692/4532
f 4532/4692/4532 4549/4709/4549 4533/4693/4533
f 4549/4709/4549 4550/4710/4550 4533/4693/4533
f 4533/4693/4533 4550/4710/4550 4534/4694/4534
f 4550/4710/4550 4551/4711/4551 4534/4694/4534
f 4534/4694/4534 4551/4711/4551 4535/4695/4535
f 4551/4711/4551 4552/4712/4552 4535/4695/4535
f 4535/4695/4535 4552/4712/4552 4536/4696/4536
f 4552/4712/4552 4553/4713/4553 4536/4696/4536
f 4536/4696/4536 4553/4713/4553 4537/4697/4537
f 4553/4713/4553 4554/4714/4554 4537/4697/4537
f 4537/4697/4537 4554/4714/4554 4538/4698/4538
f 4554/4714/4554 4555/4715/4555 4538/4698/4538
f 4538/4698/4538 4555/4715/4555 4539/4699/4539
f 4555/4715/4555 4556/4716/4556 4539/4699/4539
f 4539/4699/4539 4556/4716/4556 4540/4700/4540
f 4556/4716/4556 4557/4717/4557 4540/4700/4540
f 4540/4700/4540 4557/4717/4557 4541/4701/4541
f 4557/4717/4557 4558/4718/4558 4541/4701/4541
f 4541/4701/4541 4558/4718/4558 4542/4702/4542
f 4558/4718/4558 4559/4719/4559 4542/4702/4542
f 4542/4702/4542 4559/4719/4559 4543/4703/4543
f 4559/4719/4559 4560/4720/4560 4543/4703/4543
f 4543/4703/4543 4560/4720/4560 4544/4704/4544
f 4560/4720/4560 4561/4721/4561 4544/4704/4544
f 4544/4704/4544 4561/4721/4561 4545/4705/4545
f 4561/4721/4561 4562/4722/4562 4545/4705/4545
f 4545/4705/4545 4562/4722/4562 2634/2794/2634
f 4562/4722/4562 2635/2795/2635 2634/2794/2634
f 4546/4706/4546 4563/4723/4563 4547/4707/4547
f 4563/4723/4563 4564/4724/4564 4547/4707/4547
f 4547/4707/4547 4564/4724/4564 4548/4708/4548
f 4564/4724/4564 4565/4725/4565 4548/4708/4548
f 4548/4708/4548 4565/4725/4565 4549/4709/4549
f 4565/4725/4565 4566/4726/4566 4549/4709/4549
f 4549/4709/4549 4566/4726/4566 4550/4710/4550
f 4566/4726/4566 4567/4727/4567 4550/4710/4550
f 4550/4710/4550 4567/4727/4567 4551/4711/4551
f 4567/4727/4567 4568/4728/4568 4551/4711/4551
f 4551/4711/4551 4568/4728/4568 4552/4712/4552
f 4568/4728/4568 4569/4729/4569 4552/4712/4552
f 4552/4712/4552 4569/4729/4569 4553/4713/4553
f 4569/4729/4569 4570/4730/4570 4553/4713/4553
f 4553/4713/4553 4570/4730/4570 4554/4714/4554
f 4570/4730/4570 4571/4731/4571 4554/4714/4554
f 4554/4714/4554 4571/4731/4571 4555/4715/4555
f 4571/4731/4571 4572/4732/4572 4555/4715/4555
f 4555/4715/4555 4572/4732/4572 4556/4716/4556
f 4572/4732/4572 4573/4733/4573 4556/4716/4556
f 4556/4716/4556 4573/4733/4573 4557/4717/4557
f 4573/4733/4573 4574/4734/4574 4557/4717/4557
f 4557/4717/4557 4574/4734/4574 4558/4718/4558
f 4574/4734/4574 4575/4735/4575 4558/4718/4558
f 4558/4718/4558 4575/4735/4575 4559/4719/4559
f 4575/4735/4575 4576/4736/4576 4559/4719/4559
f 4559/4719/4559 4576/4736/4576 4560/4720/4560
f 4576/4736/4576 4577/4737/4577 4560/4720/4560
f 4560/4720/4560 4577/4737/4577 4561/4721/4561
f 4577/4737/4577 4578/4738/4578 4561/4721/4561
f 4561/4721/4561 4578/4738/4578 4562/4722/4562
f 4578/4738/4578 4579/4739/4579 4562/4722/4562
f 4562/4722/4562 4579/4739/4579 2635/2795/2635
f 4579/4739/4579 2636/2796/2636 2635/2795/2635
f 4563/4723/4563 4580/4740/4580 4564/4724/4564
f 4580/4740/4580 4581/4741/4581 4564/4724/4564
f 4564/4724/4564 4581/4741/4581 4565/4725/4565
f 4581/4741/4581 4582/4742/4582 4565/4725/4565
f 4565/4725/4565 4582/4742/4582 4566/4726/4566
f 4582/4742/4582 4583/4743/4583 4566/4726/4566
f 4566/4726/4566 4583/4743/4583 4567/4727/4567
f 4583/4743/4583 4584/4744/4584 4567/4727/4567
f 4567/4727/4567 4584/4744/4584 4568/4728/4568
f 4584/4744/4584 4585/4745/4585 4568/4728/4568
f 4568/4728/4568 4585/4745/4585 4569/4729/4569
f 4585/4745/4585 4586/4746/4586 4569/4729/4569
f 4569/4729/4569 4586/4746/4586 4570/4730/4570
f 4586/4746/4586 4587/4747/4587 4570/4730/4570
f 4570/4730/4570 4587/4747/4587 4571/4731/4571
f 4587/4747/4587 4588/4748/4588 4571/4731/4571
f 4571/4731/4571 4588/4748/4588 4572/4732/4572
f 4588/4748/4588 4589/4749/4589 4572/4732/4572
f 4572/4732/4572 4589/4749/4589 4573/4733/4573
f 4589/4749/4589 4590/4750/4590 4573/4733/4573
f 4573/4733/4573 4590/4750/4590 4574/4734/4574
f 4590/4750/4590 4591/4751/4591 4574/4734/4574
f 4574/4734/4574 4591/4751/4591 4575/4735/4575
f 4591/4751/4591 4592/4752/4592 4575/4735/4575
f 4575/4735/4575 4592/4752/4592 4576/4736/4576
f 4592/4752/4592 4593/4753/4593 4576/4736/4576
f 4576/4736/4576 4593/4753/4593 4577/4737/4577
f 4593/4753/4593 4594/4754/4594 4577/4737/4577
f 4577/4737/4577 4594/4754/4594 4578/4738/4578
f 4594/4754/4594 4595/4755/4595 4578/4738/4578
f 4578/4738/4578 4595/4755/4595 4579/4739/4579
f 4595/4755/4595 4596/4756/4596 4579/4739/4579
f 4579/4739/4579 4596/4756/4596 2636/2796/2636
f 4596/4756/4596 2637/2797/2637 2636/2796/2636
f 4580/4740/4580 4597/4757/4597 4581/4741/4581
f 4597/4757/4597 4598/4758/4598 4581/4741/4581
f 4581/4741/4581 4598/4758/4598 4582/4742/4582
f 4598/4758/4598 4599/4759/4599 4582/4742/4582
f 4582/4742/4582 4599/4759/4599 4583/4743/4583
f 4599/4759/4599 4600/4760/4600 4583/4743/4583
f 4583/4743/4583 4600/4760/4600 4584/4744/4584
f 4600/4760/4600 4601/4761/4601 4584/4744/4584
f 4584/4744/4584 4601/4761/4601 4585/4745/4585
f 4601/4761/4601 4602/4762/4602 4585/4745/4585
f 4585/4745/4585 4602/4762/4602 4586/4746/4586
f 4602/4762/4602 4603/4763/4603 4586/4746/4586
f 4586/4746/4586 4603/4763/4603 4587/4747/4587
f 4603/4763/4603 4604/4764/4604 4587/4747/4587
f 4587/4747/4587 4604/4764/4604 4588/4748/4588
f 4604/4764/4604 4605/4765/4605 4588/4748/4588
f 4588/4748/4588 4605/4765/4605 4589/4749/4589
f 4605/4765/4605 4606/4766/4606 4589/4749/4589
f 4589/4749/4589 4606/4766/4606 4590/4750/4590
f 4606/4766/4606 4607/4767/4607 4590/4750/4590
f 4590/4750/4590 4607/4767/4607 4591/4751/4591
f 4607/4767/4607 4608/4768/4608 4591/4751/4591
f 4591/4751/4591 4608/4768/4608 4592/4752/4592
f 4608/4768/4608 4609/4769/4609 4592/4752/4592
f 4592/4752/4592 4609/4769/4609 4593/4753/4593
f 4609/4769/4609 4610/4770/4610 4593/4753/4593
f 4593/4753/4593 4610/4770/4610 4594/4754/4594
f 4610/4770/4610 4611/4771/4611 4594/4754/4594
f 4594/4754/4594 4611/4771/4611 4595/4755/4595
f 4611/4771/4611 4612/4772/4612 4595/4755/4595
f 4595/4755/4595 4612/4772/4612 4596/4756/4596
f 4612/4772/4612 4613/4773/4613 4596/4756/4596
f 4596/4756/4596 4613/4773/4613 2637/2797/2637
f 4613/4773/4613 2638/2798/2638 2637/2797/2637
f 4597/4757/4597 4614/4774/4614 4598/4758/4598
f 4614/4774/4614 4615/4775/4615 4598/4758/4598
f 4598/4758/4598 4615/4775/4615 4599/4759/4599
f 4615/4775/4615 4616/4776/4616 4599/4759/4599
f 4599/4759/4599 4616/4776/4616 4600/4760/4600
f 4616/4776/4616 4617/4777/4617 4600/4760/4600
f 4600/4760/4600 4617/4777/4617 4601/4761/4601
f 4617/4777/4617 4618/4778/4618 4601/4761/4601
f 4601/4761/4601 4618/4778/4618 4602/4762/4602
f 4618/4778/4618 4619/4779/4619 4602/4762/4602
f 4602/4762/4602 4619/4779/4619 4603/4763/4603
f 4619/4779/4619 4620/4780/4620 4603/4763/4603
f 4603/4763/4603 4620/4780/4620 4604/4764/4604
f 4620/4780/4620 4621/4781/4621 4604/4764/4604
f 4604/4764/4604 4621/4781/4621 4605/4765/4605
f 4621/4781/4621 4622/4782/4622 4605/4765/4605
f 4605/4765/4605 4622/4782/4622 4606/4766/4606
f 4622/4782/4622 4623/4783/4623 4606/4766/4606
f 4606/4766/4606 4623/4783/4623 4607/4767/4607
f 4623/4783/4623 4624/4784/4624 4607/4767/4607
f 4607/4767/4607 4624/4784/4624 4608/4768/4608
f 4624/4784/4624 4625/4785/4625 4608/4768/4608
f 4608/4768/4608 4625/4785/4625 4609/4769/4609
f 4625/4785/4625 4626/4786/4626 4609/4769/4609
f 4609/4769/4609 4626/4786/4626 4610/4770/4610
f 4626/4786/4626 4627/4787/4627 4610/4770/4610
f 4610/4770/4610 4627/4787/4627 4611/4771/4611
f 4627/4787/4627 4628/4788/4628 4611/4771/4611
f 4611/4771/4611 4628/4788/4628 4612/4772/4612
f 4628/4788/4628 4629/4789/4629 4612/4772/4612
f 4612/4772/4612 4629/4789/4629 4613/4773/4613
f 4629/4789/4629 4630/4790/4630 4613/4773/4613
f 4613/4773/4613 4630/4790/4630 2638/2798/2638
f 4630/4790/4630 2639/2799/2639 2638/2798/2638
f 4614/4774/4614 4631/4791/4631 4615/4775/4615
f 4631/4791/4631 4632/4792/4632 4615/4775/4615
f 4615/4775/4615 4632/4792/4632 4616/4776/4616
f 4632/4792/4632 4633/4793/4633 4616/4776/4616
f 4616/4776/4616 4633/4793/4633 4617/4777/4617
f 4633/4793/4633 4634/4794/4634 4617/4777/4617
f 4617/4777/4617 4634/4794/4634 4618/4778/4618
f 4634/4794/4634 4635/4795/4635 4618/4778/4618
f 4618/4778/4618 4635/4795/4635 4619/4779/4619
f 4635/4795/4635 4636/4796/4636 4619/4779/4619
f 4619/4779/4619 4636/4796/4636 4620/4780/4620
f 4636/4796/4636 4637/4797/4637 4620/4780/4620
f 4620/4780/4620 4637/4797/4637 4621/4781/4621
f 4637/4797/4637 4638/4798/4638 4621/4781/4621
f 4621/4781/4621 4638/4798/4638 4622/4782/4622
f 4638/4798/4638 4639/4799/4639 4622/4782/4622
f 4622/4782/4622 4639/4799/4639 4623/4783/4623
f 4639/4799/4639 4640/4800/4640 4623/4783/4623
f 4623/4783/4623 4640/4800/4640 4624/4784/4624
f 4640/4800/4640 4641/4801/4641 4624/4784/4624
f 4624/4784/4624 4641/4801/4641 4625/4785/4625
f 4641/4801/4641 4642/4802/4642 4625/4785/4625
f 4625/4785/4625 4642/4802/4642 4626/4786/4626
f 4642/4802/4642 4643/4803/4643 4626/4786/4626
f 4626/4786/4626 4643/4803/4643 4627/4787/4627
f 4643/4803/4643 4644/4804/4644 4627/4787/4627
f 4627/4787/4627 4644/4804/4644 4628/4788/4628
f 4644/4804/4644 4645/4805/4645 4628/4788/4628
f 4628/4788/4628 4645/4805/4645 4629/4789/4629
f 4645/4805/4645 4646/4806/4646 4629/4789/4629
f 4629/4789/4629 4646/4806/4646 4630/4790/4630
f 4646/4806/4646 4647/4807/4647 4630/4790/4630
f 4630/4790/4630 4647/4807/4647 2639/2799/2639
f 4647/4807/4647 2640/2800/2640 2639/2799/2639
f 4631/4791/4631 4648/4808/4648 4632/4792/4632
f 4648/4808/4648 4649/4809/4649 4632/4792/4632
f 4632/4792/4632 4649/4809/4649 4633/4793/4633
f 4649/4809/4649 4650/4810/4650 4633/4793/4633
f 4633/4793/4633 4650/4810/4650 4634/4794/4634
f 4650/4810/4650 4651/4811/4651 4634/4794/4634
f 4634/4794/4634 4651/4811/4651 4635/4795/4635
f 4651/4811/4651 4652/4812/4652 4635/4795/4635
f 4635/4795/4635 4652/4812/4652 4636/4796/4636
f 4652/4812/4652 4653/4813/4653 4636/4796/4636
f 4636/4796/4636 4653/4813/4653 4637/4797/4637
f 4653/4813/4653 4654/4814/4654 4637/4797/4637
f 4637/4797/4637 4654/4814/4654 4638/4798/4638
f 4654/4814/4654 4655/4815/4655 4638/4798/4638
f 4638/4798/4638 4655/4815/4655 4639/4799/4639
f 4655/4815/4655 4656/4816/4656 4639/4799/4639
f 4639/4799/4639 4656/4816/4656 4640/4800/4640
f 4656/4816/4656 4657/4817/4657 4640/4800/4640
f 4640/4800/4640 4657/4817/4657 4641/4801/4641
f 4657/4817/4657 4658/4818/4658 4641/4801/4641
f 4641/4801/4641 4658/4818/4658 4642/4802/4642
f 4658/4818/4658 4659/4819/4659 4642/4802/4642
f 4642/4802/4642 4659/4819/4659 4643/4803/4643
f 4659/4819/4659 4660/4820/4660 4643/4803/4643
f 4643/4803/4643 4660/4820/4660 4644/4804/4644
f 4660/4820/4660 4661/4821/4661 4644/4804/4644
f 4644/4804/4644 4661/4821/4661 4645/4805/4645
f 4661/4821/4661 4662/4822/4662 4645/4805/4645
f 4645/4805/4645 4662/4822/4662 4646/4806/4646
f 4662/4822/4662 4663/4823/4663 4646/4806/4646
f 4646/4806/4646 4663/4823/4663 4647/4807/4647
f 4663/4823/4663 4664/4824/4664 4647/4807/4647
f 4647/4807/4647 4664/4824/4664 2640/2800/2640
f 4664/4824/4664 2641/2801/2641 2640/2800/2640
f 4648/4808/4648 4665/4825/4665 4649/4809/4649
f 4665/4825/4665 4666/4826/4666 4649/4809/4649
f 4649/4809/4649 4666/4826/4666 4650/4810/4650
f 4666/4826/4666 4667/4827/4667 4650/4810/4650
f 4650/4810/4650 4667/4827/4667 4651/4811/4651
f 4667/4827/4667 4668/4828/4668 4651/4811/4651
f 4651/4811/4651 4668/4828/4668 4652/4812/4652
f 4668/4828/4668 4669/4829/4669 4652/4812/4652
f 4652/4812/4652 4669/4829/4669 4653/4813/4653
f 4669/4829/4669 4670/4830/4670 4653/4813/4653
f 4653/4813/4653 4670/4830/4670 4654/4814/4654
f 4670/4830/4670 4671/4831/4671 4654/4814/4654
f 4654/4814/4654 4671/4831/4671 4655/4815/4655
f 4671/4831/4671 4672/4832/4672 4655/4815/4655
f 4655/4815/4655 4672/4832/4672 4656/4816/4656
f 4672/4832/4672 4673/4833/4673 4656/4816/4656
f 4656/4816/4656 4673/4833/4673 4657/4817/4657
f 4673/4833/4673 4674/4834/4674 4657/4817/4657
f 4657/4817/4657 4674/4834/4674 4658/4818/4658
f 4674/4834/4674 4675/4835/4675 4658/4818/4658
f 4658/4818/4658 4675/4835/4675 4659/4819/4659
f 4675/4835/4675 4676/4836/4676 4659/4819/4659
f 4659/4819/4659 4676/4836/4676 4660/4820/4660
f 4676/4836/4676 4677/4837/4677 4660/4820/4660
f 4660/4820/4660 4677/4837/4677 4661/4821/4661
f 4677/4837/4677 4678/4838/4678 4661/4821/4661
f 4661/4821/4661 4678/4838/4678 4662/4822/4662
f 4678/4838/4678 4679/4839/4679 4662/4822/4662
f 4662/4822/4662 4679/4839/4679 4663/4823/4663
f 4679/4839/4679 4680/4840/4680 4663/4823/4663
f 4663/4823/4663 4680/4840/4680 4664/4824/4664
f 4680/4840/4680 4681/4841/4681 4664/4824/4664
f 4664/4824/4664 4681/4841/4681 2641/2801/2641
f 4681/4841/4681 13/13/13 2641/2801/2641
f 3049/3209/3049 3050/3210/3050 10/10/10
f 3048/3208/3048 4682/4842/4682 3049/3209/3049
f 3047/3207/3047 4683/4843/4683 3048/3208/3048
f 3046/3206/3046 4684/4844/4684 3047/3207/3047
f 3045/3205/3045 4685/4845/4685 3046/3206/3046
f 3044/3204/3044 4686/4846/4686 3045/3205/3045
f 3043/3203/3043 4687/4847/4687 3044/3204/3044
f 3042/3202/3042 4688/4848/4688 3043/3203/3043
f 3041/3201/3041 4689/4849/4689 3042/3202/3042
f 3040/3200/3040 4690/4850/4690 3041/3201/3041
f 3039/3199/3039 4691/4851/4691 3040/3200/3040
f 3038/3198/3038 4692/4852/4692 3039/3199/3039
f 3037/3197/3037 4693/4853/4693 3038/3198/3038
f 3036/3196/3036 4694/4854/4694 3037/3197/3037
f 3035/3195/3035 4695/4855/4695 3036/3196/3036
f 3034/3194/3034 4696/4856/4696 3035/3195/3035
f 3033/3193/3033 4697/4857/4697 3034/3194/3034
f 3049/3209/3049 4682/4842/4682 3050/3210/3050
f 4682/4842/4682 3051/3211/3051 3050/3210/3050
f 3048/3208/3048 4683/4843/4683 4682/4842/4682
f 4683/4843/4683 4698/4858/4698 4682/4842/4682
f 4682/4842/4682 4698/4858/4698 3051/3211/3051
f 4698/4858/4698 3053/3213/3053 3051/3211/3051
f 3047/3207/3047 4684/4844/4684 4683/4843/4683
f 4684/4844/4684 4699/4859/4699 4683/4843/4683
f 4683/4843/4683 4699/4859/4699 4698/4858/4698
f 4699/4859/4699 4700/4860/4700 4698/4858/4698
f 4698/4858/4698 4700/4860/4700 3053/3213/3053
f 4700/4860/4700 3055/3215/3055 3053/3213/3053
f 3046/3206/3046 4685/4845/4685 4684/4844/4684
f 4685/4845/4685 4701/4861/4701 4684/4844/4684
f 4684/4844/4684 4701/4861/4701 4699/4859/4699
f 4701/4861/4701 4702/4862/4702 4699/4859/4699
f 4699/4859/4699 4702/4862/4702 4700/4860/4700
f 4702/4862/4702 4703/4863/4703 4700/4860/4700
f 4700/4860/4700 4703/4863/4703 3055/3215/3055
f 4703/4863/4703 3057/3217/3057 3055/3215/3055
f 3045/3205/3045 4686/4846/4686 4685/4845/4685
f 4686/4846/4686 4704/4864/4704 4685/4845/4685
f 4685/4845/4685 4704/4864/4704 4701/4861/4701
f 4704/4864/4704 4705/4865/4705 4701/4861/4701
f 4701/4861/4701 4705/4865/4705 4702/4862/4702
f 4705/4865/4705 4706/4866/4706 4702/4862/4702
f 4702/4862/4702 4706/4866/4706 4703/4863/4703
f 4706/4866/4706 4707/4867/4707 4703/4863/4703
f 4703/4863/4703 4707/4867/4707 3057/3217/3057
f 4707/4867/4707 3059/3219/3059 3057/3217/3057
f 3044/3204/3044 4687/4847/4687 4686/4846/4686
f 4687/4847/4687 4708/4868/4708 4686/4846/4686
f 4686/4846/4686 4708/4868/4708 4704/4864/4704
f 4708/4868/4708 4709/4869/4709 4704/4864/4704
f 4704/4864/4704 4709/4869/4709 4705/4865/4705
f 4709/4869/4709 4710/4870/4710 4705/4865/4705
f 4705/4865/4705 4710/4870/4710 4706/4866/4706
f 4710/4870/4710 4711/4871/4711 4706/4866/4706
f 4706/4866/4706 4711/4871/4711 4707/4867/4707
f 4711/4871/4711 4712/4872/4712 4707/4867/4707
f 4707/4867/4707 4712/4872/4712 3059/3219/3059
f 4712/4872/4712 3061/3221/3061 3059/3219/3059
f 3043/3203/3043 4688/4848/4688 4687/4847/4687
f 4688/4848/4688 4713/4873/4713 4687/4847/4687
f 4687/4847/4687 4713/4873/4713 4708/4868/4708
f 4713/4873/4713 4714/4874/4714 4708/4868/4708
f 4708/4868/4708 4714/4874/4714 4709/4869/4709
f 4714/4874/4714 4715/4875/4715 4709/4869/4709
f 4709/4869/4709 4715/4875/4715 4710/4870/4710
f 4715/4875/4715 4716/4876/4716 4710/4870/4710
f 4710/4870/4710 4716/4876/4716 4711/4871/4711
f 4716/4876/4716 4717/4877/4717 4711/4871/4711
f 4711/4871/4711 4717/4877/4717 4712/4872/4712
f 4717/4877/4717 4718/4878/4718 4712/4872/4712
f 4712/4872/4712 4718/4878/4718 3061/3221/3061
f 4718/4878/4718 3063/3223/3063 3061/3221/3061
f 3042/3202/3042 4689/4849/4689 4688/4848/4688
f 4689/4849/4689 4719/4879/4719 4688/4848/4688
f 4688/4848/4688 4719/4879/4719 4713/4873/4713
f 4719/4879/4719 4720/4880/4720 4713/4873/4713
f 4713/4873/4713 4720/4880/4720 4714/4874/4714
f 4720/4880/4720 4721/4881/4721 4714/4874/4714
f 4714/4874/4714 4721/4881/4721 4715/4875/4715
f 4721/4881/4721 4722/4882/4722 4715/4875/4715
f 4715/4875/4715 4722/4882/4722 4716/4876/4716
f 4722/4882/4722 4723/4883/4723 4716/4876/4716
f 4716/4876/4716 4723/4883/4723 4717/4877/4717
f 4723/4883/4723 4724/4884/4724 4717/4877/4717
f 4717/4877/4717 4724/4884/4724 4718/4878/4718
f 4724/4884/4724 4725/4885/4725 4718/4878/4718
f 4718/4878/4718 4725/4885/4725 3063/3223/3063
f 4725/4885/4725 3065/3225/3065 3063/3223/3063
f 3041/3201/3041 4690/4850/4690 4689/4849/4689
f 4690/4850/4690 4726/4886/4726 4689/4849/4689
f 4689/4849/4689 4726/4886/4726 4719/4879/4719
f 4726/4886/4726 4727/4887/4727 4719/4879/4719
f 4719/4879/4719 4727/4887/4727 4720/4880/4720
f 4727/4887/4727 4728/4888/4728 4720/4880/4720
f 4720/4880/4720 4728/4888/4728 4721/4881/4721
f 4728/4888/4728 4729/4889/4729 4721/4881/4721
f 4721/4881/4721 4729/4889/4729 4722/4882/4722
f 4729/4889/4729 4730/4890/4730 4722/4882/4722
f 4722/4882/4722 4730/4890/4730 4723/4883/4723
f 4730/4890/4730 4731/4891/4731 4723/4883/4723
f 4723/4883/4723 4731/4891/4731 4724/4884/4724
f 4731/4891/4731 4732/4892/4732 4724/4884/4724
f 4724/4884/4724 4732/4892/4732 4725/4885/4725
f 4732/4892/4732 4733/4893/4733 4725/4885/4725
f 4725/4885/4725 4733/4893/4733 3065/3225/3065
f 4733/4893/4733 3067/3227/3067 3065/3225/3065
f 3040/3200/3040 4691/4851/4691 4690/4850/4690
f 4691/4851/4691 4734/4894/4734 4690/4850/4690
f 4690/4850/4690 4734/4894/4734 4726/4886/4726
f 4734/4894/4734 4735/4895/4735 4726/4886/4726
f 4726/4886/4726 4735/4895/4735 4727/4887/4727
f 4735/4895/4735 4736/4896/4736 4727/4887/4727
f 4727/4887/4727 4736/4896/4736 4728/4888/4728
f 4736/4896/4736 4737/4897/4737 4728/4888/4728
f 4728/4888/4728 4737/4897/4737 4729/4889/4729
f 4737/4897/4737 4738/4898/4738 4729/4889/4729
f 4729/4889/4729 4738/4898/4738 4730/4890/4730
f 4738/4898/4738 4739/4899/4739 4730/4890/4730
f 4730/4890/4730 4739/4899/4739 4731/4891/4731
f 4739/4899/4739 4740/4900/4740 4731/4891/4731
f 4731/4891/4731 4740/4900/4740 4732/4892/4732
f 4740/4900/4740 4741/4901/4741 4732/4892/4732
f 4732/4892/4732 4741/4901/4741 4733/4893/4733
f 4741/4901/4741 4742/4902/4742 4733/4893/4733
f 4733/4893/4733 4742/4902/4742 3067/3227/3067
f 4742/4902/4742 3069/3229/3069 3067/3227/3067
f 3039/3199/3039 4692/4852/4692 4691/4851/4691
f 4692/4852/4692 4743/4903/4743 4691/4851/4691
f 4691/4851/4691 4743/4903/4743 4734/4894/4734
f 4743/4903/4743 4744/4904/4744 4734/4894/4734
f 4734/4894/4734 4744/4904/4744 4735/4895/4735
f 4744/4904/4744 4745/4905/4745 4735/4895/4735
f 4735/4895/4735 4745/4905/4745 4736/4896/4736
f 4745/4905/4745 4746/4906/4746 4736/4896/4736
f 4736/4896/4736 4746/4906/4746 4737/4897/4737
f 4746/4906/4746 4747/4907/4747 4737/4897/4737
f 4737/4897/4737 4747/4907/4747 4738/4898/4738
f 4747/4907/4747 4748/4908/4748 4738/4898/4738
f 4738/4898/4738 4748/4908/4748 4739/4899/4739
f 4748/4908/4748 4749/4909/4749 4739/4899/4739
f 4739/4899/4739 4749/4909/4749 4740/4900/4740
f 4749/4909/4749 4750/4910/4750 4740/4900/4740
f 4740/4900/4740 4750/4910/4750 4741/4901/4741
f 4750/4910/4750 4751/4911/4751 4741/4901/4741
f 4741/4901/4741 4751/4911/4751 4742/4902/4742
f 4751/4911/4751 4752/4912/4752 4742/4902/4742
f 4742/4902/4742 4752/4912/4752 3069/3229/3069
f 4752/4912/4752 3071/3231/3071 3069/3229/3069
f 3038/3198/3038 4693/4853/4693 4692/4852/4692
f 4693/4853/4693 4753/4913/4753 4692/4852/4692
f 4692/4852/4692 4753/4913/4753 4743/4903/4743
f 4753/4913/4753 4754/4914/4754 4743/4903/4743
f 4743/4903/4743 4754/4914/4754 4744/4904/4744
f 4754/4914/4754 4755/4915/4755 4744/4904/4744
f 4744/4904/4744 4755/4915/4755 4745/4905/4745
f 4755/4915/4755 4756/4916/4756 4745/4905/4745
f 4745/4905/4745 4756/4916/4756 4746/4906/4746
f 4756/4916/4756 4757/4917/4757 4746/4906/4746
f 4746/4906/4746 4757/4917/4757 4747/4907/4747
f 4757/4917/4757 4758/4918/4758 4747/4907/4747
f 4747/4907/4747 4758/4918/4758 4748/4908/4748
f 4758/4918/4758 4759/4919/4759 4748/4908/4748
f 4748/4908/4748 4759/4919/4759 4749/4909/4749
f 4759/4919/4759 4760/4920/4760 4749/4909/4749
f 4749/4909/4749 4760/4920/4760 4750/4910/4750
f 4760/4920/4760 4761/4921/4761 4750/4910/4750
f 4750/4910/4750 4761/4921/4761 4751/4911/4751
f 4761/4921/4761 4762/4922/4762 4751/4911/4751
f 4751/4911/4751 4762/4922/4762 4752/4912/4752
f 4762/4922/4762 4763/4923/4763 4752/4912/4752
f 4752/4912/4752 4763/4923/4763 3071/3231/3071
f 4763/4923/4763 3073/3233/3073 3071/3231/3071
f 3037/3197/3037 4694/4854/4694 4693/4853/4693
f 4694/4854/4694 4764/4924/4764 4693/4853/4693
f 4693/4853/4693 4764/4924/4764 4753/4913/4753
f 4764/4924/4764 4765/4925/4765 4753/4913/4753
f 4753/4913/4753 4765/4925/4765 4754/4914/4754
f 4765/4925/4765 4766/4926/4766 4754/4914/4754
f 4754/4914/4754 4766/4926/4766 4755/4915/4755
f 4766/4926/4766 4767/4927/4767 4755/4915/4755
f 4755/4915/4755 4767/4927/4767 4756/4916/4756
f 4767/4927/4767 4768/4928/4768 4756/4916/4756
f 4756/4916/4756 4768/4928/4768 4757/4917/4757
f 4768/4928/4768 4769/4929/4769 4757/4917/4757
f 4757/4917/4757 4769/4929/4769 4758/4918/4758
f 4769/4929/4769 4770/4930/4770 4758/4918/4758
f 4758/4918/4758 4770/4930/4770 4759/4919/4759
f 4770/4930/4770 4771/4931/4771 4759/4919/4759
f 4759/4919/4759 4771/4931/4771 4760/4920/4760
f 4771/4931/4771 4772/4932/4772 4760/4920/4760
f 4760/4920/4760 4772/4932/4772 4761/4921/4761
f 4772/4932/4772 4773/4933/4773 4761/4921/4761
f 4761/4921/4761 4773/4933/4773 4762/4922/4762
f 4773/4933/4773 4774/4934/4774 4762/4922/4762
f 4762/4922/4762 4774/4934/4774 4763/4923/4763
f 4774/4934/4774 4775/4935/4775 4763/4923/4763
f 4763/4923/4763 4775/4935/4775 3073/3233/3073
f 4775/4935/4775 3075/3235/3075 3073/3233/3073
f 3036/3196/3036 4695/4855/4695 4694/4854/4694
f 4695/4855/4695 4776/4936/4776 4694/4854/4694
f 4694/4854/4694 4776/4936/4776 4764/4924/4764
f 4776/4936/4776 4777/4937/4777 4764/4924/4764
f 4764/4924/4764 4777/4937/4777 4765/4925/4765
f 4777/4937/4777 4778/4938/4778 4765/4925/4765
f 4765/4925/4765 4778/4938/4778 4766/4926/4766
f 4778/4938/4778 4779/4939/4779 4766/4926/4766
f 4766/4926/4766 4779/4939/4779 4767/4927/4767
f 4779/4939/4779 4780/4940/4780 4767/4927/4767
f 4767/4927/4767 4780/4940/4780 4768/4928/4768
f 4780/4940/4780 4781/4941/4781 4768/4928/4768
f 4768/4928/4768 4781/4941/4781 4769/4929/4769
f 4781/4941/4781 4782/4942/4782 4769/4929/4769
f 4769/4929/4769 4782/4942/4782 4770/4930/4770
f 4782/4942/4782 4783/4943/4783 4770/4930/4770
f 4770/4930/4770 4783/4943/4783 4771/4931/4771
f 4783/4943/4783 4784/4944/4784 4771/4931/4771
f 4771/4931/4771 4784/4944/4784 4772/4932/4772
f 4784/4944/4784 4785/4945/4785 4772/4932/4772
f 4772/4932/4772 4785/4945/4785 4773/4933/4773
f 4785/4945/4785 4786/4946/4786 4773/4933/4773
f 4773/4933/4773 4786/4946/4786 4774/4934/4774
f 4786/4946/4786 4787/4947/4787 4774/4934/4774
f 4774/4934/4774 4787/4947/4787 4775/4935/4775
f 4787/4947/4787 4788/4948/4788 4775/4935/4775
f 4775/4935/4775 4788/4948/4788 3075/3235/3075
f 4788/4948/4788 3077/3237/3077 3075/3235/3075
f 3035/3195/3035 4696/4856/4696 4695/4855/4695
f 4696/4856/4696 4789/4949/4789 4695/4855/4695
f 4695/4855/4695 4789/4949/4789 4776/4936/4776
f 4789/4949/4789 4790/4950/4790 4776/4936/4776
f 4776/4936/4776 4790/4950/4790 4777/4937/4777
f 4790/4950/4790 4791/4951/4791 4777/4937/4777
f 4777/4937/4777 4791/4951/4791 4778/4938/4778
f 4791/4951/4791 4792/4952/4792 4778/4938/4778
f 4778/4938/4778 4792/4952/4792 4779/4939/4779
f 4792/4952/4792 4793/4953/4793 4779/4939/4779
f 4779/4939/4779 4793/4953/4793 4780/4940/4780
f 4793/4953/4793 4794/4954/4794 4780/4940/4780
f 4780/4940/4780 4794/4954/4794 4781/4941/4781
f 4794/4954/4794 4795/4955/4795 4781/4941/4781
f 4781/4941/4781 4795/4955/4795 4782/4942/4782
f 4795/4955/4795 4796/4956/4796 4782/4942/4782
f 4782/4942/4782 4796/4956/4796 4783/4943/4783
f 4796/4956/4796 4797/4957/4797 4783/4943/4783
f 4783/4943/4783 4797/4957/4797 4784/4944/4784
f 4797/4957/4797 4798/4958/4798 4784/4944/4784
f 4784/4944/4784 4798/4958/4798 4785/4945/4785
f 4798/4958/4798 4799/4959/4799 4785/4945/4785
f 4785/4945/4785 4799/4959/4799 4786/4946/4786
f 4799/4959/4799 4800/4960/4800 4786/4946/4786
f 4786/4946/4786 4800/4960/4800 4787/4947/4787
f 4800/4960/4800 4801/4961/4801 4787/4947/4787
f 4787/4947/4787 4801/4961/4801 4788/4948/4788
f 4801/4961/4801 4802/4962/4802 4788/4948/4788
f 4788/4948/4788 4802/4962/4802 3077/3237/3077
f 4802/4962/4802 3079/3239/3079 3077/3237/3077
f 3034/3194/3034 4697/4857/4697 4696/4856/4696
f 4697/4857/4697 4803/4963/4803 4696/4856/4696
f 4696/4856/4696 4803/4963/4803 4789/4949/4789
f 4803/4963/4803 4804/4964/4804 4789/4949/4789
f 4789/4949/4789 4804/4964/4804 4790/4950/4790
f 4804/4964/4804 4805/4965/4805 4790/4950/4790
f 4790/4950/4790 4805/4965/4805 4791/4951/4791
f 4805/4965/4805 4806/4966/4806 4791/4951/4791
f 4791/4951/4791 4806/4966/4806 4792/4952/4792
f 4806/4966/4806 4807/4967/4807 4792/4952/4792
f 4792/4952/4792 4807/4967/4807 4793/4953/4793
f 4807/4967/4807 4808/4968/4808 4793/4953/4793
f 4793/4953/4793 4808/4968/4808 4794/4954/4794
f 4808/4968/4808 4809/4969/4809 4794/4954/4794
f 4794/4954/4794 4809/4969/4809 4795/4955/4795
f 4809/4969/4809 4810/4970/4810 4795/4955/4795
f 4795/4955/4795 4810/4970/4810 4796/4956/4796
f 4810/4970/4810 4811/4971/4811 4796/4956/4796
f 4796/4956/4796 4811/4971/4811 4797/4957/4797
f 4811/4971/4811 4812/4972/4812 4797/4957/4797
f 4797/4957/4797 4812/4972/4812 4798/4958/4798
f 4812/4972/4812 4813/4973/4813 4798/4958/4798
f 4798/4958/4798 4813/4973/4813 4799/4959/4799
f 4813/4973/4813 4814/4974/4814 4799/4959/4799
f 4799/4959/4799 4814/4974/4814 4800/4960/4800
f 4814/4974/4814 4815/4975/4815 4800/4960/4800
f 4800/4960/4800 4815/4975/4815 4801/4961/4801
f 4815/4975/4815 4816/4976/4816 4801/4961/4801
f 4801/4961/4801 4816/4976/4816 4802/4962/4802
f 4816/4976/4816 4817/4977/4817 4802/4962/4802
f 4802/4962/4802 4817/4977/4817 3079/3239/3079
f 4817/4977/4817 3081/3241/3081 3079/3239/3079
f 3457/3617/3457 3458/3618/3458 7/7/7
f 3456/3616/3456 4818/4978/4818 3457/3617/3457
f 3455/3615/3455 4819/4979/4819 3456/3616/3456
f 3454/3614/3454 4820/4980/4820 3455/3615/3455
f 3453/3613/3453 4821/4981/4821 3454/3614/3454
f 3452/3612/3452 4822/4982/4822 3453/3613/3453
f 3451/3611/3451 4823/4983/4823 3452/3612/3452
f 3450/3610/3450 4824/4984/4824 3451/3611/3451
f 3449/3609/3449 4825/4985/4825 3450/3610/3450
f 3448/3608/3448 4826/4986/4826 3449/3609/3449
f 3447/3607/3447 4827/4987/4827 3448/3608/3448
f 3446/3606/3446 4828/4988/4828 3447/3607/3447
f 3445/3605/3445 4829/4989/4829 3446/3606/3446
f 3444/3604/3444 4830/4990/4830 3445/3605/3445
f 3443/3603/3443 4831/4991/4831 3444/3604/3444
f 3442/3602/3442 4832/4992/4832 3443/3603/3443
f 3441/3601/3441 4833/4993/4833 3442/3602/3442
f 3457/3617/3457 4818/4978/4818 3458/3618/3458
f 4818/4978/4818 3459/3619/3459 3458/3618/3458
f 3456/3616/3456 4819/4979/4819 4818/4978/4818
f 4819/4979/4819 4834/4994/4834 4818/4978/4818
f 4818/4978/4818 4834/4994/4834 3459/3619/3459
f 4834/4994/4834 3461/3621/3461 3459/3619/3459
f 3455/3615/3455 4820/4980/4820 4819/4979/4819
f 4820/4980/4820 4835/4995/4835 4819/4979/4819
f 4819/4979/4819 4835/4995/4835 4834/4994/4834
f 4835/4995/4835 4836/4996/4836 4834/4994/4834
f 4834/4994/4834 4836/4996/4836 3461/3621/3461
f 4836/4996/4836 3463/3623/3463 3461/3621/3461
f 3454/3614/3454 4821/4981/4821 4820/4980/4820
f 4821/4981/4821 4837/4997/4837 4820/4980/4820
f 4820/4980/4820 4837/4997/4837 4835/4995/4835
f 4837/4997/4837 4838/4998/4838 4835/4995/4835
f 4835/4995/4835 4838/4998/4838 4836/4996/4836
f 4838/4998/4838 4839/4999/4839 4836/4996/4836
f 4836/4996/4836 4839/4999/4839 3463/3623/3463
f 4839/4999/4839 3465/3625/3465 3463/3623/3463
f 3453/3613/3453 4822/4982/4822 4821/4981/4821
f 4822/4982/4822 4840/5000/4840 4821/4981/4821
f 4821/4981/4821 4840/5000/4840 4837/4997/4837
f 4840/5000/4840 4841/5001/4841 4837/4997/4837
f 4837/4997/4837 4841/5001/4841 4838/4998/4838
f 4841/5001/4841 4842/5002/4842 4838/4998/4838
f 4838/4998/4838 4842/5002/4842 4839/4999/4839
f 4842/5002/4842 4843/5003/4843 4839/4999/4839
f 4839/4999/4839 4843/5003/4843 3465/3625/3465
f 4843/5003/4843 3467/3627/3467 3465/3625/3465
f 3452/3612/3452 4823/4983/4823 4822/4982/4822
f 4823/4983/4823 4844/5004/4844 4822/4982/4822
f 4822/4982/4822 4844/5004/4844 4840/5000/4840
f 4844/5004/4844 4845/5005/4845 4840/5000/4840
f 4840/5000/4840 4845/5005/4845 4841/5001/4841
f 4845/5005/4845 4846/5006/4846 4841/5001/4841
f 4841/5001/4841 4846/5006/4846 4842/5002/4842
f 4846/5006/4846 4847/5007/4847 4842/5002/4842
f 4842/5002/4842 4847/5007/4847 4843/5003/4843
f 4847/5007/4847 4848/5008/4848 4843/5003/4843
f 4843/5003/4843 4848/5008/4848 3467/3627/3467
f 4848/5008/4848 3469/3629/3469 3467/3627/3467
f 3451/3611/3451 4824/4984/4824 4823/4983/4823
f 4824/4984/4824 4849/5009/4849 4823/4983/4823
f 4823/4983/4823 4849/5009/4849 4844/5004/4844
f 4849/5009/4849 4850/5010/4850 4844/5004/4844
f 4844/5004/4844 4850/5010/4850 4845/5005/4845
f 4850/5010/4850 4851/5011/4851 4845/5005/4845
f 4845/5005/4845 4851/5011/4851 4846/5006/4846
f 4851/5011/4851 4852/5012/4852 4846/5006/4846
f 4846/5006/4846 4852/5012/4852 4847/5007/4847
f 4852/5012/4852 4853/5013/4853 4847/5007/4847
f 4847/5007/4847 4853/5013/4853 4848/5008/4848
f 4853/5013/4853 4854/5014/4854 4848/5008/4848
f 4848/5008/4848 4854/5014/4854 3469/3629/3469
f 4854/5014/4854 3471/3631/3471 3469/3629/3469
f 3450/3610/3450 4825/4985/4825 4824/4984/4824
f 4825/4985/4825 4855/5015/4855 4824/4984/4824
f 4824/4984/4824 4855/5015/4855 4849/5009/4849
f 4855/5015/4855 4856/5016/4856 4849/5009/4849
f 4849/5009/4849 4856/5016/4856 4850/5010/4850
f 4856/5016/4856 4857/5017/4857 4850/5010/4850
f 4850/5010/4850 4857/5017/4857 4851/5011/4851
f 4857/5017/4857 4858/5018/4858 4851/5011/4851
f 4851/5011/4851 4858/5018/4858 4852/5012/4852
f 4858/5018/4858 4859/5019/4859 4852/5012/4852
f 4852/5012/4852 4859/5019/4859 4853/5013/4853
f 4859/5019/4859 4860/5020/4860 4853/5013/4853
f 4853/5013/4853 4860/5020/4860 4854/5014/4854
f 4860/5020/4860 4861/5021/4861 4854/5014/4854
f 4854/5014/4854 4861/5021/4861 3471/3631/3471
f 4861/5021/4861 3473/3633/3473 3471/3631/3471
f 3449/3609/3449 4826/4986/4826 4825/4985/4825
f 4826/4986/4826 4862/5022/4862 4825/4985/4825
f 4825/4985/4825 4862/5022/4862 4855/5015/4855
f 4862/5022/4862 4863/5023/4863 4855/5015/4855
f 4855/5015/4855 4863/5023/4863 4856/5016/4856
f 4863/5023/4863 4864/5024/4864 4856/5016/4856
f 4856/5016/4856 4864/5024/4864 4857/5017/4857
f 4864/5024/4864 4865/5025/4865 4857/5017/4857
f 4857/5017/4857 4865/5025/4865 4858/5018/4858
f 4865/5025/4865 4866/5026/4866 4858/5018/4858
f 4858/5018/4858 4866/5026/4866 4859/5019/4859
f 4866/5026/4866 4867/5027/4867 4859/5019/4859
f 4859/5019/4859 4867/5027/4867 4860/5020/4860
f 4867/5027/4867 4868/5028/4868 4860/5020/4860
f 4860/5020/4860 4868/5028/4868 4861/5021/4861
f 4868/5028/4868 4869/5029/4869 4861/5021/4861
f 4861/5021/4861 4869/5029/4869 3473/3633/3473
f 4869/5029/4869 3475/3635/3475 3473/3633/3473
f 3448/3608/3448 4827/4987/4827 4826/4986/4826
f 4827/4987/4827 4870/5030/4870 4826/4986/4826
f 4826/4986/4826 4870/5030/4870 4862/5022/4862
f 4870/5030/4870 4871/5031/4871 4862/5022/4862
f 4862/5022/4862 4871/5031/4871 4863/5023/4863
f 4871/5031/4871 4872/5032/4872 4863/5023/4863
f 4863/5023/4863 4872/5032/4872 4864/5024/4864
f 4872/5032/4872 4873/5033/4873 4864/5024/4864
f 4864/5024/4864 4873/5033/4873 4865/5025/4865
f 4873/5033/4873 4874/5034/4874 4865/5025/4865
f 4865/5025/4865 4874/5034/4874 4866/5026/4866
f 4874/5034/4874 4875/5035/4875 4866/5026/4866
f 4866/5026/4866 4875/5035/4875 4867/5027/4867
f 4875/5035/4875 4876/5036/4876 4867/5027/4867
f 4867/5027/4867 4876/5036/4876 4868/5028/4868
f 4876/5036/4876 4877/5037/4877 4868/5028/4868
f 4868/5028/4868 4877/5037/4877 4869/5029/4869
f 4877/5037/4877 4878/5038/4878 4869/5029/4869
f 4869/5029/4869 4878/5038/4878 3475/3635/3475
f 4878/5038/4878 3477/3637/3477 3475/3635/3475
f 3447/3607/3447 4828/4988/4828 4827/4987/4827
f 4828/4988/4828 4879/5039/4879 4827/4987/4827
f 4827/4987/4827 4879/5039/4879 4870/5030/4870
f 4879/5039/4879 4880/5040/4880 4870/5030/4870
f 4870/5030/4870 4880/5040/4880 4871/5031/4871
f 4880/5040/4880 4881/5041/4881 4871/5031/4871
f 4871/5031/4871 4881/5041/4881 4872/5032/4872
f 4881/5041/4881 4882/5042/4882 4872/5032/4872
f 4872/5032/4872 4882/5042/4882 4873/5033/4873
f 4882/5042/4882 4883/5043/4883 4873/5033/4873
f 4873/5033/4873 4883/5043/4883 4874/5034/4874
f 4883/5043/4883 4884/5044/4884 4874/5034/4874
f 4874/5034/4874 4884/5044/4884 4875/5035/4875
f 4884/5044/4884 4885/5045/4885 4875/5035/4875
f 4875/5035/4875 4885/5045/4885 4876/5036/4876
f 4885/5045/4885 4886/5046/4886 4876/5036/4876
f 4876/5036/4876 4886/5046/4886 4877/5037/4877
f 4886/5046/4886 4887/5047/4887 4877/5037/4877
f 4877/5037/4877 4887/5047/4887 4878/5038/4878
f 4887/5047/4887 4888/5048/4888 4878/5038/4878
f 4878/5038/4878 4888/5048/4888 3477/3637/3477
f 4888/5048/4888 3479/3639/3479 3477/3637/3477
f 3446/3606/3446 4829/4989/4829 4828/4988/4828
f 4829/4989/4829 4889/5049/4889 4828/4988/4828
f 4828/4988/4828 4889/5049/4889 4879/5039/4879
f 4889/5049/4889 4890/5050/4890 4879/5039/4879
f 4879/5039/4879 4890/5050/4890 4880/5040/4880
f 4890/5050/4890 4891/5051/4891 4880/5040/4880
f 4880/5040/4880 4891/5051/4891 4881/5041/4881
f 4891/5051/4891 4892/5052/4892 4881/5041/4881
f 4881/5041/4881 4892/5052/4892 4882/5042/4882
f 4892/5052/4892 4893/5053/4893 4882/5042/4882
f 4882/5042/4882 4893/5053/4893 4883/5043/4883
f 4893/5053/4893 4894/5054/4894 4883/5043/4883
f 4883/5043/4883 4894/5054/4894 4884/5044/4884
f 4894/5054/4894 4895/5055/4895 4884/5044/4884
f 4884/5044/4884 4895/5055/4895 4885/5045/4885
f 4895/5055/4895 4896/5056/4896 4885/5045/4885
f 4885/5045/4885 4896/5056/4896 4886/5046/4886
f 4896/5056/4896 4897/5057/4897 4886/5046/4886
f 4886/5046/4886 4897/5057/4897 4887/5047/4887
f 4897/5057/4897 4898/5058/4898 4887/5047/4887
f 4887/5047/4887 4898/5058/4898 4888/5048/4888
f 4898/5058/4898 4899/5059/4899 4888/5048/4888
f 4888/5048/4888 4899/5059/4899 3479/3639/3479
f 4899/5059/4899 3481/3641/3481 3479/3639/3479
f 3445/3605/3445 4830/4990/4830 4829/4989/4829
f 4830/4990/4830 4900/5060/4900 4829/4989/4829
f 4829/4989/4829 4900/5060/4900 4889/5049/4889
f 4900/5060/4900 4901/5061/4901 4889/5049/4889
f 4889/5049/4889 4901/5061/4901 4890/5050/4890
f 4901/5061/4901 4902/5062/4902 4890/5050/4890
f 4890/5050/4890 4902/5062/4902 4891/5051/4891
f 4902/5062/4902 4903/5063/4903 4891/5051/4891
f 4891/5051/4891 4903/5063/4903 4892/5052/4892
f 4903/5063/4903 4904/5064/4904 4892/5052/4892
f 4892/5052/4892 4904/5064/4904 4893/5053/4893
f 4904/5064/4904 4905/5065/4905 4893/5053/4893
f 4893/5053/4893 4905/5065/4905 4894/5054/4894
f 4905/5065/4905 4906/5066/4906 4894/5054/4894
f 4894/5054/4894 4906/5066/4906 4895/5055/4895
f 4906/5066/4906 4907/5067/4907 4895/5055/4895
f 4895/5055/4895 4907/5067/4907 4896/5056/4896
f 4907/5067/4907 4908/5068/4908 4896/5056/4896
f 4896/5056/4896 4908/5068/4908 4897/5057/4897
f 4908/5068/4908 4909/5069/4909 4897/5057/4897
f 4897/5057/4897 4909/5069/4909 4898/5058/4898
f 4909/5069/4909 4910/5070/4910 4898/5058/4898
f 4898/5058/4898 4910/5070/4910 4899/5059/4899
f 4910/5070/4910 4911/5071/4911 4899/5059/4899
f 4899/5059/4899 4911/5071/4911 3481/3641/3481
f 4911/5071/4911 3483/3643/3483 3481/3641/3481
f 3444/3604/3444 4831/4991/4831 4830/4990/4830
f 4831/4991/4831 4912/5072/4912 4830/4990/4830
f 4830/4990/4830 4912/5072/4912 4900/5060/4900
f 4912/5072/4912 4913/5073/4913 4900/5060/4900
f 4900/5060/4900 4913/5073/4913 4901/5061/4901
f 4913/5073/4913 4914/5074/4914 4901/5061/4901
f 4901/5061/4901 4914/5074/4914 4902/5062/4902
f 4914/5074/4914 4915/5075/4915 4902/5062/4902
f 4902/5062/4902 4915/5075/4915 4903/5063/4903
f 4915/5075/4915 4916/5076/4916 4903/5063/4903
f 4903/5063/4903 4916/5076/4916 4904/5064/4904
f 4916/5076/4916 4917/5077/4917 4904/5064/4904
f 4904/5064/4904 4917/5077/4917 4905/5065/4905
f 4917/5077/4917 4918/5078/4918 4905/5065/4905
f 4905/5065/4905 4918/5078/4918 4906/5066/4906
f 4918/5078/4918 4919/5079/4919 4906/5066/4906
f 4906/5066/4906 4919/5079/4919 4907/5067/4907
f 4919/5079/4919 4920/5080/4920 4907/5067/4907
f 4907/5067/4907 4920/5080/4920 4908/5068/4908
f 4920/5080/4920 4921/5081/4921 4908/5068/4908
f 4908/5068/4908 4921/5081/4921 4909/5069/4909
f 4921/5081/4921 4922/5082/4922 4909/5069/4909
f 4909/5069/4909 4922/5082/4922 4910/5070/4910
f 4922/5082/4922 4923/5083/4923 4910/5070/4910
f 4910/5070/4910 4923/5083/4923 4911/5071/4911
f 4923/5083/4923 4924/5084/4924 4911/5071/4911
f 4911/5071/4911 4924/5084/4924 3483/3643/3483
f 4924/5084/4924 3485/3645/3485 3483/3643/3483
f 3443/3603/3443 4832/4992/4832 4831/4991/4831
f 4832/4992/4832 4925/5085/4925 4831/4991/4831
f 4831/4991/4831 4925/5085/4925 4912/5072/4912
f 4925/5085/4925 4926/5086/4926 4912/5072/4912
f 4912/5072/4912 4926/5086/4926 4913/5073/4913
f 4926/5086/4926 4927/5087/4927 4913/5073/4913
f 4913/5073/4913 4927/5087/4927 4914/5074/4914
f 4927/5087/4927 4928/5088/4928 4914/5074/4914
f 4914/5074/4914 4928/5088/4928 4915/5075/4915
f 4928/5088/4928 4929/5089/4929 4915/5075/4915
f 4915/5075/4915 4929/5089/4929 4916/5076/4916
f 4929/5089/4929 4930/5090/4930 4916/5076/4916
f 4916/5076/4916 4930/5090/4930 4917/5077/4917
f 4930/5090/4930 4931/5091/4931 4917/5077/4917
f 4917/5077/4917 4931/5091/4931 4918/5078/4918
f 4931/5091/4931 4932/5092/4932 4918/5078/4918
f 4918/5078/4918 4932/5092/4932 4919/5079/4919
f 4932/5092/4932 4933/5093/4933 4919/5079/4919
f 4919/5079/4919 4933/5093/4933 4920/5080/4920
f 4933/5093/4933 4934/5094/4934 4920/5080/4920
f 4920/5080/4920 4934/5094/4934 4921/5081/4921
f 4934/5094/4934 4935/5095/4935 4921/5081/4921
f 4921/5081/4921 4935/5095/4935 4922/5082/4922
f 4935/5095/4935 4936/5096/4936 4922/5082/4922
f 4922/5082/4922 4936/5096/4936 4923/5083/4923
f 4936/5096/4936 4937/5097/4937 4923/5083/4923
f 4923/5083/4923 4937/5097/4937 4924/5084/4924
f 4937/5097/4937 4938/5098/4938 4924/5084/4924
f 4924/5084/4924 4938/5098/4938 3485/3645/3485
f 4938/5098/4938 3487/3647/3487 3485/3645/3485
f 3442/3602/3442 4833/4993/4833 4832/4992/4832
f 4833/4993/4833 4939/5099/4939 4832/4992/4832
f 4832/4992/4832 4939/5099/4939 4925/5085/4925
f 4939/5099/4939 4940/5100/4940 4925/5085/4925
f 4925/5085/4925 4940/5100/4940 4926/5086/4926
f 4940/5100/4940 4941/5101/4941 4926/5086/4926
f 4926/5086/4926 4941/5101/4941 4927/5087/4927
f 4941/5101/4941 4942/5102/4942 4927/5087/4927
f 4927/5087/4927 4942/5102/4942 4928/5088/4928
f 4942/5102/4942 4943/5103/4943 4928/5088/4928
f 4928/5088/4928 4943/5103/4943 4929/5089/4929
f 4943/5103/4943 4944/5104/4944 4929/5089/4929
f 4929/5089/4929 4944/5104/4944 4930/5090/4930
f 4944/5104/4944 4945/5105/4945 4930/5090/4930
f 4930/5090/4930 4945/5105/4945 4931/5091/4931
f 4945/5105/4945 4946/5106/4946 4931/5091/4931
f 4931/5091/4931 4946/5106/4946 4932/5092/4932
f 4946/5106/4946 4947/5107/4947 4932/5092/4932
f 4932/5092/4932 4947/5107/4947 4933/5093/4933
f 4947/5107/4947 4948/5108/4948 4933/5093/4933
f 4933/5093/4933 4948/5108/4948 4934/5094/4934
f 4948/5108/4948 4949/5109/4949 4934/5094/4934
f 4934/5094/4934 4949/5109/4949 4935/5095/4935
f 4949/5109/4949 4950/5110/4950 4935/5095/4935
f 4935/5095/4935 4950/5110/4950 4936/5096/4936
f 4950/5110/4950 4951/5111/4951 4936/5096/4936
f 4936/5096/4936 4951/5111/4951 4937/5097/4937
f 4951/5111/4951 4952/5112/4952 4937/5097/4937
f 4937/5097/4937 4952/5112/4952 4938/5098/4938
f 4952/5112/4952 4953/5113/4953 4938/5098/4938
f 4938/5098/4938 4953/5113/4953 3487/3647/3487
f 4953/5113/4953 3489/3649/3489 3487/3647/3487
f 3865/4025/3865 3866/5114/3866 4/1687/4
f 3864/4024/3864 4954/5115/4954 3865/4025/3865
f 3863/4023/3863 4955/5116/4955 3864/4024/3864
f 3862/4022/3862 4956/5117/4956 3863/4023/3863
f 3861/4021/3861 4957/5118/4957 3862/4022/3862
f 3860/4020/3860 4958/5119/4958 3861/4021/3861
f 3859/4019/3859 4959/5120/4959 3860/4020/3860
f 3858/4018/3858 4960/5121/4960 3859/4019/3859
f 3857/4017/3857 4961/5122/4961 3858/4018/3858
f 3856/4016/3856 4962/5123/4962 3857/4017/3857
f 3855/4015/3855 4963/5124/4963 3856/4016/3856
f 3854/4014/3854 4964/5125/4964 3855/4015/3855
f 3853/4013/3853 4965/5126/4965 3854/4014/3854
f 3852/4012/3852 4966/5127/4966 3853/4013/3853
f 3851/4011/3851 4967/5128/4967 3852/4012/3852
f 3850/4010/3850 4968/5129/4968 3851/4011/3851
f 3849/4009/3849 4969/5130/4969 3850/4010/3850
f 3865/4025/3865 4954/5115/4954 3866/5114/3866
f 4954/5115/4954 3867/5131/3867 3866/5114/3866
f 3864/4024/3864 4955/5116/4955 4954/5115/4954
f 4955/5116/4955 4970/5132/4970 4954/5115/4954
f 4954/5115/4954 4970/5132/4970 3867/5131/3867
f 4970/5132/4970 3869/5133/3869 3867/5131/3867
f 3863/4023/3863 4956/5117/4956 4955/5116/4955
f 4956/5117/4956 4971/5134/4971 4955/5116/4955
f 4955/5116/4955 4971/5134/4971 4970/5132/4970
f 4971/5134/4971 4972/5135/4972 4970/5132/4970
f 4970/5132/4970 4972/5135/4972 3869/5133/3869
f 4972/5135/4972 3871/5136/3871 3869/5133/3869
f 3862/4022/3862 4957/5118/4957 4956/5117/4956
f 4957/5118/4957 4973/5137/4973 4956/5117/4956
f 4956/5117/4956 4973/5137/4973 4971/5134/4971
f 4973/5137/4973 4974/5138/4974 4971/5134/4971
f 4971/5134/4971 4974/5138/4974 4972/5135/4972
f 4974/5138/4974 4975/5139/4975 4972/5135/4972
f 4972/5135/4972 4975/5139/4975 3871/5136/3871
f 4975/5139/4975 3873/5140/3873 3871/5136/3871
f 3861/4021/3861 4958/5119/4958 4957/5118/4957
f 4958/5119/4958 4976/5141/4976 4957/5118/4957
f 4957/5118/4957 4976/5141/4976 4973/5137/4973
f 4976/5141/4976 4977/5142/4977 4973/5137/4973
f 4973/5137/4973 4977/5142/4977 4974/5138/4974
f 4977/5142/4977 4978/5143/4978 4974/5138/4974
f 4974/5138/4974 4978/5143/4978 4975/5139/4975
f 4978/5143/4978 4979/5144/4979 4975/5139/4975
f 4975/5139/4975 4979/5144/4979 3873/5140/3873
f 4979/5144/4979 3875/5145/3875 3873/5140/3873
f 3860/4020/3860 4959/5120/4959 4958/5119/4958
f 4959/5120/4959 4980/5146/4980 4958/5119/4958
f 4958/5119/4958 4980/5146/4980 4976/5141/4976
f 4980/5146/4980 4981/5147/4981 4976/5141/4976
f 4976/5141/4976 4981/5147/4981 4977/5142/4977
f 4981/5147/4981 4982/5148/4982 4977/5142/4977
f 4977/5142/4977 4982/5148/4982 4978/5143/4978
f 4982/5148/4982 4983/5149/4983 4978/5143/4978
f 4978/5143/4978 4983/5149/4983 4979/5144/4979
f 4983/5149/4983 4984/5150/4984 4979/5144/4979
f 4979/5144/4979 4984/5150/4984 3875/5145/3875
f 4984/5150/4984 3877/5151/3877 3875/5145/3875
f 3859/4019/3859 4960/5121/4960 4959/5120/4959
f 4960/5121/4960 4985/5152/4985 4959/5120/4959
f 4959/5120/4959 4985/5152/4985 4980/5146/4980
f 4985/5152/4985 4986/5153/4986 4980/5146/4980
f 4980/5146/4980 4986/5153/4986 4981/5147/4981
f 4986/5153/4986 4987/5154/4987 4981/5147/4981
f 4981/5147/4981 4987/5154/4987 4982/5148/4982
f 4987/5154/4987 4988/5155/4988 4982/5148/4982
f 4982/5148/4982 4988/5155/4988 4983/5149/4983
f 4988/5155/4988 4989/5156/4989 4983/5149/4983
f 4983/5149/4983 4989/5156/4989 4984/5150/4984
f 4989/5156/4989 4990/5157/4990 4984/5150/4984
f 4984/5150/4984 4990/5157/4990 3877/5151/3877
f 4990/5157/4990 3879/5158/3879 3877/5151/3877
f 3858/4018/3858 4961/5122/4961 4960/5121/4960
f 4961/5122/4961 4991/5159/4991 4960/5121/4960
f 4960/5121/4960 4991/5159/4991 4985/5152/4985
f 4991/5159/4991 4992/5160/4992 4985/5152/4985
f 4985/5152/4985 4992/5160/4992 4986/5153/4986
f 4992/5160/4992 4993/5161/4993 4986/5153/4986
f 4986/5153/4986 4993/5161/4993 4987/5154/4987
f 4993/5161/4993 4994/5162/4994 4987/5154/4987
f 4987/5154/4987 4994/5162/4994 4988/5155/4988
f 4994/5162/4994 4995/5163/4995 4988/5155/4988
f 4988/5155/4988 4995/5163/4995 4989/5156/4989
f 4995/5163/4995 4996/5164/4996 4989/5156/4989
f 4989/5156/4989 4996/5164/4996 4990/5157/4990
f 4996/5164/4996 4997/5165/4997 4990/5157/4990
f 4990/5157/4990 4997/5165/4997 3879/5158/3879
f 4997/5165/4997 3881/5166/3881 3879/5158/3879
f 3857/4017/3857 4962/5123/4962 4961/5122/4961
f 4962/5123/4962 4998/5167/4998 4961/5122/4961
f 4961/5122/4961 4998/5167/4998 4991/5159/4991
f 4998/5167/4998 4999/5168/4999 4991/5159/4991
f 4991/5159/4991 4999/5168/4999 4992/5160/4992
f 4999/5168/4999 5000/5169/5000 4992/5160/4992
f 4992/5160/4992 5000/5169/5000 4993/5161/4993
f 5000/5169/5000 5001/5170/5001 4993/5161/4993
f 4993/5161/4993 5001/5170/5001 4994/5162/4994
f 5001/5170/5001 5002/5171/5002 4994/5162/4994
f 4994/5162/4994 5002/5171/5002 4995/5163/4995
f 5002/5171/5002 5003/5172/5003 4995/5163/4995
f 4995/5163/4995 5003/5172/5003 4996/5164/4996
f 5003/5172/5003 5004/5173/5004 4996/5164/4996
f 4996/5164/4996 5004/5173/5004 4997/5165/4997
f 5004/5173/5004 5005/5174/5005 4997/5165/4997
f 4997/5165/4997 5005/5174/5005 3881/5166/3881
f 5005/5174/5005 3883/5175/3883 3881/5166/3881
f 3856/4016/3856 4963/5124/4963 4962/5123/4962
f 4963/5124/4963 5006/5176/5006 4962/5123/4962
f 4962/5123/4962 5006/5176/5006 4998/5167/4998
f 5006/5176/5006 5007/5177/5007 4998/5167/4998
f 4998/5167/4998 5007/5177/5007 4999/5168/4999
f 5007/5177/5007 5008/5178/5008 4999/5168/4999
f 4999/5168/4999 5008/5178/5008 5000/5169/5000
f 5008/5178/5008 5009/5179/5009 5000/5169/5000
f 5000/5169/5000 5009/5179/5009 5001/5170/5001
f 5009/5179/5009 5010/5180/5010 5001/5170/5001
f 5001/5170/5001 5010/5180/5010 5002/5171/5002
f 5010/5180/5010 5011/5181/5011 5002/5171/5002
f 5002/5171/5002 5011/5181/5011 5003/5172/5003
f 5011/5181/5011 5012/5182/5012 5003/5172/5003
f 5003/5172/5003 5012/5182/5012 5004/5173/5004
f 5012/5182/5012 5013/5183/5013 5004/5173/5004
f 5004/5173/5004 5013/5183/5013 5005/5174/5005
f 5013/5183/5013 5014/5184/5014 5005/5174/5005
f 5005/5174/5005 5014/5184/5014 3883/5175/3883
f 5014/5184/5014 3885/5185/3885 3883/5175/3883
f 3855/4015/3855 4964/5125/4964 4963/5124/4963
f 4964/5125/4964 5015/5186/5015 4963/5124/4963
f 4963/5124/4963 5015/5186/5015 5006/5176/5006
f 5015/5186/5015 5016/5187/5016 5006/5176/5006
f 5006/5176/5006 5016/5187/5016 5007/5177/5007
f 5016/5187/5016 5017/5188/5017 5007/5177/5007
f 5007/5177/5007 5017/5188/5017 5008/5178/5008
f 5017/5188/5017 5018/5189/5018 5008/5178/5008
f 5008/5178/5008 5018/5189/5018 5009/5179/5009
f 5018/5189/5018 5019/5190/5019 5009/5179/5009
f 5009/5179/5009 5019/5190/5019 5010/5180/5010
f 5019/5190/5019 5020/5191/5020 5010/5180/5010
f 5010/5180/5010 5020/5191/5020 5011/5181/5011
f 5020/5191/5020 5021/5192/5021 5011/5181/5011
f 5011/5181/5011 5021/5192/5021 5012/5182/5012
f 5021/5192/5021 5022/5193/5022 5012/5182/5012
f 5012/5182/5012 5022/5193/5022 5013/5183/5013
f 5022/5193/5022 5023/5194/5023 5013/5183/5013
f 5013/5183/5013 5023/5194/5023 5014/5184/5014
f 5023/5194/5023 5024/5195/5024 5014/5184/5014
f 5014/5184/5014 5024/5195/5024 3885/5185/3885
f 5024/5195/5024 3887/5196/3887 3885/5185/3885
f 3854/4014/3854 4965/5126/4965 4964/5125/4964
f 4965/5126/4965 5025/5197/5025 4964/5125/4964
f 4964/5125/4964 5025/5197/5025 5015/5186/5015
f 5025/5197/5025 5026/5198/5026 5015/5186/5015
f 5015/5186/5015 5026/5198/5026 5016/5187/5016
f 5026/5198/5026 5027/5199/5027 5016/5187/5016
f 5016/5187/5016 5027/5199/5027 5017/5188/5017
f 5027/5199/5027 5028/5200/5028 5017/5188/5017
f 5017/5188/5017 5028/5200/5028 5018/5189/5018
f 5028/5200/5028 5029/5201/5029 5018/5189/5018
f 5018/5189/5018 5029/5201/5029 5019/5190/5019
f 5029/5201/5029 5030/5202/5030 5019/5190/5019
f 5019/5190/5019 5030/5202/5030 5020/5191/5020
f 5030/5202/5030 5031/5203/5031 5020/5191/5020
f 5020/5191/5020 5031/5203/5031 5021/5192/5021
f 5031/5203/5031 5032/5204/5032 5021/5192/5021
f 5021/5192/5021 5032/5204/5032 5022/5193/5022
f 5032/5204/5032 5033/5205/5033 5022/5193/5022
f 5022/5193/5022 5033/5205/5033 5023/5194/5023
f 5033/5205/5033 5034/5206/5034 5023/5194/5023
f 5023/5194/5023 5034/5206/5034 5024/5195/5024
f 5034/5206/5034 5035/5207/5035 5024/5195/5024
f 5024/5195/5024 5035/5207/5035 3887/5196/3887
f 5035/5207/5035 3889/5208/3889 3887/5196/3887
f 3853/4013/3853 4966/5127/4966 4965/5126/4965
f 4966/5127/4966 5036/5209/5036 4965/5126/4965
f 4965/5126/4965 5036/5209/5036 5025/5197/5025
f 5036/5209/5036 5037/5210/5037 5025/5197/5025
f 5025/5197/5025 5037/5210/5037 5026/5198/5026
f 5037/5210/5037 5038/5211/5038 5026/5198/5026
f 5026/5198/5026 5038/5211/5038 5027/5199/5027
f 5038/5211/5038 5039/5212/5039 5027/5199/5027
f 5027/5199/5027 5039/5212/5039 5028/5200/5028
f 5039/5212/5039 5040/5213/5040 5028/5200/5028
f 5028/5200/5028 5040/5213/5040 5029/5201/5029
f 5040/5213/5040 5041/5214/5041 5029/5201/5029
f 5029/5201/5029 5041/5214/5041 5030/5202/5030
f 5041/5214/5041 5042/5215/5042 5030/5202/5030
f 5030/5202/5030 5042/5215/5042 5031/5203/5031
f 5042/5215/5042 5043/5216/5043 5031/5203/5031
f 5031/5203/5031 5043/5216/5043 5032/5204/5032
f 5043/5216/5043 5044/5217/5044 5032/5204/5032
f 5032/5204/5032 5044/5217/5044 5033/5205/5033
f 5044/5217/5044 5045/5218/5045 5033/5205/5033
f 5033/5205/5033 5045/5218/5045 5034/5206/5034
f 5045/5218/5045 5046/5219/5046 5034/5206/5034
f 5034/5206/5034 5046/5219/5046 5035/5207/5035
f 5046/5219/5046 5047/5220/5047 5035/5207/5035
f 5035/5207/5035 5047/5220/5047 3889/5208/3889
f 5047/5220/5047 3891/5221/3891 3889/5208/3889
f 3852/4012/3852 4967/5128/4967 4966/5127/4966
f 4967/5128/4967 5048/5222/5048 4966/5127/4966
f 4966/5127/4966 5048/5222/5048 5036/5209/5036
f 5048/5222/5048 5049/5223/5049 5036/5209/5036
f 5036/5209/5036 5049/5223/5049 5037/5210/5037
f 5049/5223/5049 5050/5224/5050 5037/5210/5037
f 5037/5210/5037 5050/5224/5050 5038/5211/5038
f 5050/5224/5050 5051/5225/5051 5038/5211/5038
f 5038/5211/5038 5051/5225/5051 5039/5212/5039
f 5051/5225/5051 5052/5226/5052 5039/5212/5039
f 5039/5212/5039 5052/5226/5052 5040/5213/5040
f 5052/5226/5052 5053/5227/5053 5040/5213/5040
f 5040/5213/5040 5053/5227/5053 5041/5214/5041
f 5053/5227/5053 5054/5228/5054 5041/5214/5041
f 5041/5214/5041 5054/5228/5054 5042/5215/5042
f 5054/5228/5054 5055/5229/5055 5042/5215/5042
f 5042/5215/5042 5055/5229/5055 5043/5216/5043
f 5055/5229/5055 5056/5230/5056 5043/5216/5043
f 5043/5216/5043 5056/5230/5056 5044/5217/5044
f 5056/5230/5056 5057/5231/5057 5044/5217/5044
f 5044/5217/5044 5057/5231/5057 5045/5218/5045
f 5057/5231/5057 5058/5232/5058 5045/5218/5045
f 5045/5218/5045 5058/5232/5058 5046/5219/5046
f 5058/5232/5058 5059/5233/5059 5046/5219/5046
f 5046/5219/5046 5059/5233/5059 5047/5220/5047
f 5059/5233/5059 5060/5234/5060 5047/5220/5047
f 5047/5220/5047 5060/5234/5060 3891/5221/3891
f 5060/5234/5060 3893/5235/3893 3891/5221/3891
f 3851/4011/3851 4968/5129/4968 4967/5128/4967
f 4968/5129/4968 5061/5236/5061 4967/5128/4967
f 4967/5128/4967 5061/5236/5061 5048/5222/5048
f 5061/5236/5061 5062/5237/5062 5048/5222/5048
f 5048/5222/5048 5062/5237/5062 5049/5223/5049
f 5062/5237/5062 5063/5238/5063 5049/5223/5049
f 5049/5223/5049 5063/5238/5063 5050/5224/5050
f 5063/5238/5063 5064/5239/5064 5050/5224/5050
f 5050/5224/5050 5064/5239/5064 5051/5225/5051
f 5064/5239/5064 5065/5240/5065 5051/5225/5051
f 5051/5225/5051 5065/5240/5065 5052/5226/5052
f 5065/5240/5065 5066/5241/5066 5052/5226/5052
f 5052/5226/5052 5066/5241/5066 5053/5227/5053
f 5066/5241/5066 5067/5242/5067 5053/5227/5053
f 5053/5227/5053 5067/5242/5067 5054/5228/5054
f 5067/5242/5067 5068/5243/5068 5054/5228/5054
f 5054/5228/5054 5068/5243/5068 5055/5229/5055
f 5068/5243/5068 5069/5244/5069 5055/5229/5055
f 5055/5229/5055 5069/5244/5069 5056/5230/5056
f 5069/5244/5069 5070/5245/5070 5056/5230/5056
f 5056/5230/5056 5070/5245/5070 5057/5231/5057
f 5070/5245/5070 5071/5246/5071 5057/5231/5057
f 5057/5231/5057 5071/5246/5071 5058/5232/5058
f 5071/5246/5071 5072/5247/5072 5058/5232/5058
f 5058/5232/5058 5072/5247/5072 5059/5233/5059
f 5072/5247/5072 5073/5248/5073 5059/5233/5059
f 5059/5233/5059 5073/5248/5073 5060/5234/5060
f 5073/5248/5073 5074/5249/5074 5060/5234/5060
f 5060/5234/5060 5074/5249/5074 3893/5235/3893
f 5074/5249/5074 3895/5250/3895 3893/5235/3893
f 3850/4010/3850 4969/5130/4969 4968/5129/4968
f 4969/5130/4969 5075/5251/5075 4968/5129/4968
f 4968/5129/4968 5075/5251/5075 5061/5236/5061
f 5075/5251/5075 5076/5252/5076 5061/5236/5061
f 5061/5236/5061 5076/5252/5076 5062/5237/5062
f 5076/5252/5076 5077/5253/5077 5062/5237/5062
f 5062/5237/5062 5077/5253/5077 5063/5238/5063
f 5077/5253/5077 5078/5254/5078 5063/5238/5063
f 5063/5238/5063 5078/5254/5078 5064/5239/5064
f 5078/5254/5078 5079/5255/5079 5064/5239/5064
f 5064/5239/5064 5079/5255/5079 5065/5240/5065
f 5079/5255/5079 5080/5256/5080 5065/5240/5065
f 5065/5240/5065 5080/5256/5080 5066/5241/5066
f 5080/5256/5080 5081/5257/5081 5066/5241/5066
f 5066/5241/5066 5081/5257/5081 5067/5242/5067
f 5081/5257/5081 5082/5258/5082 5067/5242/5067
f 5067/5242/5067 5082/5258/5082 5068/5243/5068
f 5082/5258/5082 5083/5259/5083 5068/5243/5068
f 5068/5243/5068 5083/5259/5083 5069/5244/5069
f 5083/5259/5083 5084/5260/5084 5069/5244/5069
f 5069/5244/5069 5084/5260/5084 5070/5245/5070
f 5084/5260/5084 5085/5261/5085 5070/5245/5070
f 5070/5245/5070 5085/5261/5085 5071/5246/5071
f 5085/5261/5085 5086/5262/5086 5071/5246/5071
f 5071/5246/5071 5086/5262/5086 5072/5247/5072
f 5086/5262/5086 5087/5263/5087 5072/5247/5072
f 5072/5247/5072 5087/5263/5087 5073/5248/5073
f 5087/5263/5087 5088/5264/5088 5073/5248/5073
f 5073/5248/5073 5088/5264/5088 5074/5249/5074
f 5088/5264/5088 5089/5265/5089 5074/5249/5074
f 5074/5249/5074 5089/5265/5089 3895/5250/3895
f 5089/5265/5089 3897/5266/3897 3895/5250/3895
f 4273/4433/4273 4274/4434/4274 1/1/1
f 4272/4432/4272 5090/5267/5090 4273/4433/4273
f 4271/4431/4271 5091/5268/5091 4272/4432/4272
f 4270/4430/4270 5092/5269/5092 4271/4431/4271
f 4269/4429/4269 5093/5270/5093 4270/4430/4270
f 4268/4428/4268 5094/5271/5094 4269/4429/4269
f 4267/4427/4267 5095/5272/5095 4268/4428/4268
f 4266/4426/4266 5096/5273/5096 4267/4427/4267
f 4265/4425/4265 5097/5274/5097 4266/4426/4266
f 4264/4424/4264 5098/5275/5098 4265/4425/4265
f 4263/4423/4263 5099/5276/5099 4264/4424/4264
f 4262/4422/4262 5100/5277/5100 4263/4423/4263
f 4261/4421/4261 5101/5278/5101 4262/4422/4262
f 4260/4420/4260 5102/5279/5102 4261/4421/4261
f 4259/4419/4259 5103/5280/5103 4260/4420/4260
f 4258/4418/4258 5104/5281/5104 4259/4419/4259
f 4257/4417/4257 5105/5282/5105 4258/4418/4258
f 4273/4433/4273 5090/5267/5090 4274/4434/4274
f 5090/5267/5090 4275/4435/4275 4274/4434/4274
f 4272/4432/4272 5091/5268/5091 5090/5267/5090
f 5091/5268/5091 5106/5283/5106 5090/5267/5090
f 5090/5267/5090 5106/5283/5106 4275/4435/4275
f 5106/5283/5106 4277/4437/4277 4275/4435/4275
f 4271/4431/4271 5092/5269/5092 5091/5268/5091
f 5092/5269/5092 5107/5284/5107 5091/5268/5091
f 5091/5268/5091 5107/5284/5107 5106/5283/5106
f 5107/5284/5107 5108/5285/5108 5106/5283/5106
f 5106/5283/5106 5108/5285/5108 4277/4437/4277
f 5108/5285/5108 4279/4439/4279 4277/4437/4277
f 4270/4430/4270 5093/5270/5093 5092/5269/5092
f 5093/5270/5093 5109/5286/5109 5092/5269/5092
f 5092/5269/5092 5109/5286/5109 5107/5284/5107
f 5109/5286/5109 5110/5287/5110 5107/5284/5107
f 5107/5284/5107 5110/5287/5110 5108/5285/5108
f 5110/5287/5110 5111/5288/5111 5108/5285/5108
f 5108/5285/5108 5111/5288/5111 4279/4439/4279
f 5111/5288/5111 4281/4441/4281 4279/4439/4279
f 4269/4429/4269 5094/5271/5094 5093/5270/5093
f 5094/5271/5094 5112/5289/5112 5093/5270/5093
f 5093/5270/5093 5112/5289/5112 5109/5286/5109
f 5112/5289/5112 5113/5290/5113 5109/5286/5109
f 5109/5286/5109 5113/5290/5113 5110/5287/5110
f 5113/5290/5113 5114/5291/5114 5110/5287/5110
f 5110/5287/5110 5114/5291/5114 5111/5288/5111
f 5114/5291/5114 5115/5292/5115 5111/5288/5111
f 5111/5288/5111 5115/5292/5115 4281/4441/4281
f 5115/5292/5115 4283/4443/4283 4281/4441/4281
f 4268/4428/4268 5095/5272/5095 5094/5271/5094
f 5095/5272/5095 5116/5293/5116 5094/5271/5094
f 5094/5271/5094 5116/5293/5116 5112/5289/5112
f 5116/5293/5116 5117/5294/5117 5112/5289/5112
f 5112/5289/5112 5117/5294/5117 5113/5290/5113
f 5117/5294/5117 5118/5295/5118 5113/5290/5113
f 5113/5290/5113 5118/5295/5118 5114/5291/5114
f 5118/5295/5118 5119/5296/5119 5114/5291/5114
f 5114/5291/5114 5119/5296/5119 5115/5292/5115
f 5119/5296/5119 5120/5297/5120 5115/5292/5115
f 5115/5292/5115 5120/5297/5120 4283/4443/4283
f 5120/5297/5120 4285/4445/4285 4283/4443/4283
f 4267/4427/4267 5096/5273/5096 5095/5272/5095
f 5096/5273/5096 5121/5298/5121 5095/5272/5095
f 5095/5272/5095 5121/5298/5121 5116/5293/5116
f 5121/5298/5121 5122/5299/5122 5116/5293/5116
f 5116/5293/5116 5122/5299/5122 5117/5294/5117
f 5122/5299/5122 5123/5300/5123 5117/5294/5117
f 5117/5294/5117 5123/5300/5123 5118/5295/5118
f 5123/5300/5123 5124/5301/5124 5118/5295/5118
f 5118/5295/5118 5124/5301/5124 5119/5296/5119
f 5124/5301/5124 5125/5302/5125 5119/5296/5119
f 5119/5296/5119 5125/5302/5125 5120/5297/5120
f 5125/5302/5125 5126/5303/5126 5120/5297/5120
f 5120/5297/5120 5126/5303/5126 4285/4445/4285
f 5126/5303/5126 4287/4447/4287 4285/4445/4285
f 4266/4426/4266 5097/5274/5097 5096/5273/5096
f 5097/5274/5097 5127/5304/5127 5096/5273/5096
f 5096/5273/5096 5127/5304/5127 5121/5298/5121
f 5127/5304/5127 5128/5305/5128 5121/5298/5121
f 5121/5298/5121 5128/5305/5128 5122/5299/5122
f 5128/5305/5128 5129/5306/5129 5122/5299/5122
f 5122/5299/5122 5129/5306/5129 5123/5300/5123
f 5129/5306/5129 5130/5307/5130 5123/5300/5123
f 5123/5300/5123 5130/5307/5130 5124/5301/5124
f 5130/5307/5130 5131/5308/5131 5124/5301/5124
f 5124/5301/5124 5131/5308/5131 5125/5302/5125
f 5131/5308/5131 5132/5309/5132 5125/5302/5125
f 5125/5302/5125 5132/5309/5132 5126/5303/5126
f 5132/5309/5132 5133/5310/5133 5126/5303/5126
f 5126/5303/5126 5133/5310/5133 4287/4447/4287
f 5133/5310/5133 4289/4449/4289 4287/4447/4287
f 4265/4425/4265 5098/5275/5098 5097/5274/5097
f 5098/5275/5098 5134/5311/5134 5097/5274/5097
f 5097/5274/5097 5134/5311/5134 5127/5304/5127
f 5134/5311/5134 5135/5312/5135 5127/5304/5127
f 5127/5304/5127 5135/5312/5135 5128/5305/5128
f 5135/5312/5135 5136/5313/5136 5128/5305/5128
f 5128/5305/5128 5136/5313/5136 5129/5306/5129
f 5136/5313/5136 5137/5314/5137 5129/5306/5129
f 5129/5306/5129 5137/5314/5137 5130/5307/5130
f 5137/5314/5137 5138/5315/5138 5130/5307/5130
f 5130/5307/5130 5138/5315/5138 5131/5308/5131
f 5138/5315/5138 5139/5316/5139 5131/5308/5131
f 5131/5308/5131 5139/5316/5139 5132/5309/5132
f 5139/5316/5139 5140/5317/5140 5132/5309/5132
f 5132/5309/5132 5140/5317/5140 5133/5310/5133
f 5140/5317/5140 5141/5318/5141 5133/5310/5133
f 5133/5310/5133 5141/5318/5141 4289/4449/4289
f 5141/5318/5141 4291/4451/4291 4289/4449/4289
f 4264/4424/4264 5099/5276/5099 5098/5275/5098
f 5099/5276/5099 5142/5319/5142 5098/5275/5098
f 5098/5275/5098 5142/5319/5142 5134/5311/5134
f 5142/5319/5142 5143/5320/5143 5134/5311/5134
f 5134/5311/5134 5143/5320/5143 5135/5312/5135
f 5143/5320/5143 5144/5321/5144 5135/5312/5135
f 5135/5312/5135 5144/5321/5144 5136/5313/5136
f 5144/5321/5144 5145/5322/5145 5136/5313/5136
f 5136/5313/5136 5145/5322/5145 5137/5314/5137
f 5145/5322/5145 5146/5323/5146 5137/5314/5137
f 5137/5314/5137 5146/5323/5146 5138/5315/5138
f 5146/5323/5146 5147/5324/5147 5138/5315/5138
f 5138/5315/5138 5147/5324/5147 5139/5316/5139
f 5147/5324/5147 5148/5325/5148 5139/5316/5139
f 5139/5316/5139 5148/5325/5148 5140/5317/5140
f 5148/5325/5148 5149/5326/5149 5140/5317/5140
f 5140/5317/5140 5149/5326/5149 5141/5318/5141
f 5149/5326/5149 5150/5327/5150 5141/5318/5141
f 5141/5318/5141 5150/5327/5150 4291/4451/4291
f 5150/5327/5150 4293/4453/4293 4291/4451/4291
f 4263/4423/4263 5100/5277/5100 5099/5276/5099
f 5100/5277/5100 5151/5328/5151 5099/5276/5099
f 5099/5276/5099 5151/5328/5151 5142/5319/5142
f 5151/5328/5151 5152/5329/5152 5142/5319/5142
f 5142/5319/5142 5152/5329/5152 5143/5320/5143
f 5152/5329/5152 5153/5330/5153 5143/5320/5143
f 5143/5320/5143 5153/5330/5153 5144/5321/5144
f 5153/5330/5153 5154/5331/5154 5144/5321/5144
f 5144/5321/5144 5154/5331/5154 5145/5322/5145
f 5154/5331/5154 5155/5332/5155 5145/5322/5145
f 5145/5322/5145 5155/5332/5155 5146/5323/5146
f 5155/5332/5155 5156/5333/5156 5146/5323/5146
f 5146/5323/5146 5156/5333/5156 5147/5324/5147
f 5156/5333/5156 5157/5334/5157 5147/5324/5147
f 5147/5324/5147 5157/5334/5157 5148/5325/5148
f 5157/5334/5157 5158/5335/5158 5148/5325/5148
f 5148/5325/5148 5158/5335/5158 5149/5326/5149
f 5158/5335/5158 5159/5336/5159 5149/5326/5149
f 5149/5326/5149 5159/5336/5159 5150/5327/5150
f 5159/5336/5159 5160/5337/5160 5150/5327/5150
f 5150/5327/5150 5160/5337/5160 4293/4453/4293
f 5160/5337/5160 4295/4455/4295 4293/4453/4293
f 4262/4422/4262 5101/5278/5101 5100/5277/5100
f 5101/5278/5101 5161/5338/5161 5100/5277/5100
f 5100/5277/5100 5161/5338/5161 5151/5328/5151
f 5161/5338/5161 5162/5339/5162 5151/5328/5151
f 5151/5328/5151 5162/5339/5162 5152/5329/5152
f 5162/5339/5162 5163/5340/5163 5152/5329/5152
f 5152/5329/5152 5163/5340/5163 5153/5330/5153
f 5163/5340/5163 5164/5341/5164 5153/5330/5153
f 5153/5330/5153 5164/5341/5164 5154/5331/5154
f 5164/5341/5164 5165/5342/5165 5154/5331/5154
f 5154/5331/5154 5165/5342/5165 5155/5332/5155
f 5165/5342/5165 5166/5343/5166 5155/5332/5155
f 5155/5332/5155 5166/5343/5166 5156/5333/5156
f 5166/5343/5166 5167/5344/5167 5156/5333/5156
f 5156/5333/5156 5167/5344/5167 5157/5334/5157
f 5167/5344/5167 5168/5345/5168 5157/5334/5157
f 5157/5334/5157 5168/5345/5168 5158/5335/5158
f 5168/5345/5168 5169/5346/5169 5158/5335/5158
f 5158/5335/5158 5169/5346/5169 5159/5336/5159
f 5169/5346/5169 5170/5347/5170 5159/5336/5159
f 5159/5336/5159 5170/5347/5170 5160/5337/5160
f 5170/5347/5170 5171/5348/5171 5160/5337/5160
f 5160/5337/5160 5171/5348/5171 4295/4455/4295
f 5171/5348/5171 4297/4457/4297 4295/4455/4295
f 4261/4421/4261 5102/5279/5102 5101/5278/5101
f 5102/5279/5102 5172/5349/5172 5101/5278/5101
f 5101/5278/5101 5172/5349/5172 5161/5338/5161
f 5172/5349/5172 5173/5350/5173 5161/5338/5161
f 5161/5338/5161 5173/5350/5173 5162/5339/5162
f 5173/5350/5173 5174/5351/5174 5162/5339/5162
f 5162/5339/5162 5174/5351/5174 5163/5340/5163
f 5174/5351/5174 5175/5352/5175 5163/5340/5163
f 5163/5340/5163 5175/5352/5175 5164/5341/5164
f 5175/5352/5175 5176/5353/5176 5164/5341/5164
f 5164/5341/5164 5176/5353/5176 5165/5342/5165
f 5176/5353/5176 5177/5354/5177 5165/5342/5165
f 5165/5342/5165 5177/5354/5177 5166/5343/5166
f 5177/5354/5177 5178/5355/5178 5166/5343/5166
f 5166/5343/5166 5178/5355/5178 5167/5344/5167
f 5178/5355/5178 5179/5356/5179 5167/5344/5167
f 5167/5344/5167 5179/5356/5179 5168/5345/5168
f 5179/5356/5179 5180/5357/5180 5168/5345/5168
f 5168/5345/5168 5180/5357/5180 5169/5346/5169
f 5180/5357/5180 5181/5358/5181 5169/5346/5169
f 5169/5346/5169 5181/5358/5181 5170/5347/5170
f 5181/5358/5181 5182/5359/5182 5170/5347/5170
f 5170/5347/5170 5182/5359/5182 5171/5348/5171
f 5182/5359/5182 5183/5360/5183 5171/5348/5171
f 5171/5348/5171 5183/5360/5183 4297/4457/4297
f 5183/5360/5183 4299/4459/4299 4297/4457/4297
f 4260/4420/4260 5103/5280/5103 5102/5279/5102
f 5103/5280/5103 5184/5361/5184 5102/5279/5102
f 5102/5279/5102 5184/5361/5184 5172/5349/5172
f 5184/5361/5184 5185/5362/5185 5172/5349/5172
f 5172/5349/5172 5185/5362/5185 5173/5350/5173
f 5185/5362/5185 5186/5363/5186 5173/5350/5173
f 5173/5350/5173 5186/5363/5186 5174/5351/5174
f 5186/5363/5186 5187/5364/5187 5174/5351/5174
f 5174/5351/5174 5187/5364/5187 5175/5352/5175
f 5187/5364/5187 5188/5365/5188 5175/5352/5175
f 5175/5352/5175 5188/5365/5188 5176/5353/5176
f 5188/5365/5188 5189/5366/5189 5176/5353/5176
f 5176/5353/5176 5189/5366/5189 5177/5354/5177
f 5189/5366/5189 5190/5367/5190 5177/5354/5177
f 5177/5354/5177 5190/5367/5190 5178/5355/5178
f 5190/5367/5190 5191/5368/5191 5178/5355/5178
f 5178/5355/5178 5191/5368/5191 5179/5356/5179
f 5191/5368/5191 5192/5369/5192 5179/5356/5179
f 5179/5356/5179 5192/5369/5192 5180/5357/5180
f 5192/5369/5192 5193/5370/5193 5180/5357/5180
f 5180/5357/5180 5193/5370/5193 5181/5358/5181
f 5193/5370/5193 5194/5371/5194 5181/5358/5181
f 5181/5358/5181 5194/5371/5194 5182/5359/5182
f 5194/5371/5194 5195/5372/5195 5182/5359/5182
f 5182/5359/5182 5195/5372/5195 5183/5360/5183
f 5195/5372/5195 5196/5373/5196 5183/5360/5183
f 5183/5360/5183 5196/5373/5196 4299/4459/4299
f 5196/5373/5196 4301/4461/4301 4299/4459/4299
f 4259/4419/4259 5104/5281/5104 5103/5280/5103
f 5104/5281/5104 5197/5374/5197 5103/5280/5103
f 5103/5280/5103 5197/5374/5197 5184/5361/5184
f 5197/5374/5197 5198/5375/5198 5184/5361/5184
f 5184/5361/5184 5198/5375/5198 5185/5362/5185
f 5198/5375/5198 5199/5376/5199 5185/5362/5185
f 5185/5362/5185 5199/5376/5199 5186/5363/5186
f 5199/5376/5199 5200/5377/5200 5186/5363/5186
f 5186/5363/5186 5200/5377/5200 5187/5364/5187
f 5200/5377/5200 5201/5378/5201 5187/5364/5187
f 5187/5364/5187 5201/5378/5201 5188/5365/5188
f 5201/5378/5201 5202/5379/5202 5188/5365/5188
f 5188/5365/5188 5202/5379/5202 5189/5366/5189
f 5202/5379/5202 5203/5380/5203 5189/5366/5189
f 5189/5366/5189 5203/5380/5203 5190/5367/5190
f 5203/5380/5203 5204/5381/5204 5190/5367/5190
f 5190/5367/5190 5204/5381/5204 5191/5368/5191
f 5204/5381/5204 5205/5382/5205 5191/5368/5191
f 5191/5368/5191 5205/5382/5205 5192/5369/5192
f 5205/5382/5205 5206/5383/5206 5192/5369/5192
f 5192/5369/5192 5206/5383/5206 5193/5370/5193
f 5206/5383/5206 5207/5384/5207 5193/5370/5193
f 5193/5370/5193 5207/5384/5207 5194/5371/5194
f 5207/5384/5207 5208/5385/5208 5194/5371/5194
f 5194/5371/5194 5208/5385/5208 5195/5372/5195
f 5208/5385/5208 5209/5386/5209 5195/5372/5195
f 5195/5372/5195 5209/5386/5209 5196/5373/5196
f 5209/5386/5209 5210/5387/5210 5196/5373/5196
f 5196/5373/5196 5210/5387/5210 4301/4461/4301
f 5210/5387/5210 4303/4463/4303 4301/4461/4301
f 4258/4418/4258 5105/5282/5105 5104/5281/5104
f 5105/5282/5105 5211/5388/5211 5104/5281/5104
f 5104/5281/5104 5211/5388/5211 5197/5374/5197
f 5211/5388/5211 5212/5389/5212 5197/5374/5197
f 5197/5374/5197 5212/5389/5212 5198/5375/5198
f 5212/5389/5212 5213/5390/5213 5198/5375/5198
f 5198/5375/5198 5213/5390/5213 5199/5376/5199
f 5213/5390/5213 5214/5391/5214 5199/5376/5199
f 5199/5376/5199 5214/5391/5214 5200/5377/5200
f 5214/5391/5214 5215/5392/5215 5200/5377/5200
f 5200/5377/5200 5215/5392/5215 5201/5378/5201
f 5215/5392/5215 5216/5393/5216 5201/5378/5201
f 5201/5378/5201 5216/5393/5216 5202/5379/5202
f 5216/5393/5216 5217/5394/5217 5202/5379/5202
f 5202/5379/5202 5217/5394/5217 5203/5380/5203
f 5217/5394/5217 5218/5395/5218 5203/5380/5203
f 5203/5380/5203 5218/5395/5218 5204/5381/5204
f 5218/5395/5218 5219/5396/5219 5204/5381/5204
f 5204/5381/5204 5219/5396/5219 5205/5382/5205
f 5219/5396/5219 5220/5397/5220 5205/5382/5205
f 5205/5382/5205 5220/5397/5220 5206/5383/5206
f 5220/5397/5220 5221/5398/5221 5206/5383/5206
f 5206/5383/5206 5221/5398/5221 5207/5384/5207
f 5221/5398/5221 5222/5399/5222 5207/5384/5207
f 5207/5384/5207 5222/5399/5222 5208/5385/5208
f 5222/5399/5222 5223/5400/5223 5208/5385/5208
f 5208/5385/5208 5223/5400/5223 5209/5386/5209
f 5223/5400/5223 5224/5401/5224 5209/5386/5209
f 5209/5386/5209 5224/5401/5224 5210/5387/5210
f 5224/5401/5224 5225/5402/5225 5210/5387/5210
f 5210/5387/5210 5225/5402/5225 4303/4463/4303
f 5225/5402/5225 4305/4465/4305 4303/4463/4303
f 4681/4841/4681 2642/2802/2642 13/13/13
f 4680/4840/4680 5226/5403/5226 4681/4841/4681
f 4679/4839/4679 5227/5404/5227 4680/4840/4680
f 4678/4838/4678 5228/5405/5228 4679/4839/4679
f 4677/4837/4677 5229/5406/5229 4678/4838/4678
f 4676/4836/4676 5230/5407/5230 4677/4837/4677
f 4675/4835/4675 5231/5408/5231 4676/4836/4676
f 4674/4834/4674 5232/5409/5232 4675/4835/4675
f 4673/4833/4673 5233/5410/5233 4674/4834/4674
f 4672/4832/4672 5234/5411/5234 4673/4833/4673
f 4671/4831/4671 5235/5412/5235 4672/4832/4672
f 4670/4830/4670 5236/5413/5236 4671/4831/4671
f 4669/4829/4669 5237/5414/5237 4670/4830/4670
f 4668/4828/4668 5238/5415/5238 4669/4829/4669
f 4667/4827/4667 5239/5416/5239 4668/4828/4668
f 4666/4826/4666 5240/5417/5240 4667/4827/4667
f 4665/4825/4665 5241/5418/5241 4666/4826/4666
f 4681/4841/4681 5226/5403/5226 2642/2802/2642
f 5226/5403/5226 2643/2803/2643 2642/2802/2642
f 4680/4840/4680 5227/5404/5227 5226/5403/5226
f 5227/5404/5227 5242/5419/5242 5226/5403/5226
f 5226/5403/5226 5242/5419/5242 2643/2803/2643
f 5242/5419/5242 2645/2805/2645 2643/2803/2643
f 4679/4839/4679 5228/5405/5228 5227/5404/5227
f 5228/5405/5228 5243/5420/5243 5227/5404/5227
f 5227/5404/5227 5243/5420/5243 5242/5419/5242
f 5243/5420/5243 5244/5421/5244 5242/5419/5242
f 5242/5419/5242 5244/5421/5244 2645/2805/2645
f 5244/5421/5244 2647/2807/2647 2645/2805/2645
f 4678/4838/4678 5229/5406/5229 5228/5405/5228
f 5229/5406/5229 5245/5422/5245 5228/5405/5228
f 5228/5405/5228 5245/5422/5245 5243/5420/5243
f 5245/5422/5245 5246/5423/5246 5243/5420/5243
f 5243/5420/5243 5246/5423/5246 5244/5421/5244
f 5246/5423/5246 5247/5424/5247 5244/5421/5244
f 5244/5421/5244 5247/5424/5247 2647/2807/2647
f 5247/5424/5247 2649/2809/2649 2647/2807/2647
f 4677/4837/4677 5230/5407/5230 5229/5406/5229
f 5230/5407/5230 5248/5425/5248 5229/5406/5229
f 5229/5406/5229 5248/5425/5248 5245/5422/5245
f 5248/5425/5248 5249/5426/5249 5245/5422/5245
f 5245/5422/5245 5249/5426/5249 5246/5423/5246
f 5249/5426/5249 5250/5427/5250 5246/5423/5246
f 5246/5423/5246 5250/5427/5250 5247/5424/5247
f 5250/5427/5250 5251/5428/5251 5247/5424/5247
f 5247/5424/5247 5251/5428/5251 2649/2809/2649
f 5251/5428/5251 2651/2811/2651 2649/2809/2649
f 4676/4836/4676 5231/5408/5231 5230/5407/5230
f 5231/5408/5231 5252/5429/5252 5230/5407/5230
f 5230/5407/5230 5252/5429/5252 5248/5425/5248
f 5252/5429/5252 5253/5430/5253 5248/5425/5248
f 5248/5425/5248 5253/5430/5253 5249/5426/5249
f 5253/5430/5253 5254/5431/5254 5249/5426/5249
f 5249/5426/5249 5254/5431/5254 5250/5427/5250
f 5254/5431/5254 5255/5432/5255 5250/5427/5250
f 5250/5427/5250 5255/5432/5255 5251/5428/5251
f 5255/5432/5255 5256/5433/5256 5251/5428/5251
f 5251/5428/5251 5256/5433/5256 2651/2811/2651
f 5256/5433/5256 2653/2813/2653 2651/2811/2651
f 4675/4835/4675 5232/5409/5232 5231/5408/5231
f 5232/5409/5232 5257/5434/5257 5231/5408/5231
f 5231/5408/5231 5257/5434/5257 5252/5429/5252
f 5257/5434/5257 5258/5435/5258 5252/5429/5252
f 5252/5429/5252 5258/5435/5258 5253/5430/5253
f 5258/5435/5258 5259/5436/5259 5253/5430/5253
f 5253/5430/5253 5259/5436/5259 5254/5431/5254
f 5259/5436/5259 5260/5437/5260 5254/5431/5254
f 5254/5431/5254 5260/5437/5260 5255/5432/5255
f 5260/5437/5260 5261/5438/5261 5255/5432/5255
f 5255/5432/5255 5261/5438/5261 5256/5433/5256
f 5261/5438/5261 5262/5439/5262 5256/5433/5256
f 5256/5433/5256 5262/5439/5262 2653/2813/2653
f 5262/5439/5262 2655/2815/2655 2653/2813/2653
f 4674/4834/4674 5233/5410/5233 5232/5409/5232
f 5233/5410/5233 5263/5440/5263 5232/5409/5232
f 5232/5409/5232 5263/5440/5263 5257/5434/5257
f 5263/5440/5263 5264/5441/5264 5257/5434/5257
f 5257/5434/5257 5264/5441/5264 5258/5435/5258
f 5264/5441/5264 5265/5442/5265 5258/5435/5258
f 5258/5435/5258 5265/5442/5265 5259/5436/5259
f 5265/5442/5265 5266/5443/5266 5259/5436/5259
f 5259/5436/5259 5266/5443/5266 5260/5437/5260
f 5266/5443/5266 5267/5444/5267 5260/5437/5260
f 5260/5437/5260 5267/5444/5267 5261/5438/5261
f 5267/5444/5267 5268/5445/5268 5261/5438/5261
f 5261/5438/5261 5268/5445/5268 5262/5439/5262
f 5268/5445/5268 5269/5446/5269 5262/5439/5262
f 5262/5439/5262 5269/5446/5269 2655/2815/2655
f 5269/5446/5269 2657/2817/2657 2655/2815/2655
f 4673/4833/4673 5234/5411/5234 5233/5410/5233
f 5234/5411/5234 5270/5447/5270 5233/5410/5233
f 5233/5410/5233 5270/5447/5270 5263/5440/5263
f 5270/5447/5270 5271/5448/5271 5263/5440/5263
f 5263/5440/5263 5271/5448/5271 5264/5441/5264
f 5271/5448/5271 5272/5449/5272 5264/5441/5264
f 5264/5441/5264 5272/5449/5272 5265/5442/5265
f 5272/5449/5272 5273/5450/5273 5265/5442/5265
f 5265/5442/5265 5273/5450/5273 5266/5443/5266
f 5273/5450/5273 5274/5451/5274 5266/5443/5266
f 5266/5443/5266 5274/5451/5274 5267/5444/5267
f 5274/5451/5274 5275/5452/5275 5267/5444/5267
f 5267/5444/5267 5275/5452/5275 5268/5445/5268
f 5275/5452/5275 5276/5453/5276 5268/5445/5268
f 5268/5445/5268 5276/5453/5276 5269/5446/5269
f 5276/5453/5276 5277/5454/5277 5269/5446/5269
f 5269/5446/5269 5277/5454/5277 2657/2817/2657
f 5277/5454/5277 2659/2819/2659 2657/2817/2657
f 4672/4832/4672 5235/5412/5235 5234/5411/5234
f 5235/5412/5235 5278/5455/5278 5234/5411/5234
f 5234/5411/5234 5278/5455/5278 5270/5447/5270
f 5278/5455/5278 5279/5456/5279 5270/5447/5270
f 5270/5447/5270 5279/5456/5279 5271/5448/5271
f 5279/5456/5279 5280/5457/5280 5271/5448/5271
f 5271/5448/5271 5280/5457/5280 5272/5449/5272
f 5280/5457/5280 5281/5458/5281 5272/5449/5272
f 5272/5449/5272 5281/5458/5281 5273/5450/5273
f 5281/5458/5281 5282/5459/5282 5273/5450/5273
f 5273/5450/5273 5282/5459/5282 5274/5451/5274
f 5282/5459/5282 5283/5460/5283 5274/5451/5274
f 5274/5451/5274 5283/5460/5283 5275/5452/5275
f 5283/5460/5283 5284/5461/5284 5275/5452/5275
f 5275/5452/5275 5284/5461/5284 5276/5453/5276
f 5284/5461/5284 5285/5462/5285 5276/5453/5276
f 5276/5453/5276 5285/5462/5285 5277/5454/5277
f 5285/5462/5285 5286/5463/5286 5277/5454/5277
f 5277/5454/5277 5286/5463/5286 2659/2819/2659
f 5286/5463/5286 2661/2821/2661 2659/2819/2659
f 4671/4831/4671 5236/5413/5236 5235/5412/5235
f 5236/5413/5236 5287/5464/5287 5235/5412/5235
f 5235/5412/5235 5287/5464/5287 5278/5455/5278
f 5287/5464/5287 5288/5465/5288 5278/5455/5278
f 5278/5455/5278 5288/5465/5288 5279/5456/5279
f 5288/5465/5288 5289/5466/5289 5279/5456/5279
f 5279/5456/5279 5289/5466/5289 5280/5457/5280
f 5289/5466/5289 5290/5467/5290 5280/5457/5280
f 5280/5457/5280 5290/5467/5290 5281/5458/5281
f 5290/5467/5290 5291/5468/5291 5281/5458/5281
f 5281/5458/5281 5291/5468/5291 5282/5459/5282
f 5291/5468/5291 5292/5469/5292 5282/5459/5282
f 5282/5459/5282 5292/5469/5292 5283/5460/5283
f 5292/5469/5292 5293/5470/5293 5283/5460/5283
f 5283/5460/5283 5293/5470/5293 5284/5461/5284
f 5293/5470/5293 5294/5471/5294 5284/5461/5284
f 5284/5461/5284 5294/5471/5294 5285/5462/5285
f 5294/5471/5294 5295/5472/5295 5285/5462/5285
f 5285/5462/5285 5295/5472/5295 5286/5463/5286
f 5295/5472/5295 5296/5473/5296 5286/5463/5286
f 5286/5463/5286 5296/5473/5296 2661/2821/2661
f 5296/5473/5296 2663/2823/2663 2661/2821/2661
f 4670/4830/4670 5237/5414/5237 5236/5413/5236
f 5237/5414/5237 5297/5474/5297 5236/5413/5236
f 5236/5413/5236 5297/5474/5297 5287/5464/5287
f 5297/5474/5297 5298/5475/5298 5287/5464/5287
f 5287/5464/5287 5298/5475/5298 5288/5465/5288
f 5298/5475/5298 5299/5476/5299 5288/5465/5288
f 5288/5465/5288 5299/5476/5299 5289/5466/5289
f 5299/5476/5299 5300/5477/5300 5289/5466/5289
f 5289/5466/5289 5300/5477/5300 5290/5467/5290
f 5300/5477/5300 5301/5478/5301 5290/5467/5290
f 5290/5467/5290 5301/5478/5301 5291/5468/5291
f 5301/5478/5301 5302/5479/5302 5291/5468/5291
f 5291/5468/5291 5302/5479/5302 5292/5469/5292
f 5302/5479/5302 5303/5480/5303 5292/5469/5292
f 5292/5469/5292 5303/5480/5303 5293/5470/5293
f 5303/5480/5303 5304/5481/5304 5293/5470/5293
f 5293/5470/5293 5304/5481/5304 5294/5471/5294
f 5304/5481/5304 5305/5482/5305 5294/5471/5294
f 5294/5471/5294 5305/5482/5305 5295/5472/5295
f 5305/5482/5305 5306/5483/5306 5295/5472/5295
f 5295/5472/5295 5306/5483/5306 5296/5473/5296
f 5306/5483/5306 5307/5484/5307 5296/5473/5296
f 5296/5473/5296 5307/5484/5307 2663/2823/2663
f 5307/5484/5307 2665/2825/2665 2663/2823/2663
f 4669/4829/4669 5238/5415/5238 5237/5414/5237
f 5238/5415/5238 5308/5485/5308 5237/5414/5237
f 5237/5414/5237 5308/5485/5308 5297/5474/5297
f 5308/5485/5308 5309/5486/5309 5297/5474/5297
f 5297/5474/5297 5309/5486/5309 5298/5475/5298
f 5309/5486/5309 5310/5487/5310 5298/5475/5298
f 5298/5475/5298 5310/5487/5310 5299/5476/5299
f 5310/5487/5310 5311/5488/5311 5299/5476/5299
f 5299/5476/5299 5311/5488/5311 5300/5477/5300
f 5311/5488/5311 5312/5489/5312 5300/5477/5300
f 5300/5477/5300 5312/5489/5312 5301/5478/5301
f 5312/5489/5312 5313/5490/5313 5301/5478/5301
f 5301/5478/5301 5313/5490/5313 5302/5479/5302
f 5313/5490/5313 5314/5491/5314 5302/5479/5302
f 5302/5479/5302 5314/5491/5314 5303/5480/5303
f 5314/5491/5314 5315/5492/5315 5303/5480/5303
f 5303/5480/5303 5315/5492/5315 5304/5481/5304
f 5315/5492/5315 5316/5493/5316 5304/5481/5304
f 5304/5481/5304 5316/5493/5316 5305/5482/5305
f 5316/5493/5316 5317/5494/5317 5305/5482/5305
f 5305/5482/5305 5317/5494/5317 5306/5483/5306
f 5317/5494/5317 5318/5495/5318 5306/5483/5306
f 5306/5483/5306 5318/5495/5318 5307/5484/5307
f 5318/5495/5318 5319/5496/5319 5307/5484/5307
f 5307/5484/5307 5319/5496/5319 2665/2825/2665
f 5319/5496/5319 2667/2827/2667 2665/2825/2665
f 4668/4828/4668 5239/5416/5239 5238/5415/5238
f 5239/5416/5239 5320/5497/5320 5238/5415/5238
f 5238/5415/5238 5320/5497/5320 5308/5485/5308
f 5320/5497/5320 5321/5498/5321 5308/5485/5308
f 5308/5485/5308 5321/5498/5321 5309/5486/5309
f 5321/5498/5321 5322/5499/5322 5309/5486/5309
f 5309/5486/5309 5322/5499/5322 5310/5487/5310
f 5322/5499/5322 5323/5500/5323 5310/5487/5310
f 5310/5487/5310 5323/5500/5323 5311/5488/5311
f 5323/5500/5323 5324/5501/5324 5311/5488/5311
f 5311/5488/5311 5324/5501/5324 5312/5489/5312
f 5324/5501/5324 5325/5502/5325 5312/5489/5312
f 5312/5489/5312 5325/5502/5325 5313/5490/5313
f 5325/5502/5325 5326/5503/5326 5313/5490/5313
f 5313/5490/5313 5326/5503/5326 5314/5491/5314
f 5326/5503/5326 5327/5504/5327 5314/5491/5314
f 5314/5491/5314 5327/5504/5327 5315/5492/5315
f 5327/5504/5327 5328/5505/5328 5315/5492/5315
f 5315/5492/5315 5328/5505/5328 5316/5493/5316
f 5328/5505/5328 5329/5506/5329 5316/5493/5316
f 5316/5493/5316 5329/5506/5329 5317/5494/5317
f 5329/5506/5329 5330/5507/5330 5317/5494/5317
f 5317/5494/5317 5330/5507/5330 5318/5495/5318
f 5330/5507/5330 5331/5508/5331 5318/5495/5318
f 5318/5495/5318 5331/5508/5331 5319/5496/5319
f 5331/5508/5331 5332/5509/5332 5319/5496/5319
f 5319/5496/5319 5332/5509/5332 2667/2827/2667
f 5332/5509/5332 2669/2829/2669 2667/2827/2667
f 4667/4827/4667 5240/5417/5240 5239/5416/5239
f 5240/5417/5240 5333/5510/5333 5239/5416/5239
f 5239/5416/5239 5333/5510/5333 5320/5497/5320
f 5333/5510/5333 5334/5511/5334 5320/5497/5320
f 5320/5497/5320 5334/5511/5334 5321/5498/5321
f 5334/5511/5334 5335/5512/5335 5321/5498/5321
f 5321/5498/5321 5335/5512/5335 5322/5499/5322
f 5335/5512/5335 5336/5513/5336 5322/5499/5322
f 5322/5499/5322 5336/5513/5336 5323/5500/5323
f 5336/5513/5336 5337/5514/5337 5323/5500/5323
f 5323/5500/5323 5337/5514/5337 5324/5501/5324
f 5337/5514/5337 5338/5515/5338 5324/5501/5324
f 5324/5501/5324 5338/5515/5338 5325/5502/5325
f 5338/5515/5338 5339/5516/5339 5325/5502/5325
f 5325/5502/5325 5339/5516/5339 5326/5503/5326
f 5339/5516/5339 5340/5517/5340 5326/5503/5326
f 5326/5503/5326 5340/5517/5340 5327/5504/5327
f 5340/5517/5340 5341/5518/5341 5327/5504/5327
f 5327/5504/5327 5341/5518/5341 5328/5505/5328
f 5341/5518/5341 5342/5519/5342 5328/5505/5328
f 5328/5505/5328 5342/5519/5342 5329/5506/5329
f 5342/5519/5342 5343/5520/5343 5329/5506/5329
f 5329/5506/5329 5343/5520/5343 5330/5507/5330
f 5343/5520/5343 5344/5521/5344 5330/5507/5330
f 5330/5507/5330 5344/5521/5344 5331/5508/5331
f 5344/5521/5344 5345/5522/5345 5331/5508/5331
f 5331/5508/5331 5345/5522/5345 5332/5509/5332
f 5345/5522/5345 5346/5523/5346 5332/5509/5332
f 5332/5509/5332 5346/5523/5346 2669/2829/2669
f 5346/5523/5346 2671/2831/2671 2669/2829/2669
f 4666/4826/4666 5241/5418/5241 5240/5417/5240
f 5241/5418/5241 5347/5524/5347 5240/5417/5240
f 5240/5417/5240 5347/5524/5347 5333/5510/5333
f 5347/5524/5347 5348/5525/5348 5333/5510/5333
f 5333/5510/5333 5348/5525/5348 5334/5511/5334
f 5348/5525/5348 5349/5526/5349 5334/5511/5334
f 5334/5511/5334 5349/5526/5349 5335/5512/5335
f 5349/5526/5349 5350/5527/5350 5335/5512/5335
f 5335/5512/5335 5350/5527/5350 5336/5513/5336
f 5350/5527/5350 5351/5528/5351 5336/5513/5336
f 5336/5513/5336 5351/5528/5351 5337/5514/5337
f 5351/5528/5351 5352/5529/5352 5337/5514/5337
f 5337/5514/5337 5352/5529/5352 5338/5515/5338
f 5352/5529/5352 5353/5530/5353 5338/5515/5338
f 5338/5515/5338 5353/5530/5353 5339/5516/5339
f 5353/5530/5353 5354/5531/5354 5339/5516/5339
f 5339/5516/5339 5354/5531/5354 5340/5517/5340
f 5354/5531/5354 5355/5532/5355 5340/5517/5340
f 5340/5517/5340 5355/5532/5355 5341/5518/5341
f 5355/5532/5355 5356/5533/5356 5341/5518/5341
f 5341/5518/5341 5356/5533/5356 5342/5519/5342
f 5356/5533/5356 5357/5534/5357 5342/5519/5342
f 5342/5519/5342 5357/5534/5357 5343/5520/5343
f 5357/5534/5357 5358/5535/5358 5343/5520/5343
f 5343/5520/5343 5358/5535/5358 5344/5521/5344
f 5358/5535/5358 5359/5536/5359 5344/5521/5344
f 5344/5521/5344 5359/5536/5359 5345/5522/5345
f 5359/5536/5359 5360/5537/5360 5345/5522/5345
f 5345/5522/5345 5360/5537/5360 5346/5523/5346
f 5360/5537/5360 5361/5538/5361 5346/5523/5346
f 5346/5523/5346 5361/5538/5361 2671/2831/2671
f 5361/5538/5361 2673/2833/2673 2671/2831/2671
