# Blender v3.1.2 OBJ File: ''
# www.blender.org
o horse
v 0.281989 -0.104190 0.462413
v 0.274935 -0.086346 0.474629
v 0.282578 -0.083711 0.446562
v 0.368770 0.212490 0.262091
v 0.380338 0.177598 0.265292
v 0.377667 0.192575 0.249822
v 0.114126 0.298123 0.142032
v 0.090728 0.297872 0.157671
v 0.109931 0.303290 0.167043
v 0.362486 0.069658 0.331221
v 0.381148 0.089149 0.352540
v 0.378144 0.064465 0.349432
v 0.249518 -0.121612 -0.124098
v 0.246823 -0.156254 -0.123506
v 0.256246 -0.147790 -0.138190
v -0.115219 0.006072 0.171529
v -0.121391 0.036342 0.169990
v -0.121057 0.032375 0.142856
v -0.074234 0.408598 -0.735077
v -0.088775 0.402662 -0.755015
v -0.075499 0.412060 -0.773685
v -0.036034 -0.366684 0.766070
v -0.055778 -0.373159 0.785434
v -0.050001 -0.352700 0.765465
v -0.363721 0.337563 -0.887645
v -0.386869 0.339918 -0.871563
v -0.383585 0.355255 -0.904234
v 0.012971 -0.215038 0.814507
v -0.007260 -0.232030 0.829233
v 0.027466 -0.255480 0.808227
v -0.345889 0.485807 -0.824144
v -0.350179 0.477634 -0.856421
v -0.358050 0.471725 -0.825791
v -0.112870 0.035850 0.232006
v -0.109550 0.047112 0.250360
v -0.116229 0.059693 0.228029
v 0.025485 -0.285241 0.813736
v 0.011221 -0.278774 0.829982
v 0.179312 0.458926 -0.385741
v 0.173397 0.465144 -0.361409
v 0.185442 0.435055 -0.363692
v -0.074491 -0.001488 -0.186168
v -0.076859 -0.022125 -0.192673
v -0.054239 -0.014584 -0.166296
v 0.044595 -0.054037 0.682616
v 0.051453 -0.022449 0.680879
v 0.058745 -0.033339 0.702138
v 0.024482 -0.039255 0.470368
v 0.064043 -0.037760 0.475418
v 0.032327 -0.045239 0.492297
v 0.338812 -0.008133 0.640875
v 0.355622 0.012455 0.635434
v 0.340276 0.014684 0.652248
v 0.079889 0.218391 -0.521981
v 0.101852 0.209666 -0.514735
v 0.075144 0.199687 -0.512060
v 0.305215 -0.325179 -0.244674
v 0.311374 -0.315839 -0.227535
v 0.307989 -0.346730 -0.238537
v -0.081752 -0.729667 0.835962
v -0.053357 -0.758246 0.840553
v -0.076207 -0.736461 0.857104
v -0.056919 -0.348367 -0.299350
v -0.053819 -0.359331 -0.269329
v -0.051978 -0.340336 -0.276124
v 0.163822 0.143809 -0.479520
v 0.186419 0.132859 -0.476400
v 0.155639 0.125205 -0.474863
v 0.120954 -0.187795 -0.005852
v 0.094540 -0.187931 -0.010867
v 0.121513 -0.186088 -0.037972
v 0.325990 -0.751731 -0.164405
v 0.305909 -0.753438 -0.164090
v 0.323998 -0.750658 -0.185220
v -0.028837 0.311787 0.530591
v -0.017175 0.326118 0.500620
v -0.038765 0.306407 0.512324
v -0.111704 -0.043089 -0.277383
v -0.114754 -0.018483 -0.282471
v -0.111155 -0.046174 -0.309565
v 0.172834 0.289784 0.069778
v 0.189827 0.291309 0.082267
v 0.206021 0.287993 0.067081
v 0.308603 -0.723380 -0.104010
v 0.334300 -0.730404 -0.111558
v 0.326634 -0.706983 -0.107683
v 0.276900 -0.108306 0.489022
v 0.257579 -0.735835 -0.144187
v 0.257779 -0.751930 -0.169724
v 0.279737 -0.756022 -0.150846
v 0.213650 0.325238 -0.491793
v 0.201083 0.331776 -0.514110
v 0.211788 0.352246 -0.490093
v 0.280892 -0.133879 0.543805
v 0.284500 -0.143352 0.569062
v 0.279000 -0.119577 0.571503
v 0.107432 0.311050 -0.568386
v 0.123094 0.302359 -0.557550
v 0.088067 0.302801 -0.569969
v 0.112406 0.282777 -0.551352
v 0.133403 0.261593 -0.534183
v 0.106115 0.255361 -0.537631
v 0.283249 0.287475 0.186359
v 0.261978 0.295959 0.175011
v 0.270075 0.300504 0.207267
v -0.017076 -0.758117 0.831104
v -0.032778 -0.758129 0.857802
v -0.036841 -0.758565 0.844830
v 0.255997 -0.215949 -0.157635
v 0.244940 -0.197763 -0.155900
v 0.228293 -0.210429 -0.162275
v 0.034496 -0.030875 0.648378
v -0.045019 -0.761946 -0.384661
v -0.055636 -0.762130 -0.406728
v -0.022737 -0.762085 -0.389219
v 0.282271 -0.745396 0.626948
v 0.302125 -0.746488 0.635107
v 0.287972 -0.743229 0.656179
v 0.179722 0.459033 -0.493428
v 0.174752 0.482629 -0.479924
v 0.181769 0.459796 -0.462595
v 0.278827 -0.113403 0.514135
v 0.271681 -0.091088 0.499658
v 0.155542 -0.178036 0.116397
v 0.137433 -0.183524 0.086833
v 0.169491 -0.179652 0.080836
v -0.005446 0.509740 -0.450855
v -0.000888 0.548853 -0.461665
v -0.014417 0.541408 -0.475553
v -0.258478 0.494543 -0.696346
v -0.254245 0.464316 -0.693511
v -0.243059 0.487427 -0.682397
v -0.016304 -0.100562 0.612595
v -0.002152 -0.084545 0.626528
v -0.015237 -0.118282 0.611447
v -0.032379 -0.079077 0.591499
v -0.015013 -0.072874 0.609705
v -0.026891 -0.101318 0.597748
v 0.032215 -0.053515 0.347236
v 0.053322 -0.064835 0.344839
v 0.042323 -0.043434 0.365657
v 0.021919 -0.051280 0.639727
v 0.027685 -0.069896 0.662529
v 0.011270 -0.073526 0.639246
v 0.003051 -0.360026 0.843116
v 0.006183 -0.381466 0.844225
v 0.017061 -0.377717 0.817724
v -0.085059 0.144311 0.310079
v -0.095370 0.125789 0.291268
v -0.088261 0.120240 0.312217
v -0.023931 0.427486 -0.501496
v -0.019420 0.406783 -0.484060
v -0.014911 0.434528 -0.476896
v 0.011020 -0.097601 0.648436
v 0.417379 0.132778 0.500331
v 0.419413 0.118214 0.474530
v 0.418318 0.142989 0.472908
v -0.070793 0.083665 0.677083
v -0.060537 0.048769 0.679840
v -0.046395 0.067681 0.686254
v -0.031013 -0.758796 0.815747
v 0.008104 -0.730559 0.806230
v -0.228547 0.398991 -0.846828
v -0.239866 0.405235 -0.863019
v -0.209279 0.417086 -0.856802
v 0.287172 -0.129201 0.457496
v 0.294976 -0.156359 0.461026
v 0.282113 -0.125236 0.477490
v -0.270809 0.576910 -0.792744
v -0.250159 0.597677 -0.786196
v -0.258818 0.578519 -0.814363
v 0.300684 -0.752569 -0.186740
v 0.280073 -0.754823 -0.178492
v 0.284152 -0.753316 -0.208394
v 0.010221 -0.055811 0.622495
v 0.284876 -0.745289 0.602403
v 0.310509 -0.739649 0.572693
v 0.323408 -0.746313 0.590353
v -0.088858 0.162792 0.381998
v -0.096476 0.162512 0.407578
v -0.094330 0.182843 0.400316
v 0.332887 -0.080179 0.114285
v 0.324583 -0.087650 0.095860
v 0.345444 -0.065901 0.104761
v -0.050786 0.005420 0.698542
v -0.031555 0.020806 0.711825
v -0.047876 0.031854 0.686206
v -0.004092 -0.120281 0.634294
v 0.146754 0.291972 -0.542769
v 0.163267 0.329826 -0.551457
v 0.142289 0.314035 -0.554946
v 0.146069 0.334052 -0.563064
v 0.002158 0.105172 0.731771
v -0.019440 0.107862 0.706828
v -0.017209 0.080906 0.710492
v -0.089392 -0.089828 -0.341727
v -0.092155 -0.063648 -0.344766
v -0.076621 -0.065942 -0.363204
v 0.135332 -0.108779 -0.382351
v 0.108595 -0.116501 -0.372955
v 0.105454 -0.092547 -0.393578
v -0.295578 0.460030 -0.751296
v -0.306335 0.484814 -0.760669
v -0.310909 0.460743 -0.765809
v 0.320483 -0.746594 0.618826
v 0.179619 0.301555 -0.529994
v 0.205555 0.309043 -0.505019
v 0.003320 -0.155513 0.647246
v 0.014877 -0.128725 0.660318
v -0.060713 0.155477 -0.079875
v -0.062922 0.134656 -0.100876
v -0.068290 0.129937 -0.079201
v 0.338136 0.085593 -0.069214
v 0.344025 0.068251 -0.052572
v 0.337514 0.054206 -0.067737
v 0.351612 -0.378992 0.601207
v 0.355964 -0.364158 0.625401
v 0.352464 -0.400804 0.641604
v -0.082908 -0.757766 -0.389912
v -0.078445 -0.757650 -0.425056
v -0.095654 0.134765 0.639581
v -0.084635 0.151182 0.650285
v -0.095623 0.154743 0.628664
v 0.248818 0.322601 -0.292137
v 0.235968 0.339130 -0.284778
v 0.241189 0.327237 -0.265023
v 0.176709 -0.172931 0.126775
v 0.147846 -0.175935 0.136305
v 0.328425 -0.746919 0.639690
v -0.088703 0.759091 -0.846889
v -0.090482 0.759057 -0.848312
v -0.096868 0.751584 -0.827747
v 0.159877 -0.182446 -0.146781
v 0.142759 -0.183340 -0.113424
v 0.135194 -0.182300 -0.134465
v -0.087485 0.750364 -0.849461
v -0.053556 -0.407592 0.807318
v -0.052561 -0.418665 0.832883
v -0.053302 -0.392123 0.837749
v -0.099878 -0.010495 -0.233474
v -0.102926 -0.035191 -0.244458
v -0.090594 -0.020522 -0.215184
v 0.323076 0.156830 -0.393099
v 0.315847 0.184290 -0.395819
v 0.323491 0.175382 -0.371170
v -0.048603 -0.757855 0.853794
v -0.197432 0.745422 -0.670863
v -0.195027 0.754409 -0.686309
v -0.195859 0.734873 -0.673472
v -0.022686 0.361126 -0.491258
v -0.020958 0.375796 -0.521946
v -0.015476 0.352583 -0.517801
v -0.001805 0.367163 -0.608826
v 0.021106 0.367244 -0.616939
v 0.004604 0.346749 -0.590431
v -0.078431 0.131432 0.352893
v -0.084283 0.143032 0.372234
v -0.079444 0.158672 0.350904
v 0.293870 0.255606 -0.357367
v 0.280306 0.276977 -0.353058
v 0.290673 0.265076 -0.337995
v 0.258990 0.259529 -0.427095
v 0.255808 0.282830 -0.405824
v 0.267802 0.265742 -0.407017
v -0.008750 -0.180130 0.624698
v -0.020720 -0.170321 0.608276
v 0.006152 -0.156990 0.627164
v 0.179650 0.451661 -0.513753
v 0.188924 0.430144 -0.484425
v -0.094779 0.745615 -0.820205
v 0.034460 0.285063 0.196559
v 0.044384 0.286407 0.178430
v 0.015076 0.274943 0.202516
v 0.090612 -0.181665 -0.112581
v 0.071407 -0.177087 -0.122740
v 0.086933 -0.178640 -0.138531
v 0.215008 0.165992 0.710871
v 0.183748 0.147059 0.704070
v 0.202640 0.137319 0.702689
v 0.374067 0.115793 0.335931
v 0.392322 0.130858 0.363423
v 0.389336 0.110230 0.362545
v -0.178772 0.742568 -0.704123
v -0.172611 0.725154 -0.666506
v 0.268024 -0.069241 0.307250
v 0.249435 -0.082261 0.299701
v 0.268052 -0.078000 0.286674
v 0.253599 0.366777 0.474814
v 0.281579 0.360519 0.477493
v 0.271413 0.365118 0.457235
v -0.199000 0.739741 -0.667958
v -0.198945 0.736648 -0.664409
v 0.013808 0.345129 0.392346
v 0.025111 0.346326 0.371039
v -0.003602 0.334501 0.384085
v -0.089930 0.740194 -0.838388
v 0.349432 0.221288 0.650714
v 0.326786 0.237871 0.668663
v 0.335317 0.212867 0.674786
v 0.070095 -0.176456 -0.179412
v 0.091760 -0.177330 -0.161059
v 0.061966 -0.174405 -0.146384
v -0.086202 0.723032 -0.831066
v -0.077918 0.720969 -0.856162
v -0.119644 0.730612 -0.806033
v -0.322817 0.352761 -0.815495
v -0.330995 0.369139 -0.801853
v -0.362775 0.364395 -0.810452
v -0.174639 0.719411 -0.701950
v -0.195823 0.705305 -0.658449
v -0.169233 0.410664 -0.824341
v -0.140347 0.421724 -0.831087
v -0.137139 0.408006 -0.810038
v 0.292826 -0.350009 0.646939
v 0.287588 -0.321791 0.639586
v 0.285356 -0.338201 0.619306
v 0.260865 0.291409 0.150513
v 0.234135 0.293897 0.124444
v 0.225722 0.299727 0.143858
v 0.053976 -0.169800 -0.286107
v 0.060812 -0.173842 -0.262529
v 0.040663 -0.197630 -0.272892
v -0.011741 -0.661632 0.872918
v -0.005080 -0.639842 0.877111
v -0.032466 -0.642024 0.881566
v 0.416610 0.162870 0.500758
v 0.414542 0.193671 0.494974
v 0.416003 0.186673 0.525457
v 0.092654 0.450542 -0.264987
v 0.113452 0.467135 -0.273784
v 0.088636 0.467766 -0.284773
v -0.075288 0.729482 -0.856903
v -0.105119 0.732554 -0.807451
v 0.356841 -0.592036 0.717723
v 0.329302 -0.625932 0.713501
v 0.360233 -0.623056 0.697194
v 0.289283 -0.503291 -0.187126
v 0.303131 -0.533624 -0.176331
v 0.272468 -0.530064 -0.173272
v -0.062542 0.717539 -0.831849
v -0.077078 0.730892 -0.817735
v -0.062868 0.709023 -0.806115
v 0.418050 0.098483 0.483364
v 0.415891 0.104304 0.512146
v -0.164698 0.696992 -0.656065
v 0.073106 0.358956 -0.603672
v 0.093014 0.346117 -0.590751
v 0.060763 0.339258 -0.596051
v -0.119003 0.730734 -0.805437
v -0.094218 0.114660 0.649440
v -0.111488 0.108887 0.614056
v -0.108775 0.091588 0.629255
v -0.122100 0.726310 -0.804541
v 0.265323 0.163363 0.714488
v 0.278949 0.194231 0.708833
v 0.252612 0.199777 0.712626
v -0.082780 0.720704 -0.801248
v -0.097658 0.703289 -0.811885
v 0.208323 0.267256 0.689685
v 0.197494 0.296997 0.663802
v 0.188768 0.280914 0.681676
v -0.140893 0.717737 -0.674283
v -0.135357 0.722832 -0.699942
v 0.071912 -0.183912 -0.050216
v 0.057966 -0.176296 -0.075377
v 0.084359 -0.183526 -0.077811
v 0.366508 0.218867 0.237215
v 0.379913 0.192807 0.227015
v 0.367262 0.215918 0.211761
v 0.111287 0.004269 0.626234
v 0.132976 0.009472 0.624496
v 0.126264 0.025126 0.642174
v -0.064495 -0.758571 -0.440186
v 0.023426 -0.182513 -0.318135
v 0.008172 -0.160969 -0.346478
v 0.046398 -0.151247 -0.334089
v -0.076063 0.688174 -0.850858
v -0.081910 0.700368 -0.838730
v 0.145377 -0.147967 0.228486
v 0.175255 -0.141302 0.233678
v 0.157789 -0.137115 0.248197
v 0.067854 -0.143167 0.236397
v 0.085858 -0.157211 0.212546
v 0.087723 -0.147872 0.235825
v -0.111747 0.490494 -0.856971
v -0.110036 0.514144 -0.856492
v -0.091498 0.507457 -0.846146
v -0.049508 -0.761907 -0.368857
v -0.076203 -0.759147 -0.369262
v 0.001996 0.334864 -0.406172
v -0.004905 0.304297 -0.393612
v 0.008919 0.332596 -0.385748
v -0.018715 0.631966 -0.527551
v -0.040337 0.622578 -0.539609
v -0.021851 0.610435 -0.516313
v -0.122063 0.089388 0.500698
v -0.124741 0.069070 0.484467
v -0.125835 0.067435 0.526905
v 0.324621 -0.113895 -0.249752
v 0.316772 -0.133960 -0.234573
v 0.324241 -0.134554 -0.269482
v -0.052644 0.184375 -0.142597
v -0.055564 0.165012 -0.114471
v -0.044328 0.196055 -0.122035
v 0.312128 -0.154447 -0.236004
v 0.297746 -0.142516 -0.211917
v 0.298911 -0.173296 -0.225481
v 0.368201 0.202217 0.636507
v 0.352493 0.186923 0.660026
v 0.365450 0.179377 0.644095
v -0.082961 -0.165415 0.697924
v -0.077313 -0.188779 0.704399
v -0.062834 -0.172354 0.720336
v 0.182182 -0.183195 -0.094337
v 0.169532 -0.183293 -0.119435
v 0.190106 -0.184240 -0.129532
v 0.361956 -0.046784 0.398061
v 0.379965 -0.028276 0.404981
v 0.374072 -0.045540 0.418525
v 0.242364 -0.388516 -0.225194
v 0.263732 -0.372682 -0.242219
v 0.268456 -0.393512 -0.233705
v 0.328659 -0.020181 0.279947
v 0.328698 -0.033089 0.256671
v 0.344398 -0.015917 0.252288
v -0.053236 -0.283152 0.772186
v -0.042973 -0.252933 0.754011
v -0.056606 -0.275456 0.749783
v -0.052267 0.281625 0.562234
v -0.065003 0.271830 0.543684
v -0.057772 0.268258 0.578247
v -0.111690 0.709749 -0.785375
v -0.050122 -0.542367 0.871647
v -0.063874 -0.581326 0.868951
v -0.056945 -0.589339 0.888590
v -0.032496 0.391726 -0.632439
v -0.052577 0.392711 -0.651923
v -0.020923 0.404078 -0.668818
v -0.124653 0.541755 -0.860627
v -0.102774 0.535481 -0.852213
v -0.128478 0.522010 -0.864743
v 0.006879 0.630358 -0.504995
v 0.013103 0.614739 -0.486779
v 0.030009 0.627735 -0.484690
v -0.089090 -0.043294 -0.355145
v -0.059463 -0.417483 -0.276252
v -0.048515 -0.445596 -0.266633
v -0.045930 -0.428829 -0.259297
v 0.197359 0.405897 -0.462382
v 0.199552 0.402549 -0.486476
v 0.276017 -0.068310 0.602080
v 0.256406 -0.065242 0.585640
v 0.268142 -0.084517 0.578211
v 0.006443 0.336612 0.521606
v 0.041590 0.350762 0.523241
v 0.025591 0.349878 0.493746
v -0.049058 0.707410 -0.657542
v -0.059486 0.714492 -0.696153
v -0.081343 0.706852 -0.672877
v -0.024786 0.710913 -0.681359
v -0.034967 0.708998 -0.705584
v 0.319837 -0.362386 -0.210714
v 0.314917 -0.342786 -0.191861
v 0.314122 -0.372893 -0.180120
v 0.017546 -0.325882 -0.256285
v 0.020230 -0.360536 -0.264508
v 0.030867 -0.348976 -0.286091
v -0.168198 0.704197 -0.721324
v -0.166268 0.728544 -0.718445
v -0.147961 0.710734 -0.734455
v -0.141195 0.700749 -0.663372
v -0.073948 0.274552 0.426437
v -0.061669 0.290131 0.423722
v -0.074148 0.272593 0.404241
v -0.081591 0.712788 -0.695335
v -0.076137 0.714450 -0.727312
v -0.108759 0.710822 -0.711316
v 0.335404 0.018674 -0.196294
v 0.338280 0.040804 -0.205205
v 0.323821 0.023930 -0.176450
v 0.350135 -0.739134 -0.129790
v 0.299701 -0.755174 -0.139249
v 0.352876 0.035698 0.643123
v 0.353880 0.060258 0.646825
v 0.344560 0.060446 0.665838
v -0.349946 0.381080 -0.798673
v -0.368536 0.409063 -0.807782
v -0.369766 0.384093 -0.805758
v -0.027955 0.655271 -0.552636
v -0.030515 0.672542 -0.571073
v -0.049016 0.656579 -0.569250
v -0.053200 -0.701848 0.794077
v -0.030121 -0.680248 0.803980
v -0.023489 -0.702063 0.792481
v 0.362991 -0.708371 0.599909
v 0.349568 -0.714771 0.585495
v 0.346914 -0.690489 0.598907
v 0.141440 0.033282 -0.450743
v 0.159050 0.020551 -0.449521
v 0.129448 0.017472 -0.443956
v -0.017457 -0.489382 0.811592
v -0.041308 -0.481929 0.811299
v -0.025674 -0.465665 0.803311
v 0.418115 0.115684 0.535058
v 0.418285 0.139640 0.522363
v 0.010477 0.245810 0.020360
v 0.000438 0.236895 0.003382
v -0.014589 0.229304 0.024263
v 0.028874 -0.275064 -0.308171
v 0.013284 -0.260146 -0.329963
v 0.022231 -0.243382 -0.317253
v 0.235046 -0.151511 0.035521
v 0.254803 -0.140069 0.049464
v 0.239959 -0.151437 0.058840
v 0.298593 0.252788 -0.229613
v 0.281263 0.279644 -0.218836
v 0.284127 0.266583 -0.197774
v 0.038644 -0.174511 0.092836
v 0.012369 -0.161142 0.099337
v 0.022946 -0.168023 0.080347
v 0.326061 0.054226 -0.173768
v -0.104197 0.702947 -0.676289
v 0.161370 0.307561 -0.543039
v 0.306074 -0.048793 -0.173895
v 0.289885 -0.060995 -0.168432
v 0.306517 -0.078116 -0.190846
v 0.038892 -0.028540 0.388703
v 0.019229 -0.027278 0.377121
v 0.378649 0.200442 0.319071
v 0.371099 0.197959 0.289180
v 0.370611 0.221917 0.301345
v 0.363950 -0.672653 0.627030
v 0.366327 -0.691635 0.611512
v 0.339688 -0.665132 0.614959
v 0.318156 -0.103815 -0.221969
v 0.300524 -0.099518 -0.198897
v 0.302229 -0.120417 -0.209944
v 0.098502 0.013513 0.640799
v 0.203379 -0.237505 -0.236878
v 0.221147 -0.256339 -0.263163
v 0.216323 -0.271324 -0.245789
v -0.056738 -0.735462 0.877476
v -0.061623 -0.717017 0.874006
v 0.012402 -0.094723 -0.121413
v 0.019862 -0.119245 -0.102414
v 0.003726 -0.099813 -0.089847
v 0.119117 -0.131202 -0.355516
v 0.122232 -0.149674 -0.324984
v 0.105739 -0.143995 -0.335624
v -0.098342 0.164990 -0.323948
v -0.104154 0.134809 -0.321482
v -0.099853 0.155473 -0.297058
v 0.082091 -0.076036 -0.401780
v 0.080436 -0.098107 -0.386966
v 0.388695 -0.049792 0.493444
v 0.384802 -0.052715 0.470093
v 0.393367 -0.035180 0.476339
v -0.040189 0.476344 -0.549249
v -0.048269 0.487190 -0.570754
v -0.040701 0.461222 -0.573126
v -0.003584 0.288659 0.631465
v 0.031551 0.301918 0.640623
v 0.013891 0.305976 0.619387
v 0.017641 0.271641 0.170442
v 0.033645 0.277957 0.159279
v 0.016825 0.267678 0.148255
v -0.099573 0.712235 -0.738563
v -0.131528 0.706077 -0.766600
v -0.117070 0.712113 -0.731077
v -0.119104 0.030713 0.187740
v -0.015568 0.698742 -0.610141
v -0.003798 0.704606 -0.625915
v -0.043410 0.702263 -0.637819
v 0.151230 0.330755 0.249447
v 0.126854 0.320669 0.224005
v 0.120817 0.327352 0.245208
v -0.032290 0.208326 -0.056640
v -0.050816 0.179284 -0.081892
v -0.050763 0.186244 -0.037931
v 0.016392 0.701121 -0.617250
v 0.009505 0.701722 -0.646900
v -0.103232 -0.040806 0.572540
v -0.105519 -0.040570 0.593753
v -0.115465 -0.019000 0.577227
v 0.040192 -0.177762 -0.191073
v 0.009657 -0.147008 -0.180917
v 0.020264 -0.182438 -0.205041
v -0.033026 -0.238664 0.822357
v -0.037306 -0.224540 0.796873
v -0.040165 -0.244859 0.797897
v -0.001926 -0.120667 -0.047007
v -0.015320 -0.107414 -0.038239
v -0.003137 -0.106045 -0.066654
v -0.084734 0.705413 -0.759583
v 0.003587 0.697758 -0.599291
v 0.400549 0.037645 0.571649
v 0.411842 0.065799 0.559571
v 0.396226 0.057324 0.589151
v -0.031676 0.319455 0.451350
v -0.049911 0.302288 0.438493
v -0.054804 0.296185 0.460573
v -0.017648 0.707788 -0.643370
v -0.010890 0.708519 -0.666146
v -0.073337 0.696558 -0.640627
v -0.073083 0.434862 -0.816602
v -0.081878 0.460330 -0.832570
v -0.056832 0.451308 -0.808498
v -0.001278 0.393423 -0.435469
v 0.006928 0.398817 -0.406106
v 0.003638 0.422737 -0.415542
v -0.064892 0.696066 -0.783537
v -0.052537 0.692652 -0.815754
v 0.304110 -0.019108 -0.093606
v 0.288776 -0.035373 -0.106433
v 0.290441 -0.023462 -0.124617
v 0.016172 -0.263579 -0.246684
v 0.013350 -0.299115 -0.248550
v 0.023163 -0.278003 -0.260948
v 0.038091 -0.073977 0.679671
v 0.130329 0.293737 0.671712
v 0.099794 0.276109 0.687787
v 0.119819 0.270948 0.690074
v -0.019552 0.520295 -0.477672
v -0.014514 0.481801 -0.469516
v -0.003118 -0.150288 0.116921
v 0.015643 -0.158521 0.132687
v -0.016359 -0.137767 0.141497
v -0.123952 0.702614 -0.798159
v -0.116229 0.686879 -0.809880
v -0.034592 0.688259 -0.739780
v -0.016983 0.690974 -0.716054
v 0.016935 0.328949 -0.585664
v 0.036953 0.342285 -0.599751
v -0.102654 -0.031168 0.169423
v -0.096694 -0.035239 0.198915
v -0.107981 -0.013894 0.182924
v 0.036885 0.687784 -0.631613
v 0.354855 -0.029229 0.364778
v 0.374674 -0.021917 0.385650
v 0.107028 0.541239 -0.353196
v 0.097056 0.559285 -0.374423
v 0.078763 0.546601 -0.370851
v -0.050731 0.710580 -0.721628
v 0.018693 0.464932 -0.689082
v -0.006744 0.451112 -0.702844
v -0.005196 0.469031 -0.716221
v -0.270038 0.594044 -0.730911
v -0.277554 0.569418 -0.723941
v -0.268676 0.588535 -0.702170
v -0.011249 0.689252 -0.585494
v 0.138772 -0.087598 -0.399145
v 0.117622 -0.075818 -0.404542
v 0.149271 0.327397 0.626087
v 0.132342 0.337577 0.603862
v 0.100831 0.326387 0.623139
v -0.108300 0.010946 -0.254208
v -0.100841 0.012513 -0.233620
v -0.106112 0.032734 -0.247612
v 0.297328 -0.207015 -0.274200
v 0.285226 -0.237646 -0.279648
v 0.267419 -0.221454 -0.290730
v 0.338825 0.335544 0.395092
v 0.309495 0.352225 0.387389
v 0.306126 0.355540 0.410511
v 0.206256 0.281369 -0.027115
v 0.216551 0.279181 -0.050191
v 0.181071 0.292289 -0.037232
v -0.120405 0.688691 -0.659365
v -0.088570 0.698140 -0.655177
v 0.307898 -0.307112 0.661458
v 0.281658 -0.298715 0.628588
v -0.057220 0.694590 -0.624270
v 0.028267 -0.118698 -0.142220
v 0.025905 -0.120158 -0.122008
v 0.022123 -0.103756 -0.158758
v 0.325693 -0.702825 0.590604
v 0.324347 -0.720801 0.578717
v -0.335268 0.395919 -0.907367
v -0.300638 0.373847 -0.895306
v -0.317957 0.369731 -0.905669
v -0.057477 0.692433 -0.762804
v -0.043663 0.673508 -0.787326
v -0.186319 0.674674 -0.707038
v -0.184512 0.708284 -0.681224
v 0.025719 0.694383 -0.587496
v 0.352565 -0.679920 0.677277
v 0.378187 -0.699386 0.657141
v 0.370021 -0.674567 0.653098
v -0.048073 0.683104 -0.593377
v 0.244376 0.243596 -0.454033
v 0.235712 0.226689 -0.467047
v 0.227108 0.254621 -0.472926
v 0.005694 0.445613 -0.411225
v -0.001209 0.456112 -0.433287
v -0.003504 0.426300 -0.439882
v -0.003543 0.669840 -0.551726
v 0.011735 0.683571 -0.565509
v 0.319737 -0.544983 0.713550
v 0.325732 -0.524122 0.709468
v 0.308431 -0.526718 0.696284
v 0.122158 0.339182 -0.102212
v 0.134602 0.326299 -0.082710
v 0.156145 0.333004 -0.098141
v -0.070704 -0.114904 0.579643
v -0.047936 -0.125589 0.570155
v -0.080815 -0.113899 0.599025
v 0.048938 0.682934 -0.562310
v 0.026977 0.677123 -0.548817
v -0.272873 0.544942 -0.718483
v -0.268207 0.563752 -0.705875
v 0.301236 -0.604116 0.648187
v 0.324961 -0.609168 0.637442
v 0.297572 -0.625000 0.653910
v 0.067472 0.468775 -0.310530
v 0.057819 0.444291 -0.303283
v 0.073916 0.450086 -0.282437
v 0.339695 -0.181009 0.465366
v 0.348598 -0.159451 0.456875
v 0.358771 -0.175883 0.470664
v -0.038640 0.673583 -0.760150
v -0.090380 0.666369 -0.607222
v -0.072697 0.684244 -0.612434
v -0.100771 0.681102 -0.633215
v 0.077690 0.659828 -0.599340
v 0.056795 0.680597 -0.593421
v 0.076968 0.666615 -0.566748
v 0.015000 -0.727534 -0.403248
v 0.018670 -0.720073 -0.378283
v 0.016167 -0.736699 -0.398314
v -0.013317 -0.148814 -0.362121
v -0.044445 -0.124681 -0.367634
v -0.027444 -0.115923 -0.378894
v 0.011776 0.472704 -0.406122
v 0.330483 0.151903 -0.184123
v 0.336009 0.130817 -0.199981
v 0.327806 0.167542 -0.200962
v 0.020239 0.249157 0.000059
v 0.045154 0.264575 0.018108
v 0.046264 0.266181 -0.022332
v 0.239039 -0.417123 -0.175747
v 0.229101 -0.389238 -0.179810
v 0.238777 -0.404392 -0.209449
v 0.014670 -0.730505 0.819930
v 0.018330 -0.721705 0.844908
v 0.012158 -0.735559 0.856130
v 0.058776 0.566527 -0.696461
v 0.037964 0.584786 -0.716601
v 0.055806 0.598427 -0.700405
v -0.206308 0.554482 -0.871470
v -0.213829 0.517857 -0.870518
v -0.227934 0.532098 -0.867877
v -0.182228 0.684310 -0.726184
v 0.010749 -0.695775 0.830744
v -0.061298 0.685843 -0.837122
v -0.076789 0.663409 -0.834527
v -0.144130 0.679558 -0.651621
v -0.186765 0.685830 -0.682572
v -0.136638 0.671895 -0.817684
v -0.138177 0.685071 -0.801562
v 0.031665 -0.111966 -0.383986
v 0.011094 -0.136985 -0.364591
v -0.002199 -0.128310 -0.376280
v 0.146212 0.493183 -0.582675
v 0.159704 0.495707 -0.549625
v 0.156664 0.464668 -0.571722
v -0.010692 0.658608 -0.740249
v -0.000611 0.675877 -0.715569
v 0.347865 -0.421345 0.658416
v 0.303811 -0.437321 0.662586
v 0.350185 -0.454203 0.661703
v -0.016130 -0.185998 0.781140
v 0.005418 -0.184826 0.782853
v -0.001092 -0.168615 0.766924
v 0.305009 -0.324411 -0.187331
v 0.297359 -0.330731 -0.167050
v -0.065251 0.663500 -0.586286
v 0.348635 0.312979 0.543913
v 0.325973 0.323967 0.553186
v 0.354016 0.298748 0.568817
v -0.059116 0.664150 -0.825193
v 0.340525 -0.587735 -0.117129
v 0.331329 -0.597123 -0.086192
v 0.335191 -0.618639 -0.106586
v 0.247739 0.263114 -0.087533
v 0.237749 0.267290 -0.062495
v 0.255149 0.253436 -0.069229
v 0.158273 0.361898 0.533067
v 0.195766 0.355679 0.556832
v 0.179038 0.365366 0.517763
v 0.009960 0.657116 -0.720808
v 0.030120 0.662390 -0.693201
v 0.012938 0.408803 -0.382628
v 0.021913 0.437409 -0.366448
v 0.012247 0.431399 -0.388992
v -0.090007 0.236273 0.541627
v -0.088512 0.229846 0.564124
v -0.076215 0.248230 0.566894
v 0.299110 -0.718680 0.591466
v -0.038153 0.650688 -0.793349
v -0.030404 0.655196 -0.766212
v -0.189298 0.658260 -0.780016
v -0.202498 0.653789 -0.763923
v -0.177996 0.679157 -0.758482
v 0.228741 -0.372750 -0.164007
v 0.223142 -0.354488 -0.179329
v 0.042184 0.206630 -0.511057
v 0.021434 0.249411 -0.516147
v 0.061360 0.233863 -0.532640
v -0.034504 0.217563 -0.124292
v -0.023624 0.232466 -0.113836
v -0.027782 0.240558 -0.134898
v 0.382220 0.000726 0.376001
v 0.368276 -0.000835 0.357918
v 0.212176 -0.159837 -0.012460
v 0.216024 -0.152586 -0.043681
v 0.230012 -0.144531 -0.020691
v 0.272929 -0.049929 -0.123595
v 0.290202 -0.037172 -0.154331
v -0.063145 -0.199826 -0.290008
v -0.064251 -0.204441 -0.314242
v -0.056748 -0.224914 -0.304860
v 0.155697 -0.031616 0.481855
v 0.185458 -0.033406 0.481861
v 0.178561 -0.036548 0.503194
v 0.365715 -0.095634 0.564037
v 0.372280 -0.131150 0.560998
v 0.380534 -0.115260 0.534730
v 0.056307 0.675678 -0.544421
v 0.042761 0.662169 -0.519411
v 0.334628 -0.566013 -0.111919
v 0.328663 -0.546395 -0.121612
v 0.324519 -0.561318 -0.093523
v -0.031188 -0.210764 0.773272
v -0.028804 -0.188112 0.757735
v 0.344767 0.148233 -0.017174
v 0.359511 0.136349 0.014951
v 0.350628 0.128420 -0.017183
v -0.057008 -0.257122 0.735184
v -0.270618 0.481344 -0.874989
v -0.246432 0.505020 -0.869237
v -0.233512 0.490823 -0.874261
v 0.006038 -0.535326 -0.308199
v -0.002138 -0.509234 -0.284224
v -0.015422 -0.534568 -0.279816
v 0.030264 0.685060 -0.652751
v 0.048700 0.666350 -0.658306
v 0.023113 0.679275 -0.678080
v 0.014451 -0.739179 -0.377460
v 0.006979 -0.712065 -0.358171
v -0.066139 0.172670 -0.008379
v -0.066163 0.165003 -0.031285
v -0.076115 0.154183 -0.013907
v 0.026042 0.252396 -0.022399
v 0.032040 -0.271214 -0.277878
v 0.032605 -0.245230 -0.268447
v -0.009582 0.638274 -0.749353
v -0.093915 0.172981 -0.277750
v -0.089773 0.160925 -0.238390
v -0.082095 0.188911 -0.237805
v -0.205260 0.661000 -0.741334
v -0.343602 0.470349 -0.798642
v 0.099671 0.639636 -0.573775
v 0.086261 0.655014 -0.580259
v 0.117394 0.619972 -0.542638
v -0.034989 0.596870 -0.521920
v -0.049473 0.584964 -0.532751
v -0.046493 0.560977 -0.523669
v -0.196400 0.670981 -0.722382
v -0.337157 0.410821 -0.790081
v -0.310510 0.382035 -0.789297
v -0.314620 0.413854 -0.767323
v 0.069753 0.664561 -0.524507
v -0.035755 -0.241973 0.782022
v -0.115810 0.658119 -0.833959
v -0.100852 0.675982 -0.825159
v -0.029686 -0.016799 0.351151
v -0.053240 -0.000829 0.338743
v -0.041955 -0.022646 0.329195
v 0.012661 -0.002223 0.735940
v 0.018590 -0.026429 0.731809
v 0.034444 -0.000856 0.733663
v 0.049833 0.303589 -0.095205
v 0.070737 0.316015 -0.085140
v 0.074279 0.329412 -0.101631
v -0.055139 0.007800 -0.421690
v -0.038022 -0.026843 -0.419463
v -0.054203 -0.023134 -0.406291
v -0.129535 0.664207 -0.642420
v -0.194349 0.474391 -0.874416
v -0.231770 0.459995 -0.876511
v -0.193134 0.642380 -0.800770
v -0.162812 0.665461 -0.805691
v -0.145254 0.639918 -0.644174
v -0.167782 0.657028 -0.652932
v -0.084012 -0.093414 0.665083
v -0.075130 -0.085634 0.681676
v -0.081007 -0.071865 0.665269
v 0.090840 0.655081 -0.544568
v -0.195225 0.616793 -0.838445
v -0.207102 0.599185 -0.849226
v -0.219071 0.611687 -0.814576
v -0.111868 0.659841 -0.622712
v 0.037321 0.318893 -0.137246
v 0.012935 0.296068 -0.133443
v 0.043752 0.311263 -0.115621
v 0.006640 0.646930 -0.520364
v 0.015922 0.664321 -0.533891
v -0.010472 0.651041 -0.536689
v -0.266524 0.504328 -0.712880
v -0.256175 0.525402 -0.699236
v -0.280824 0.518905 -0.730022
v -0.012162 0.260227 -0.127420
v 0.089350 0.647867 -0.499820
v 0.094421 0.651039 -0.525253
v -0.032012 -0.128511 0.123356
v -0.040356 -0.122267 0.102047
v -0.021636 -0.138374 0.104985
v 0.186177 0.297293 -0.056802
v 0.219518 0.282410 -0.072026
v 0.207272 0.298038 -0.090070
v -0.162951 0.638554 -0.656880
v -0.190226 0.651772 -0.678318
v -0.063886 0.590444 -0.550101
v -0.061397 0.560809 -0.545152
v -0.021065 0.349348 -0.472651
v -0.019786 0.329005 -0.474471
v -0.015246 0.328757 -0.444908
v 0.326095 -0.670908 0.681730
v 0.313604 -0.654543 0.685779
v 0.303746 -0.670535 0.668628
v 0.002289 -0.086541 0.289059
v -0.014347 -0.069634 0.298147
v -0.009560 -0.090985 0.272248
v -0.181742 0.419551 -0.842646
v -0.199798 0.400921 -0.830787
v 0.069476 0.658903 -0.628270
v 0.070575 0.644766 -0.650983
v 0.058649 -0.128959 -0.360411
v 0.089284 -0.136636 -0.345157
v 0.068069 -0.145219 -0.334096
v 0.374914 0.139545 0.060700
v 0.363971 0.152119 0.042455
v 0.365597 0.171930 0.069552
v -0.033915 -0.141569 -0.212478
v -0.011609 -0.127374 -0.193614
v -0.032387 -0.115281 -0.200728
v 0.274577 -0.017112 -0.402619
v 0.266336 0.004007 -0.425150
v 0.297131 0.001127 -0.399730
v 0.188375 0.202491 -0.494198
v 0.204941 0.219678 -0.490509
v 0.208120 0.186918 -0.482722
v 0.038289 0.313831 0.624491
v -0.077130 0.052644 -0.065560
v -0.083723 0.036298 -0.042250
v -0.084301 0.075580 -0.046379
v 0.288264 0.168490 0.710487
v 0.289170 0.143915 0.710500
v 0.307354 0.158096 0.705781
v 0.269160 -0.569997 -0.158602
v 0.263316 -0.538808 -0.145139
v 0.285170 -0.558751 -0.172783
v -0.137850 0.655234 -0.832416
v -0.128893 0.639412 -0.843071
v 0.334086 -0.641424 -0.118915
v 0.340344 -0.606137 -0.125097
v 0.246892 -0.104168 -0.092075
v 0.237945 -0.122934 -0.096928
v 0.248148 -0.102097 -0.115285
v -0.035207 0.207802 -0.085227
v -0.095788 0.637249 -0.839177
v -0.206336 0.651164 -0.706622
v 0.217084 -0.163692 0.045346
v -0.012645 0.332361 0.466310
v -0.001356 0.337680 0.486507
v 0.017224 0.348191 0.473291
v -0.068398 -0.099032 0.697409
v -0.062830 -0.077930 0.700549
v 0.401229 0.113360 0.387693
v 0.397002 0.089988 0.374700
v 0.277330 0.276156 0.109109
v 0.281010 0.265734 0.075048
v 0.260694 0.278099 0.084891
v -0.101227 0.077483 -0.240620
v -0.102607 0.101021 -0.268223
v -0.107101 0.078961 -0.281676
v 0.386891 0.013870 0.187649
v 0.370743 -0.011076 0.201367
v 0.374863 -0.015505 0.178435
v -0.112823 0.128550 0.595421
v -0.119068 0.102622 0.572849
v -0.118290 0.093472 0.597776
v -0.072327 0.135450 -0.058400
v -0.073213 0.146197 -0.040749
v -0.062974 0.162127 -0.055118
v 0.377405 0.114877 0.051959
v 0.370042 0.103665 0.026985
v 0.368185 0.128057 0.033302
v -0.216258 0.631495 -0.779571
v 0.185334 -0.084859 -0.406391
v 0.215207 -0.090610 -0.403360
v 0.201619 -0.104265 -0.392323
v -0.021949 0.625070 -0.767256
v 0.230459 -0.043599 0.528199
v 0.256850 -0.061438 0.534984
v 0.241841 -0.049557 0.551790
v -0.153789 0.632539 -0.845899
v -0.176186 0.634774 -0.833171
v -0.158116 0.651730 -0.826571
v 0.298744 -0.066375 0.258769
v 0.286286 -0.062837 0.288897
v 0.282667 -0.080624 0.261293
v -0.035552 0.629080 -0.788813
v 0.021776 0.325822 0.585165
v -0.010099 0.317278 0.562579
v -0.004763 0.305852 0.599706
v 0.347373 -0.599197 0.638449
v 0.346600 -0.628152 0.636562
v 0.353378 -0.314944 0.628685
v 0.346791 -0.293227 0.635106
v 0.340423 -0.317779 0.652851
v 0.348312 -0.044061 -0.280153
v 0.354041 -0.009084 -0.287365
v 0.350318 -0.036352 -0.259889
v -0.121947 0.039443 0.463327
v -0.128498 0.045517 0.506172
v -0.220523 0.643022 -0.747459
v -0.010981 -0.126257 -0.015966
v -0.030379 -0.092833 -0.027763
v 0.391257 0.129036 0.255778
v 0.384635 0.153699 0.270809
v 0.380679 0.139936 0.288455
v -0.032417 -0.738108 -0.342969
v -0.028763 -0.761874 -0.365673
v -0.009738 -0.741169 -0.349544
v 0.016391 -0.036968 0.359211
v -0.120384 0.059267 0.203525
v -0.117162 0.088458 0.219025
v 0.066387 0.300551 -0.572792
v 0.047234 0.309826 -0.579934
v 0.082847 0.327989 -0.585118
v 0.092981 0.606979 -0.647121
v 0.085667 0.641997 -0.620522
v 0.078829 0.635724 -0.472218
v 0.106659 0.636851 -0.501729
v -0.116090 0.586926 -0.629725
v -0.150954 0.591570 -0.650882
v -0.152490 0.569764 -0.648049
v -0.193481 0.631028 -0.818653
v 0.041186 0.385950 -0.627838
v 0.019881 0.393126 -0.639817
v 0.046998 0.406277 -0.636678
v -0.011626 0.596227 -0.498512
v 0.299704 0.037399 -0.420733
v 0.293686 0.015806 -0.414659
v 0.276616 0.026336 -0.433717
v -0.122958 0.642097 -0.628643
v 0.019884 -0.402846 -0.274902
v 0.018978 -0.383479 -0.264978
v 0.006711 -0.402438 -0.253678
v 0.043273 -0.148815 0.207952
v 0.017691 -0.140932 0.200595
v 0.039198 -0.154920 0.188078
v -0.224426 0.641502 -0.721138
v -0.223931 0.626988 -0.701755
v 0.010879 -0.645256 -0.357563
v 0.001844 -0.671932 -0.353321
v 0.006005 -0.672510 -0.378591
v 0.135189 0.300717 0.147115
v 0.122733 0.294004 0.119380
v 0.260732 -0.071327 -0.115338
v 0.273422 -0.060186 -0.153590
v 0.118989 0.344733 0.295713
v 0.140039 0.350346 0.307413
v 0.135576 0.342034 0.283682
v -0.238729 0.615272 -0.762049
v -0.051914 -0.167990 -0.352953
v -0.021202 -0.168553 -0.356812
v -0.034751 -0.184692 -0.354049
v 0.282506 -0.137727 0.502072
v 0.285392 -0.165443 0.530464
v -0.169924 0.611473 -0.663105
v -0.195637 0.617879 -0.672460
v -0.195784 0.589707 -0.665028
v 0.244585 -0.327132 -0.253686
v 0.224820 -0.325080 -0.228704
v 0.239136 -0.306344 -0.257976
v 0.079407 0.159573 -0.490440
v 0.097670 0.144002 -0.482482
v 0.076655 0.135923 -0.479440
v -0.117231 0.605818 -0.623246
v -0.132295 0.624187 -0.637506
v 0.025466 0.636425 -0.718583
v 0.008794 0.627663 -0.736326
v 0.401713 0.166380 0.382246
v 0.405279 0.178623 0.404904
v 0.406500 0.129545 0.405703
v 0.037690 -0.034655 0.456848
v 0.065018 -0.032506 0.455086
v -0.145366 0.619378 -0.860144
v -0.121988 0.618480 -0.853929
v -0.022038 -0.382897 -0.238884
v 0.001039 -0.358633 -0.242558
v 0.341181 0.311268 0.324602
v 0.344739 0.318931 0.348399
v 0.363336 0.295139 0.341564
v 0.113446 0.565595 -0.382939
v 0.121522 0.549882 -0.367561
v 0.140549 0.544309 -0.376287
v 0.279638 -0.694448 -0.179645
v 0.295119 -0.716507 -0.201317
v 0.271406 -0.729014 -0.192683
v 0.305295 -0.187909 0.627793
v 0.331534 -0.215725 0.616925
v 0.329864 -0.196168 0.610132
v -0.071587 0.634979 -0.573650
v -0.041582 0.640252 -0.551434
v 0.273412 -0.219324 0.563059
v 0.275970 -0.212943 0.542981
v 0.272337 -0.238367 0.541938
v 0.343309 -0.029733 0.233451
v 0.316777 -0.053950 0.246193
v 0.352326 -0.656099 0.680974
v 0.113151 0.621492 -0.565279
v 0.104190 0.624360 -0.461777
v -0.018904 0.383515 -0.618089
v 0.000227 0.390457 -0.642273
v 0.008577 0.379555 -0.628104
v -0.060147 -0.302204 0.754070
v -0.036545 -0.316477 0.735885
v -0.051845 -0.329451 0.754736
v 0.366730 0.082304 0.011909
v 0.359947 0.067263 -0.007957
v 0.355264 0.093009 -0.019120
v -0.037726 -0.159991 0.741453
v -0.019775 -0.159977 0.754650
v -0.022266 -0.135724 0.740021
v 0.113114 0.629687 -0.524517
v 0.059090 0.647463 -0.492952
v 0.047091 0.626094 -0.471983
v 0.030731 -0.138207 0.715115
v 0.021483 -0.150658 0.737172
v 0.029945 -0.161787 0.697933
v 0.265957 0.245834 -0.041026
v 0.286678 0.228783 -0.032077
v 0.278619 0.231139 -0.064465
v -0.106163 0.602070 -0.849369
v -0.090734 0.614795 -0.838901
v 0.209282 0.190583 0.711990
v 0.203317 0.226516 0.706971
v 0.181301 0.192479 0.710757
v 0.095969 0.603401 -0.425992
v 0.119170 0.601946 -0.439876
v 0.088685 0.619537 -0.448231
v -0.204101 0.632026 -0.684620
v 0.003528 -0.127792 0.215369
v 0.021920 -0.133972 0.222401
v -0.060421 0.612391 -0.811508
v -0.051896 0.638466 -0.808382
v -0.045954 0.611768 -0.796268
v 0.318816 -0.094058 0.120774
v 0.301198 -0.109432 0.114660
v 0.319800 -0.444112 0.614623
v 0.300713 -0.434790 0.632976
v 0.323611 -0.421489 0.604322
v 0.269786 0.264157 -0.149504
v 0.272301 0.246034 -0.116986
v 0.280535 0.243194 -0.138977
v -0.068428 0.279608 0.462608
v -0.085746 0.257627 0.433370
v 0.406952 0.015044 0.510346
v 0.404858 0.016440 0.534234
v 0.401008 -0.011731 0.507807
v -0.304473 0.441084 -0.755188
v -0.285431 0.416704 -0.741873
v 0.386779 -0.029151 0.425179
v 0.054746 0.380990 -0.236714
v 0.036628 0.357556 -0.223969
v 0.054033 0.368724 -0.211007
v -0.098246 0.202490 0.425244
v -0.102129 0.172819 0.430938
v -0.103460 0.191314 0.447501
v 0.301797 -0.695182 -0.192522
v 0.321624 -0.721344 -0.202262
v -0.109488 0.639699 -0.612658
v 0.365329 -0.545874 0.686103
v 0.356947 -0.521109 0.685486
v 0.351799 -0.532799 0.703817
v 0.275166 0.235040 -0.086638
v 0.253418 0.264368 -0.108144
v -0.077628 0.608340 -0.570061
v -0.055049 0.625031 -0.553905
v 0.075818 0.528294 -0.355970
v 0.086719 0.516860 -0.336204
v -0.097937 -0.095444 -0.273432
v -0.093638 -0.109614 -0.288393
v -0.085569 -0.108880 -0.250454
v -0.229890 0.616402 -0.783567
v 0.059795 0.404157 -0.259219
v 0.050744 0.419882 -0.292854
v 0.042303 0.396394 -0.287848
v 0.113525 0.328263 -0.085403
v 0.004077 0.593331 -0.481203
v 0.393872 0.245638 0.377713
v 0.397213 0.254645 0.403732
v 0.398022 0.219085 0.387484
v 0.189714 0.430670 -0.458772
v 0.223274 -0.138666 -0.350498
v 0.253801 -0.116541 -0.361861
v 0.250860 -0.144639 -0.340150
v 0.033836 0.272343 0.680735
v 0.007801 0.275447 0.660369
v 0.017774 0.255704 0.687508
v 0.244532 -0.024211 -0.410811
v 0.222043 -0.023355 -0.421721
v 0.245701 0.002772 -0.432080
v 0.315398 -0.520852 -0.112328
v 0.285637 -0.506276 -0.104548
v 0.281208 -0.533515 -0.098185
v 0.222405 -0.123864 0.243756
v 0.217381 -0.109763 0.274628
v 0.208020 -0.121492 0.258393
v -0.030965 -0.317044 0.839515
v -0.018780 -0.334721 0.845181
v -0.020326 -0.301304 0.838585
v 0.073262 0.609367 -0.439299
v 0.065416 0.624278 -0.460860
v 0.053794 0.602962 -0.442051
v -0.010223 -0.140624 0.022036
v 0.005644 -0.150660 0.001456
v 0.003289 -0.156023 0.046929
v 0.003600 -0.017834 0.397857
v 0.033203 -0.024710 0.415818
v 0.014155 -0.027672 0.433810
v -0.026966 -0.334406 0.747347
v -0.036479 -0.733051 -0.445527
v -0.054045 -0.724197 -0.433365
v -0.028594 -0.711091 -0.431995
v -0.050594 0.477373 -0.598487
v -0.060437 0.507587 -0.589380
v 0.096800 0.305482 0.185380
v 0.309143 -0.403836 0.670833
v 0.038267 0.610170 -0.462122
v -0.070783 0.521867 -0.600022
v -0.072548 0.535440 -0.582499
v 0.411437 0.100310 0.410484
v 0.256330 0.209257 -0.454310
v 0.101749 -0.188717 0.010453
v 0.337096 -0.252519 0.631691
v 0.353954 -0.269609 0.611675
v 0.349723 -0.242631 0.601727
v 0.089045 0.273749 -0.552559
v 0.061298 0.264569 -0.551437
v 0.069436 0.281440 -0.561239
v -0.116800 0.411780 -0.644646
v -0.077681 0.397751 -0.653154
v -0.095974 0.409181 -0.644557
v -0.076520 0.601285 -0.825609
v -0.077406 0.632913 -0.829495
v 0.251157 0.117803 0.703222
v 0.225337 0.138944 0.706228
v 0.226021 0.118572 0.699328
v 0.034254 0.405519 -0.315534
v 0.033504 0.430576 -0.336542
v 0.024264 0.419645 -0.351629
v -0.097213 0.097087 0.292086
v 0.049100 0.338309 0.576557
v 0.073909 0.348190 0.562330
v 0.038660 0.343236 0.552056
v 0.024811 0.592954 -0.461196
v 0.300495 0.204412 -0.070162
v 0.317872 0.179905 -0.058189
v 0.315818 0.175627 -0.079116
v -0.308631 0.456398 -0.885427
v -0.296349 0.482380 -0.873654
v -0.282710 0.452852 -0.883961
v -0.037405 -0.038843 -0.091623
v -0.024069 -0.064015 -0.084316
v -0.039649 -0.051659 -0.068499
v 0.008045 -0.330920 0.835128
v -0.025265 0.044473 0.706214
v -0.008809 0.070989 0.724845
v -0.168722 0.585727 -0.881723
v -0.177255 0.617671 -0.855470
v 0.105496 0.601741 -0.626475
v 0.099673 0.620020 -0.619307
v 0.110683 0.611379 -0.601808
v 0.125542 0.611207 -0.512957
v 0.020597 -0.191688 0.672772
v 0.011774 -0.213995 0.677365
v 0.003594 -0.195425 0.650340
v 0.245040 0.328255 0.609404
v 0.251408 0.340736 0.581857
v 0.222212 0.340577 0.593561
v -0.149109 0.615212 -0.650780
v 0.338181 0.141218 -0.266488
v 0.333557 0.161365 -0.264503
v 0.338405 0.135272 -0.236442
v 0.125667 0.608009 -0.473541
v 0.133879 0.595851 -0.499871
v 0.120318 0.620030 -0.493555
v -0.330656 0.496567 -0.805065
v -0.321962 0.488108 -0.781035
v -0.313883 0.508035 -0.784234
v -0.089214 -0.046620 0.654557
v -0.086809 -0.075636 0.642765
v -0.024499 -0.012667 0.412707
v -0.040955 -0.001758 0.392742
v -0.012298 -0.014179 0.384503
v 0.069739 0.283508 0.111406
v 0.052455 0.276180 0.102978
v 0.055610 0.282336 0.133363
v 0.245094 0.074904 -0.463926
v 0.217685 0.088550 -0.469118
v 0.247181 0.101242 -0.468235
v 0.294239 0.273600 0.663174
v 0.288692 0.258427 0.677588
v 0.310443 0.259569 0.665098
v -0.100984 0.596694 -0.598233
v -0.104820 0.620835 -0.603080
v -0.109684 0.046472 -0.315697
v -0.109348 0.064290 -0.302389
v -0.108390 0.061304 -0.330464
v 0.106952 0.583505 -0.403513
v -0.007105 -0.149743 0.093500
v 0.004712 -0.157806 0.071696
v 0.087302 0.354195 0.547869
v 0.100744 0.350242 0.565136
v -0.073222 -0.711521 -0.407549
v -0.051180 -0.705442 -0.425493
v 0.378248 -0.189837 0.551093
v 0.385713 -0.168282 0.520212
v 0.381168 -0.167397 0.548047
v -0.090912 0.643191 -0.594176
v -0.088441 0.618393 -0.584067
v -0.048731 0.579204 -0.798497
v -0.032080 0.610736 -0.780925
v -0.035282 0.564798 -0.782518
v -0.048545 0.248026 0.302636
v -0.038000 0.276666 0.307538
v -0.029809 0.268434 0.283396
v 0.095472 0.075858 -0.457273
v 0.067317 0.055811 -0.451598
v 0.057561 0.073179 -0.457981
v -0.255707 0.600264 -0.757301
v -0.244287 0.620947 -0.736979
v -0.005525 -0.720383 -0.426111
v 0.008582 -0.737452 -0.419711
v -0.017710 -0.728353 -0.437990
v 0.081177 0.617478 -0.659916
v 0.086625 0.586811 -0.666301
v 0.066263 0.610934 -0.684662
v 0.025359 0.288843 0.656097
v 0.175884 0.299610 0.666820
v 0.148607 0.300182 0.664898
v 0.154964 0.273641 0.688793
v 0.026856 -0.220714 0.792023
v -0.135865 0.605664 -0.870069
v -0.172736 0.584620 -0.656123
v -0.046392 -0.663820 -0.388770
v -0.032588 -0.636927 -0.384632
v -0.025210 -0.665299 -0.396584
v 0.283799 -0.719907 0.639648
v 0.287469 -0.718711 0.610032
v -0.030193 -0.011095 0.723669
v -0.057433 -0.018248 0.704583
v -0.047524 -0.039566 0.715240
v -0.085778 0.580306 -0.579062
v 0.067089 0.578653 -0.408553
v 0.065910 0.594544 -0.425504
v 0.043253 0.273102 -0.050146
v 0.045851 0.284640 -0.069564
v 0.022569 0.265372 -0.068981
v 0.027393 -0.217452 -0.248201
v 0.012248 -0.246116 -0.237774
v -0.040913 -0.202223 0.736978
v -0.046994 -0.181511 0.733656
v -0.268751 0.584407 -0.771551
v 0.313009 0.321524 0.576446
v 0.296783 0.318495 0.598708
v 0.335058 0.303805 0.584801
v 0.037486 0.586633 -0.443358
v 0.120012 0.602111 -0.583692
v 0.119068 0.587617 -0.607036
v -0.054383 -0.300956 0.790249
v -0.063131 -0.329728 0.772217
v -0.057116 -0.373504 0.829974
v -0.045004 -0.357672 0.842660
v 0.118332 -0.152614 0.231475
v 0.110825 -0.159557 0.212174
v -0.093434 0.589908 -0.838503
v -0.116917 0.585296 -0.859227
v 0.412465 0.044106 0.534803
v -0.029925 0.583192 -0.774031
v -0.016243 0.594681 -0.759704
v 0.076081 0.362544 0.494392
v 0.066447 0.358118 0.514726
v 0.086353 0.360125 0.520516
v 0.029559 -0.385173 -0.288790
v 0.026929 -0.405350 -0.299197
v -0.029565 -0.007287 0.373072
v -0.045796 0.009112 0.373078
v -0.020922 0.499691 -0.481731
v -0.031321 0.519045 -0.498844
v -0.029111 0.481599 -0.512525
v -0.035983 -0.686593 -0.412259
v 0.030643 0.607801 -0.722421
v 0.030379 0.564938 -0.718268
v 0.007885 0.583593 -0.739733
v 0.227305 0.025575 -0.447945
v 0.236997 0.053132 -0.458095
v 0.256019 0.028168 -0.443279
v 0.251339 0.362696 0.348851
v 0.220368 0.363716 0.342065
v 0.234544 0.368102 0.368367
v 0.048389 0.573259 -0.419972
v -0.018724 0.338119 -0.495094
v 0.309418 0.255922 0.108726
v 0.325640 0.244787 0.116269
v 0.322388 0.242026 0.095982
v -0.044202 -0.103194 -0.371861
v -0.017508 0.569975 -0.758776
v 0.306989 -0.683310 0.606981
v 0.318918 -0.470258 0.624560
v 0.340720 -0.448080 0.616939
v -0.085720 0.254108 0.408181
v -0.095739 0.236876 0.436512
v -0.278101 0.576789 -0.751373
v -0.028593 -0.387137 0.856603
v 0.303047 0.233842 -0.208154
v 0.311120 0.226084 -0.236336
v 0.292437 0.249298 0.045223
v 0.271755 0.261175 0.038022
v 0.297823 -0.065890 0.382618
v 0.265466 -0.056680 0.386355
v 0.286483 -0.070996 0.351949
v 0.130523 -0.142570 0.247715
v 0.092409 -0.140183 0.254148
v -0.044434 -0.097906 0.011655
v -0.030799 -0.111227 0.003238
v -0.033414 -0.118446 0.028337
v 0.218839 -0.149687 -0.072071
v 0.203440 -0.162720 -0.058477
v 0.215615 -0.171869 -0.087811
v -0.164010 0.554714 -0.877435
v -0.142141 0.573036 -0.874028
v -0.144493 0.538567 -0.867578
v 0.113636 0.578415 -0.626162
v 0.136024 0.584962 -0.443738
v -0.012162 0.572255 -0.486396
v 0.170586 -0.025055 -0.433822
v 0.202017 -0.014743 -0.433396
v 0.202714 -0.036947 -0.426088
v 0.082897 0.565441 -0.671890
v 0.099992 0.553927 -0.651759
v -0.009012 0.324333 0.539963
v -0.029458 0.304836 0.558196
v -0.030205 -0.022655 0.440152
v -0.052129 -0.007354 0.419097
v 0.083822 -0.051373 0.533745
v 0.118316 -0.044327 0.537672
v 0.090203 -0.050535 0.554761
v 0.416732 0.090452 0.541731
v 0.414562 0.096720 0.561722
v 0.328011 -0.569838 0.723392
v 0.355638 -0.553225 0.710040
v -0.195432 0.594969 -0.865368
v -0.062153 -0.093801 0.165458
v -0.060491 -0.086426 0.198701
v -0.078058 -0.071678 0.180874
v -0.104405 0.057264 0.645610
v -0.089342 0.091936 0.661036
v -0.241915 0.594095 -0.810694
v 0.028741 -0.293513 -0.274297
v 0.142851 0.561896 -0.413312
v 0.150363 0.554098 -0.439654
v -0.189022 0.574431 -0.877940
v -0.217862 0.581294 -0.856452
v 0.034820 0.534848 -0.411396
v 0.022031 0.517415 -0.414787
v 0.043668 0.523492 -0.391549
v 0.285649 -0.069965 -0.058539
v 0.261996 -0.085602 -0.079585
v 0.274896 -0.064028 -0.090496
v 0.347479 0.107685 -0.037553
v 0.335546 0.105511 -0.074316
v 0.341036 0.127574 -0.046732
v 0.102544 0.584259 -0.643530
v -0.024870 0.554528 -0.493351
v 0.232871 -0.047511 0.572048
v 0.214640 -0.029730 0.596858
v 0.208513 -0.039321 0.574174
v 0.321857 -0.040319 -0.185908
v 0.318472 0.222989 0.683856
v 0.323291 0.193702 0.692366
v -0.049159 -0.755976 -0.454007
v 0.143785 0.555984 -0.558022
v 0.129355 0.581925 -0.580894
v 0.140522 0.572242 -0.542280
v 0.123208 -0.029894 0.459403
v 0.154174 -0.026189 0.443369
v -0.103993 0.217930 0.502328
v -0.098472 0.225188 0.522161
v -0.096911 0.235285 0.490554
v -0.065435 0.122063 -0.142683
v -0.065473 0.139425 -0.155241
v -0.073133 0.127264 -0.175439
v 0.398734 0.141760 0.377713
v 0.235448 0.305525 0.177211
v 0.251502 0.304290 0.192107
v -0.061459 0.034377 -0.102541
v -0.061889 0.017072 -0.089322
v -0.070292 0.033935 -0.077061
v -0.081413 0.202778 -0.257548
v -0.070617 0.234571 -0.267702
v -0.081449 0.215108 -0.281380
v 0.094034 0.392823 -0.609551
v 0.107686 0.411706 -0.610334
v 0.119883 0.390256 -0.597659
v 0.351472 -0.651534 0.632562
v 0.219473 0.306698 0.648813
v 0.194228 0.315652 0.640592
v 0.074343 -0.186360 0.023430
v 0.101166 -0.188563 0.039427
v -0.286239 0.562175 -0.789586
v -0.289121 0.553695 -0.759689
v -0.025837 -0.086401 -0.047054
v -0.115069 0.565716 -0.855283
v -0.061902 0.422440 -0.623044
v -0.081382 0.441273 -0.626250
v -0.078648 0.419269 -0.634243
v 0.244817 0.294218 -0.149223
v 0.223264 0.303592 -0.129518
v 0.250512 0.277047 -0.129504
v -0.063405 0.586417 -0.814408
v 0.274214 0.223923 -0.433969
v 0.279946 0.248985 -0.408474
v 0.290427 0.214767 -0.421638
v -0.277575 0.564739 -0.809485
v 0.051994 0.512388 -0.371325
v 0.057016 0.533264 -0.378898
v 0.305047 0.203613 -0.047866
v 0.307351 0.208280 -0.025314
v 0.208639 -0.259955 -0.226501
v -0.011786 0.286122 0.278150
v -0.013778 0.297237 0.297387
v 0.006847 0.301210 0.276901
v 0.093901 0.148583 0.735923
v 0.102688 0.126884 0.732128
v 0.114343 0.146907 0.727767
v -0.051126 0.215882 0.120747
v -0.062872 0.202099 0.103180
v -0.072221 0.196879 0.132970
v 0.124549 0.561771 -0.612587
v 0.093224 0.571038 -0.388470
v 0.178031 0.175170 -0.487876
v 0.144619 0.174188 -0.491343
v -0.334762 0.448918 -0.784403
v -0.068586 0.548786 -0.560916
v -0.072271 0.569775 -0.560607
v -0.006456 0.340945 -0.428916
v -0.013039 0.304425 -0.422108
v 0.272809 -0.228708 -0.164817
v 0.274254 -0.263498 -0.162102
v 0.285239 -0.235245 -0.182445
v -0.092755 0.003170 -0.216888
v -0.229307 0.553993 -0.862433
v -0.395490 0.369789 -0.903416
v -0.399751 0.357779 -0.892518
v 0.318038 -0.535674 0.640141
v 0.315675 -0.510309 0.636990
v 0.360083 -0.519105 0.652527
v -0.230891 0.590300 -0.831993
v 0.298269 -0.731065 -0.209603
v 0.072120 0.583903 -0.683956
v 0.130517 0.532074 -0.350995
v 0.147671 0.524939 -0.364197
v 0.147232 0.527085 -0.574408
v 0.136756 0.553393 -0.587776
v 0.055948 0.553194 -0.396050
v 0.142948 0.572793 -0.516330
v 0.141390 0.579429 -0.482698
v 0.152492 0.549542 -0.499454
v -0.072344 0.562463 -0.826792
v -0.187166 0.544218 -0.873254
v 0.067689 0.188542 0.735201
v 0.048062 0.206938 0.728636
v 0.036165 0.181769 0.732581
v -0.091016 0.556332 -0.843193
v -0.083602 0.532346 -0.840221
v 0.113093 0.304080 -0.044944
v 0.120629 0.316303 -0.065682
v 0.098121 0.318691 -0.072539
v -0.243053 0.566999 -0.676366
v -0.249771 0.585876 -0.679344
v -0.259330 0.551676 -0.690904
v -0.074544 -0.034525 0.686601
v -0.189878 0.564222 -0.661972
v 0.154415 0.540764 -0.521730
v 0.185863 -0.176192 -0.061624
v 0.009472 0.577590 -0.466420
v 0.017079 0.564020 -0.450382
v -0.334605 0.343278 -0.894424
v -0.352896 0.348750 -0.906908
v -0.112927 0.167686 0.550963
v -0.114098 0.144208 0.525729
v -0.114495 0.147420 0.559934
v 0.150237 0.556934 -0.466211
v -0.006085 -0.318219 -0.234751
v 0.001447 -0.338060 -0.241103
v 0.031769 0.341079 0.337697
v 0.042576 0.349400 0.355155
v 0.166503 0.484792 -0.365384
v 0.169461 0.462579 -0.339263
v -0.171411 0.399744 -0.804748
v -0.133299 0.551663 -0.637798
v 0.366507 0.301402 0.363079
v 0.359698 0.314320 0.379939
v 0.095525 0.531574 -0.653236
v 0.078107 0.533923 -0.669017
v 0.035821 -0.132530 -0.362723
v 0.025162 -0.146816 -0.350246
v -0.152616 0.544315 -0.639809
v -0.046702 0.553996 -0.799763
v 0.319256 -0.055372 0.617758
v 0.335721 -0.031578 0.628945
v 0.306454 -0.040385 0.625268
v 0.285889 -0.756401 -0.138110
v 0.286139 -0.726455 -0.107767
v -0.025695 -0.115967 0.562854
v -0.033714 -0.140563 0.579816
v -0.080179 0.187477 0.250216
v -0.078452 0.193449 0.227629
v -0.092027 0.168015 0.243812
v -0.048154 -0.069835 0.260498
v -0.066381 -0.049921 0.263209
v -0.068867 -0.060462 0.240392
v -0.081570 0.556300 -0.580954
v -0.103308 0.578871 -0.606699
v -0.087419 0.545278 -0.604804
v -0.226421 0.585567 -0.669613
v -0.222271 0.559559 -0.671647
v 0.032844 0.557285 -0.427785
v 0.365672 -0.293657 0.563074
v 0.371524 -0.296332 0.584204
v 0.365935 -0.313671 0.578596
v -0.002739 -0.649658 -0.328277
v 0.016076 -0.631275 -0.332742
v 0.011229 -0.623375 -0.312595
v -0.044435 -0.467785 -0.333138
v -0.049775 -0.488014 -0.319141
v -0.053174 -0.464474 -0.313311
v -0.324433 0.512357 -0.822063
v -0.117357 0.098813 0.471172
v -0.110521 0.118374 0.452475
v -0.113419 0.088979 0.444466
v -0.299819 0.543093 -0.784554
v -0.292543 0.549163 -0.813050
v 0.010407 0.198198 -0.469508
v 0.023655 0.197693 -0.485440
v 0.007653 0.166435 -0.466414
v -0.082371 -0.071502 0.148729
v -0.089485 -0.061494 0.130963
v -0.076255 -0.082033 0.130011
v 0.011240 -0.049112 0.728813
v -0.001222 -0.067149 0.726601
v 0.027376 -0.076182 0.715272
v 0.380844 0.236158 0.605659
v 0.389366 0.244815 0.580281
v 0.364700 0.267307 0.599461
v -0.017256 0.297898 -0.218709
v -0.019431 0.292121 -0.197477
v -0.004744 0.308199 -0.200771
v 0.116778 0.549683 -0.630039
v 0.006488 -0.405092 0.797856
v 0.009057 -0.383503 0.787403
v 0.320671 0.189676 -0.027133
v 0.331732 0.160459 -0.041684
v 0.094913 -0.185456 0.094987
v 0.114868 -0.185121 0.105365
v 0.085907 -0.182728 0.113579
v 0.009059 0.526811 -0.437347
v 0.370684 -0.030802 0.138276
v 0.377583 -0.012852 0.108522
v 0.381108 -0.009763 0.142120
v 0.019931 -0.346947 0.817949
v 0.026252 -0.336400 0.791438
v 0.020899 -0.325327 0.817863
v 0.190880 0.422641 -0.505981
v 0.185296 0.427411 -0.527215
v -0.012611 -0.146560 0.629760
v 0.009778 -0.136456 0.609313
v 0.029963 0.410576 -0.648537
v 0.001747 0.405394 -0.656731
v -0.046613 -0.578392 -0.345559
v -0.046588 -0.564101 -0.329528
v -0.036938 -0.556001 -0.352077
v 0.168538 0.008760 0.620455
v 0.146074 -0.004715 0.607049
v 0.163158 -0.012705 0.597738
v 0.280213 -0.162811 0.581486
v 0.293337 -0.143345 0.607427
v 0.152989 0.536599 -0.544296
v 0.153639 0.511316 -0.562342
v 0.295900 -0.671901 0.635643
v 0.319990 -0.672652 0.611933
v -0.055575 0.287907 0.365339
v -0.058794 0.274170 0.345742
v -0.070495 0.261967 0.361944
v -0.087954 0.117609 -0.209736
v -0.080292 0.141520 -0.193794
v -0.090858 0.141017 -0.226663
v -0.007065 -0.087514 0.546164
v -0.000863 -0.060870 0.518249
v 0.013285 -0.067826 0.531594
v -0.053268 0.530183 -0.541806
v 0.258311 -0.451889 -0.139581
v 0.300029 -0.452238 -0.128847
v 0.296943 -0.429297 -0.133539
v 0.206228 0.370374 0.483946
v 0.179588 0.368800 0.495816
v 0.212860 0.366985 0.505348
v -0.031331 -0.033558 -0.116243
v -0.015835 -0.063015 -0.106473
v 0.262759 -0.323491 -0.145010
v 0.240120 -0.322611 -0.152675
v 0.251656 -0.340389 -0.142136
v 0.363590 0.090256 0.315363
v 0.372525 0.126257 0.313843
v 0.010965 0.064606 -0.459751
v 0.012130 0.095786 -0.465626
v 0.032633 0.068081 -0.459773
v -0.071791 -0.170877 -0.332542
v -0.077266 -0.149439 -0.337525
v 0.311519 -0.470874 -0.136343
v 0.285581 -0.478673 -0.114023
v 0.082105 0.286616 0.677998
v 0.052814 0.281694 0.678048
v 0.056866 0.267938 0.693889
v 0.384591 0.238286 0.338867
v 0.387869 0.204810 0.340684
v -0.012947 -0.199103 0.799729
v -0.041077 0.533430 -0.514451
v -0.106550 0.169775 0.454878
v -0.108920 0.196205 0.482462
v -0.068743 0.188443 0.063458
v -0.065021 0.185143 0.031030
v -0.080019 0.172039 0.054593
v 0.233990 0.071407 0.675351
v 0.252251 0.092773 0.691512
v 0.220197 0.093090 0.685244
v 0.410500 0.039672 0.508977
v 0.040611 0.188998 -0.501294
v -0.042046 -0.044836 -0.168510
v -0.033601 -0.020479 -0.136340
v 0.294110 -0.293568 -0.178710
v 0.272417 -0.284008 -0.157928
v 0.291746 -0.310720 -0.165345
v 0.331003 -0.743972 -0.208530
v 0.028975 -0.228116 0.766937
v 0.032064 -0.265146 0.771378
v 0.030898 -0.255286 0.745180
v -0.096899 0.035804 -0.223155
v -0.105012 0.053363 -0.246982
v -0.061814 -0.422936 -0.299516
v -0.051329 -0.410545 -0.326262
v -0.053915 -0.438935 -0.319246
v -0.158720 0.522989 -0.869247
v 0.032007 -0.106684 0.684456
v 0.026355 -0.142064 0.687630
v -0.105999 0.000475 0.647471
v -0.112287 0.019500 0.636033
v -0.115825 -0.005770 0.622580
v 0.307936 -0.093416 0.173225
v 0.321856 -0.088097 0.145087
v 0.326585 -0.075525 0.176468
v 0.272917 0.291553 -0.323978
v 0.380618 0.119609 0.288235
v 0.372083 0.107727 0.304114
v 0.134126 0.591623 -0.527168
v 0.348883 0.329842 0.417687
v 0.366464 0.311069 0.400828
v -0.051895 0.508265 -0.562006
v -0.061297 0.529289 -0.560634
v 0.095366 0.310660 0.206053
v 0.116889 0.311037 0.194646
v 0.048545 0.490235 -0.359921
v 0.035743 0.503947 -0.387814
v 0.025734 0.484256 -0.388455
v -0.046993 0.532086 -0.802466
v -0.055091 0.513154 -0.813000
v -0.064019 0.530607 -0.822734
v 0.370176 -0.577156 0.656837
v 0.363629 -0.601493 0.650079
v 0.365416 -0.551762 0.655670
v 0.298161 -0.563308 0.655820
v 0.296726 -0.554332 0.677933
v 0.298671 -0.536102 0.660583
v 0.295340 -0.238372 -0.263457
v 0.300844 -0.204909 -0.246217
v 0.293257 -0.222266 -0.229787
v 0.160545 0.528049 -0.473340
v 0.019628 0.455107 -0.381286
v 0.036294 0.462494 -0.355906
v -0.259257 0.403086 -0.744628
v -0.288176 0.403307 -0.758215
v -0.005752 0.539528 -0.741408
v -0.007081 0.513761 -0.738442
v -0.019918 0.524707 -0.762118
v 0.011085 0.525075 -0.717307
v 0.009266 0.545385 -0.725376
v 0.026634 0.538468 -0.709018
v 0.046513 -0.055368 0.709314
v 0.367078 0.307583 0.503114
v 0.380168 0.295539 0.470545
v 0.366299 0.313126 0.463367
v 0.159446 0.529601 -0.441868
v 0.167776 0.506222 -0.459620
v 0.300640 0.216988 -0.403738
v 0.312568 0.206249 -0.381757
v 0.304544 0.197123 -0.411568
v -0.033591 0.538286 -0.782743
v 0.283192 0.054391 0.678566
v 0.260702 0.063219 0.677164
v 0.273758 0.039186 0.666645
v 0.294712 -0.254447 0.650985
v 0.281789 -0.263906 0.631536
v 0.307185 -0.283366 0.661674
v 0.391919 0.223837 0.357289
v 0.396255 0.189759 0.362766
v -0.133064 0.520223 -0.629206
v -0.112004 0.527561 -0.629145
v -0.283365 0.545509 -0.736838
v 0.252352 0.311335 -0.229895
v 0.245566 0.317181 -0.203824
v 0.263033 0.300836 -0.210610
v -0.011067 0.073008 -0.457139
v -0.005985 0.107958 -0.462151
v -0.277389 0.514530 -0.861736
v -0.014355 -0.142374 0.050413
v -0.022090 -0.137865 0.075757
v 0.297756 -0.642178 -0.098008
v 0.296604 -0.625971 -0.084842
v 0.270627 -0.621943 -0.098953
v 0.272453 -0.412091 -0.224156
v 0.286230 -0.438124 -0.211176
v 0.248451 -0.427761 -0.201656
v -0.161795 0.513050 -0.635297
v -0.182159 0.527305 -0.647211
v -0.264701 0.564592 -0.828734
v -0.236386 0.575692 -0.845132
v -0.255672 0.556070 -0.846370
v 0.155217 0.529207 -0.396802
v 0.156927 0.533213 -0.421815
v 0.417457 0.134006 0.453881
v 0.418503 0.111654 0.452907
v 0.413280 0.127068 0.429143
v 0.347652 -0.636418 0.699327
v 0.334479 -0.653119 0.692406
v -0.077322 0.521604 -0.615014
v -0.296533 0.514407 -0.855285
v -0.271448 0.540679 -0.848536
v 0.060770 0.323186 0.618306
v 0.077670 0.317485 0.634430
v 0.077066 0.335162 0.599142
v 0.396309 0.152182 0.608344
v 0.404174 0.166125 0.593710
v 0.389373 0.169440 0.617347
v 0.202568 0.366614 -0.509684
v 0.190654 0.339353 -0.529852
v 0.190039 0.360586 -0.532630
v 0.270455 -0.001975 0.638716
v 0.273346 0.019672 0.654289
v 0.247367 0.002053 0.634121
v 0.285658 0.150370 -0.450525
v 0.264636 0.158732 -0.461939
v 0.277806 0.180466 -0.449530
v 0.112983 -0.105940 0.313633
v 0.097328 -0.093124 0.327192
v 0.091050 -0.107478 0.307889
v 0.166872 0.507682 -0.489281
v 0.162053 0.520587 -0.505110
v 0.293268 -0.602201 -0.073844
v 0.265944 -0.597668 -0.104005
v -0.018036 0.547838 -0.759840
v -0.009837 -0.276147 -0.230312
v -0.073330 0.238259 0.594546
v 0.014494 -0.212876 -0.325527
v -0.003954 -0.222682 -0.343636
v -0.004804 -0.188269 -0.347002
v 0.148913 0.496108 -0.325706
v 0.152598 0.505607 -0.347652
v 0.115431 0.522975 -0.333648
v 0.136530 -0.025863 0.429756
v 0.338048 -0.060322 0.042138
v 0.322370 -0.071503 0.020562
v 0.334186 -0.053610 0.015348
v 0.038422 0.263032 0.045603
v 0.063615 0.273341 0.040546
v -0.041353 -0.716591 0.882923
v -0.056611 -0.700055 0.871608
v -0.039163 0.501013 -0.792410
v -0.030436 0.517993 -0.778861
v 0.136619 0.507617 -0.598921
v 0.133795 0.534709 -0.601863
v -0.049197 -0.024780 0.454057
v -0.066574 -0.009830 0.436954
v -0.310006 0.527946 -0.795465
v -0.304375 0.531421 -0.828428
v 0.116644 0.052063 0.699063
v 0.109826 0.040279 0.669276
v 0.127384 0.063194 0.684012
v 0.367480 -0.011383 0.613632
v 0.365839 0.021671 0.615406
v -0.180136 0.514394 -0.871266
v 0.306136 0.350422 0.488816
v 0.323525 0.340971 0.495536
v 0.319528 0.347122 0.468206
v -0.044363 -0.197983 -0.241993
v -0.049440 -0.180563 -0.253543
v -0.055762 -0.192584 -0.271805
v 0.028250 -0.202071 0.756638
v 0.023109 -0.194341 0.775529
v 0.291780 -0.241565 0.512290
v 0.279006 -0.211020 0.600382
v 0.280937 -0.182771 0.594910
v 0.277787 -0.202312 0.578479
v -0.033592 0.249708 -0.155121
v -0.042696 0.229870 -0.155072
v 0.167522 0.504678 -0.432933
v 0.151503 -0.183209 0.052205
v 0.144495 -0.183798 -0.037505
v 0.168263 -0.179366 -0.027199
v 0.153757 -0.183483 -0.005460
v -0.108595 0.198160 0.529299
v 0.028155 -0.211695 -0.307505
v 0.035356 -0.186001 -0.299978
v 0.037737 -0.218585 -0.282865
v -0.252933 0.536698 -0.858999
v 0.207214 0.380543 -0.447893
v 0.209251 0.374351 -0.480863
v 0.390750 0.027207 0.120466
v 0.395938 0.051065 0.138819
v 0.392345 0.025833 0.148314
v 0.369576 0.019546 0.035467
v 0.373898 -0.002438 0.069334
v 0.366445 -0.010696 0.052523
v 0.330665 -0.644780 -0.147986
v 0.322034 -0.623389 -0.157751
v 0.334656 -0.613941 -0.144821
v -0.043161 0.498709 -0.544501
v -0.053517 -0.283792 0.730689
v 0.250210 -0.413962 -0.143682
v 0.259010 -0.397532 -0.134687
v 0.248485 -0.380166 -0.139357
v 0.028643 -0.190276 -0.230400
v 0.038342 -0.191671 -0.251070
v 0.055219 -0.177886 -0.230052
v 0.163449 0.508453 -0.399298
v -0.080605 0.218130 0.366711
v -0.071699 0.237902 0.350738
v -0.070516 0.218807 0.339706
v 0.038272 -0.132846 0.240078
v 0.119205 0.527865 -0.626216
v -0.183564 0.506946 -0.644532
v -0.199122 0.516865 -0.654587
v 0.269556 -0.293599 0.588594
v 0.275421 -0.283904 0.612100
v 0.272344 -0.266121 0.602123
v 0.006472 -0.411783 -0.346047
v 0.020461 -0.425435 -0.319361
v 0.007802 -0.438151 -0.341354
v 0.335117 -0.579060 -0.137451
v 0.315636 -0.587026 -0.164228
v 0.318631 -0.563698 -0.161136
v 0.280324 0.259758 -0.173090
v 0.293029 0.247415 -0.193467
v 0.084547 0.255854 -0.542343
v 0.149706 -0.184378 -0.092085
v -0.042329 0.514078 -0.526067
v 0.250500 -0.450651 -0.159281
v 0.252256 -0.458559 -0.176926
v 0.256064 -0.478731 -0.160281
v -0.072142 0.512457 -0.830698
v 0.159632 0.521149 -0.531437
v 0.167233 0.489128 -0.526829
v 0.159579 0.504692 -0.369563
v 0.236074 0.325232 -0.364410
v 0.239298 0.313645 -0.385064
v 0.226775 0.330658 -0.387759
v -0.008050 -0.761211 -0.375853
v -0.008673 -0.761701 -0.392049
v 0.076949 0.498342 -0.655117
v 0.063404 0.481014 -0.654747
v 0.052527 0.506158 -0.674124
v 0.305821 -0.064108 0.353994
v 0.068847 0.548428 -0.681750
v 0.050066 0.525488 -0.686008
v -0.228963 0.390918 -0.826833
v -0.249005 0.386002 -0.833636
v 0.069157 0.506394 -0.342497
v -0.327475 0.501951 -0.843757
v -0.018374 0.309290 -0.452522
v -0.008217 0.290966 -0.480771
v -0.035926 -0.602239 0.912714
v -0.041214 -0.617729 0.901017
v -0.018696 -0.628516 0.897264
v 0.196730 0.083262 -0.468209
v 0.173120 0.064433 -0.464277
v 0.152492 0.085927 -0.466890
v -0.240378 0.543391 -0.681862
v 0.090817 0.500456 -0.316460
v 0.335116 0.084642 0.684231
v 0.353271 0.094763 0.659342
v 0.291189 0.332808 0.297031
v 0.269959 0.351798 0.324407
v 0.290079 0.347254 0.328705
v 0.090007 0.484160 -0.300738
v 0.284637 -0.556343 -0.087695
v 0.318334 -0.537350 -0.103638
v 0.004807 -0.608585 0.896443
v 0.001845 -0.568374 0.900534
v -0.026236 -0.580215 0.913783
v 0.007932 0.338601 -0.252469
v 0.027967 0.355737 -0.249218
v 0.015695 0.346920 -0.273737
v 0.101104 0.504372 -0.640498
v 0.412032 0.196258 0.547613
v 0.403059 0.226169 0.557153
v 0.401784 0.206897 0.583257
v -0.312339 0.496800 -0.862074
v 0.119168 0.501009 -0.310885
v -0.002082 0.491033 -0.723893
v 0.295567 0.305083 0.253362
v 0.288729 0.320859 0.272743
v 0.311038 0.312103 0.281567
v 0.009746 -0.424114 -0.266825
v -0.024222 0.242007 0.149367
v -0.025959 0.243667 0.173197
v -0.004659 0.257541 0.165623
v 0.067034 -0.185122 0.004108
v -0.279682 0.426779 -0.888583
v -0.298166 0.436393 -0.891309
v -0.296978 0.534770 -0.766901
v -0.290533 0.527266 -0.747920
v 0.011160 0.498682 -0.419287
v -0.197690 0.497370 -0.874436
v -0.164237 0.477045 -0.871600
v -0.052893 0.266504 -0.288881
v -0.058463 0.257490 -0.264051
v -0.042424 0.279242 -0.260291
v -0.041135 0.234885 0.221954
v -0.053883 0.221809 0.204096
v -0.052202 0.224857 0.239095
v 0.296187 -0.001516 0.647751
v 0.319155 -0.022233 0.637008
v 0.320077 0.000116 0.650936
v -0.062215 0.490145 -0.611884
v -0.189159 0.394327 -0.725198
v -0.178787 0.391247 -0.743372
v -0.167732 0.391864 -0.717599
v -0.072962 -0.125684 -0.351833
v -0.047077 -0.148693 -0.360287
v 0.002524 0.312510 -0.368850
v 0.016849 0.344210 -0.360895
v 0.379925 0.148552 0.333679
v -0.105366 0.496144 -0.624111
v -0.066663 -0.054027 -0.002072
v -0.069241 -0.061890 0.017339
v -0.078383 -0.042798 0.016020
v 0.342288 -0.013704 -0.215973
v 0.326624 0.001909 -0.181605
v -0.147468 0.493598 -0.871714
v 0.380945 -0.096098 0.506368
v 0.385371 -0.124540 0.515180
v 0.383086 -0.129519 0.490620
v 0.281072 -0.172385 -0.181613
v 0.290392 -0.169170 -0.205453
v 0.288256 -0.144942 -0.192493
v -0.300451 0.507490 -0.758556
v 0.224480 -0.348050 -0.213946
v 0.221565 -0.336364 -0.197405
v -0.046486 -0.501967 -0.288634
v -0.051864 -0.482306 -0.294880
v -0.326389 0.337181 -0.856743
v -0.313817 0.346977 -0.873738
v -0.311107 0.346453 -0.843348
v -0.123426 0.480821 -0.623852
v 0.029206 0.493287 -0.686461
v 0.375010 0.017477 0.233064
v 0.383290 0.018472 0.211145
v 0.391243 0.050720 0.220278
v -0.049960 -0.044128 0.495557
v -0.026861 -0.051199 0.500612
v -0.052896 -0.060273 0.518351
v 0.336237 -0.002442 -0.040365
v 0.330247 -0.026482 -0.031546
v 0.321762 -0.023926 -0.053289
v -0.154446 0.492811 -0.630548
v 0.122498 0.506170 -0.618909
v 0.121337 0.481354 -0.615868
v 0.345543 0.328736 0.490312
v 0.341313 0.327206 0.512124
v -0.014151 -0.641619 -0.309600
v -0.018652 -0.622864 -0.293705
v -0.087216 0.486613 -0.623547
v -0.109725 0.135023 0.204546
v -0.119186 0.100002 0.192753
v -0.115476 0.110369 0.211231
v -0.013324 0.358944 -0.453240
v 0.173506 0.484257 -0.420068
v 0.176339 0.479331 -0.456402
v 0.171156 -0.030022 0.467159
v 0.178910 -0.028042 0.445518
v 0.257504 -0.089425 -0.135851
v 0.316889 0.053292 -0.405707
v 0.310492 0.027925 -0.400655
v 0.356172 -0.022379 0.218351
v 0.360024 -0.030620 0.194134
v -0.055667 0.243879 -0.225517
v -0.039596 0.275250 -0.236135
v -0.059587 0.246980 -0.246178
v 0.295545 -0.171987 0.617054
v 0.325625 -0.173643 0.605892
v -0.006806 -0.410101 0.860480
v 0.000134 -0.432545 0.859915
v 0.006912 -0.419468 0.843950
v 0.290214 -0.584512 0.692691
v 0.298275 -0.596567 0.712157
v 0.303228 -0.576626 0.713069
v 0.042297 -0.158804 -0.096913
v 0.067044 -0.178547 -0.094858
v 0.025509 0.200150 0.723550
v 0.032920 0.221561 0.718347
v 0.009442 0.205546 0.711958
v -0.027915 0.197048 -0.435519
v -0.038739 0.216421 -0.414611
v -0.019050 0.216025 -0.440068
v 0.109524 0.343616 0.587018
v 0.011925 0.264782 -0.503138
v 0.013404 0.275006 -0.526603
v 0.374306 0.178648 0.107097
v 0.376428 0.160437 0.087200
v -0.064657 0.475749 -0.820462
v -0.084050 0.485622 -0.838545
v 0.414248 0.120383 0.568570
v -0.063668 0.154553 0.673327
v -0.041422 0.173560 0.685264
v -0.057900 0.178689 0.670057
v -0.059963 0.052476 -0.434069
v -0.037193 0.031625 -0.441390
v -0.071474 0.034897 -0.416555
v -0.108048 0.007515 0.224615
v -0.115578 0.028107 0.211325
v -0.293007 0.490142 -0.747080
v -0.274794 0.489818 -0.724348
v 0.171432 0.108876 -0.472010
v -0.002569 -0.296351 0.725097
v -0.007656 -0.315744 0.736748
v -0.030878 -0.299707 0.722780
v 0.377410 0.162510 0.292345
v 0.375457 0.180217 0.311738
v 0.375372 0.147911 0.306530
v 0.091339 0.353879 0.333616
v 0.061510 0.348746 0.335728
v 0.063159 0.354642 0.357112
v -0.023286 -0.153472 0.592894
v -0.044618 -0.166262 0.598746
v 0.006275 -0.247153 0.699595
v 0.022549 -0.217689 0.697930
v 0.170491 0.486187 -0.393222
v 0.386062 0.052603 0.241019
v 0.174110 0.474554 -0.509181
v -0.049106 0.476739 -0.803736
v 0.305100 -0.100643 0.060340
v 0.312377 -0.097414 0.080411
v 0.296697 -0.112396 0.085990
v -0.050778 -0.111262 0.128766
v -0.061842 -0.099592 0.101583
v 0.260311 0.368533 0.428501
v 0.255786 0.369277 0.407818
v 0.239444 0.371588 0.432110
v -0.182685 0.478775 -0.642642
v -0.201609 0.488871 -0.653340
v -0.020966 0.474098 -0.490478
v 0.361112 0.105724 0.000669
v 0.276125 -0.103968 0.533915
v 0.019543 0.382339 -0.353653
v 0.017305 0.398175 -0.365195
v 0.013891 0.364016 -0.383042
v 0.103898 0.298138 0.665702
v -0.035188 0.430440 -0.708001
v -0.033851 0.443634 -0.726288
v -0.016438 -0.259090 -0.226745
v -0.003909 -0.229821 -0.225199
v -0.040748 -0.230941 -0.237287
v 0.065601 0.484967 -0.328589
v 0.267274 -0.079362 0.519467
v 0.267009 -0.071713 0.488044
v 0.305785 -0.684294 -0.109317
v 0.329256 -0.662565 -0.114971
v 0.289349 -0.660170 -0.108918
v 0.219290 -0.043539 0.553922
v 0.004451 -0.065561 0.317327
v 0.012811 -0.048379 0.342209
v -0.010124 -0.036461 0.340396
v -0.003170 0.484697 -0.441793
v -0.036066 -0.488520 0.870314
v -0.005293 -0.495942 0.883017
v -0.013078 -0.465820 0.878092
v 0.023765 0.511545 -0.698899
v -0.049544 0.077868 -0.444050
v -0.039975 0.102180 -0.448843
v -0.024153 0.087714 -0.455208
v 0.058036 -0.034349 0.386535
v -0.135260 0.718042 -0.718066
v -0.083776 0.132327 -0.019876
v -0.036758 0.466639 -0.787815
v -0.166834 0.464739 -0.635654
v -0.146311 0.455902 -0.628572
v -0.003353 -0.366194 0.768328
v -0.006192 -0.386730 0.779269
v 0.416381 0.075040 0.476927
v 0.413598 0.081976 0.502010
v 0.289569 -0.046768 -0.087172
v 0.303307 -0.045940 -0.062562
v -0.110457 0.150641 0.471656
v -0.105520 0.147360 0.441136
v -0.060956 0.052004 0.358162
v -0.063667 0.029844 0.338311
v -0.053901 0.031227 0.373151
v 0.280345 0.085113 0.694594
v 0.300404 0.075957 0.692852
v 0.228904 0.201511 -0.472736
v 0.216982 0.232014 -0.482740
v -0.031340 -0.718174 0.785450
v -0.044731 -0.759223 0.805673
v 0.216725 -0.071496 -0.410948
v 0.331761 -0.685228 -0.115731
v 0.131092 0.490978 -0.303123
v 0.149343 0.476553 -0.303004
v 0.082589 -0.040298 0.384866
v 0.062637 -0.049397 0.366902
v 0.088942 -0.054023 0.368971
v 0.058451 -0.026647 0.412052
v 0.278455 -0.086174 -0.043847
v 0.264611 -0.108045 -0.029035
v 0.265062 -0.093792 -0.057397
v -0.046299 0.156368 -0.436571
v -0.042620 0.180779 -0.430072
v -0.028047 0.170644 -0.444399
v 0.012459 0.486859 -0.704656
v -0.061404 -0.240953 0.724663
v -0.063126 -0.252779 0.707120
v 0.263461 -0.580960 -0.126047
v 0.271814 -0.580089 -0.098128
v 0.273856 -0.547574 -0.106327
v 0.338113 0.082749 -0.214687
v 0.342242 0.062338 -0.221109
v 0.344037 0.081411 -0.234746
v 0.159238 0.475538 -0.324716
v -0.011227 0.462116 -0.464706
v 0.390733 0.261658 0.546802
v 0.376050 -0.689123 0.629974
v 0.378985 -0.709404 0.638440
v 0.146386 0.076151 0.675087
v 0.150395 0.057341 0.659636
v 0.174936 0.083987 0.675253
v -0.022213 -0.118477 0.196693
v -0.025534 -0.106947 0.222137
v -0.041832 -0.101290 0.205019
v -0.104850 -0.007045 0.466465
v -0.116204 -0.002438 0.495077
v -0.121416 0.016405 0.472211
v -0.108759 0.080461 -0.320832
v -0.105799 0.100567 -0.297048
v -0.107204 0.108759 -0.320501
v 0.359363 -0.576858 0.714302
v 0.017473 -0.139000 -0.063908
v 0.025422 -0.137390 -0.088871
v 0.036956 -0.159105 -0.076692
v -0.088916 -0.175198 0.677632
v 0.180630 0.461442 -0.409247
v -0.101605 0.465346 -0.847286
v 0.186435 0.446211 -0.422401
v 0.181113 0.463496 -0.440784
v -0.253045 0.422420 -0.878959
v -0.220622 0.440758 -0.874453
v -0.333120 0.488843 -0.859286
v 0.246266 -0.277653 -0.157110
v 0.230836 -0.301189 -0.166349
v -0.270673 0.459629 -0.716764
v 0.156718 0.316088 -0.071615
v 0.189472 0.311933 -0.093161
v 0.230064 -0.040442 0.503618
v 0.211791 -0.041562 0.525824
v 0.204160 -0.036111 0.491595
v -0.005588 0.319075 -0.325718
v 0.002882 0.318015 -0.348412
v -0.023100 0.300402 -0.333454
v 0.016262 0.046767 0.740978
v 0.012906 0.083893 0.739401
v 0.212665 0.280849 0.016800
v 0.213765 0.278867 -0.006816
v 0.192086 0.284939 0.018591
v 0.129402 0.441511 -0.606314
v 0.121455 0.458764 -0.614453
v 0.145769 0.458533 -0.590036
v -0.087241 0.463395 -0.624921
v 0.328390 0.124772 -0.151790
v 0.323552 0.138562 -0.133995
v 0.324427 0.104628 -0.132209
v -0.078407 0.184381 0.271775
v -0.091548 0.158354 0.269358
v -0.078046 0.170580 0.302536
v 0.046493 0.355826 0.499247
v 0.055955 0.361363 0.462046
v -0.135062 0.459868 -0.859830
v 0.409096 0.186918 0.446013
v 0.408214 0.211566 0.454511
v 0.412931 0.176430 0.466365
v 0.001667 0.322430 -0.559521
v -0.008115 0.339428 -0.533662
v -0.005818 0.340347 -0.563009
v -0.230500 0.456154 -0.674841
v -0.221367 0.473371 -0.666016
v -0.190401 0.437647 -0.865200
v -0.015112 0.483497 -0.741693
v 0.042891 0.486929 -0.671511
v 0.043844 0.465829 -0.662520
v -0.066583 0.420002 -0.795124
v -0.055159 0.425254 -0.761001
v 0.111267 0.481096 -0.289087
v -0.083211 -0.157875 -0.305217
v -0.087087 -0.128166 -0.281475
v -0.092895 -0.121221 -0.306726
v -0.088574 0.151140 0.291058
v -0.102182 0.121902 0.268992
v 0.106925 0.471904 -0.626503
v 0.089581 0.481979 -0.640128
v 0.366374 -0.238713 0.579410
v 0.346408 -0.222608 0.597837
v 0.011234 -0.407515 0.828929
v 0.335475 -0.043841 0.355501
v 0.343607 -0.051007 0.378632
v 0.318171 -0.064831 0.376736
v -0.188928 0.459003 -0.647223
v -0.020603 0.264108 -0.411867
v -0.028009 0.234892 -0.415765
v -0.041604 0.243000 -0.387406
v 0.124590 0.441613 -0.245682
v 0.128934 0.455842 -0.262660
v 0.028705 -0.222665 0.719506
v 0.030564 -0.209901 0.738315
v 0.029532 -0.235556 0.735783
v 0.066115 -0.157719 -0.310892
v 0.369602 -0.021142 0.081139
v 0.108456 0.017139 -0.440987
v 0.121251 -0.001465 -0.436108
v 0.319219 0.167767 -0.143637
v 0.321918 0.147915 -0.110853
v 0.010589 -0.622178 0.866442
v 0.388116 0.284697 0.436397
v 0.374862 0.303173 0.420987
v 0.377084 0.301085 0.447832
v -0.033507 0.454168 -0.533530
v -0.370538 0.460921 -0.850589
v 0.286474 -0.694920 0.622092
v 0.357094 -0.337662 0.583619
v 0.345181 -0.316321 0.558619
v -0.104164 0.124822 -0.300841
v 0.138260 0.348937 0.576347
v -0.270527 0.427098 -0.725376
v -0.289075 0.442915 -0.738761
v -0.339751 0.473248 -0.871901
v 0.211573 0.305175 -0.112143
v 0.238316 0.280773 -0.111273
v 0.138634 0.478938 -0.596145
v -0.055841 -0.008690 -0.083719
v -0.052448 -0.038585 -0.058662
v 0.151304 0.288241 -0.000756
v 0.173522 0.286637 0.004436
v 0.167705 0.291088 -0.018995
v 0.011494 0.145723 -0.468428
v -0.010927 0.131046 -0.459348
v -0.024247 0.150563 -0.450855
v -0.223662 0.436361 -0.675675
v -0.204177 0.441379 -0.659816
v 0.262781 -0.600155 -0.131935
v -0.089015 -0.163203 0.640870
v -0.082359 -0.205911 0.677410
v 0.231330 -0.130322 0.222283
v 0.211873 -0.139443 0.217360
v -0.122864 0.447189 -0.627131
v 0.364223 -0.248892 0.546253
v 0.369983 -0.263975 0.565322
v -0.021880 0.464257 -0.738037
v -0.024346 0.472170 -0.767129
v 0.179458 0.440426 -0.342303
v 0.352416 -0.440808 0.641555
v 0.353787 -0.462719 0.641827
v -0.105716 0.430615 -0.633029
v -0.160639 0.439700 -0.853755
v -0.166599 0.457793 -0.865995
v -0.026897 0.447581 -0.512596
v 0.084300 -0.164124 -0.285859
v 0.086676 -0.151142 -0.320597
v 0.103117 -0.158629 -0.305274
v 0.358765 0.171086 0.049728
v 0.341561 0.191142 0.034168
v 0.354627 0.188262 0.063022
v 0.316040 0.190882 -0.172734
v 0.325472 0.156339 -0.160625
v 0.214736 -0.247990 -0.185424
v 0.211177 -0.263300 -0.206471
v 0.221174 -0.267611 -0.178981
v -0.019269 0.452447 -0.490200
v -0.041958 0.449125 -0.597567
v 0.186506 0.441882 -0.396933
v -0.034821 0.443852 -0.558934
v -0.359529 0.448144 -0.805941
v -0.381740 0.429770 -0.819095
v 0.349707 0.245494 0.246805
v 0.349258 0.263246 0.276084
v 0.356425 0.237779 0.265080
v 0.267087 -0.519068 -0.125301
v -0.159614 0.436401 -0.637092
v 0.412393 0.212141 0.505245
v 0.408779 0.220817 0.527701
v 0.080392 0.282708 -0.008956
v 0.065599 0.280229 -0.027585
v 0.061105 0.272784 0.002387
v 0.035066 0.137930 -0.476795
v 0.007347 0.123072 -0.466806
v 0.072816 0.445868 -0.636491
v 0.093868 0.454191 -0.629686
v 0.166427 0.467061 -0.546435
v 0.063016 0.085393 0.741240
v 0.073176 0.124981 0.740934
v 0.040874 0.104991 0.744322
v 0.048899 0.459347 -0.333245
v 0.045539 0.428428 -0.310879
v 0.059843 0.459749 -0.647811
v 0.045599 0.437507 -0.652685
v -0.029726 0.420793 -0.529317
v -0.006088 -0.464629 -0.348662
v -0.006742 -0.429260 -0.350833
v 0.012087 -0.456332 -0.328200
v -0.281380 0.468921 -0.732702
v -0.059610 0.703640 -0.746641
v 0.176588 0.446172 -0.536801
v 0.127323 0.322967 -0.566466
v -0.107062 0.083104 -0.342960
v -0.105292 0.112126 -0.341940
v -0.102773 0.099857 -0.360919
v 0.372126 0.262723 0.320450
v 0.352090 0.292143 0.313225
v -0.117636 0.434619 -0.841853
v -0.096920 0.438667 -0.835422
v 0.107625 0.439017 -0.618957
v 0.295659 -0.403165 0.636815
v 0.299685 -0.426067 0.646254
v 0.288923 -0.120196 -0.190315
v -0.057504 -0.161405 -0.259937
v -0.070924 -0.142422 -0.265431
v -0.072659 -0.169581 -0.278153
v 0.024456 0.258040 -0.047614
v 0.328772 -0.056267 -0.202240
v -0.078144 -0.727791 0.813997
v -0.076463 -0.703387 0.825122
v -0.073979 0.159985 -0.184141
v -0.062049 0.184839 -0.166838
v -0.070058 0.185025 -0.187279
v -0.356393 0.418329 -0.909192
v -0.380724 0.440826 -0.879326
v -0.343685 0.441620 -0.899755
v 0.390718 0.269820 0.524355
v 0.398958 0.258857 0.498835
v 0.381177 0.289754 0.504967
v 0.210928 -0.036151 0.406416
v 0.201167 -0.029395 0.431213
v 0.188831 -0.034814 0.403779
v 0.408315 0.158493 0.417813
v 0.414220 0.155000 0.446412
v -0.057266 -0.689679 0.806547
v -0.045431 -0.661433 0.812882
v 0.279231 -0.354717 -0.138044
v 0.281261 -0.123999 0.074022
v 0.290654 -0.111444 0.049639
v -0.069168 -0.108373 -0.358997
v -0.059872 -0.074739 -0.371051
v 0.280103 0.281651 0.144959
v 0.295621 0.268053 0.121691
v -0.042927 -0.554499 -0.302560
v -0.045157 -0.524529 -0.296335
v -0.045926 -0.539807 -0.317654
v 0.197498 -0.202729 -0.200264
v 0.206083 -0.203345 -0.182057
v 0.174648 -0.182393 -0.194120
v 0.062088 -0.005977 0.689322
v 0.073746 0.015403 0.654575
v 0.076363 0.012699 0.693445
v -0.254080 0.432247 -0.706817
v -0.239831 0.441665 -0.686888
v 0.344026 0.222671 0.101993
v 0.341730 0.215049 0.078545
v 0.160370 0.457610 -0.301373
v 0.170157 0.447898 -0.317931
v -0.032296 0.428282 -0.584042
v 0.275675 0.365089 0.406622
v -0.007044 0.444198 -0.452401
v 0.052164 0.336352 0.307283
v 0.072339 0.345384 0.318106
v 0.067239 0.334898 0.293354
v 0.165841 0.446907 -0.561991
v 0.152875 0.438341 -0.583985
v 0.287761 -0.101991 0.011356
v 0.307580 -0.087363 0.021351
v 0.270051 -0.119463 0.015465
v -0.030310 0.210871 -0.033535
v 0.087338 0.366654 0.468888
v 0.102950 0.366064 0.491826
v 0.179403 0.423162 -0.306144
v -0.015846 -0.407558 -0.243424
v -0.042555 -0.410131 -0.251704
v -0.006687 -0.430001 -0.253419
v 0.139286 0.468529 -0.281252
v 0.160154 0.445435 -0.281916
v 0.220007 -0.316448 -0.205713
v 0.223208 -0.324133 -0.180254
v 0.218492 -0.292030 -0.194431
v -0.354447 0.458767 -0.880178
v -0.327799 0.449691 -0.891803
v 0.341943 0.035977 -0.342600
v 0.333001 0.014679 -0.353000
v 0.322998 0.030976 -0.377081
v 0.021463 0.436568 -0.670505
v 0.006042 0.441679 -0.683827
v -0.185462 0.434473 -0.650114
v -0.002424 -0.698957 -0.414361
v 0.012624 -0.696736 -0.374951
v 0.327348 0.146614 0.697075
v 0.345394 0.158055 0.681671
v 0.320319 0.172054 0.698739
v -0.255507 0.463603 -0.878458
v 0.269973 -0.138373 -0.338649
v 0.281662 -0.171370 -0.312928
v 0.244779 -0.167902 -0.314175
v 0.192052 0.427493 -0.430004
v -0.139722 0.429728 -0.633716
v 0.236304 0.283921 0.074844
v 0.226858 0.290729 0.100328
v 0.318486 -0.628328 -0.093414
v 0.322015 -0.611872 -0.083088
v 0.260918 -0.474635 -0.138577
v -0.012285 0.289136 -0.376016
v 0.000749 0.256917 0.137330
v -0.007944 0.249069 0.120111
v -0.382548 0.446941 -0.860370
v -0.082598 0.188651 0.362540
v -0.034456 0.415844 -0.691043
v -0.015926 0.422068 -0.682096
v -0.027661 0.419026 -0.551070
v 0.195473 0.414135 -0.382884
v 0.280681 -0.257467 -0.277231
v 0.258632 -0.245010 -0.283427
v -0.062210 0.411657 -0.718900
v -0.049641 0.429499 -0.731603
v 0.171353 0.354038 0.312947
v 0.157196 0.345539 0.291020
v 0.295905 -0.025892 -0.381024
v 0.311838 -0.007802 -0.371392
v -0.066146 0.453228 -0.618892
v -0.045584 0.430536 -0.604990
v 0.362986 0.021069 0.014785
v 0.371373 0.039692 0.031163
v -0.079977 0.114592 0.336544
v -0.075912 0.107481 0.367093
v 0.076244 0.301358 0.191847
v 0.055249 0.294814 0.197471
v 0.067368 0.305275 0.217244
v 0.283668 -0.234928 0.625223
v 0.274539 -0.244022 0.599271
v -0.113421 0.025916 0.444191
v -0.107288 0.046773 0.427461
v -0.099670 0.024155 0.425011
v 0.177532 0.415262 -0.276194
v 0.280261 0.364154 0.428261
v -0.062631 -0.357309 0.813354
v -0.065765 -0.344805 0.793099
v 0.063095 -0.130397 0.259988
v 0.082425 -0.123249 0.281238
v 0.280231 -0.323435 0.601814
v 0.289543 -0.337989 0.586803
v 0.147525 0.040594 0.647623
v 0.189995 0.041858 0.648354
v 0.180773 0.060410 0.660399
v 0.164999 0.210261 0.709547
v -0.035864 0.446496 -0.750416
v 0.131851 0.420908 -0.600817
v 0.182195 0.426656 -0.327237
v -0.003309 -0.721413 0.795294
v 0.306022 -0.327867 0.661846
v -0.125677 0.019635 0.497009
v -0.053606 -0.598183 -0.336270
v 0.078648 0.407629 -0.621268
v 0.063830 0.422074 -0.633947
v 0.082572 0.428223 -0.626702
v 0.367739 -0.229849 0.540926
v 0.348983 -0.243806 0.518439
v 0.369410 -0.217175 0.523702
v -0.414933 0.367878 -0.864403
v -0.414096 0.374322 -0.884207
v -0.042184 -0.225192 0.648773
v -0.063005 -0.210571 0.640032
v -0.046991 -0.201678 0.625272
v 0.305121 -0.643029 0.639162
v 0.320157 -0.652583 0.625493
v -0.155844 0.690539 -0.775905
v -0.025657 0.399964 -0.576680
v 0.042647 -0.012910 -0.431841
v 0.050547 -0.037984 -0.421325
v 0.032577 -0.030045 -0.427026
v -0.001767 0.258148 0.669873
v 0.016159 0.238890 0.699385
v -0.010859 0.406845 -0.463076
v 0.018560 0.317735 -0.165082
v 0.029428 0.332414 -0.179341
v 0.014335 0.325381 -0.198431
v 0.288658 -0.193945 -0.294664
v 0.254745 -0.184982 -0.306460
v 0.393987 0.270208 0.421370
v -0.214568 0.416775 -0.684697
v 0.237869 -0.244685 -0.278341
v 0.256985 -0.205317 -0.297410
v 0.233359 -0.129148 -0.069127
v 0.291388 -0.582435 0.665906
v 0.315858 -0.584024 0.642597
v -0.078107 0.222170 -0.322560
v -0.079061 0.224421 -0.296979
v -0.065013 0.247244 -0.305452
v 0.133754 0.347786 -0.574544
v -0.077568 0.078079 -0.067180
v 0.108512 -0.180415 -0.147633
v 0.341203 -0.746609 0.612959
v 0.374310 -0.709704 0.615164
v 0.276135 -0.066476 0.327678
v 0.296204 -0.057396 0.330449
v -0.088780 -0.071164 0.621038
v -0.093175 -0.059573 0.601734
v -0.084811 -0.083355 0.590250
v -0.246245 0.410234 -0.724298
v 0.317339 -0.028574 -0.356942
v 0.314812 -0.054239 -0.352592
v 0.295466 -0.049978 -0.371579
v 0.348995 0.082812 -0.038255
v -0.302162 0.417850 -0.899157
v -0.319954 0.415877 -0.908076
v 0.280228 -0.069897 0.431025
v 0.309573 -0.073724 0.407480
v -0.101884 0.118479 0.036172
v -0.092470 0.143647 0.034137
v -0.096725 0.115845 0.011202
v 0.154865 0.370667 0.476958
v 0.133202 0.369598 0.476229
v 0.155564 0.367844 0.499401
v 0.075347 0.419162 -0.249177
v 0.090842 0.407007 -0.220539
v 0.096346 0.430753 -0.241938
v 0.196216 0.404254 -0.349852
v -0.249337 0.616603 -0.702190
v -0.233429 0.613622 -0.688299
v -0.050557 0.254630 -0.358714
v -0.027560 0.268155 -0.378963
v -0.022742 -0.160833 -0.206856
v 0.308450 0.222891 0.013964
v 0.309308 0.232049 0.037537
v 0.322781 0.215636 0.032692
v 0.301523 -0.526080 0.677958
v 0.003613 -0.636550 -0.373826
v -0.013149 -0.611903 -0.378518
v 0.010557 -0.617502 -0.363875
v -0.126478 0.039937 0.535654
v -0.125042 0.020090 0.518474
v -0.122363 0.011198 0.545954
v -0.014373 -0.696250 0.874527
v -0.324201 0.427881 -0.778588
v -0.355988 0.424410 -0.801535
v -0.394022 0.436234 -0.857460
v -0.110042 0.416265 -0.819808
v -0.116329 -0.008650 0.530534
v -0.047171 0.004519 -0.122603
v -0.054475 0.030561 -0.129490
v -0.046582 0.005639 -0.146558
v -0.397599 0.426324 -0.877672
v -0.397820 0.408059 -0.845030
v 0.191092 0.401288 -0.302461
v -0.013855 0.217994 0.687847
v -0.087042 -0.007646 0.666378
v -0.088592 -0.027391 0.661804
v -0.067256 -0.001905 0.682172
v 0.265415 -0.137447 -0.153658
v 0.263926 -0.109650 -0.149152
v 0.341478 0.114206 -0.242196
v 0.338657 0.107990 -0.218380
v -0.356051 0.328296 -0.864770
v 0.292463 -0.124524 0.601740
v 0.277447 -0.119120 -0.172240
v 0.274370 -0.098996 -0.165914
v -0.021641 0.273586 0.632434
v -0.039709 -0.264300 -0.238385
v -0.043172 -0.295226 -0.250602
v -0.080314 0.137316 0.330347
v -0.074826 0.169187 0.323129
v -0.163263 0.694522 -0.751639
v -0.082388 0.163064 0.035605
v -0.090244 0.159438 0.067572
v 0.116409 0.420566 -0.221034
v -0.044690 -0.585956 -0.307829
v -0.050711 -0.615433 -0.310024
v -0.043420 -0.609699 -0.297416
v 0.264516 -0.624485 -0.124412
v 0.277072 -0.628263 -0.155970
v -0.398665 0.399670 -0.900479
v -0.415910 0.403274 -0.871587
v 0.196875 0.397617 -0.329547
v -0.056116 -0.123497 0.717302
v -0.041033 -0.097130 0.720096
v -0.016640 0.374558 -0.550764
v -0.023174 0.394768 -0.538389
v 0.301812 -0.741624 0.673186
v -0.099398 0.058857 0.282790
v -0.091827 0.069081 0.301425
v -0.098054 0.147175 -0.276684
v -0.094251 0.154177 -0.257418
v -0.227052 0.411416 -0.707222
v 0.341172 -0.064242 -0.282990
v 0.343280 -0.048546 -0.300319
v -0.038170 0.403526 -0.610250
v -0.070393 -0.123145 -0.245546
v -0.053582 -0.134958 -0.233050
v -0.072885 -0.106362 -0.225928
v -0.043817 -0.539598 0.819152
v -0.053772 -0.564169 0.827990
v -0.056461 -0.533857 0.842622
v 0.005101 0.422551 -0.669395
v 0.176579 -0.169502 0.147121
v 0.304716 -0.750677 -0.220914
v 0.163868 0.431213 -0.267217
v 0.182323 0.399951 -0.251025
v -0.191623 0.415069 -0.666417
v 0.166245 0.409304 -0.234265
v 0.152610 0.434120 -0.250602
v 0.350534 -0.046241 0.054312
v -0.005788 -0.081288 -0.098138
v -0.168694 0.405266 -0.664688
v 0.204882 0.349267 0.575611
v 0.226040 0.348897 0.571714
v 0.220986 0.356342 0.550376
v 0.159476 0.412165 -0.576893
v 0.235309 -0.284703 -0.263182
v -0.073238 0.091922 0.348644
v -0.078629 0.082944 0.330869
v -0.392546 0.398185 -0.832269
v 0.196621 0.413067 -0.413114
v 0.200843 0.395650 -0.435705
v -0.066273 0.200428 0.316746
v -0.076591 0.181147 0.342539
v -0.084874 0.392781 -0.713161
v 0.193170 0.319483 -0.112465
v -0.033997 -0.279892 0.827624
v -0.041900 -0.302145 0.821321
v 0.305325 -0.069764 0.609174
v 0.293996 -0.096644 0.600205
v 0.316464 -0.100045 0.600390
v 0.186548 0.346108 -0.153295
v 0.206530 0.338843 -0.168019
v 0.179820 0.366337 -0.181799
v 0.344859 0.008246 -0.221090
v 0.346231 0.030262 -0.226737
v -0.139319 0.409417 -0.646347
v 0.244278 0.313738 0.633654
v 0.222357 0.320218 0.629221
v 0.177545 0.401223 -0.554304
v 0.174622 0.429992 -0.552576
v 0.022743 -0.168556 0.041160
v 0.393042 -0.011840 0.565562
v 0.384816 -0.001279 0.585625
v 0.377166 -0.025888 0.594084
v -0.002339 0.337961 0.405471
v 0.361657 0.000425 0.240207
v 0.374961 0.031872 0.248896
v 0.348274 -0.222960 0.501156
v 0.326337 -0.241561 0.506385
v -0.007602 -0.102888 0.254233
v -0.025546 -0.094431 0.248184
v -0.086717 0.414919 -0.804512
v -0.026987 0.402299 -0.514627
v 0.058006 0.332124 -0.126605
v 0.300933 -0.373867 -0.156274
v 0.303401 -0.352561 -0.167171
v 0.218298 0.355763 -0.359934
v 0.217264 0.349854 -0.386094
v 0.210817 0.370045 -0.384890
v 0.279937 -0.211976 -0.176166
v 0.286092 -0.193265 -0.198050
v 0.270106 -0.194906 -0.164895
v 0.378026 0.274137 0.565060
v -0.042441 0.397862 -0.677194
v -0.054944 0.403045 -0.694726
v -0.022295 0.383686 -0.599239
v 0.030406 -0.096729 0.579529
v 0.025212 -0.074683 0.575554
v 0.006038 -0.066836 0.578214
v 0.126110 0.408723 -0.205554
v -0.100516 0.051808 0.006655
v -0.103952 0.071166 0.018250
v -0.098188 0.069847 -0.002596
v -0.208626 0.401909 -0.715699
v -0.014873 0.223126 -0.024217
v -0.011508 0.230485 -0.053935
v 0.071454 0.395372 -0.225741
v 0.258752 -0.059450 0.502304
v -0.047995 -0.080404 -0.008754
v -0.047462 -0.064643 -0.033054
v -0.013311 -0.648651 -0.386718
v 0.206372 0.383404 -0.369178
v 0.252698 -0.102254 -0.071426
v -0.018456 -0.552185 0.816750
v -0.016318 -0.529575 0.817451
v -0.002089 -0.542188 0.826208
v -0.098920 0.217261 0.545328
v -0.102936 0.195460 0.567709
v 0.001046 -0.074930 -0.139362
v 0.236682 -0.076535 0.352504
v 0.215274 -0.071025 0.357960
v 0.227528 -0.083763 0.327048
v 0.317836 0.210752 -0.330430
v 0.312227 0.229331 -0.308721
v 0.320138 0.210453 -0.294961
v -0.215924 0.610953 -0.676378
v 0.340519 0.000617 0.285157
v 0.332617 -0.003979 0.302555
v 0.021137 -0.425244 -0.299106
v 0.013697 -0.436829 -0.282597
v 0.238520 -0.096418 -0.385390
v 0.231182 -0.126829 -0.368380
v 0.020500 -0.152328 0.170458
v -0.283215 0.386585 -0.890478
v 0.055751 -0.054459 0.523251
v 0.066248 -0.045704 0.503788
v -0.123180 0.388234 -0.742259
v -0.092128 0.395736 -0.734959
v -0.175405 0.398057 -0.695911
v 0.332647 0.157553 -0.224391
v 0.349699 -0.019253 0.347648
v 0.015367 -0.569492 0.847977
v 0.008491 -0.520338 0.857913
v 0.100319 0.393598 -0.196696
v -0.195114 0.403663 -0.696771
v 0.287986 0.242918 -0.163559
v 0.294688 0.223496 -0.146631
v 0.299239 0.230530 -0.181823
v -0.088186 0.088456 0.312831
v 0.398143 0.023928 0.387330
v 0.387267 0.029193 0.365461
v 0.393323 0.048787 0.367356
v 0.162357 0.395855 -0.206533
v 0.142464 0.389725 -0.182770
v 0.011311 0.384157 -0.391232
v -0.002219 0.259065 -0.107668
v -0.011850 0.241793 -0.096689
v 0.001567 0.249974 -0.079987
v -0.152120 0.397595 -0.674911
v 0.197098 0.389694 -0.281644
v -0.104232 0.405617 -0.795829
v -0.118668 0.397685 -0.781555
v 0.129195 0.289339 0.084848
v 0.129919 0.286138 0.048395
v 0.095798 0.285478 0.074580
v -0.094888 0.403275 -0.777094
v 0.103186 -0.122442 0.289053
v 0.310648 0.327205 0.306107
v 0.330807 0.302722 0.294094
v 0.227721 0.370420 0.473629
v 0.211532 0.372698 0.459247
v -0.115409 0.088590 0.076752
v -0.115333 0.064391 0.066597
v -0.120415 0.073589 0.101619
v 0.342338 0.203631 0.056995
v 0.324732 0.223552 0.053575
v 0.173227 -0.171196 -0.271887
v 0.193859 -0.188062 -0.260080
v 0.168890 -0.178359 -0.239544
v 0.030858 0.383941 -0.308259
v 0.113549 -0.027427 0.440887
v 0.128109 -0.031466 0.406933
v 0.256909 0.307810 -0.268220
v 0.270753 0.293791 -0.232595
v 0.277179 0.285115 -0.251549
v 0.303035 -0.488255 0.666381
v 0.301059 -0.511860 0.661530
v 0.307946 -0.503070 0.685724
v 0.282708 -0.679703 -0.118619
v 0.290111 -0.711137 -0.109741
v -0.069888 0.219422 -0.236773
v 0.215141 0.361159 -0.465188
v 0.311550 0.012809 -0.386843
v -0.227197 0.402851 -0.727221
v 0.188342 0.286599 0.037813
v 0.034659 -0.025033 0.634628
v 0.043155 -0.018483 0.662106
v -0.130563 0.398212 -0.663986
v -0.124598 0.387574 -0.701037
v -0.154540 0.392685 -0.696485
v -0.141568 0.387630 -0.725487
v -0.059303 0.284478 0.516261
v -0.050855 0.290082 0.536149
v 0.074135 0.384855 -0.614992
v 0.102744 0.364531 -0.595207
v 0.141814 -0.185473 0.026529
v 0.166124 -0.180759 0.019639
v 0.286033 0.333706 0.576103
v 0.216544 0.051274 -0.458970
v 0.088593 0.281585 0.023814
v -0.402869 0.388132 -0.848843
v 0.388679 0.158808 0.249320
v 0.152130 0.363136 -0.570176
v 0.139791 0.395184 -0.588918
v 0.169196 0.383657 -0.562903
v 0.295348 -0.374931 0.647399
v 0.292276 -0.379990 0.622819
v 0.204119 0.390275 -0.394014
v -0.071259 0.390015 -0.679653
v -0.141411 0.397815 -0.787695
v -0.168311 0.392485 -0.770604
v -0.371937 0.382001 -0.907495
v 0.028772 0.362748 -0.292340
v 0.021167 0.351201 -0.309253
v 0.153574 0.000974 -0.441535
v 0.136557 -0.018598 -0.431812
v -0.059735 -0.631034 -0.334268
v -0.028914 -0.646439 -0.311943
v 0.020378 0.117906 0.739980
v -0.024784 -0.432159 0.869330
v -0.052631 -0.657254 0.866207
v -0.060816 -0.656814 0.843960
v -0.063786 -0.680074 0.855860
v 0.102230 -0.038380 0.391765
v 0.095371 -0.028536 0.412531
v 0.070481 -0.058264 -0.410707
v 0.104875 -0.060869 -0.410654
v 0.310119 -0.180035 -0.255870
v 0.204583 0.015146 -0.445860
v 0.175408 0.004409 -0.444751
v -0.003721 -0.288237 -0.340008
v -0.035482 -0.263274 -0.337104
v -0.092594 -0.145729 0.652522
v -0.090042 -0.141757 0.632537
v 0.267721 0.213692 0.706335
v 0.012773 -0.118803 0.245755
v -0.001692 -0.265449 0.705234
v -0.026579 -0.282519 0.708933
v -0.025598 -0.263937 0.693525
v 0.256884 -0.045896 0.481137
v 0.190053 -0.053409 -0.423487
v 0.020190 -0.013767 -0.435360
v 0.003512 -0.042005 -0.424297
v 0.163223 0.282531 -0.532321
v -0.068203 0.206739 0.212158
v 0.162299 0.301528 -0.046134
v 0.044226 0.541315 -0.698058
v -0.091638 -0.123611 0.640523
v 0.016492 -0.084423 0.551246
v 0.004417 -0.109763 0.568420
v -0.036653 0.214674 0.040398
v -0.047819 0.211030 0.074317
v -0.031333 0.223871 0.069150
v 0.038364 0.356177 0.472522
v 0.160809 0.233318 0.705200
v 0.184955 0.235461 0.704259
v 0.172058 0.254772 0.697651
v -0.046283 -0.234086 0.739583
v -0.045779 -0.367398 -0.251854
v -0.044663 -0.346915 -0.253189
v -0.149878 0.390378 -0.755869
v -0.133053 0.392522 -0.767738
v 0.204422 0.381049 -0.316017
v 0.197684 -0.171631 0.093801
v 0.224748 -0.160788 0.104750
v 0.216738 -0.161400 0.129777
v -0.207487 0.391912 -0.797998
v -0.191582 0.392837 -0.780539
v -0.219550 0.390159 -0.776506
v 0.162816 0.380835 -0.183159
v 0.242094 0.301839 -0.408381
v 0.247675 0.278830 -0.428143
v -0.116219 0.391081 -0.677573
v 0.204113 0.385924 -0.416323
v -0.231713 0.391587 -0.761183
v -0.198194 0.392064 -0.750365
v 0.203023 0.385723 -0.499624
v 0.131611 -0.042705 -0.421428
v 0.113070 -0.020330 -0.428127
v 0.405486 0.239178 0.503407
v 0.400979 0.243877 0.531881
v -0.091327 -0.139550 0.672774
v -0.085333 -0.113201 0.677604
v -0.108614 0.042409 0.039323
v -0.111213 0.061753 0.046176
v -0.086007 0.142984 0.003405
v 0.245394 -0.046973 0.396986
v 0.271593 -0.048406 0.409080
v 0.196032 -0.019563 0.598089
v 0.206932 0.139521 -0.476565
v 0.188217 0.154743 -0.480790
v 0.165588 -0.183434 -0.072733
v 0.343287 -0.040966 0.214278
v 0.048647 -0.169688 0.147379
v 0.027191 -0.160290 0.152380
v 0.042349 -0.173139 0.116059
v -0.046478 -0.759305 0.812379
v 0.079421 0.383991 -0.197645
v -0.159295 0.389796 -0.736591
v 0.093459 0.343476 0.301559
v 0.105777 0.333018 0.266094
v 0.205943 0.381570 -0.345389
v -0.109442 0.170181 0.480670
v 0.312754 -0.370744 -0.225314
v 0.285582 -0.367534 -0.246192
v -0.100558 0.017814 0.022419
v -0.094296 0.032069 -0.008606
v -0.090244 -0.003223 0.002687
v -0.097304 0.387003 -0.695210
v -0.088663 0.390790 -0.670208
v 0.325863 0.097166 -0.110547
v 0.325279 0.075241 -0.108614
v 0.322518 0.082675 -0.128076
v 0.015464 -0.158874 0.667506
v 0.212210 0.360344 -0.411312
v 0.209438 0.370153 -0.429762
v 0.293157 -0.272084 -0.195342
v 0.289415 -0.247917 -0.198452
v 0.024131 0.369485 -0.325637
v -0.238934 0.387205 -0.808210
v 0.050222 0.362627 -0.611160
v 0.003447 0.362860 -0.418378
v 0.333618 0.245130 0.148350
v 0.340692 0.233243 0.123868
v -0.086173 -0.028981 0.249785
v -0.096847 -0.007822 0.247832
v -0.101050 -0.014653 0.221222
v -0.022818 -0.509300 0.812743
v -0.005433 -0.511501 0.822760
v 0.273372 -0.473816 -0.193660
v 0.269130 -0.454376 -0.200050
v -0.114301 0.386783 -0.719345
v -0.049887 0.103606 0.688531
v -0.037652 0.120326 0.694519
v -0.052062 0.132062 0.686727
v -0.284381 0.371358 -0.804676
v -0.110265 0.000083 0.200124
v -0.098152 0.129431 -0.261159
v 0.302196 0.231417 -0.380814
v 0.310740 0.223002 -0.356237
v 0.399902 0.258450 0.447340
v 0.401552 0.254668 0.474331
v 0.407421 0.232999 0.464778
v 0.302963 -0.617161 -0.165455
v 0.291932 -0.582727 -0.169854
v 0.197728 -0.165717 0.139816
v 0.216405 -0.158082 0.150873
v 0.066796 -0.112004 0.292294
v 0.033528 -0.113948 0.270905
v 0.318234 0.040188 -0.157699
v 0.092088 0.373630 -0.167118
v 0.121364 0.391124 -0.184926
v 0.000151 0.605369 -0.747670
v 0.350300 0.014192 -0.241760
v 0.350182 -0.016004 -0.243142
v 0.048164 -0.178111 -0.011041
v 0.049195 -0.174509 -0.054083
v 0.068206 -0.184278 -0.024765
v 0.243342 0.324025 0.242903
v 0.212776 0.336516 0.261548
v 0.248830 0.332842 0.267200
v -0.006249 0.374141 -0.443959
v 0.311092 -0.026701 -0.072103
v -0.099427 -0.032725 0.644316
v -0.094599 -0.050742 0.635119
v -0.066245 0.100805 -0.136439
v -0.071544 0.080879 -0.171277
v -0.063190 0.068829 -0.135074
v 0.306327 0.293556 0.629050
v 0.320648 0.276195 0.637037
v 0.323163 0.295330 0.610074
v 0.404179 0.205186 0.426469
v 0.400127 0.222792 0.408313
v 0.327556 -0.056773 0.218510
v 0.379128 0.282940 0.541489
v 0.181798 0.380401 -0.211272
v 0.203392 0.367551 -0.235567
v 0.192922 0.383656 -0.243290
v 0.113188 0.170653 -0.493836
v 0.145782 0.154134 -0.483530
v 0.385139 0.007561 0.113910
v 0.056707 -0.019157 0.613660
v 0.075029 -0.036452 0.586034
v 0.092256 -0.015273 0.609033
v 0.205512 0.374332 -0.260549
v -0.259032 0.384519 -0.781158
v 0.019029 -0.156474 -0.026687
v 0.030944 -0.162791 -0.045514
v 0.196809 0.327017 -0.131790
v 0.207926 0.328144 -0.149642
v 0.304927 0.126468 0.705945
v 0.326352 0.121174 0.696975
v 0.243081 0.265901 -0.447486
v 0.225976 0.280398 -0.472357
v 0.235272 0.291694 -0.449687
v 0.315117 0.003977 -0.094212
v 0.304989 -0.001092 -0.114353
v 0.011781 0.293193 -0.547262
v 0.035579 0.291497 -0.567414
v 0.025795 0.270140 -0.546237
v 0.070301 0.364836 -0.169330
v 0.063252 0.368662 -0.190688
v 0.253866 -0.134074 0.178057
v 0.254784 -0.140065 0.147862
v 0.271690 -0.128212 0.151950
v 0.077968 0.282843 0.090534
v 0.066108 0.276280 0.065207
v 0.337527 -0.127173 0.439979
v 0.356223 -0.090679 0.434949
v 0.366355 -0.098778 0.451467
v -0.084140 0.011508 0.294577
v -0.065174 -0.011391 0.310247
v -0.069302 0.008124 0.318924
v -0.107296 0.123968 0.244059
v -0.104469 0.144710 0.225523
v 0.017352 0.148291 0.734131
v 0.045635 0.156191 0.740167
v 0.130540 0.371369 -0.585212
v 0.136716 0.373718 -0.158924
v 0.019870 0.355113 -0.343417
v -0.027619 0.497785 -0.774810
v -0.017575 0.505721 -0.756389
v -0.042243 0.220011 0.098888
v 0.162607 0.366762 -0.160551
v -0.054999 0.404363 -0.632776
v -0.284813 0.367418 -0.847561
v -0.288488 0.367824 -0.871982
v -0.263466 0.381653 -0.853383
v -0.022427 -0.040115 0.474246
v 0.353983 -0.006267 -0.265826
v -0.263243 0.393647 -0.764123
v -0.285458 0.384186 -0.784396
v 0.054384 0.673782 -0.628685
v -0.020515 -0.592268 -0.287684
v -0.043664 -0.419912 0.794011
v -0.049784 -0.429949 0.810708
v -0.091331 -0.018195 -0.357757
v -0.094254 0.006007 -0.360190
v -0.079980 -0.010544 -0.375568
v -0.258178 0.380725 -0.811796
v -0.268959 0.376670 -0.833878
v 0.214593 0.366731 -0.296963
v 0.291532 0.215078 -0.090905
v 0.292318 0.219838 -0.123581
v 0.045145 0.353694 -0.192076
v 0.016320 -0.607192 -0.320174
v 0.001641 -0.604104 -0.301040
v -0.169438 0.672947 -0.785724
v -0.384357 0.362376 -0.818892
v -0.013286 0.363730 -0.569188
v 0.190903 0.031799 -0.454020
v -0.020789 -0.520064 -0.275199
v -0.265481 0.387906 -0.875606
v 0.113200 0.357065 0.334576
v 0.219189 0.359144 -0.321951
v 0.172958 -0.025646 0.582081
v 0.180735 -0.036916 0.560884
v 0.086376 0.042406 0.724750
v 0.090539 0.057917 0.726796
v 0.069066 0.039512 0.732781
v -0.119880 0.072595 0.461183
v 0.362120 0.070397 0.303244
v 0.376480 0.095886 0.287221
v -0.066089 0.195415 0.083320
v 0.114914 0.341720 -0.580366
v 0.085684 0.292671 -0.033396
v 0.114358 0.292171 -0.020468
v 0.109050 0.371114 -0.155229
v 0.194505 0.374188 0.441080
v 0.167341 0.372857 0.452770
v 0.186573 0.372818 0.462294
v -0.080166 -0.150725 -0.281069
v -0.345452 0.377113 -0.911013
v 0.218453 0.373490 0.435737
v 0.225132 0.372921 0.408240
v 0.205726 0.373905 0.415570
v 0.204818 -0.241518 -0.209392
v 0.074795 0.301656 -0.057004
v 0.177459 0.373802 0.423067
v 0.186498 0.371463 0.384868
v -0.008688 0.361842 -0.589259
v -0.012991 0.190514 0.700736
v 0.165781 0.372203 0.398891
v 0.017027 -0.279709 0.727189
v -0.048748 -0.516826 -0.314714
v -0.001301 0.133214 0.725699
v 0.140774 0.371524 0.408204
v 0.153326 0.372995 0.430875
v 0.370375 0.208604 0.180260
v 0.366726 0.209807 0.154659
v 0.353653 0.225924 0.152916
v 0.086743 0.344195 0.579417
v 0.362306 -0.036927 0.611887
v 0.000157 -0.524363 -0.338139
v 0.006087 -0.503153 -0.330437
v 0.308008 -0.078764 0.000311
v 0.143163 0.368669 0.380952
v 0.327722 -0.076639 0.603818
v -0.088721 -0.019251 0.017309
v -0.089049 -0.036536 0.044591
v 0.329604 -0.091214 -0.240152
v 0.338438 -0.075232 -0.258115
v 0.340751 -0.064349 -0.237413
v 0.226614 -0.187637 -0.138563
v 0.262595 -0.170542 -0.152013
v 0.136805 0.357445 -0.133535
v 0.158254 0.355515 -0.138820
v 0.170197 0.366798 0.360775
v 0.163781 -0.060578 -0.417588
v 0.151487 -0.033790 -0.427679
v -0.041833 -0.272928 0.801234
v 0.122798 0.370768 0.421292
v 0.030201 -0.280237 0.794888
v -0.058734 0.188735 -0.410999
v 0.239864 0.370512 0.392181
v 0.208047 0.372410 0.390910
v 0.387422 0.270789 0.374634
v -0.108392 0.067236 0.428097
v -0.099795 0.087828 0.413289
v -0.089078 0.064622 0.401177
v 0.340535 -0.575510 0.637515
v 0.292340 -0.170040 0.569119
v 0.283732 -0.197957 0.557289
v 0.010328 0.173621 0.724098
v -0.006714 0.172819 0.711717
v 0.000107 0.154883 0.721883
v 0.323528 0.199383 0.001447
v -0.032737 0.127761 -0.450036
v -0.057779 0.105281 -0.438266
v 0.307096 0.060660 -0.422439
v 0.313684 0.085248 -0.421538
v 0.021702 0.309019 -0.572922
v 0.029273 -0.280394 0.746886
v 0.381866 -0.139389 0.539197
v -0.036592 0.086743 0.692332
v 0.224057 0.350622 -0.264632
v 0.017454 -0.122349 -0.172613
v 0.006273 -0.096101 -0.171106
v -0.009966 -0.105321 -0.184673
v -0.041528 -0.557050 0.895304
v -0.038472 -0.535071 0.885268
v 0.116461 0.368372 0.392186
v 0.206016 0.368331 0.362324
v 0.242603 0.370230 0.456303
v 0.102767 0.369225 0.429337
v 0.091680 0.367823 0.448547
v 0.119606 0.370552 0.442653
v 0.228482 0.349359 -0.304438
v -0.019727 0.384313 -0.478530
v -0.000119 -0.045327 0.486045
v 0.002905 -0.033719 0.451488
v 0.214818 0.350604 -0.230568
v 0.198337 0.361720 -0.208663
v 0.304433 -0.494723 -0.113562
v 0.321623 -0.516278 -0.134350
v 0.258547 -0.244255 -0.157315
v -0.015443 -0.247271 0.683672
v 0.261931 0.366232 0.382881
v 0.337856 -0.726370 0.685436
v 0.325149 -0.744250 0.680691
v 0.340997 -0.746671 0.654024
v 0.198313 0.361475 0.334421
v 0.292367 -0.112295 0.150770
v 0.288769 -0.107344 0.182699
v 0.355199 -0.496836 0.667093
v 0.349584 -0.492170 0.684345
v -0.069180 -0.140309 0.597019
v -0.087780 -0.111484 0.620390
v 0.116602 0.369907 0.463983
v 0.342890 0.328649 0.374916
v 0.387154 0.283225 0.485138
v 0.382220 -0.069686 0.508855
v 0.379586 -0.076842 0.487124
v 0.006402 -0.252406 0.830243
v -0.018141 -0.253459 0.831918
v 0.145719 0.422699 -0.229660
v 0.331922 0.256680 0.646782
v 0.126702 0.366998 0.498861
v 0.082786 0.365719 0.409408
v 0.319431 0.349756 0.432465
v -0.047089 0.271572 0.596503
v -0.037902 0.269385 0.616214
v -0.028619 0.290152 0.595159
v 0.161399 0.237934 -0.515435
v 0.135922 0.217502 -0.512802
v 0.125171 0.236352 -0.524110
v 0.105029 0.364060 0.367983
v 0.082826 0.361549 0.372630
v -0.035074 -0.409438 0.859874
v 0.062831 0.363364 0.434143
v -0.070450 0.272858 0.499811
v -0.085547 0.254530 0.483693
v -0.078213 0.260906 0.513262
v 0.138693 0.360860 0.342830
v 0.121881 0.362729 0.355245
v 0.023672 0.641816 -0.504096
v 0.301326 0.098141 0.701301
v 0.278950 0.110495 0.704478
v 0.373786 0.081738 0.032556
v 0.366220 0.059961 0.010660
v 0.394875 0.150246 0.191813
v 0.388909 0.170634 0.181415
v 0.391206 0.164927 0.205558
v 0.090924 0.361482 -0.141509
v 0.017504 -0.082445 0.305774
v 0.279882 -0.386817 -0.133171
v 0.273596 -0.412113 -0.131131
v 0.112079 -0.043969 0.557957
v 0.095744 -0.036788 0.578954
v 0.264644 -0.303304 -0.150232
v 0.005869 0.329080 0.553519
v 0.100830 0.320317 0.232707
v 0.010719 -0.306684 0.737168
v 0.005513 -0.325902 0.747191
v 0.096265 0.288034 0.099068
v 0.263561 -0.495323 -0.134551
v 0.064033 0.361757 0.397282
v 0.110847 0.360289 0.532019
v -0.065527 0.019221 0.679229
v -0.091939 0.174300 0.205129
v 0.175619 0.361168 0.336326
v 0.191700 0.400207 -0.527304
v 0.189281 0.381400 -0.535121
v 0.050693 0.360016 0.413226
v 0.034202 -0.243813 -0.292259
v 0.209252 0.362161 0.531280
v 0.243757 0.356729 0.536853
v 0.164576 0.040575 -0.456617
v -0.046450 -0.318190 -0.273287
v -0.034131 -0.327649 -0.235152
v 0.096998 -0.187141 0.071183
v 0.122909 -0.187074 0.054940
v 0.181380 0.294520 0.103835
v 0.162203 0.299329 0.135183
v 0.183136 0.301072 0.138885
v -0.002292 -0.576905 -0.294610
v -0.006795 -0.554042 -0.288439
v 0.322272 -0.350216 0.670217
v 0.018252 -0.259342 0.718212
v 0.035435 0.356086 0.434402
v 0.006776 -0.443943 0.841314
v 0.221768 0.344568 -0.452790
v 0.222364 0.341987 -0.430104
v 0.005131 0.289052 -0.509154
v 0.178657 0.341289 -0.134255
v 0.226301 0.349327 0.297868
v 0.203809 0.355004 0.312569
v 0.249670 0.321830 -0.313016
v 0.239660 0.329871 -0.337554
v 0.350105 -0.698291 0.682981
v 0.358331 -0.718539 0.679653
v 0.098008 0.211175 0.724370
v 0.101511 0.232127 0.714911
v 0.069912 0.212993 0.727345
v 0.331268 0.167386 -0.243723
v 0.269777 0.331225 0.277411
v 0.258197 0.343312 0.295818
v 0.124968 0.356265 0.551292
v 0.158780 0.351404 0.570871
v 0.362122 0.318220 0.438585
v -0.065176 0.056213 -0.161664
v -0.107492 -0.018708 0.505315
v -0.107758 -0.026925 0.533177
v 0.295140 -0.667026 -0.169596
v 0.307202 -0.678684 -0.180994
v 0.233662 0.365845 0.500999
v 0.268528 0.356330 0.518449
v 0.267921 -0.080149 -0.153293
v 0.281246 0.360247 0.368201
v 0.117642 0.353363 -0.125557
v 0.095503 0.335237 -0.098097
v 0.123126 0.352997 0.318991
v 0.269865 0.360293 0.497276
v 0.041376 0.355842 0.392697
v 0.257016 0.285233 0.112958
v -0.062828 0.250089 0.334865
v 0.318030 -0.124117 0.599208
v 0.373346 0.241316 0.311962
v -0.092377 0.205603 0.400173
v 0.265036 0.050673 -0.449805
v 0.160966 -0.181392 -0.052522
v 0.210512 -0.184883 -0.121029
v 0.229303 -0.164856 -0.099904
v 0.151012 0.347243 -0.119585
v 0.289145 0.352772 0.507198
v 0.316903 -0.053220 -0.026346
v 0.298874 -0.079126 -0.018744
v 0.041870 0.378941 -0.269711
v 0.010997 0.345805 0.452267
v 0.238759 0.300638 -0.429136
v 0.230886 0.322581 -0.418064
v 0.245921 0.350771 0.557815
v 0.056151 0.351136 0.539261
v 0.352211 -0.475557 0.666710
v 0.348018 -0.496257 0.634315
v -0.383510 0.338756 -0.846040
v 0.067330 0.353973 -0.148858
v 0.044920 0.338642 -0.160364
v -0.001831 -0.142732 0.745318
v -0.076150 0.218680 -0.344586
v -0.055122 0.261046 -0.322773
v 0.264217 0.352351 0.539053
v 0.012030 -0.073060 -0.410165
v 0.027624 -0.056188 -0.416989
v 0.031153 -0.083948 -0.402858
v 0.015613 0.348182 0.424595
v 0.007253 0.336013 -0.304808
v 0.313894 -0.043536 0.328703
v 0.061122 0.288042 0.153646
v 0.044649 -0.016512 0.726962
v -0.043933 -0.363396 -0.331489
v -0.026006 -0.383518 -0.346966
v -0.038529 -0.400607 -0.339991
v -0.015219 -0.278104 0.835575
v 0.010633 -0.306093 0.831611
v 0.083123 0.346258 -0.120520
v 0.361572 0.239381 0.627825
v -0.349085 0.327770 -0.844879
v 0.324555 0.342125 0.375174
v 0.301285 0.352815 0.364326
v -0.042469 0.282210 -0.321506
v -0.039621 0.285640 -0.285562
v 0.350135 -0.399579 0.607770
v 0.380321 0.077848 0.267983
v 0.385602 0.107752 0.272106
v 0.283219 0.355721 0.347998
v 0.309292 0.342220 0.338691
v 0.264317 -0.084216 -0.368813
v 0.282180 -0.104874 -0.355019
v 0.379389 0.191697 0.171199
v 0.371427 0.196140 0.132192
v -0.111442 0.080353 0.248309
v -0.109642 0.103066 0.248423
v 0.189655 0.347674 0.291651
v 0.176827 0.341732 0.276443
v 0.152418 0.342001 0.595984
v 0.055073 -0.181743 0.045692
v 0.055105 -0.181298 0.067897
v 0.225331 0.273229 -0.027422
v -0.071151 0.101077 -0.166890
v 0.287150 0.344220 0.544362
v -0.114794 -0.018694 0.555275
v 0.027011 0.341079 -0.203758
v 0.037611 0.097023 -0.467106
v 0.095915 0.235659 -0.529226
v 0.032910 -0.366674 -0.318142
v 0.020194 -0.346391 -0.335989
v 0.032593 -0.335416 -0.311727
v 0.047004 -0.029580 0.438009
v 0.180325 0.351012 0.572496
v 0.175676 0.343661 0.592184
v 0.323743 -0.380792 0.586406
v 0.340305 -0.358391 0.579786
v 0.283278 -0.093564 -0.020430
v 0.232670 0.329436 -0.232397
v 0.022166 0.340847 0.537080
v 0.237627 0.341686 0.282278
v -0.004084 -0.024629 0.362695
v 0.314268 0.340292 0.520040
v 0.020301 -0.053049 0.507907
v 0.266880 0.292597 -0.358116
v 0.273672 0.272830 -0.385776
v 0.260513 0.288463 -0.385360
v 0.317069 -0.477055 -0.159997
v 0.312924 -0.506290 -0.171252
v 0.308839 -0.487903 -0.179723
v 0.297903 -0.403370 -0.143705
v 0.310386 -0.425498 -0.162487
v 0.321361 -0.146419 0.601693
v 0.348977 -0.161992 0.587549
v 0.352105 0.057719 -0.266008
v 0.353728 0.030781 -0.264262
v 0.353203 0.045907 -0.292342
v -0.036044 -0.529273 -0.347999
v -0.010137 -0.494034 -0.349831
v 0.139712 0.371655 0.453417
v -0.017391 -0.058939 -0.410896
v 0.048687 0.622376 -0.700787
v 0.226238 -0.160849 0.079645
v 0.204629 -0.170032 0.066970
v -0.082464 0.217953 0.601492
v -0.075211 0.201775 0.634288
v -0.070240 0.228877 0.614622
v 0.327170 0.334415 0.349749
v -0.104623 0.101194 0.269168
v 0.170637 0.336096 -0.115144
v -0.299825 0.356167 -0.856878
v -0.022273 -0.309175 -0.230459
v -0.107330 0.158514 0.592663
v -0.105257 0.134449 0.617115
v -0.098299 0.170597 0.611896
v 0.348534 0.052337 -0.321606
v 0.349466 0.068040 -0.303114
v -0.062839 -0.562996 0.845253
v 0.024850 0.330249 0.314935
v 0.275207 0.236270 0.694941
v 0.289582 0.217807 0.698898
v 0.250974 0.353185 0.317178
v 0.232387 0.321896 -0.177116
v 0.204140 0.347869 -0.187132
v 0.107859 0.038989 -0.447503
v 0.087357 0.016553 -0.439008
v 0.272969 0.343542 0.561053
v -0.120434 0.094286 0.123976
v -0.123167 0.083267 0.148420
v -0.117786 0.111068 0.141237
v 0.066560 0.293804 0.173878
v -0.010442 0.194884 -0.452066
v 0.225618 0.334658 -0.212299
v -0.035156 0.293534 0.575574
v -0.111577 0.051179 -0.280069
v 0.235654 0.047861 0.661045
v 0.252684 0.027322 0.652739
v 0.105246 -0.079030 0.344668
v 0.087765 -0.068293 0.352224
v 0.301748 -0.066482 -0.035309
v 0.387438 -0.147211 0.516148
v 0.380372 -0.157306 0.487001
v 0.324473 0.119545 -0.116284
v -0.043147 -0.240231 -0.261315
v -0.049012 -0.244678 -0.294117
v -0.065773 0.090781 -0.113658
v -0.070074 0.081147 -0.091303
v -0.070455 0.102486 -0.085401
v 0.338225 -0.069116 0.159197
v 0.152642 -0.169779 -0.271229
v -0.078171 -0.735860 -0.412710
v -0.064334 -0.169585 0.609059
v -0.073970 -0.179923 0.624253
v -0.020813 0.260006 0.649354
v -0.046652 0.252802 0.625560
v -0.035410 0.238589 0.654489
v 0.220188 0.335839 -0.472659
v -0.241304 0.519674 -0.685281
v -0.060007 0.253741 0.600100
v 0.293286 -0.478270 -0.193604
v -0.020596 0.313753 -0.298119
v -0.009264 0.325656 -0.276724
v -0.073867 -0.182092 -0.307632
v -0.372035 0.407447 -0.909697
v 0.271889 -0.640857 -0.115459
v 0.395873 -0.031792 0.530803
v 0.398065 -0.015464 0.545098
v 0.388923 -0.044097 0.547071
v 0.200937 0.329153 0.239605
v 0.050876 -0.093954 -0.394104
v 0.389280 0.212861 0.606326
v 0.373368 0.220396 0.624978
v 0.381325 0.186543 0.625366
v 0.170605 0.360055 -0.555733
v 0.083526 0.041521 -0.446082
v 0.324456 0.328597 0.329325
v 0.238635 -0.078236 -0.389902
v 0.028142 0.289659 -0.102711
v 0.029013 0.278300 -0.083603
v 0.303766 -0.391656 0.663249
v 0.308666 -0.367742 0.667243
v -0.106797 -0.033711 -0.329675
v 0.313962 0.002194 -0.165018
v 0.306476 0.015473 -0.132377
v 0.297874 -0.008247 -0.144032
v 0.346820 0.108636 0.677924
v 0.322407 0.101518 0.696330
v -0.088068 -0.035486 0.503010
v -0.116714 0.052918 0.446837
v -0.026171 -0.046168 0.316391
v 0.305275 0.334237 0.553765
v 0.333359 0.326655 0.532150
v 0.296611 0.284531 0.207098
v 0.320169 0.267810 0.212059
v 0.308576 0.271086 0.186010
v 0.197380 0.337042 0.604895
v 0.169794 0.325716 0.629578
v -0.112995 0.041972 0.059999
v 0.097316 -0.037761 -0.419642
v 0.069040 -0.026279 -0.423571
v 0.082689 -0.011398 -0.428702
v -0.035600 0.313598 0.484217
v 0.288346 -0.218867 0.502365
v -0.106693 0.137733 0.109018
v -0.113592 0.120495 0.120794
v -0.107540 0.140602 0.132279
v 0.040278 0.323875 0.604888
v -0.021097 0.286070 0.614757
v -0.004292 -0.624363 0.828533
v 0.003993 -0.650001 0.857047
v 0.329938 -0.046635 -0.007284
v -0.033494 0.316183 0.394645
v -0.032625 0.318358 0.418770
v 0.127044 -0.181506 0.122351
v 0.365206 -0.322380 0.595690
v 0.347788 -0.746674 0.631189
v -0.001090 0.324157 0.332905
v 0.161670 0.307881 0.172943
v 0.193986 0.306846 0.163853
v 0.230321 -0.350674 -0.156174
v -0.026489 -0.214297 -0.221741
v -0.025184 -0.196569 -0.218621
v -0.160198 0.424143 -0.837729
v -0.076061 0.053972 0.326237
v -0.075182 0.035329 0.321122
v -0.069127 0.067796 0.346051
v -0.079655 0.063872 -0.189166
v -0.075327 0.025913 -0.183947
v -0.008064 0.321799 -0.254393
v 0.009985 0.333450 -0.229286
v -0.018789 -0.761806 -0.413725
v 0.002396 -0.757868 -0.435289
v 0.298019 -0.076967 0.240988
v -0.006904 0.328763 0.360202
v -0.022762 0.321243 0.374987
v 0.283600 -0.300601 0.558491
v 0.285979 -0.214630 -0.197304
v 0.293026 -0.199744 -0.226282
v -0.039401 -0.121691 0.071389
v 0.131343 0.334625 0.263401
v 0.155079 0.338017 0.269733
v -0.356545 0.339907 -0.823578
v 0.374315 0.006500 0.601737
v 0.074857 0.328812 0.273196
v -0.007027 0.247114 -0.461347
v -0.019246 0.250389 -0.435562
v -0.017919 0.287664 -0.446538
v -0.059374 -0.384537 0.812216
v -0.050160 -0.394444 0.790165
v 0.319417 -0.169346 0.456359
v 0.310005 -0.181566 0.467879
v 0.187361 -0.184600 -0.163958
v 0.065599 -0.112291 -0.377497
v 0.348893 -0.473057 0.677909
v -0.078778 0.125497 -0.415194
v -0.090682 0.125760 -0.394132
v -0.081984 0.144437 -0.403566
v 0.085264 0.324731 0.255768
v 0.340554 0.335790 0.457640
v 0.045857 0.114532 -0.472104
v -0.101542 0.218986 0.447767
v 0.349132 -0.509989 0.696235
v 0.275883 -0.071535 0.459121
v 0.268580 0.315627 0.244413
v 0.285565 0.299730 0.228751
v -0.300425 0.396166 -0.772942
v 0.020495 0.315919 0.288409
v -0.008734 0.310221 0.313128
v 0.031170 -0.071358 0.542445
v 0.124307 -0.005194 0.611608
v -0.057925 0.289907 0.485450
v 0.157213 0.312441 0.649293
v 0.237580 -0.245683 -0.160805
v -0.052858 -0.635782 0.868072
v -0.058588 -0.621285 0.838595
v 0.283773 -0.158793 0.490591
v -0.046739 0.209577 -0.147178
v 0.129075 0.310700 0.649734
v 0.384755 0.001132 0.161702
v 0.285686 -0.057298 0.311857
v 0.138522 -0.026843 0.579934
v 0.154836 -0.036933 0.554748
v 0.352440 -0.065567 0.410346
v -0.095842 0.137578 -0.369996
v -0.096735 0.110218 -0.381696
v 0.221617 0.331369 0.611756
v -0.083954 0.107366 -0.039953
v -0.076560 0.109686 -0.062061
v -0.067823 -0.681600 0.833278
v -0.055293 -0.646578 0.827844
v -0.033692 0.274317 -0.194882
v -0.050511 0.247931 -0.202091
v -0.038323 0.257835 -0.173961
v 0.346308 -0.033035 0.017259
v -0.023742 0.273784 -0.164891
v 0.391768 0.146732 0.136741
v 0.397229 0.124195 0.150189
v 0.395258 0.122670 0.126055
v 0.068180 0.241139 0.713405
v 0.087629 0.247376 0.708409
v 0.162049 0.325469 0.232607
v -0.215218 0.530749 -0.668463
v -0.202371 0.548057 -0.664710
v -0.017394 0.329914 0.431947
v 0.209212 0.322576 0.221544
v 0.176173 0.321457 0.218279
v 0.226354 0.317417 -0.461491
v 0.268269 0.324735 0.606657
v -0.062607 0.211058 -0.186383
v 0.013816 -0.457153 -0.300793
v 0.026321 -0.305537 0.753697
v -0.007087 0.292403 -0.161944
v -0.070132 -0.045293 0.507956
v -0.088706 -0.044120 0.525657
v 0.180857 0.334278 0.255432
v -0.021728 0.308919 0.331359
v -0.027556 0.311457 0.351621
v 0.312848 -0.152610 0.450334
v 0.220571 0.313745 0.197519
v 0.211547 0.308803 0.174634
v 0.204983 0.302026 0.144904
v -0.005750 0.308317 -0.499208
v 0.001004 0.308923 -0.530698
v -0.024340 0.305397 -0.270845
v 0.042866 0.326660 0.291005
v -0.114066 0.018008 -0.278999
v -0.115676 0.003583 -0.293611
v -0.110363 -0.008238 -0.262278
v -0.087643 0.195497 0.616222
v -0.093678 0.203327 0.590985
v 0.311760 -0.453514 -0.148176
v -0.090790 0.067789 -0.027764
v -0.035997 -0.501864 -0.344669
v -0.063871 -0.045948 -0.021249
v -0.080689 -0.026570 -0.000497
v -0.077565 -0.018639 -0.021173
v 0.046365 0.314022 0.260031
v 0.059997 0.311976 0.243477
v 0.269303 0.296064 -0.296684
v 0.332026 -0.074984 -0.221580
v 0.146776 0.315183 0.202631
v 0.261430 -0.515022 -0.151691
v -0.010502 0.310078 -0.235899
v 0.258278 -0.066104 0.564091
v 0.197644 0.297234 0.119871
v 0.203702 0.293290 0.099449
v -0.025963 0.294880 -0.245507
v -0.100068 0.002944 0.443082
v -0.085449 0.002443 0.428614
v -0.080077 -0.014358 0.453404
v 0.193301 0.314129 0.192786
v 0.168698 0.313927 0.194496
v 0.378323 0.268065 0.341172
v 0.227781 0.312747 -0.152535
v -0.088685 0.175962 0.630420
v 0.313512 -0.162492 -0.277088
v 0.302570 -0.182322 -0.282515
v 0.301136 -0.158602 -0.307551
v 0.350183 -0.720586 -0.173701
v 0.356296 -0.726597 -0.146336
v 0.364747 -0.534501 0.667261
v -0.219235 0.497149 -0.665171
v -0.055320 0.210222 -0.166906
v 0.368244 -0.219639 0.568373
v 0.369337 -0.193600 0.570586
v 0.356895 -0.206254 0.586313
v -0.032847 -0.762513 -0.432864
v -0.026948 -0.760354 -0.456347
v 0.285009 -0.193111 0.612933
v -0.046121 -0.512638 0.860757
v 0.000933 -0.645654 0.833817
v 0.002794 0.307637 -0.173530
v -0.070013 -0.085715 0.077134
v -0.053931 -0.107330 0.083900
v -0.107019 0.026649 -0.330368
v -0.104392 0.046545 -0.347622
v -0.099714 0.026768 -0.355511
v 0.292089 0.309433 0.618041
v 0.027513 0.305433 0.260439
v 0.096355 0.310285 0.648398
v 0.031372 -0.187021 0.731853
v 0.321850 0.190577 -0.218072
v -0.069792 0.274045 0.381848
v 0.402384 0.239354 0.425980
v -0.042584 -0.113367 0.046730
v 0.215036 0.294027 -0.489984
v 0.278984 0.304295 0.634670
v 0.364943 0.092932 0.636332
v 0.146323 -0.146705 -0.331535
v 0.136698 -0.158483 -0.306326
v 0.358289 -0.278740 0.548125
v 0.023040 -0.358054 0.798232
v 0.350635 -0.000654 -0.312270
v 0.355138 0.012850 -0.283633
v 0.301066 0.253217 -0.261413
v 0.290441 0.269247 -0.240212
v -0.041879 0.303740 0.368918
v 0.354432 0.023554 0.283329
v 0.342394 0.014450 0.308348
v 0.267329 -0.122590 0.187717
v 0.062404 0.305216 0.649483
v -0.099440 -0.072047 -0.322649
v 0.230887 0.317897 -0.440219
v 0.080578 0.315432 0.234546
v 0.345931 -0.420747 0.610431
v 0.380923 0.288859 0.389617
v 0.258386 -0.133144 0.029307
v 0.274731 -0.123325 0.042048
v 0.273136 0.130310 0.709899
v 0.246115 0.144020 0.710976
v 0.122660 -0.088503 0.335973
v 0.106501 -0.167818 0.187229
v 0.130866 -0.173140 0.160822
v 0.136258 -0.163457 0.190918
v 0.249125 0.295810 0.656001
v 0.117397 0.244549 0.706106
v 0.384485 0.176224 0.334834
v -0.064838 -0.045847 -0.184347
v -0.083288 -0.037259 -0.205890
v 0.327252 -0.335365 0.667546
v 0.062369 0.301888 -0.073551
v -0.039232 -0.239230 0.664105
v -0.050338 -0.255151 0.683995
v 0.078011 0.291477 0.142645
v 0.085600 0.290091 0.123727
v 0.377109 -0.070934 0.463441
v 0.139832 0.059896 -0.458215
v -0.094932 0.109994 -0.229867
v 0.158047 -0.080858 0.342440
v 0.145659 -0.066395 0.359699
v 0.123351 -0.072166 0.353747
v 0.198233 -0.040364 0.553133
v -0.098561 -0.091526 -0.302085
v 0.029268 -0.392401 -0.322372
v -0.083969 -0.017363 0.269939
v -0.031897 0.299129 -0.310598
v 0.135946 0.297071 -0.030774
v 0.199376 0.075426 0.671742
v 0.131923 0.306442 0.173111
v 0.114677 0.099154 0.720985
v 0.088849 0.111935 0.736217
v 0.096786 0.081525 0.728412
v 0.321797 -0.004454 -0.072405
v 0.045119 0.295699 0.656973
v 0.252386 0.303685 -0.370517
v 0.259549 0.306443 -0.337552
v 0.038189 0.296506 0.228753
v -0.005448 -0.713952 0.875967
v -0.003033 -0.739585 0.872580
v 0.319896 0.287480 0.258074
v 0.311317 0.284634 0.236640
v 0.232030 -0.151216 -0.330314
v -0.060162 0.166506 -0.152901
v -0.085721 -0.094844 0.609159
v 0.318746 -0.724221 0.684775
v -0.044776 -0.268352 -0.291570
v -0.046434 -0.267294 -0.317308
v 0.115587 -0.056891 0.369637
v 0.247760 -0.134902 0.002798
v 0.076613 -0.184744 0.082610
v 0.063628 -0.181365 0.099917
v 0.353066 -0.709351 -0.130668
v 0.017129 -0.602293 0.863371
v 0.252231 0.299343 -0.172497
v 0.356627 0.227844 0.188336
v 0.351533 0.238223 0.218486
v 0.152712 0.294638 0.113641
v 0.196243 -0.132640 -0.356751
v 0.209887 -0.147236 -0.333556
v -0.078633 -0.129507 0.698327
v 0.038955 -0.041878 0.721039
v -0.055765 0.295127 0.401821
v -0.094487 0.226604 0.416328
v 0.318025 -0.695359 0.679739
v 0.361508 -0.646232 0.653327
v 0.366873 -0.624586 0.677303
v -0.037946 0.292806 0.329559
v 0.365758 -0.302979 0.606823
v -0.115959 0.115632 0.482450
v -0.111951 0.155737 0.498574
v -0.071766 0.116981 0.674671
v -0.076870 0.136895 0.665077
v 0.127751 -0.164946 -0.286690
v 0.161480 -0.164936 -0.289682
v -0.044091 -0.615864 0.821278
v -0.033732 -0.634663 0.817938
v 0.272362 0.283170 -0.192738
v -0.090951 -0.054150 0.173825
v -0.082746 -0.059839 0.198165
v -0.053128 -0.153969 0.727949
v 0.240174 0.275924 0.677508
v 0.263333 0.270610 0.676357
v -0.106630 0.174436 0.579796
v -0.089306 0.096354 -0.401997
v -0.073118 0.097771 -0.425120
v -0.075145 0.069986 -0.421998
v -0.028334 0.283172 -0.356331
v 0.004103 -0.137950 -0.030678
v 0.059965 0.285230 -0.048249
v 0.178055 0.252398 -0.514545
v 0.178180 0.273287 -0.521091
v 0.199794 0.252111 -0.500870
v 0.324414 -0.063896 -0.332523
v 0.308181 -0.071302 -0.355995
v 0.288122 -0.063235 0.408060
v -0.056295 -0.459327 -0.293875
v -0.059609 -0.375803 -0.307996
v 0.336245 0.278527 0.270202
v 0.161927 0.028531 0.636716
v 0.288863 0.269585 -0.288894
v 0.281128 0.279599 -0.272199
v 0.283699 0.283262 0.165332
v -0.100724 0.135258 -0.347066
v -0.094775 0.158189 -0.351841
v 0.193259 0.290878 -0.514576
v -0.122582 0.070222 0.183636
v -0.123903 0.060137 0.158832
v 0.000701 0.279228 -0.128463
v -0.016419 0.270794 0.263703
v -0.000474 0.278911 0.249701
v 0.107317 0.285454 0.012911
v 0.085059 -0.166716 0.185595
v 0.067190 -0.157353 0.202442
v 0.055638 -0.164362 0.175694
v 0.294455 0.287427 0.648089
v 0.018103 0.284859 0.229589
v -0.001629 0.268164 0.224979
v 0.190870 0.284807 -0.013503
v -0.088546 0.195684 0.382408
v 0.030026 0.335048 0.569038
v 0.345125 -0.390232 0.661318
v 0.326809 -0.549622 -0.145882
v -0.036679 -0.049624 -0.404770
v -0.061121 -0.036374 -0.386989
v 0.289207 -0.360631 0.611699
v -0.038841 -0.184863 0.612121
v 0.119440 0.072237 0.707150
v 0.353545 0.038745 0.303607
v 0.362709 0.048914 0.288737
v 0.306165 0.237721 -0.338869
v 0.301922 0.249760 -0.307500
v 0.132875 0.290029 -0.010644
v 0.358048 0.285766 0.584575
v 0.387607 -0.038783 0.449003
v -0.040223 0.267146 -0.217309
v -0.019313 0.272125 -0.432048
v -0.014805 0.279569 -0.397207
v -0.044269 -0.219135 -0.250140
v 0.153972 0.290944 0.087363
v 0.206958 0.275214 -0.497733
v 0.338622 -0.543941 0.636683
v 0.324796 -0.558453 0.640005
v 0.394475 0.272389 0.465112
v 0.370845 -0.604337 0.692292
v 0.372623 -0.602722 0.669015
v 0.285742 -0.043468 0.618798
v 0.343482 -0.139397 0.586733
v 0.333765 -0.111528 0.588160
v 0.268131 -0.114108 -0.005702
v -0.080734 0.001499 -0.032299
v -0.050400 -0.221660 -0.334165
v -0.045673 -0.247744 -0.329366
v 0.224239 0.286242 -0.093948
v -0.000004 0.262933 -0.477790
v 0.249808 -0.113536 -0.053715
v 0.157122 0.287755 0.053438
v -0.077235 -0.029969 0.482389
v 0.066496 0.021124 0.728805
v 0.042639 0.019713 0.736577
v 0.057531 0.177301 -0.502074
v 0.088190 0.184879 -0.503351
v 0.330039 -0.196593 0.474307
v -0.081974 0.164510 -0.208593
v 0.332355 0.267967 0.247083
v 0.417783 0.088496 0.446464
v -0.014087 -0.213709 0.650357
v 0.156065 0.286324 0.028780
v 0.134342 0.286090 0.016676
v -0.050851 0.269457 0.324270
v -0.070073 -0.232655 0.681219
v 0.283700 -0.196977 0.526960
v -0.042147 -0.108934 0.179544
v 0.351846 -0.066083 0.602171
v 0.341765 -0.050156 0.616746
v 0.069179 -0.002411 0.632050
v 0.086505 0.021050 0.655888
v 0.345990 0.242149 0.642254
v 0.347854 0.257045 0.628421
v 0.376856 0.283434 0.357518
v -0.084604 0.094394 -0.199585
v -0.078553 0.109012 -0.186396
v -0.007358 -0.021229 0.426132
v 0.153902 0.255983 -0.525300
v -0.095297 0.179845 -0.308069
v -0.049200 -0.474652 -0.280390
v 0.108617 0.284771 0.040649
v 0.367171 -0.033120 0.159331
v 0.172278 0.116548 0.691776
v -0.043674 -0.266588 -0.261076
v -0.003253 -0.046816 0.601000
v 0.023294 -0.041481 0.598144
v 0.118797 -0.188295 0.027905
v 0.016073 -0.123117 0.726481
v -0.089177 0.191193 -0.278222
v 0.012462 -0.119106 -0.083250
v -0.076115 0.189491 0.114142
v 0.244710 0.262990 -0.028610
v 0.344441 -0.271859 0.532537
v 0.379716 -0.190545 0.516032
v 0.374644 -0.210079 0.545074
v 0.299049 -0.651746 0.669233
v -0.014237 -0.103342 0.595982
v 0.007024 -0.105829 0.594338
v -0.001926 -0.086191 0.584169
v 0.087595 0.282055 0.052506
v -0.043685 0.271674 -0.345421
v 0.335459 -0.724517 -0.194416
v 0.380497 0.192538 0.203833
v 0.332345 -0.033847 -0.336886
v 0.357300 0.129675 0.657794
v 0.363807 0.305062 0.529021
v 0.353537 0.277565 0.297609
v 0.011958 0.270820 -0.098513
v 0.349870 -0.199920 0.481952
v 0.368282 -0.197527 0.496418
v 0.066005 0.025030 -0.442292
v 0.321565 -0.095555 -0.326060
v 0.308854 -0.105230 -0.342089
v 0.330039 -0.072954 -0.312870
v 0.163785 0.208615 -0.502948
v 0.181842 0.222964 -0.503618
v -0.026481 0.251766 0.248062
v 0.415642 0.105096 0.431677
v 0.256123 0.274620 0.060907
v 0.241879 0.276922 0.043902
v -0.010212 0.168518 -0.455441
v 0.184307 -0.122205 0.270269
v 0.202676 -0.105905 0.290162
v 0.221952 -0.234629 -0.171181
v 0.414893 0.067562 0.528188
v 0.336143 0.251122 0.201062
v -0.009995 -0.724911 -0.344734
v 0.066677 0.425097 -0.268486
v -0.107381 0.015875 0.052168
v 0.326720 -0.695680 -0.188212
v -0.086792 0.029163 -0.202773
v 0.361652 0.251123 0.291728
v 0.391252 0.158556 0.156747
v 0.234217 0.275402 0.021435
v 0.239735 0.269498 0.000594
v 0.359296 -0.341263 0.608061
v -0.026457 -0.124954 0.164533
v -0.001329 -0.144121 0.156599
v 0.004187 -0.140617 0.180762
v 0.048951 -0.073628 0.568622
v -0.104437 0.562506 -0.623812
v 0.218546 0.283754 0.046465
v 0.211878 0.245218 0.701163
v 0.344351 -0.041938 -0.230816
v -0.076246 -0.064801 0.542316
v -0.097880 -0.042617 0.549126
v 0.256815 0.266178 0.024785
v 0.034054 0.272600 0.127488
v 0.342458 -0.051428 0.194741
v 0.325073 -0.068740 0.197143
v 0.043392 0.268006 0.072589
v 0.312859 0.264092 0.162283
v 0.298046 0.271048 0.143721
v 0.247647 -0.149066 0.107417
v 0.264402 -0.138127 0.086920
v 0.260461 -0.139618 0.125337
v -0.011931 0.276625 -0.146622
v -0.030046 0.155278 0.696326
v -0.034829 -0.509676 0.878395
v -0.012989 -0.529375 0.897396
v 0.349196 -0.341714 0.642929
v 0.352894 0.049526 -0.024101
v 0.346365 0.048525 -0.042347
v 0.041950 0.248076 0.705395
v -0.061112 0.227621 -0.209048
v 0.002577 -0.451527 -0.270699
v 0.024665 0.263755 0.100662
v -0.093143 0.085998 -0.219637
v -0.090164 -0.059274 0.573215
v 0.260253 0.239684 -0.439184
v -0.030331 -0.223782 0.756947
v 0.334499 0.126739 -0.068966
v -0.080082 0.250141 0.379253
v 0.286705 0.273351 -0.310267
v -0.098920 0.160037 0.135693
v -0.050975 0.223879 -0.393570
v 0.221580 -0.016576 0.613150
v 0.238653 -0.036786 0.603044
v 0.255428 -0.016662 0.624128
v 0.375417 -0.051353 0.587498
v 0.001147 -0.604147 0.829329
v 0.003322 0.265084 0.186789
v 0.071465 0.089490 -0.461813
v 0.099180 0.098821 -0.464693
v 0.315146 -0.357299 0.577543
v 0.337972 -0.342432 0.570916
v 0.256367 0.258810 -0.010088
v 0.281832 -0.125134 0.121636
v 0.302448 0.249274 -0.284258
v -0.032536 0.250630 0.267829
v -0.048380 -0.096228 -0.200158
v 0.023569 0.259984 0.079485
v -0.080702 -0.051603 0.674276
v 0.360764 0.049569 0.627169
v 0.176797 -0.091071 0.326416
v 0.197704 -0.080287 0.345609
v 0.179139 -0.072539 0.352611
v -0.021267 0.249648 0.200945
v 0.316880 0.256745 0.136973
v 0.310206 0.211718 -0.191476
v 0.318000 0.206274 -0.234471
v 0.248605 -0.123417 -0.032497
v -0.072607 -0.065008 0.687580
v 0.308162 -0.639137 -0.165176
v 0.324668 -0.379842 0.675891
v 0.335911 0.246586 0.173549
v -0.008772 0.240550 0.070940
v 0.004323 0.250874 0.086525
v 0.012839 0.251100 0.054207
v -0.024865 0.249617 0.227620
v 0.192573 -0.201422 -0.241001
v 0.201703 -0.220166 -0.253191
v 0.231917 0.256956 0.693106
v 0.253856 0.241525 0.697892
v -0.064923 0.249501 -0.284186
v 0.398132 0.017947 0.564056
v 0.378944 0.030066 0.599232
v 0.241630 -0.149700 0.132683
v 0.235655 -0.144771 0.173991
v 0.128042 0.597432 -0.553994
v -0.041459 -0.460802 0.855971
v 0.284006 0.247192 0.019354
v 0.187679 -0.171432 -0.034881
v -0.052705 0.234387 -0.183225
v 0.270277 0.252621 0.004971
v 0.026668 0.255736 0.028221
v 0.388326 0.171071 0.229014
v -0.076895 -0.208837 0.657196
v -0.065191 0.115058 -0.110026
v 0.055319 0.134513 -0.479389
v 0.005732 0.243815 -0.048699
v 0.352334 -0.697325 -0.154296
v -0.067965 -0.721309 -0.355155
v -0.073964 -0.706117 -0.379212
v -0.076149 -0.737193 -0.369098
v 0.304454 -0.257256 0.517118
v -0.054117 -0.112011 -0.214828
v 0.184040 0.022977 0.633621
v 0.389560 0.110193 0.614838
v 0.385579 0.086038 0.613659
v 0.012424 0.241726 -0.485294
v -0.009144 0.236753 0.048062
v 0.311997 0.242366 0.070066
v -0.087959 0.227547 0.393300
v 0.293123 0.234578 0.005714
v 0.007613 0.240438 -0.023322
v 0.334401 0.154989 -0.285208
v 0.304516 0.198486 0.700363
v -0.105324 0.213699 0.470970
v -0.093699 0.243654 0.466739
v 0.043187 0.645370 -0.693162
v 0.356794 0.029018 -0.006294
v -0.061042 0.231101 0.322246
v -0.096791 0.023013 0.658510
v -0.019378 0.227464 -0.075662
v 0.386060 0.076803 0.070305
v 0.375832 0.061706 0.038969
v 0.301500 -0.331136 0.568931
v 0.316872 -0.324307 0.558213
v 0.301056 -0.131924 -0.331193
v 0.360843 0.206652 0.117087
v 0.354387 0.220227 0.131870
v -0.099228 0.077049 -0.375240
v -0.269941 0.404289 -0.886612
v -0.064695 0.229059 -0.364789
v -0.092468 0.041044 -0.381751
v -0.083866 0.058897 -0.407500
v -0.078866 0.022729 -0.399466
v 0.279818 0.241261 -0.010322
v -0.049736 0.236477 0.639623
v 0.233764 -0.143252 -0.100428
v -0.112575 -0.001644 -0.319765
v -0.113831 0.025793 -0.305563
v -0.024826 0.235694 0.109895
v 0.000612 0.220889 -0.463724
v 0.120199 0.097951 -0.466119
v 0.290945 0.250817 -0.381819
v -0.038249 0.235760 0.196049
v 0.082152 -0.124365 -0.362895
v -0.042737 -0.517808 -0.336606
v 0.313315 -0.394454 -0.177676
v -0.051321 0.219357 0.147544
v -0.045418 0.227850 0.174670
v 0.005957 -0.101588 0.726223
v -0.007070 -0.116828 0.732442
v -0.055580 0.225520 0.302580
v -0.047028 0.231090 0.269435
v 0.327440 -0.289502 0.662697
v 0.077612 -0.186132 0.047396
v 0.316285 0.222055 -0.276945
v 0.296115 -0.205148 0.630369
v 0.233689 -0.134899 -0.045088
v -0.002901 -0.363903 -0.347253
v -0.021438 -0.349248 -0.345859
v 0.124247 0.218862 0.714712
v 0.138398 0.255250 0.698703
v -0.044377 0.216435 0.662123
v -0.019901 0.234018 0.672799
v -0.122398 0.074023 0.122235
v -0.064647 0.219380 0.634551
v -0.063431 0.015194 -0.168033
v -0.058096 0.036266 -0.151693
v 0.251973 -0.095949 0.272162
v 0.248661 -0.107633 0.252539
v 0.268100 -0.095823 0.253249
v 0.329682 -0.096026 -0.269034
v -0.036843 0.229411 0.128596
v -0.067663 0.205490 0.251164
v 0.012825 0.337248 -0.324354
v 0.020498 0.219288 -0.488895
v -0.057038 -0.102965 0.147047
v -0.039954 -0.118906 0.145424
v -0.061551 0.213055 0.184541
v -0.071526 0.200258 -0.206498
v 0.131935 0.199104 0.716891
v 0.275502 -0.100247 0.565843
v 0.263583 -0.075283 0.548300
v -0.048971 -0.197807 -0.345616
v 0.384820 0.162937 0.124063
v 0.382336 0.177097 0.138952
v -0.021719 0.048775 -0.449988
v -0.044182 0.053813 -0.443686
v 0.276718 0.092248 -0.455379
v 0.281269 0.064666 -0.446630
v 0.205680 0.117651 0.695505
v -0.020398 0.234974 0.087486
v 0.368237 -0.171644 0.571498
v 0.362127 -0.144515 0.576274
v -0.084739 0.112133 0.386823
v -0.096194 0.136845 0.407717
v -0.050773 -0.323961 -0.293604
v 0.235056 0.234332 0.704213
v 0.304048 -0.213047 0.488225
v 0.411315 0.209459 0.477198
v 0.333370 0.064632 -0.196676
v -0.100207 -0.040142 0.140322
v -0.078137 0.202851 -0.365927
v 0.296788 0.224077 -0.014822
v -0.015102 -0.683996 -0.407503
v 0.007440 -0.205639 -0.224843
v 0.363342 0.228798 0.283338
v 0.228545 0.207605 0.711700
v -0.086763 0.197539 -0.333754
v -0.091774 0.176276 -0.342717
v -0.087613 0.179752 -0.363293
v -0.021181 0.219972 -0.004122
v 0.394198 0.070797 0.367491
v -0.064863 0.209655 -0.386599
v 0.005070 -0.457820 0.825638
v 0.005564 -0.472522 0.841009
v 0.263955 0.280146 -0.164562
v 0.343827 0.069519 -0.342434
v 0.032990 -0.196475 0.711484
v 0.118939 0.194113 -0.504429
v -0.032643 0.213583 0.014046
v 0.397209 0.186388 0.602910
v -0.074317 -0.699667 0.845393
v 0.323336 0.200448 -0.270327
v -0.049071 -0.270162 0.704651
v -0.065088 0.202896 0.288050
v -0.088867 -0.124861 -0.326691
v -0.035651 -0.567419 0.814955
v -0.027820 -0.600571 0.817253
v -0.046153 -0.589905 0.820980
v -0.008117 -0.156163 -0.193571
v 0.232031 -0.035233 0.419471
v 0.273178 -0.056657 0.453090
v -0.080042 0.191628 0.177212
v 0.022859 -0.163796 -0.006152
v 0.048727 0.046159 0.740079
v 0.037327 0.080718 0.744229
v -0.052764 0.200996 0.044564
v -0.067913 0.203895 0.151790
v 0.324482 0.189797 -0.326760
v -0.006417 -0.152700 0.600718
v -0.062672 -0.201319 0.718738
v -0.047083 0.195052 -0.014179
v 0.061878 0.640050 -0.671202
v 0.359261 0.197875 0.091767
v 0.092275 0.031509 0.688215
v -0.033775 -0.207054 -0.349470
v 0.150207 0.192960 -0.498568
v -0.115834 0.129403 0.574768
v -0.116870 0.115848 0.542505
v 0.263482 -0.753229 -0.195728
v -0.089268 0.058590 -0.207617
v -0.025087 -0.481325 -0.349291
v 0.071914 -0.004091 0.703198
v -0.055597 0.190419 0.007837
v 0.342934 0.105468 -0.299145
v 0.344459 0.094799 -0.320352
v 0.338772 0.132346 -0.310111
v -0.064495 -0.738497 -0.352892
v 0.353651 -0.048562 0.074607
v 0.368262 -0.030596 0.100057
v -0.044743 -0.087324 0.233108
v -0.003688 -0.697955 -0.351914
v -0.071226 0.050806 0.388079
v -0.063447 0.016284 0.397451
v -0.037445 0.198084 0.678621
v 0.005898 -0.501817 0.845084
v 0.270785 -0.592280 -0.157337
v 0.298113 -0.290302 -0.207826
v 0.119479 -0.178120 -0.182214
v 0.131929 -0.176697 -0.215834
v 0.144414 -0.178808 -0.197928
v 0.032704 0.170215 -0.485425
v -0.043084 0.195301 -0.100901
v -0.087827 0.014535 -0.377613
v -0.058122 -0.056378 0.706956
v 0.159184 0.178342 0.710216
v 0.319287 0.195270 -0.364964
v 0.131959 -0.034059 0.487301
v -0.039085 -0.677369 -0.342422
v -0.052176 -0.654453 -0.336154
v -0.055052 -0.671721 -0.356396
v -0.050151 -0.759285 0.805813
v 0.284943 0.200631 -0.435705
v -0.089161 0.177777 0.151300
v -0.099083 0.161680 0.161261
v -0.091756 0.174713 0.176796
v 0.327396 0.186834 -0.292956
v -0.028264 -0.079558 0.269921
v -0.035899 -0.060769 0.289586
v -0.068703 -0.148396 0.714118
v -0.074387 0.186582 -0.392121
v -0.065056 0.169665 -0.415040
v -0.041607 -0.162242 -0.226295
v 0.247258 0.173501 -0.466823
v -0.009539 -0.486549 -0.272063
v 0.259623 0.132837 -0.466004
v 0.231400 0.148060 -0.473407
v 0.386066 -0.032637 0.568250
v 0.304757 0.197233 -0.116927
v 0.309200 0.196248 -0.145355
v 0.310518 0.056808 0.683480
v -0.038506 -0.066502 -0.049485
v -0.063737 -0.378411 -0.287248
v -0.097694 0.113857 0.410989
v 0.110985 0.184669 0.727645
v 0.116464 0.065617 -0.456591
v -0.022959 -0.055595 0.597256
v -0.070319 0.188259 0.651647
v 0.052594 -0.164358 -0.125495
v 0.039060 -0.147731 -0.118569
v 0.037778 -0.146118 -0.153122
v -0.115279 -0.014140 -0.303241
v 0.025859 -0.065454 0.330399
v 0.040537 -0.086757 0.313401
v 0.344496 0.178896 0.677903
v 0.242875 0.172995 0.714775
v -0.074009 0.170220 0.017900
v -0.055277 -0.335251 0.823515
v 0.343386 0.167120 0.002498
v 0.333072 0.170683 -0.022582
v 0.126374 0.166846 0.721845
v 0.315056 0.171968 -0.100199
v 0.254970 -0.277139 -0.272762
v -0.023265 -0.071783 -0.397222
v 0.332779 0.084821 -0.179001
v 0.333587 0.117016 -0.174053
v 0.327180 0.088273 -0.151311
v 0.291563 -0.252653 -0.221965
v -0.081558 0.177186 0.082904
v -0.089509 0.170955 0.107315
v -0.112917 0.181953 0.513812
v 0.354435 0.160013 0.664300
v 0.328405 0.181801 -0.262085
v -0.013252 -0.321214 -0.342596
v -0.035796 -0.301999 -0.329591
v -0.067687 -0.083849 -0.203858
v 0.394110 0.168248 0.357181
v 0.401806 0.192293 0.388747
v -0.056253 -0.033638 0.474591
v 0.224781 0.003064 -0.436442
v 0.310405 -0.079864 0.206106
v 0.312727 -0.067993 0.227781
v 0.286765 -0.101435 0.206362
v 0.409267 0.078801 0.574318
v 0.398046 0.081324 0.596386
v 0.011598 -0.537351 0.867935
v 0.016152 -0.557248 0.871113
v 0.332352 0.164617 -0.310864
v 0.114723 -0.133248 0.272383
v 0.327626 0.166552 -0.348611
v 0.208170 -0.033435 0.470300
v 0.301562 0.133134 -0.437577
v 0.315960 0.134228 -0.418967
v 0.298740 0.112719 -0.441002
v 0.212737 0.025331 0.641001
v 0.220834 0.170438 -0.476082
v -0.016295 -0.051209 -0.138535
v -0.013740 -0.093387 0.726443
v -0.039431 -0.126152 0.729184
v 0.269388 -0.040295 -0.386582
v -0.084265 0.166641 -0.387458
v 0.265905 -0.295797 -0.269344
v 0.104891 -0.034429 0.476777
v 0.088350 -0.168532 -0.265694
v 0.105759 -0.164491 -0.286794
v 0.292950 0.173171 -0.438627
v 0.370763 -0.133933 0.464748
v 0.278214 -0.128350 0.098851
v 0.308999 0.173898 -0.417662
v -0.122173 0.709529 -0.683616
v 0.001499 -0.538582 0.890614
v -0.002075 -0.516033 0.886446
v 0.096859 0.169440 0.733962
v 0.073010 0.159807 0.739115
v 0.348232 0.050301 -0.239102
v 0.178975 0.170349 0.709065
v 0.418025 0.163905 0.526877
v 0.149034 0.154047 0.708185
v 0.005188 0.685231 -0.695590
v -0.041936 -0.681315 0.875391
v -0.081719 0.261843 0.464703
v 0.330905 -0.070135 0.400284
v 0.330716 -0.094582 0.422740
v 0.352393 0.164376 0.024553
v -0.071089 0.008193 -0.061507
v 0.138118 -0.105054 0.309694
v 0.125149 -0.118380 0.295172
v 0.165215 -0.117319 0.284123
v 0.333399 -0.031263 -0.200336
v 0.323537 0.153144 -0.086287
v -0.039288 -0.735254 0.883869
v 0.385113 0.144201 0.099430
v 0.314348 0.176289 -0.124325
v 0.245347 -0.150368 0.084550
v 0.010452 -0.579918 -0.342482
v 0.235476 0.125624 -0.472581
v 0.350310 -0.182954 0.589433
v 0.375559 -0.090321 0.469196
v 0.297465 -0.401361 0.617837
v 0.382748 0.123705 0.072844
v 0.389235 0.119122 0.094191
v 0.376001 0.156775 0.634425
v 0.007192 -0.492372 -0.297149
v -0.057040 -0.084045 0.020518
v -0.060724 -0.087756 0.040697
v -0.059065 -0.721248 0.789588
v 0.185526 -0.099601 0.307958
v -0.023256 -0.058117 0.724578
v -0.001554 -0.030510 0.731905
v -0.105255 0.124933 0.433721
v -0.096046 0.155261 0.088936
v 0.052728 0.157074 -0.489089
v 0.001086 -0.684584 0.863198
v 0.006533 -0.673526 0.845486
v 0.372155 0.025930 0.348594
v 0.363721 0.043281 0.334892
v -0.088081 0.176514 0.129361
v 0.299155 0.357458 0.454501
v 0.006186 0.695627 -0.673565
v -0.100396 0.142758 0.254714
v -0.077516 0.255493 0.541888
v 0.319947 -0.528195 -0.157780
v 0.396412 0.136852 0.168777
v 0.414285 0.164053 0.562139
v 0.328734 0.146400 -0.376076
v 0.306062 0.153690 -0.428587
v 0.394405 0.142489 0.231682
v 0.342652 -0.689016 -0.167560
v -0.102018 0.130480 0.057052
v -0.100846 0.011703 0.256164
v 0.325348 0.091454 -0.403542
v 0.320175 0.112470 -0.413965
v -0.061802 0.139041 -0.126473
v -0.121773 0.001507 0.581023
v -0.125093 0.025375 0.563727
v 0.334712 0.139389 -0.341608
v 0.418079 0.143600 0.542601
v 0.333454 0.120249 -0.373395
v 0.325693 0.134985 -0.398325
v 0.409576 0.103357 0.580538
v -0.061492 0.139297 -0.429542
v -0.021376 0.132244 0.704152
v 0.124496 0.127640 -0.475052
v 0.010627 -0.700433 0.853507
v 0.332848 -0.025117 0.331208
v 0.319378 -0.023387 0.302727
v 0.313544 -0.411003 -0.195797
v 0.318544 -0.387465 -0.198447
v 0.400723 -0.013912 0.483191
v -0.058947 -0.612860 -0.348631
v 0.127356 0.130540 0.717978
v 0.344647 0.137711 0.684715
v -0.062984 0.057902 -0.116651
v 0.258760 -0.343201 -0.253109
v -0.057942 -0.688947 -0.398061
v 0.377840 -0.069443 0.558219
v 0.368636 -0.073472 0.578722
v 0.345331 -0.065886 0.133897
v -0.106702 0.145277 0.185411
v 0.030940 -0.171578 0.011331
v 0.382525 0.134021 0.625982
v 0.272230 0.114854 -0.460294
v 0.399386 0.130676 0.603337
v 0.144855 0.118660 0.700125
v 0.163422 0.133546 0.698989
v 0.267591 -0.687355 -0.144453
v 0.272941 -0.662057 -0.139263
v 0.413169 0.140130 0.571956
v 0.183031 -0.176737 0.036321
v 0.216157 0.111794 -0.472862
v 0.193901 0.110359 -0.472596
v 0.323165 0.062139 -0.153533
v 0.330993 0.147452 -0.062908
v -0.027115 -0.205982 0.633945
v -0.107174 0.125195 0.077123
v -0.055750 -0.101553 0.063419
v -0.113500 0.126784 0.165437
v 0.366024 -0.561609 0.699875
v 0.299713 0.080223 -0.435939
v 0.359152 -0.047369 0.142210
v 0.355143 -0.046936 0.168618
v 0.056597 0.136222 0.742670
v 0.397507 0.126099 0.218153
v 0.399552 0.116774 0.188502
v -0.017531 -0.074116 -0.170553
v -0.070844 -0.067449 0.219749
v -0.082240 -0.044042 0.235944
v -0.011851 -0.756108 -0.450947
v -0.122634 0.051417 0.126285
v -0.011168 -0.691187 0.804091
v -0.003694 -0.676244 0.817719
v 0.004903 -0.701641 0.809460
v 0.333022 0.100575 -0.384174
v 0.209924 -0.187845 -0.149858
v 0.302307 -0.236933 0.648113
v 0.317635 -0.220560 0.642190
v -0.042532 -0.439486 -0.337451
v 0.178394 -0.040067 0.533206
v 0.009684 -0.101356 0.274056
v 0.031198 -0.095130 0.297249
v 0.308644 0.027647 0.667743
v 0.340824 0.110285 -0.339475
v 0.340494 0.093772 -0.353954
v 0.394961 0.097168 0.233457
v 0.399209 0.100866 0.203844
v 0.152467 -0.154595 0.208766
v 0.131638 -0.157377 0.210556
v -0.052447 -0.147215 0.588419
v -0.118384 -0.010818 0.597695
v 0.336767 0.104763 -0.193960
v 0.339167 0.130018 -0.285640
v 0.343412 0.113325 -0.273800
v 0.111262 -0.042149 0.513980
v -0.099938 0.099656 -0.247300
v 0.147454 0.106536 -0.470524
v -0.104940 0.090535 0.027530
v -0.096239 0.091896 -0.004958
v -0.090753 0.114525 -0.012200
v 0.394208 0.096588 0.107877
v 0.317096 0.035366 -0.115297
v -0.111169 0.093122 0.056816
v 0.097161 -0.174091 0.163901
v 0.114826 -0.183826 -0.108206
v -0.062126 -0.610134 0.860522
v -0.121886 0.090057 0.169667
v -0.094871 -0.045341 -0.228584
v -0.083179 0.089850 0.389914
v -0.090010 0.092516 -0.026186
v 0.129899 0.093143 0.703784
v -0.114915 0.105319 0.094519
v 0.341985 -0.674794 -0.137737
v -0.124971 0.024315 0.586677
v 0.014739 -0.100330 -0.394869
v -0.043604 -0.329489 -0.324053
v 0.190815 0.097805 0.683766
v 0.099340 0.117116 -0.471478
v 0.281854 -0.339572 -0.256727
v 0.300956 0.256777 0.087804
v 0.050499 -0.071162 -0.407076
v 0.313016 -0.114564 0.434090
v 0.399739 0.103069 0.170947
v 0.398107 0.099108 0.137926
v 0.384331 0.097072 0.066930
v 0.326352 -0.219860 0.490576
v 0.346479 0.098073 -0.259994
v 0.038706 0.017918 -0.443671
v 0.152481 0.098375 0.686192
v -0.068607 0.078074 0.368492
v 0.398491 -0.018215 0.463100
v -0.076565 -0.062373 0.043890
v 0.389423 0.096202 0.255452
v -0.048758 -0.519038 0.826106
v 0.399718 0.086510 0.183053
v -0.121694 0.082082 0.578770
v -0.121159 0.088675 0.542707
v 0.063345 0.060893 0.738566
v 0.273868 -0.226218 0.582543
v 0.052338 -0.036717 0.590324
v -0.046066 -0.435200 0.848032
v 0.194606 -0.060768 0.367216
v 0.212915 -0.046951 0.388532
v 0.396978 0.079497 0.213288
v 0.399115 0.076919 0.158076
v 0.206134 -0.225787 -0.193356
v 0.199207 -0.221458 -0.222897
v 0.195755 0.007122 0.623128
v 0.333805 0.076936 -0.379661
v 0.389675 0.096838 0.087375
v 0.368213 0.075064 0.626470
v 0.255054 -0.085418 -0.102402
v 0.351619 0.028343 0.321763
v 0.285538 -0.267617 0.533978
v 0.315585 -0.275034 0.525950
v 0.331541 0.082155 -0.088698
v 0.414629 0.065666 0.424830
v 0.316088 -0.085698 0.042037
v 0.389909 0.074007 0.242528
v -0.119023 0.063979 0.611641
v 0.397076 0.077302 0.128152
v -0.124740 0.055538 0.552831
v -0.027081 -0.003513 -0.434278
v 0.002926 0.004487 -0.443019
v -0.017964 -0.025805 -0.428341
v 0.382672 0.050128 0.062640
v 0.388568 0.058750 0.081519
v -0.048711 -0.597232 -0.357767
v -0.116988 0.048025 0.080034
v 0.383077 0.058329 0.605221
v 0.350104 0.077380 -0.272378
v 0.338652 -0.070094 0.078380
v -0.097797 0.056861 -0.226402
v -0.061224 -0.596662 0.840330
v 0.286455 -0.719547 0.657361
v 0.292376 -0.684757 0.655512
v 0.327896 -0.078117 0.060070
v -0.125024 0.048622 0.587938
v -0.053986 -0.109326 0.560235
v 0.408623 0.064079 0.394375
v 0.128760 0.052665 0.666366
v 0.034633 0.046506 -0.453092
v 0.212968 0.055807 0.661516
v -0.079181 0.056341 0.671129
v 0.098025 -0.181137 0.132124
v 0.112569 -0.177583 0.150279
v 0.410591 0.059187 0.497882
v -0.020429 -0.659891 -0.330119
v 0.396644 0.062639 0.199042
v 0.387641 -0.053982 0.525676
v 0.392077 0.078100 0.096014
v -0.119328 0.104080 0.515365
v 0.414759 0.057821 0.464580
v 0.176578 -0.175703 0.106264
v -0.014672 -0.550646 0.905333
v 0.255617 -0.048275 0.603935
v 0.397745 0.059235 0.168148
v 0.351726 0.006575 0.332447
v -0.101350 0.040496 0.272140
v -0.090994 0.040559 0.295318
v 0.274856 -0.702831 -0.121238
v 0.229884 -0.151481 0.012228
v 0.332328 0.053035 -0.370417
v -0.034917 -0.699926 -0.346109
v -0.002473 -0.193260 -0.214365
v 0.291588 -0.582033 -0.075151
v 0.344347 -0.370326 0.657843
v 0.340067 0.021687 -0.047393
v 0.327355 0.055784 -0.095909
v 0.319599 0.060667 -0.128672
v -0.117289 0.038080 0.622697
v 0.394219 0.061217 0.111988
v 0.160616 -0.163792 0.179593
v -0.080437 -0.732297 -0.389361
v 0.264378 -0.705899 -0.173453
v 0.284680 -0.191739 0.502018
v 0.322274 0.041626 0.673475
v 0.011772 0.042057 -0.454185
v -0.003778 -0.442027 0.804999
v 0.007874 -0.425055 0.815717
v 0.306420 -0.469052 0.673491
v 0.301182 -0.459530 0.652263
v 0.276274 -0.143373 -0.171851
v -0.118918 0.036727 0.102578
v 0.412345 0.043816 0.435363
v 0.408614 0.044517 0.402858
v 0.232641 -0.344521 -0.235841
v 0.340471 -0.273211 0.640041
v 0.369688 0.041429 0.268329
v 0.393261 0.033015 0.176625
v 0.000366 -0.474832 0.869539
v -0.009246 -0.451011 0.870522
v 0.314630 0.039187 -0.136687
v -0.020443 -0.362290 -0.236078
v 0.409865 0.037617 0.471523
v 0.018302 -0.166255 0.754726
v 0.172881 -0.144905 -0.335800
v 0.170381 -0.158510 -0.307599
v -0.003331 0.040671 0.732980
v 0.356580 -0.051908 0.118435
v 0.355902 -0.050392 0.095164
v 0.270799 -0.052423 0.430398
v -0.071691 -0.024936 0.286537
v -0.052512 -0.030811 0.306448
v 0.324228 0.029991 -0.092368
v 0.312849 -0.395886 0.596926
v 0.300909 -0.377811 0.595109
v 0.370516 0.072759 0.285718
v 0.391849 0.036893 0.200593
v 0.389155 0.040689 0.092870
v -0.091455 0.037811 0.410622
v 0.370670 -0.062083 0.433715
v 0.233226 0.019228 0.641832
v -0.114334 0.023287 0.083211
v 0.405125 0.020396 0.416422
v 0.040487 -0.179554 -0.211802
v 0.347908 0.017796 -0.024775
v 0.353310 0.004605 0.262875
v -0.096483 0.020317 0.274478
v -0.050811 0.014542 0.353727
v -0.112147 0.002933 0.098491
v -0.040878 -0.613143 -0.373550
v -0.022845 -0.592426 -0.372308
v 0.407741 0.019316 0.450505
v 0.013072 0.024390 0.739514
v 0.221937 -0.000977 0.624714
v -0.088192 0.016644 -0.020666
v 0.118672 -0.169807 -0.266884
v 0.331186 0.020660 -0.069723
v 0.159387 -0.028130 0.410678
v -0.068164 -0.011840 -0.393989
v 0.239890 -0.059113 -0.393589
v -0.042392 -0.013063 -0.114115
v 0.226678 -0.040880 -0.410833
v 0.214943 -0.281596 -0.216989
v 0.062329 0.001617 -0.434050
v -0.004770 0.028799 -0.448987
v -0.020398 0.016070 -0.442483
v 0.382105 0.011429 0.087121
v -0.011699 0.016338 0.730300
v 0.327517 -0.008677 -0.352869
v 0.277939 -0.310802 0.575813
v 0.300874 -0.311413 0.554238
v 0.083384 -0.037833 0.483412
v 0.086603 -0.032004 0.459257
v -0.114872 0.005909 0.120542
v -0.008716 -0.413169 0.789781
v 0.407273 0.014889 0.478543
v 0.142318 -0.128352 -0.359677
v 0.159997 -0.135115 -0.350982
v -0.111469 -0.009800 0.142376
v -0.107918 0.002172 0.071166
v 0.350079 0.021403 -0.318042
v 0.342913 0.004242 -0.334375
v -0.119517 0.013878 0.615469
v 0.378698 0.024266 0.062303
v 0.259437 -0.709707 -0.149107
v 0.256679 -0.732624 -0.163690
v -0.005470 -0.244613 -0.343232
v -0.034821 -0.236578 -0.342709
v 0.197111 -0.134217 0.238329
v 0.179795 -0.131921 0.252143
v -0.102181 -0.002634 -0.343449
v -0.037338 0.447557 -0.784907
v 0.350284 0.001880 -0.007562
v 0.306054 -0.251642 0.655487
v 0.268836 -0.256764 0.561602
v 0.207102 -0.195764 -0.274722
v 0.215281 -0.228009 -0.269664
v -0.099042 -0.017505 0.056083
v 0.400110 -0.003994 0.435007
v 0.368675 -0.002116 0.220944
v -0.100773 0.000242 0.040399
v 0.395038 -0.000712 0.407274
v 0.222206 -0.096314 0.295075
v 0.229101 -0.036831 0.477468
v -0.042951 -0.336600 0.838530
v -0.010959 -0.455757 -0.260447
v 0.342897 -0.020501 -0.007313
v 0.255368 -0.073965 0.324644
v 0.260120 -0.072136 0.360670
v 0.305470 -0.104533 0.134519
v 0.158345 -0.178760 -0.217627
v -0.017750 -0.355652 0.849833
v -0.065181 -0.021294 -0.050477
v -0.106042 -0.016731 0.094367
v -0.106418 -0.023367 0.119396
v 0.362510 -0.001228 0.029891
v 0.354254 -0.007882 0.011147
v 0.312415 -0.026204 -0.169511
v 0.343148 -0.087224 0.590868
v 0.286114 -0.023466 0.630255
v 0.312322 -0.438681 -0.177770
v 0.185829 -0.157408 0.186340
v 0.180534 -0.151835 0.206104
v -0.008326 -0.004466 0.733072
v -0.048906 -0.761346 -0.449236
v 0.243113 -0.036884 0.455563
v 0.167894 -0.060427 0.365584
v 0.000561 -0.491622 0.827793
v 0.344379 -0.017096 -0.324217
v 0.009525 -0.589145 -0.312830
v 0.007623 -0.565142 -0.317533
v 0.145354 -0.050614 0.377841
v 0.320260 -0.084121 -0.207506
v 0.266054 -0.034281 0.616993
v 0.140418 -0.184786 -0.062801
v 0.019119 -0.579354 0.869719
v 0.238573 -0.137786 0.193285
v 0.251098 -0.120341 0.222144
v 0.061129 -0.064552 0.548262
v 0.064818 -0.054004 0.570211
v 0.205387 -0.150352 0.193988
v 0.211034 -0.155296 0.170832
v 0.043573 -0.178229 0.028553
v 0.077021 -0.179184 0.131999
v 0.076140 -0.172905 0.159800
v 0.242991 -0.064882 0.369762
v -0.098035 -0.037322 0.089975
v -0.063969 -0.398928 -0.287229
v 0.016172 -0.128780 0.597246
v -0.107955 -0.034270 0.621744
v 0.176135 -0.178651 0.059351
v 0.062223 -0.098160 0.309239
v 0.013487 -0.587460 0.890974
v 0.013281 -0.283023 -0.331212
v 0.027266 -0.305765 -0.317511
v -0.055662 -0.043954 0.288060
v 0.245882 -0.362404 -0.239862
v -0.103178 -0.062166 -0.251276
v 0.356547 -0.024482 0.036607
v 0.279807 -0.100434 0.224391
v 0.081746 -0.028497 0.431337
v 0.313217 -0.043684 0.270862
v 0.349494 -0.021199 -0.304594
v 0.341037 -0.036380 -0.318327
v 0.261068 -0.494519 -0.173063
v -0.093967 -0.051851 0.111482
v -0.087484 -0.051735 0.066544
v -0.081748 -0.069690 0.086997
v -0.004237 -0.115427 0.233954
v 0.022180 -0.103885 0.717622
v 0.219892 -0.031909 0.439822
v 0.299759 -0.046970 0.298594
v 0.179315 -0.184053 -0.221879
v -0.048199 -0.393284 -0.257210
v 0.029674 -0.249370 0.788677
v 0.153426 -0.036319 0.507746
v 0.139061 -0.040621 0.538903
v 0.135153 -0.039579 0.518078
v -0.044959 -0.577098 0.904409
v 0.169429 -0.037546 0.395233
v 0.145169 -0.067320 -0.411923
v 0.159650 -0.106442 0.301841
v 0.266185 -0.548780 -0.125361
v 0.122883 -0.044167 0.385245
v 0.090949 -0.042282 0.503435
v 0.022811 -0.098493 0.666099
v -0.047949 -0.494334 0.851588
v -0.050309 -0.462082 0.835093
v 0.132291 -0.180334 -0.163552
v -0.081917 -0.060124 -0.209477
v -0.107089 -0.070402 -0.272684
v 0.184036 -0.047673 0.381938
v 0.317725 -0.139172 -0.295606
v 0.321862 -0.657468 -0.161731
v -0.089566 -0.073932 -0.226399
v 0.313654 -0.490046 0.633216
v 0.307483 -0.405235 -0.160547
v 0.184519 -0.174831 0.000636
v -0.013785 -0.572217 0.817913
v 0.298757 -0.280097 -0.234593
v -0.028270 -0.068595 0.524447
v 0.028499 -0.314221 0.791252
v 0.307071 -0.454399 0.671879
v -0.105428 -0.071983 -0.303221
v 0.219367 -0.160897 -0.310991
v 0.226327 -0.185940 -0.294288
v 0.108215 -0.186478 -0.066179
v 0.173016 -0.106314 -0.386952
v 0.168381 -0.121623 -0.369790
v 0.071130 -0.087969 0.325192
v 0.377587 -0.083367 0.538549
v -0.057933 -0.068626 -0.187408
v 0.031492 -0.304267 -0.297347
v 0.030399 -0.317713 -0.282328
v -0.071704 -0.229000 0.705490
v -0.096432 -0.087821 -0.249425
v -0.035939 -0.074732 -0.180533
v -0.074075 -0.074449 0.060369
v -0.077361 -0.082367 0.560617
v -0.046731 -0.080396 0.535377
v 0.194872 0.053012 -0.461005
v -0.040154 -0.083736 -0.377481
v -0.059098 -0.092704 0.549777
v 0.363380 -0.623819 0.655606
v 0.164968 -0.091536 -0.399050
v -0.049758 -0.493659 0.823957
v 0.329381 -0.089070 -0.298669
v -0.017207 -0.680221 -0.342900
v 0.335084 -0.296562 0.542082
v -0.015548 -0.096631 -0.393703
v 0.304859 -0.451511 -0.194323
v 0.207590 -0.089415 0.319527
v -0.026806 -0.085325 0.539342
v 0.355956 -0.109708 0.574386
v 0.144343 -0.092838 0.327712
v -0.088239 -0.096337 0.642395
v 0.042355 0.255127 -0.544749
v 0.214131 -0.117876 -0.379122
v 0.193820 -0.117527 -0.376614
v -0.038510 -0.099403 0.548741
v 0.295530 -0.241667 -0.240457
v 0.283296 -0.083500 -0.175903
v -0.003221 -0.391318 -0.350012
v -0.061926 -0.691616 -0.369235
v -0.006846 -0.347963 0.757775
v 0.020594 -0.331348 0.761979
v 0.317760 -0.334750 -0.214789
v 0.307478 -0.429911 -0.200667
v 0.296169 -0.263263 -0.250931
v -0.051723 -0.617541 0.882139
v 0.294981 -0.288605 0.541156
v 0.284109 -0.651470 -0.159817
v 0.006189 -0.593423 -0.359688
v 0.377341 -0.110423 0.473653
v -0.006608 -0.226895 0.670517
v -0.061551 -0.323643 0.802273
v 0.006864 -0.577084 0.831449
v 0.326333 -0.119840 -0.283415
v 0.320480 -0.120661 -0.308065
v 0.281739 -0.277578 -0.271108
v 0.264278 -0.317840 -0.262813
v -0.009661 -0.130374 0.579845
v 0.140534 -0.126473 0.275007
v 0.221804 -0.303223 -0.233131
v 0.290594 -0.615571 0.687500
v 0.092508 -0.186952 -0.034026
v 0.153562 -0.169648 0.161013
v 0.190612 -0.163274 -0.298291
v -0.053349 -0.217744 0.728506
v 0.016897 -0.370827 -0.340642
v 0.203242 -0.167700 0.010932
v 0.072323 -0.175505 -0.208007
v 0.096737 -0.176326 -0.183800
v 0.190699 -0.162139 0.166483
v 0.004142 -0.496701 0.865792
v 0.377153 -0.180260 0.495601
v 0.083692 -0.172756 -0.236806
v 0.105702 -0.173393 -0.243917
v 0.289866 -0.606260 0.668236
v -0.046365 -0.297850 -0.305480
v 0.141987 -0.174510 -0.242296
v 0.106318 -0.175580 -0.217196
v 0.348575 -0.740295 0.571123
v 0.156824 -0.180837 -0.180018
v 0.014579 -0.199856 0.795777
v -0.006761 -0.465032 0.810513
v 0.299404 -0.616881 0.707340
v 0.308388 -0.634841 0.699026
v -0.006897 -0.209129 0.813133
v 0.007090 -0.237562 -0.334531
v 0.296071 -0.311362 -0.255459
v 0.301850 -0.556945 0.697729
v 0.227737 -0.381027 -0.203508
v -0.042405 -0.288058 -0.279571
v 0.032226 -0.287617 0.767279
v 0.010721 -0.315788 -0.335576
v 0.276176 -0.679795 -0.163470
v 0.005043 -0.553444 -0.337268
v -0.010189 -0.546279 -0.355355
v 0.309726 -0.482636 0.683087
v -0.023445 -0.396020 0.779499
v -0.049034 -0.446730 0.815977
v -0.022469 -0.445088 0.796646
v 0.001196 -0.471847 -0.277722
v 0.010184 -0.480474 -0.317542
v -0.030249 -0.571599 -0.362271
v -0.022035 -0.658680 0.813893
v 0.313938 -0.605778 0.722205
vt 0.205755 0.633324
vt 0.198845 0.629129
vt 0.208135 0.623907
vt 0.257306 0.282198
vt 0.261149 0.268910
vt 0.264449 0.276204
vt 0.066788 0.739025
vt 0.057850 0.734920
vt 0.064878 0.730611
vt 0.662809 0.559723
vt 0.674286 0.555898
vt 0.671007 0.563869
vt 0.389575 0.220894
vt 0.391803 0.208919
vt 0.397457 0.213079
vt 0.791079 0.824213
vt 0.802326 0.825969
vt 0.801058 0.834593
vt 0.114648 0.481541
vt 0.122654 0.485696
vt 0.119374 0.491399
vt 0.313990 0.636569
vt 0.323089 0.632026
vt 0.318588 0.641950
vt 0.635025 0.923803
vt 0.627360 0.917365
vt 0.640531 0.915588
vt 0.421498 0.761944
vt 0.414572 0.755622
vt 0.429098 0.747558
vt 0.648232 0.010419
vt 0.653859 0.002226
vt 0.655195 0.011124
vt 0.635877 0.434859
vt 0.630662 0.438311
vt 0.630526 0.428485
vt 0.429247 0.736628
vt 0.421043 0.737941
vt 0.413911 0.459892
vt 0.404516 0.459438
vt 0.409814 0.448468
vt 0.666838 0.327687
vt 0.673501 0.329638
vt 0.663922 0.338748
vt 0.882487 0.186565
vt 0.879669 0.198084
vt 0.873138 0.191871
vt 0.739521 0.267706
vt 0.754229 0.270484
vt 0.742358 0.273630
vt 0.534451 0.737327
vt 0.537022 0.744245
vt 0.528805 0.743506
vt 0.079434 0.365088
vt 0.073813 0.358966
vt 0.083206 0.357947
vt 0.084741 0.127066
vt 0.078869 0.125275
vt 0.087379 0.119290
vt 0.403039 0.916781
vt 0.391598 0.908160
vt 0.404862 0.909730
vt 0.863590 0.855813
vt 0.872796 0.849396
vt 0.871190 0.856741
vt 0.064150 0.326612
vt 0.059322 0.320736
vt 0.069591 0.321006
vt 0.784464 0.089388
vt 0.774641 0.087185
vt 0.784987 0.079570
vt 0.677260 0.902346
vt 0.670140 0.899971
vt 0.678199 0.895971
vt 0.809206 0.427899
vt 0.810501 0.417070
vt 0.816570 0.425996
vt 0.872030 0.639676
vt 0.870659 0.630436
vt 0.881704 0.635796
vt 0.089687 0.761027
vt 0.095897 0.756772
vt 0.102173 0.761705
vt 0.443205 0.004952
vt 0.450621 0.001802
vt 0.446111 0.009974
vt 0.197609 0.638925
vt 0.649914 0.904211
vt 0.653217 0.893383
vt 0.659819 0.900732
vt 0.015492 0.376487
vt 0.020777 0.384551
vt 0.010490 0.383955
vt 0.185935 0.656884
vt 0.180707 0.664495
vt 0.176248 0.656766
vt 0.059214 0.399474
vt 0.054952 0.393120
vt 0.066685 0.399245
vt 0.061114 0.387114
vt 0.056933 0.375286
vt 0.066556 0.376774
vt 0.129785 0.726001
vt 0.121844 0.727619
vt 0.124466 0.717056
vt 0.157968 0.916217
vt 0.148131 0.918852
vt 0.149672 0.914627
vt 0.837341 0.038706
vt 0.832747 0.042641
vt 0.826895 0.037722
vt 0.892306 0.198605
vt 0.171669 0.876680
vt 0.169293 0.868874
vt 0.180098 0.877209
vt 0.895960 0.876077
vt 0.901978 0.881164
vt 0.894367 0.885920
vt 0.448791 0.473165
vt 0.441614 0.480041
vt 0.439108 0.469504
vt 0.191574 0.644976
vt 0.191623 0.634767
vt 0.795815 0.130818
vt 0.789500 0.119957
vt 0.801465 0.119544
vt 0.530100 0.158701
vt 0.519133 0.148380
vt 0.525522 0.144060
vt 0.614878 0.057131
vt 0.621828 0.064575
vt 0.611969 0.064642
vt 0.918038 0.176466
vt 0.910108 0.180923
vt 0.918623 0.170588
vt 0.926771 0.185777
vt 0.917285 0.186466
vt 0.924547 0.177598
vt 0.744121 0.226039
vt 0.752316 0.223489
vt 0.747455 0.234110
vt 0.898745 0.192010
vt 0.892609 0.182837
vt 0.902851 0.183783
vt 0.421602 0.708510
vt 0.423414 0.700667
vt 0.433601 0.704356
vt 0.593855 0.439261
vt 0.602810 0.436186
vt 0.601030 0.444265
vt 0.560699 0.158171
vt 0.563934 0.167929
vt 0.554762 0.165032
vt 0.901753 0.174228
vt 0.578414 0.801077
vt 0.588404 0.799557
vt 0.586231 0.808361
vt 0.818382 0.530147
vt 0.819259 0.541490
vt 0.811537 0.536651
vt 0.200706 0.929203
vt 0.196893 0.922523
vt 0.213946 0.922835
vt 0.176060 0.518175
vt 0.180239 0.524653
vt 0.168187 0.523836
vt 0.210965 0.641023
vt 0.214638 0.651006
vt 0.203813 0.642835
vt 0.359769 0.723196
vt 0.360038 0.712888
vt 0.367127 0.723946
vt 0.670084 0.892650
vt 0.662152 0.892541
vt 0.665995 0.884118
vt 0.906258 0.192103
vt 0.899682 0.869230
vt 0.911466 0.865194
vt 0.914479 0.871072
vt 0.280133 0.880118
vt 0.288888 0.875912
vt 0.288701 0.883742
vt 0.018468 0.844930
vt 0.025004 0.842737
vt 0.018060 0.852208
vt 0.817942 0.558762
vt 0.807762 0.556358
vt 0.816443 0.547897
vt 0.910261 0.167449
vt 0.048180 0.384663
vt 0.037048 0.395903
vt 0.046722 0.394108
vt 0.042737 0.401301
vt 0.783455 0.533465
vt 0.794526 0.527847
vt 0.796485 0.537014
vt 0.899665 0.646948
vt 0.897628 0.637515
vt 0.906613 0.636489
vt 0.109534 0.235296
vt 0.117614 0.233397
vt 0.116500 0.245175
vt 0.637450 0.043276
vt 0.634072 0.034166
vt 0.642117 0.036898
vt 0.910210 0.879001
vt 0.035055 0.381506
vt 0.022767 0.375615
vt 0.906439 0.153999
vt 0.899085 0.162126
vt 0.834003 0.926813
vt 0.827414 0.931733
vt 0.826584 0.923392
vt 0.070693 0.916875
vt 0.064092 0.910387
vt 0.069007 0.905918
vt 0.586610 0.614651
vt 0.578211 0.616139
vt 0.576165 0.601472
vt 0.157974 0.872513
vt 0.161950 0.862046
vt 0.826998 0.506828
vt 0.819557 0.503702
vt 0.826816 0.498324
vt 0.406856 0.396442
vt 0.400907 0.402112
vt 0.396400 0.395203
vt 0.803495 0.135594
vt 0.792665 0.137370
vt 0.910577 0.886250
vt 0.459652 0.600176
vt 0.460378 0.599737
vt 0.460378 0.606600
vt 0.800455 0.046695
vt 0.793703 0.056699
vt 0.791081 0.050075
vt 0.215469 0.930751
vt 0.223232 0.934833
vt 0.214756 0.934104
vt 0.324714 0.616790
vt 0.330281 0.608623
vt 0.334799 0.616502
vt 0.679021 0.312496
vt 0.687281 0.313886
vt 0.678111 0.321005
vt 0.461685 0.604247
vt 0.462534 0.604150
vt 0.462534 0.606784
vt 0.465971 0.346391
vt 0.463332 0.356755
vt 0.457409 0.350130
vt 0.144436 0.914015
vt 0.924903 0.939947
vt 0.918640 0.937542
vt 0.927371 0.937025
vt 0.918121 0.477165
vt 0.926071 0.467640
vt 0.928134 0.476430
vt 0.956158 0.458453
vt 0.963603 0.458713
vt 0.954073 0.468559
vt 0.266182 0.874438
vt 0.274161 0.875132
vt 0.268952 0.883762
vt 0.441215 0.378268
vt 0.435727 0.386047
vt 0.433618 0.379386
vt 0.569698 0.935729
vt 0.569907 0.947497
vt 0.565774 0.942726
vt 0.915985 0.147882
vt 0.922873 0.152783
vt 0.910131 0.156401
vt 0.455963 0.473104
vt 0.449854 0.461405
vt 0.458374 0.880477
vt 0.452151 0.875040
vt 0.451049 0.871698
vt 0.036480 0.727574
vt 0.040385 0.732356
vt 0.029267 0.728555
vt 0.774146 0.056140
vt 0.766964 0.053410
vt 0.772984 0.048445
vt 0.803183 0.389091
vt 0.792021 0.382461
vt 0.799339 0.380499
vt 0.670519 0.544468
vt 0.682855 0.543127
vt 0.680330 0.550074
vt 0.162206 0.907482
vt 0.167845 0.899256
vt 0.176663 0.910205
vt 0.833157 0.215482
vt 0.826601 0.210078
vt 0.833607 0.207218
vt 0.114546 0.623993
vt 0.125072 0.624255
vt 0.121436 0.629202
vt 0.927254 0.939917
vt 0.928991 0.940137
vt 0.025867 0.656865
vt 0.030326 0.662582
vt 0.019558 0.662059
vt 0.458122 0.872800
vt 0.510062 0.814253
vt 0.498770 0.818690
vt 0.500834 0.808773
vt 0.460824 0.608253
vt 0.460378 0.605832
vt 0.460824 0.604151
vt 0.767084 0.035561
vt 0.775007 0.041680
vt 0.763629 0.046249
vt 0.225621 0.923694
vt 0.459891 0.590116
vt 0.460378 0.587301
vt 0.460378 0.599737
vt 0.234886 0.685864
vt 0.237463 0.683233
vt 0.237463 0.695459
vt 0.892211 0.349978
vt 0.900325 0.348549
vt 0.903635 0.360574
vt 0.925122 0.922725
vt 0.917855 0.927499
vt 0.939546 0.934938
vt 0.153554 0.511007
vt 0.143845 0.513060
vt 0.142866 0.504091
vt 0.114014 0.899456
vt 0.113455 0.909723
vt 0.106597 0.908003
vt 0.121752 0.735822
vt 0.111999 0.743219
vt 0.108563 0.736338
vt 0.132680 0.203494
vt 0.128408 0.196375
vt 0.140315 0.193788
vt 0.364271 0.932100
vt 0.364639 0.925976
vt 0.374291 0.929419
vt 0.575112 0.811406
vt 0.573480 0.822916
vt 0.564787 0.816179
vt 0.217057 0.919292
vt 0.508322 0.237119
vt 0.499290 0.234088
vt 0.506079 0.227453
vt 0.237524 0.679953
vt 0.235883 0.667484
vt 0.237524 0.665224
vt 0.447107 0.865580
vt 0.234106 0.692939
vt 0.528919 0.897940
vt 0.539224 0.905615
vt 0.528018 0.910727
vt 0.116965 0.064785
vt 0.117501 0.052448
vt 0.125328 0.055553
vt 0.464068 0.863136
vt 0.455432 0.865723
vt 0.457392 0.855951
vt 0.467750 0.871834
vt 0.236217 0.934833
vt 0.587359 0.791616
vt 0.577283 0.789721
vt 0.921171 0.392413
vt 0.913270 0.388875
vt 0.921171 0.381386
vt 0.064375 0.424226
vt 0.059422 0.415834
vt 0.070855 0.418014
vt 0.459742 0.572620
vt 0.459742 0.578063
vt 0.459542 0.577820
vt 0.827007 0.515131
vt 0.840135 0.509955
vt 0.838296 0.518454
vt 0.226924 0.784339
vt 0.226622 0.784204
vt 0.226912 0.782301
vt 0.481081 0.790044
vt 0.482131 0.800700
vt 0.475791 0.803519
vt 0.450808 0.859752
vt 0.237685 0.934138
vt 0.236272 0.921580
vt 0.234106 0.683233
vt 0.232617 0.697962
vt 0.229776 0.689033
vt 0.172205 0.918359
vt 0.162442 0.920223
vt 0.766515 0.075024
vt 0.761392 0.068267
vt 0.771467 0.066639
vt 0.264433 0.287628
vt 0.272188 0.278951
vt 0.273037 0.289687
vt 0.769220 0.327686
vt 0.777227 0.328657
vt 0.774143 0.337232
vt 0.168100 0.858416
vt 0.148262 0.209918
vt 0.152158 0.223862
vt 0.137495 0.220345
vt 0.223904 0.909353
vt 0.226419 0.915269
vt 0.790046 0.172091
vt 0.801005 0.175730
vt 0.794210 0.180775
vt 0.760842 0.173830
vt 0.768180 0.163873
vt 0.768395 0.173151
vt 0.125346 0.535899
vt 0.120125 0.542364
vt 0.114694 0.536430
vt 0.168971 0.881186
vt 0.159113 0.879234
vt 0.572490 0.207568
vt 0.581591 0.216360
vt 0.569904 0.214813
vt 0.505776 0.110424
vt 0.514569 0.105922
vt 0.511585 0.117536
vt 0.312096 0.836868
vt 0.305929 0.833195
vt 0.317692 0.825260
vt 0.442394 0.234291
vt 0.437813 0.225927
vt 0.450426 0.229545
vt 0.607786 0.305878
vt 0.611727 0.317425
vt 0.601057 0.310556
vt 0.439185 0.219258
vt 0.427948 0.221363
vt 0.435092 0.212232
vt 0.519746 0.808651
vt 0.511109 0.800972
vt 0.519167 0.799890
vt 0.848507 0.612704
vt 0.848454 0.621268
vt 0.838921 0.619158
vt 0.808237 0.063648
vt 0.803784 0.055400
vt 0.811616 0.052471
vt 0.668521 0.609736
vt 0.676721 0.603998
vt 0.676563 0.612163
vt 0.984901 0.099201
vt 0.993695 0.093406
vt 0.993412 0.102025
vt 0.854959 0.217983
vt 0.855542 0.208035
vt 0.861050 0.210426
vt 0.839021 0.664381
vt 0.836215 0.651014
vt 0.843779 0.657424
vt 0.812857 0.444223
vt 0.821625 0.443690
vt 0.812674 0.451787
vt 0.236866 0.787540
vt 0.236256 0.778124
vt 0.849364 0.766006
vt 0.858690 0.777886
vt 0.853555 0.784317
vt 0.092420 0.449668
vt 0.100616 0.456192
vt 0.091366 0.460383
vt 0.119479 0.552485
vt 0.113247 0.546804
vt 0.125021 0.548149
vt 0.069973 0.598215
vt 0.067627 0.600565
vt 0.062998 0.590326
vt 0.498220 0.120676
vt 0.499593 0.129870
vt 0.491715 0.130153
vt 0.899521 0.629297
vt 0.870033 0.829780
vt 0.875745 0.820689
vt 0.878262 0.825912
vt 0.446184 0.449704
vt 0.454628 0.451366
vt 0.832862 0.309207
vt 0.825634 0.304178
vt 0.830571 0.298237
vt 0.442332 0.854500
vt 0.798054 0.417711
vt 0.786013 0.413050
vt 0.796919 0.407529
vt 0.502262 0.053937
vt 0.505731 0.040040
vt 0.511544 0.045283
vt 0.369360 0.623891
vt 0.375732 0.612008
vt 0.378586 0.619925
vt 0.449613 0.143187
vt 0.441047 0.148008
vt 0.439618 0.136120
vt 0.938888 0.328528
vt 0.940603 0.315908
vt 0.950040 0.318818
vt 0.925001 0.913985
vt 0.918544 0.918719
vt 0.919920 0.907498
vt 0.183601 0.919511
vt 0.178394 0.922705
vt 0.848765 0.418918
vt 0.843929 0.413280
vt 0.853790 0.414980
vt 0.363831 0.630066
vt 0.371699 0.634660
vt 0.360606 0.641011
vt 0.415930 0.273223
vt 0.417462 0.281850
vt 0.407097 0.273346
vt 0.682188 0.917895
vt 0.665967 0.906575
vt 0.531767 0.751314
vt 0.528295 0.759187
vt 0.520635 0.757110
vt 0.675826 0.038162
vt 0.673505 0.027425
vt 0.680444 0.032844
vt 0.503564 0.097312
vt 0.500848 0.088219
vt 0.509644 0.089437
vt 0.896274 0.933271
vt 0.904538 0.924884
vt 0.907427 0.933280
vt 0.222353 0.882318
vt 0.219493 0.889373
vt 0.215326 0.880599
vt 0.088690 0.290672
vt 0.085912 0.285173
vt 0.094411 0.285724
vt 0.888158 0.015423
vt 0.895084 0.016601
vt 0.891598 0.024224
vt 0.569268 0.790317
vt 0.570903 0.800315
vt 0.029910 0.788375
vt 0.026440 0.795574
vt 0.020664 0.791557
vt 0.163613 0.180831
vt 0.168058 0.191435
vt 0.160490 0.192509
vt 0.511624 0.037623
vt 0.229169 0.787540
vt 0.061733 0.813936
vt 0.053346 0.819334
vt 0.054561 0.812767
vt 0.400949 0.361253
vt 0.392271 0.370385
vt 0.387036 0.363057
vt 0.752259 0.121460
vt 0.742036 0.125604
vt 0.746369 0.118452
vt 0.404094 0.283432
vt 0.518527 0.041994
vt 0.520064 0.029759
vt 0.040888 0.387832
vt 0.462534 0.582566
vt 0.468344 0.581438
vt 0.465634 0.593395
vt 0.745557 0.244306
vt 0.738299 0.240453
vt 0.241573 0.270355
vt 0.250154 0.273650
vt 0.244145 0.280532
vt 0.217239 0.866779
vt 0.221083 0.874980
vt 0.209205 0.871432
vt 0.431468 0.234793
vt 0.420638 0.234568
vt 0.426239 0.228537
vt 0.764053 0.333859
vt 0.970914 0.042802
vt 0.983782 0.047339
vt 0.978419 0.054297
vt 0.879218 0.924744
vt 0.869171 0.921446
vt 0.872958 0.916263
vt 0.737722 0.933739
vt 0.728129 0.926927
vt 0.737254 0.921583
vt 0.115170 0.224302
vt 0.113917 0.211838
vt 0.118989 0.217366
vt 0.637561 0.251599
vt 0.647019 0.257569
vt 0.638568 0.261009
vt 0.121120 0.253855
vt 0.124017 0.244366
vt 0.696370 0.624947
vt 0.690103 0.622383
vt 0.695228 0.617158
vt 0.920836 0.428427
vt 0.924284 0.420939
vt 0.928934 0.429791
vt 0.783496 0.455449
vt 0.769969 0.452611
vt 0.778968 0.447263
vt 0.030623 0.738601
vt 0.036672 0.740086
vt 0.030611 0.745990
vt 0.368471 0.643682
vt 0.367304 0.659012
vt 0.362434 0.647012
vt 0.799967 0.820125
vt 0.492859 0.073794
vt 0.489489 0.069691
vt 0.500826 0.061386
vt 0.079117 0.699537
vt 0.070384 0.709697
vt 0.067808 0.702058
vt 0.589989 0.328468
vt 0.604308 0.324544
vt 0.599214 0.335756
vt 0.374415 0.589543
vt 0.378819 0.597231
vt 0.370475 0.596243
vt 0.174526 0.900203
vt 0.312862 0.780661
vt 0.319257 0.777125
vt 0.319410 0.787589
vt 0.756058 0.030943
vt 0.743781 0.039621
vt 0.748871 0.025142
vt 0.817076 0.660408
vt 0.821944 0.650818
vt 0.825072 0.657444
vt 0.730909 0.905057
vt 0.737518 0.900947
vt 0.736145 0.912381
vt 0.377904 0.644889
vt 0.367929 0.590026
vt 0.562492 0.759344
vt 0.565443 0.770090
vt 0.554215 0.763906
vt 0.825915 0.409279
vt 0.835945 0.412313
vt 0.833390 0.418836
vt 0.370068 0.603000
vt 0.376486 0.605557
vt 0.510010 0.057673
vt 0.119781 0.507402
vt 0.119408 0.519069
vt 0.110751 0.508766
vt 0.559530 0.186990
vt 0.553896 0.195435
vt 0.548903 0.187491
vt 0.451958 0.847888
vt 0.464332 0.851759
vt 0.081199 0.878471
vt 0.087859 0.871908
vt 0.092504 0.877638
vt 0.938074 0.350821
vt 0.936791 0.338523
vt 0.943350 0.344902
vt 0.885818 0.179715
vt 0.736482 0.459981
vt 0.743885 0.469293
vt 0.738389 0.471061
vt 0.532684 0.146990
vt 0.541292 0.157725
vt 0.735786 0.132996
vt 0.742828 0.136761
vt 0.730258 0.142984
vt 0.406141 0.889940
vt 0.410191 0.882119
vt 0.410191 0.896387
vt 0.389536 0.629958
vt 0.388548 0.619974
vt 0.957011 0.476089
vt 0.964370 0.470791
vt 0.776457 0.824193
vt 0.773976 0.815246
vt 0.783099 0.820193
vt 0.385024 0.588924
vt 0.660628 0.598764
vt 0.671515 0.598962
vt 0.486530 0.195605
vt 0.485647 0.184554
vt 0.493374 0.185643
vt 0.377671 0.627185
vt 0.070485 0.478694
vt 0.082411 0.480195
vt 0.080176 0.488186
vt 0.593242 0.025715
vt 0.601288 0.031631
vt 0.592313 0.035241
vt 0.487582 0.079694
vt 0.492574 0.083345
vt 0.106551 0.244819
vt 0.111093 0.251316
vt 0.736637 0.439763
vt 0.744875 0.432281
vt 0.751069 0.440248
vt 0.676796 0.301116
vt 0.673024 0.307713
vt 0.669858 0.298935
vt 0.067606 0.168098
vt 0.077878 0.161719
vt 0.081318 0.170457
vt 0.147728 0.653169
vt 0.136632 0.651914
vt 0.135074 0.644474
vt 0.103387 0.790596
vt 0.107527 0.797644
vt 0.093938 0.791341
vt 0.525194 0.047507
vt 0.514419 0.051124
vt 0.125573 0.911394
vt 0.111380 0.918958
vt 0.505355 0.064938
vt 0.727143 0.941388
vt 0.726935 0.934276
vt 0.733270 0.946892
vt 0.209602 0.888277
vt 0.211702 0.895722
vt 0.215642 0.540729
vt 0.208334 0.528568
vt 0.215541 0.531320
vt 0.447516 0.842885
vt 0.459907 0.840240
vt 0.937068 0.915967
vt 0.933282 0.927673
vt 0.371684 0.582154
vt 0.593015 0.500526
vt 0.605808 0.495240
vt 0.603167 0.504784
vt 0.503959 0.077333
vt 0.017705 0.341903
vt 0.025258 0.340832
vt 0.023027 0.350894
vt 0.541869 0.184421
vt 0.542333 0.175059
vt 0.551476 0.178834
vt 0.493480 0.097958
vt 0.486958 0.093323
vt 0.387824 0.640141
vt 0.389678 0.645712
vt 0.482146 0.086748
vt 0.118954 0.825210
vt 0.121612 0.832992
vt 0.113474 0.833789
vt 0.519416 0.310088
vt 0.518408 0.319944
vt 0.512358 0.317094
vt 0.299019 0.753523
vt 0.290011 0.750559
vt 0.306778 0.750949
vt 0.477661 0.099405
vt 0.483713 0.101463
vt 0.606375 0.038735
vt 0.599194 0.039210
vt 0.211455 0.830861
vt 0.220368 0.831992
vt 0.211250 0.838524
vt 0.512930 0.217003
vt 0.521449 0.222681
vt 0.514365 0.229673
vt 0.666498 0.666518
vt 0.668925 0.657599
vt 0.673751 0.665028
vt 0.395372 0.637480
vt 0.520014 0.070991
vt 0.511148 0.068308
vt 0.520481 0.059181
vt 0.448908 0.562663
vt 0.441698 0.570499
vt 0.437683 0.561061
vt 0.556606 0.920373
vt 0.564478 0.918483
vt 0.558438 0.923847
vt 0.927693 0.668693
vt 0.920222 0.657665
vt 0.926494 0.654135
vt 0.532632 0.181277
vt 0.383293 0.577026
vt 0.400077 0.318467
vt 0.407902 0.312721
vt 0.403764 0.326162
vt 0.561743 0.343646
vt 0.550060 0.349102
vt 0.552284 0.337340
vt 0.971054 0.115096
vt 0.968449 0.104201
vt 0.980348 0.106358
vt 0.459490 0.580780
vt 0.451305 0.580692
vt 0.447665 0.574941
vt 0.039758 0.505631
vt 0.044848 0.517285
vt 0.034851 0.515871
vt 0.396833 0.724765
vt 0.401105 0.732532
vt 0.394451 0.733584
vt 0.548828 0.027730
vt 0.537349 0.020171
vt 0.546585 0.020865
vt 0.452645 0.591931
vt 0.075203 0.587512
vt 0.069570 0.582392
vt 0.078162 0.576828
vt 0.533003 0.048346
vt 0.527373 0.041128
vt 0.939546 0.923715
vt 0.382771 0.676070
vt 0.376666 0.671166
vt 0.383723 0.666509
vt 0.140559 0.244178
vt 0.148946 0.234529
vt 0.152633 0.240856
vt 0.013897 0.451011
vt 0.005157 0.443006
vt 0.015043 0.439464
vt 0.400926 0.628267
vt 0.395269 0.617817
vt 0.225496 0.856382
vt 0.235170 0.844845
vt 0.236775 0.856382
vt 0.814497 0.635169
vt 0.807901 0.634810
vt 0.811103 0.626562
vt 0.374296 0.572620
vt 0.436362 0.154483
vt 0.429023 0.150268
vt 0.513033 0.080969
vt 0.534501 0.860716
vt 0.526517 0.864440
vt 0.528985 0.852056
vt 0.060365 0.565985
vt 0.071652 0.573316
vt 0.062888 0.578686
vt 0.441624 0.051814
vt 0.430831 0.045315
vt 0.439873 0.040084
vt 0.345462 0.350582
vt 0.335313 0.349587
vt 0.341615 0.344484
vt 0.078235 0.609770
vt 0.092090 0.603755
vt 0.086146 0.613056
vt 0.402358 0.618977
vt 0.400754 0.607111
vt 0.547988 0.200976
vt 0.536818 0.201095
vt 0.542487 0.194530
vt 0.833567 0.454813
vt 0.829159 0.461421
vt 0.822801 0.456030
vt 0.201389 0.894897
vt 0.208894 0.903310
vt 0.465761 0.833472
vt 0.458357 0.830074
vt 0.363717 0.685218
vt 0.357718 0.686358
vt 0.358403 0.674474
vt 0.962642 0.100589
vt 0.964933 0.091891
vt 0.951855 0.530284
vt 0.944941 0.513762
vt 0.959970 0.519115
vt 0.592942 0.306927
vt 0.585435 0.308410
vt 0.585799 0.300189
vt 0.673363 0.589535
vt 0.665242 0.587646
vt 0.079624 0.811879
vt 0.086700 0.817321
vt 0.077485 0.820095
vt 0.388575 0.252566
vt 0.387453 0.244327
vt 0.399281 0.251462
vt 0.430102 0.567981
vt 0.900252 0.693557
vt 0.907399 0.691303
vt 0.908163 0.700115
vt 0.788296 0.275788
vt 0.799473 0.276094
vt 0.796733 0.282069
vt 0.572277 0.716487
vt 0.577959 0.704341
vt 0.586111 0.713016
vt 0.476503 0.106984
vt 0.481719 0.115026
vt 0.437126 0.059116
vt 0.437610 0.067526
vt 0.429061 0.059129
vt 0.823518 0.641559
vt 0.823321 0.631231
vt 0.348843 0.295721
vt 0.341963 0.286687
vt 0.351494 0.288445
vt 0.844708 0.648687
vt 0.393903 0.754872
vt 0.394737 0.743285
vt 0.401584 0.743025
vt 0.946192 0.255561
vt 0.937898 0.265742
vt 0.933441 0.258299
vt 0.426180 0.562781
vt 0.388276 0.595381
vt 0.397434 0.594439
vt 0.392815 0.603309
vt 0.565969 0.924830
vt 0.572835 0.914571
vt 0.604572 0.344865
vt 0.608323 0.339833
vt 0.612471 0.345635
vt 0.561053 0.337346
vt 0.950727 0.346311
vt 0.948668 0.355457
vt 0.052428 0.544251
vt 0.057357 0.554781
vt 0.047555 0.548072
vt 0.630938 0.263838
vt 0.630326 0.278096
vt 0.620778 0.273694
vt 0.350974 0.681465
vt 0.650010 0.021137
vt 0.446077 0.551083
vt 0.444604 0.558092
vt 0.440672 0.539270
vt 0.518937 0.116869
vt 0.526553 0.114191
vt 0.531666 0.122005
vt 0.553448 0.022707
vt 0.559733 0.018076
vt 0.911992 0.344343
vt 0.901766 0.338597
vt 0.913967 0.332901
vt 0.474737 0.116740
vt 0.228609 0.662775
vt 0.231698 0.657451
vt 0.235774 0.662936
vt 0.393946 0.675809
vt 0.392791 0.667082
vt 0.720035 0.233234
vt 0.710975 0.231971
vt 0.715829 0.224841
vt 0.149427 0.835936
vt 0.144375 0.840262
vt 0.142009 0.832582
vt 0.546531 0.309439
vt 0.537235 0.312663
vt 0.533915 0.305731
vt 0.921806 0.604198
vt 0.928021 0.617307
vt 0.920287 0.617005
vt 0.532879 0.056036
vt 0.154847 0.542779
vt 0.168852 0.542558
vt 0.162991 0.550976
vt 0.369898 0.692952
vt 0.374663 0.681899
vt 0.543504 0.058273
vt 0.545088 0.049284
vt 0.846796 0.583410
vt 0.839784 0.584234
vt 0.843216 0.576644
vt 0.433840 0.553429
vt 0.381800 0.705133
vt 0.384118 0.713367
vt 0.371545 0.707749
vt 0.528247 0.064951
vt 0.548534 0.292628
vt 0.560511 0.294991
vt 0.547439 0.301226
vt 0.494895 0.112917
vt 0.488850 0.106811
vt 0.499213 0.105097
vt 0.615419 0.049341
vt 0.606137 0.050429
vt 0.616257 0.039570
vt 0.576037 0.300504
vt 0.422963 0.555600
vt 0.419717 0.545498
vt 0.428543 0.549414
vt 0.732316 0.843738
vt 0.735878 0.849776
vt 0.727387 0.850737
vt 0.322166 0.362616
vt 0.334022 0.357188
vt 0.336465 0.365634
vt 0.549191 0.052509
vt 0.553931 0.040023
vt 0.529903 0.106168
vt 0.536972 0.113863
vt 0.914149 0.484087
vt 0.916744 0.490715
vt 0.909252 0.495651
vt 0.541004 0.924647
vt 0.545637 0.919860
vt 0.549665 0.928326
vt 0.734366 0.200356
vt 0.727634 0.206240
vt 0.730227 0.193882
vt 0.157835 0.518824
vt 0.165215 0.512475
vt 0.397696 0.583967
vt 0.405250 0.590457
vt 0.132973 0.231544
vt 0.123575 0.223117
vt 0.129999 0.220093
vt 0.329537 0.281189
vt 0.332521 0.288513
vt 0.322391 0.291976
vt 0.441337 0.853272
vt 0.442332 0.865368
vt 0.435983 0.860515
vt 0.053575 0.253324
vt 0.054754 0.265192
vt 0.043036 0.255808
vt 0.355488 0.656378
vt 0.047354 0.344407
vt 0.038662 0.346955
vt 0.043176 0.335579
vt 0.770011 0.445459
vt 0.801797 0.911610
vt 0.797223 0.901650
vt 0.810627 0.905872
vt 0.485820 0.791110
vt 0.488450 0.782609
vt 0.491678 0.787149
vt 0.981591 0.172084
vt 0.974417 0.162682
vt 0.988645 0.167769
vt 0.388486 0.682012
vt 0.395794 0.684219
vt 0.445565 0.033731
vt 0.445700 0.046393
vt 0.683350 0.937799
vt 0.687970 0.931593
vt 0.687970 0.941884
vt 0.592931 0.319985
vt 0.403816 0.674713
vt 0.560151 0.029851
vt 0.063657 0.806650
vt 0.815744 0.408000
vt 0.807593 0.410297
vt 0.803846 0.403993
vt 0.836209 0.591556
vt 0.831332 0.585496
vt 0.689415 0.552606
vt 0.683789 0.558614
vt 0.128559 0.751187
vt 0.130438 0.763481
vt 0.122573 0.758016
vt 0.655988 0.292631
vt 0.651943 0.279815
vt 0.660025 0.279773
vt 0.300985 0.220996
vt 0.295865 0.211638
vt 0.304351 0.212657
vt 0.842021 0.499988
vt 0.851829 0.503584
vt 0.847447 0.511555
vt 0.829004 0.916333
vt 0.832699 0.911227
vt 0.836501 0.918845
vt 0.031003 0.922495
vt 0.038736 0.919657
vt 0.038829 0.927281
vt 0.361401 0.696831
vt 0.093401 0.243012
vt 0.085441 0.237974
vt 0.090647 0.232820
vt 0.060968 0.545679
vt 0.816041 0.289733
vt 0.826269 0.288906
vt 0.820182 0.296267
vt 0.391225 0.692716
vt 0.382414 0.695969
vt 0.382679 0.686972
vt 0.845116 0.201386
vt 0.840037 0.211356
vt 0.839418 0.198982
vt 0.467750 0.825424
vt 0.781545 0.433892
vt 0.796421 0.432444
vt 0.788440 0.443560
vt 0.520753 0.913739
vt 0.519067 0.903981
vt 0.526049 0.906912
vt 0.571762 0.632744
vt 0.566395 0.639675
vt 0.562143 0.629107
vt 0.450465 0.260868
vt 0.450868 0.273582
vt 0.443615 0.260932
vt 0.296108 0.827062
vt 0.310099 0.821852
vt 0.351506 0.689762
vt 0.730336 0.892971
vt 0.744837 0.896100
vt 0.270128 0.252464
vt 0.262086 0.259628
vt 0.256849 0.252910
vt 0.172051 0.895287
vt 0.176311 0.884009
vt 0.180933 0.894664
vt 0.737669 0.232784
vt 0.633452 0.420985
vt 0.623601 0.420013
vt 0.073809 0.401215
vt 0.078490 0.407214
vt 0.065219 0.410322
vt 0.471364 0.549159
vt 0.465643 0.564226
vt 0.458603 0.558552
vt 0.410004 0.538535
vt 0.424208 0.540796
vt 0.549601 0.076984
vt 0.558534 0.065270
vt 0.564630 0.070245
vt 0.375574 0.698429
vt 0.071504 0.440287
vt 0.077857 0.446982
vt 0.066961 0.447548
vt 0.511611 0.126870
vt 0.037882 0.270659
vt 0.043096 0.263684
vt 0.048479 0.272554
vt 0.536249 0.065306
vt 0.942320 0.300932
vt 0.939600 0.307899
vt 0.933175 0.302581
vt 0.752098 0.163148
vt 0.742419 0.161823
vt 0.750940 0.155545
vt 0.568320 0.025178
vt 0.570731 0.033710
vt 0.570366 0.891184
vt 0.573963 0.899730
vt 0.564655 0.900055
vt 0.074593 0.736600
vt 0.070313 0.746435
vt 0.384478 0.236628
vt 0.398088 0.244416
vt 0.066360 0.683314
vt 0.074052 0.678255
vt 0.072740 0.687181
vt 0.354782 0.702121
vt 0.171882 0.228792
vt 0.163555 0.226717
vt 0.170319 0.222729
vt 0.198366 0.651153
vt 0.194041 0.665276
vt 0.558728 0.055209
vt 0.564053 0.047762
vt 0.571198 0.055520
vt 0.990258 0.074736
vt 0.978353 0.075591
vt 0.989119 0.066617
vt 0.087047 0.341243
vt 0.083759 0.333349
vt 0.091073 0.332269
vt 0.544285 0.074900
vt 0.544073 0.065092
vt 0.409467 0.617612
vt 0.410485 0.627122
vt 0.609694 0.829956
vt 0.601906 0.830810
vt 0.606811 0.813758
vt 0.744501 0.264637
vt 0.754692 0.265116
vt 0.398691 0.695356
vt 0.403512 0.687852
vt 0.234691 0.804393
vt 0.234691 0.818282
vt 0.226622 0.808625
vt 0.149676 0.679336
vt 0.150656 0.670560
vt 0.157974 0.677889
vt 0.392883 0.500902
vt 0.390597 0.493020
vt 0.397133 0.490944
vt 0.447758 0.902475
vt 0.455624 0.912714
vt 0.447002 0.914828
vt 0.550882 0.679175
vt 0.561689 0.669692
vt 0.561579 0.677454
vt 0.521433 0.089449
vt 0.510938 0.098822
vt 0.187961 0.687938
vt 0.193468 0.682561
vt 0.195643 0.690575
vt 0.861184 0.201678
vt 0.851702 0.200286
vt 0.589402 0.508214
vt 0.447142 0.542857
vt 0.411906 0.531679
vt 0.953581 0.450398
vt 0.964215 0.445631
vt 0.962947 0.452027
vt 0.323478 0.660998
vt 0.311475 0.658345
vt 0.318684 0.651542
vt 0.042399 0.913089
vt 0.048516 0.908612
vt 0.053816 0.917706
vt 0.825792 0.619216
vt 0.817912 0.621634
vt 0.818698 0.611068
vt 0.433274 0.540696
vt 0.479737 0.127768
vt 0.486996 0.136436
vt 0.450989 0.799285
vt 0.443191 0.792962
vt 0.458255 0.793096
vt 0.334975 0.337675
vt 0.337039 0.329315
vt 0.345938 0.334637
vt 0.100740 0.565412
vt 0.102709 0.572553
vt 0.092374 0.565256
vt 0.718505 0.499326
vt 0.716767 0.487127
vt 0.726431 0.498925
vt 0.400674 0.520490
vt 0.409248 0.520220
vt 0.405278 0.529314
vt 0.563196 0.040296
vt 0.736640 0.168811
vt 0.743591 0.170212
vt 0.080445 0.555604
vt 0.072417 0.561540
vt 0.074366 0.550656
vt 0.020071 0.837830
vt 0.025728 0.830748
vt 0.207999 0.773380
vt 0.197557 0.772384
vt 0.209331 0.764373
vt 0.369180 0.357177
vt 0.360602 0.346697
vt 0.369356 0.347893
vt 0.838876 0.424667
vt 0.852736 0.425834
vt 0.585294 0.759772
vt 0.577225 0.757035
vt 0.587763 0.751246
vt 0.365098 0.614494
vt 0.645085 0.044754
vt 0.655879 0.045360
vt 0.646010 0.056035
vt 0.682951 0.607264
vt 0.534567 0.254032
vt 0.544503 0.259929
vt 0.536209 0.263762
vt 0.298691 0.885995
vt 0.297782 0.875466
vt 0.304747 0.878683
vt 0.456640 0.904766
vt 0.465661 0.912251
vt 0.532395 0.072192
vt 0.578931 0.544685
vt 0.575173 0.553744
vt 0.569652 0.547450
vt 0.352193 0.338946
vt 0.352993 0.353196
vt 0.529906 0.095000
vt 0.518594 0.099341
vt 0.497995 0.193179
vt 0.496959 0.202612
vt 0.878554 0.658766
vt 0.885071 0.661505
vt 0.875864 0.667636
vt 0.361396 0.703793
vt 0.528657 0.243622
vt 0.529076 0.229604
vt 0.537186 0.234604
vt 0.523304 0.315925
vt 0.507242 0.134537
vt 0.601779 0.858267
vt 0.593213 0.857552
vt 0.602082 0.847548
vt 0.441651 0.458379
vt 0.085660 0.211578
vt 0.073896 0.217677
vt 0.077454 0.205026
vt 0.764482 0.470079
vt 0.775780 0.465341
vt 0.769655 0.476941
vt 0.064791 0.255891
vt 0.072594 0.260653
vt 0.061910 0.268287
vt 0.430218 0.076126
vt 0.421406 0.082137
vt 0.420856 0.072142
vt 0.818112 0.183453
vt 0.815550 0.195933
vt 0.812511 0.188242
vt 0.822637 0.688468
vt 0.820199 0.694978
vt 0.817864 0.683173
vt 0.482666 0.152700
vt 0.482131 0.142469
vt 0.489440 0.150559
vt 0.725173 0.879592
vt 0.719308 0.888220
vt 0.717659 0.872557
vt 0.731995 0.248558
vt 0.743036 0.253531
vt 0.735783 0.258213
vt 0.310423 0.649983
vt 0.635045 0.882812
vt 0.627838 0.877998
vt 0.636883 0.873385
vt 0.932625 0.419810
vt 0.925152 0.410417
vt 0.059728 0.724981
vt 0.235705 0.738519
vt 0.235705 0.754910
vt 0.226622 0.741235
vt 0.492795 0.141260
vt 0.924661 0.403297
vt 0.918023 0.401322
vt 0.695907 0.549792
vt 0.696370 0.560304
vt 0.021027 0.331110
vt 0.544134 0.032445
vt 0.777121 0.093940
vt 0.561688 0.654678
vt 0.572680 0.650671
vt 0.572375 0.661565
vt 0.476724 0.150189
vt 0.069852 0.386942
vt 0.079593 0.386596
vt 0.075179 0.392880
vt 0.905989 0.248903
vt 0.893402 0.239418
vt 0.901359 0.242561
vt 0.089162 0.557106
vt 0.083695 0.567066
vt 0.817954 0.377849
vt 0.807751 0.382449
vt 0.808575 0.376211
vt 0.538717 0.223750
vt 0.533625 0.212605
vt 0.539982 0.209221
vt 0.611001 0.441924
vt 0.774101 0.427775
vt 0.768889 0.421362
vt 0.781648 0.421369
vt 0.500744 0.143154
vt 0.353740 0.324636
vt 0.354876 0.313517
vt 0.361647 0.314734
vt 0.390745 0.771388
vt 0.386858 0.761498
vt 0.397683 0.764557
vt 0.764542 0.919875
vt 0.753834 0.917820
vt 0.760460 0.910972
vt 0.422821 0.719299
vt 0.415289 0.718581
vt 0.804223 0.547686
vt 0.792297 0.542935
vt 0.403158 0.711467
vt 0.389844 0.703448
vt 0.456936 0.566425
vt 0.467262 0.543997
vt 0.462430 0.549854
vt 0.459372 0.543989
vt 0.433196 0.532043
vt 0.896894 0.139100
vt 0.899323 0.130268
vt 0.907126 0.139857
vt 0.494212 0.862501
vt 0.502784 0.870285
vt 0.494017 0.870196
vt 0.551649 0.060810
vt 0.428912 0.324399
vt 0.425805 0.331469
vt 0.419730 0.318612
vt 0.420739 0.526066
vt 0.431667 0.524550
vt 0.425297 0.533060
vt 0.640143 0.015793
vt 0.638537 0.025553
vt 0.631352 0.021736
vt 0.844658 0.566662
vt 0.850115 0.573301
vt 0.254067 0.814046
vt 0.253545 0.821943
vt 0.243343 0.817899
vt 0.050666 0.752081
vt 0.044368 0.756539
vt 0.045141 0.746215
vt 0.089456 0.572166
vt 0.052030 0.296088
vt 0.057999 0.303638
vt 0.046795 0.304369
vt 0.491248 0.833520
vt 0.487249 0.826597
vt 0.494870 0.827541
vt 0.540912 0.086098
vt 0.535662 0.079350
vt 0.875675 0.603878
vt 0.870349 0.599972
vt 0.878922 0.596718
vt 0.396936 0.510090
vt 0.734540 0.125599
vt 0.739397 0.117347
vt 0.767434 0.416299
vt 0.760458 0.420867
vt 0.619465 0.868418
vt 0.628089 0.871182
vt 0.588048 0.685218
vt 0.596952 0.696527
vt 0.587258 0.693198
vt 0.525492 0.079304
vt 0.530878 0.087507
vt 0.081883 0.542149
vt 0.068527 0.545622
vt 0.078720 0.533204
vt 0.467750 0.846664
vt 0.472471 0.843163
vt 0.472471 0.860357
vt 0.258738 0.919982
vt 0.260935 0.927982
vt 0.251482 0.929119
vt 0.094537 0.308442
vt 0.105944 0.304009
vt 0.106195 0.311285
vt 0.352056 0.708249
vt 0.347067 0.697748
vt 0.925031 0.863421
vt 0.923725 0.855779
vt 0.931641 0.865194
vt 0.018424 0.509802
vt 0.023714 0.502030
vt 0.027286 0.514908
vt 0.770057 0.459985
vt 0.723925 0.456410
vt 0.731965 0.456271
vt 0.728401 0.469393
vt 0.431608 0.761663
vt 0.405615 0.696930
vt 0.566210 0.062212
vt 0.627424 0.850572
vt 0.631633 0.842429
vt 0.635615 0.852233
vt 0.662394 0.924310
vt 0.661583 0.934663
vt 0.653956 0.925662
vt 0.808843 0.568767
vt 0.821491 0.567528
vt 0.819089 0.576240
vt 0.540195 0.096936
vt 0.490307 0.166833
vt 0.477682 0.160783
vt 0.487515 0.158629
vt 0.553172 0.327573
vt 0.550803 0.320047
vt 0.561774 0.320924
vt 0.942146 0.365896
vt 0.935206 0.357472
vt 0.832922 0.631588
vt 0.832757 0.624510
vt 0.354503 0.717211
vt 0.517144 0.861066
vt 0.507579 0.857807
vt 0.520118 0.852602
vt 0.498018 0.151250
vt 0.015385 0.502841
vt 0.455879 0.537935
vt 0.464470 0.535819
vt 0.837725 0.673688
vt 0.847208 0.666746
vt 0.847628 0.679147
vt 0.839108 0.704627
vt 0.838702 0.711999
vt 0.831009 0.702074
vt 0.780008 0.171507
vt 0.777581 0.163842
vt 0.098012 0.558330
vt 0.108464 0.563852
vt 0.575580 0.766052
vt 0.072427 0.536026
vt 0.064309 0.534801
vt 0.047862 0.622144
vt 0.044076 0.617448
vt 0.051447 0.614976
vt 0.949226 0.306108
vt 0.951590 0.299276
vt 0.244903 0.823021
vt 0.250457 0.829198
vt 0.538913 0.149771
vt 0.537482 0.139579
vt 0.548094 0.143463
vt 0.632752 0.862249
vt 0.043204 0.525818
vt 0.051186 0.512705
vt 0.056861 0.524925
vt 0.064844 0.280044
vt 0.057917 0.289306
vt 0.055364 0.277115
vt 0.115151 0.661534
vt 0.103610 0.663753
vt 0.108578 0.654858
vt 0.497244 0.162109
vt 0.922129 0.484557
vt 0.140819 0.755587
vt 0.146941 0.755782
vt 0.145981 0.762373
vt 0.919610 0.649824
vt 0.069425 0.527677
vt 0.659214 0.942533
vt 0.669884 0.942239
vt 0.673352 0.790273
vt 0.673361 0.779818
vt 0.679917 0.780886
vt 0.858529 0.421768
vt 0.857482 0.433144
vt 0.589910 0.018845
vt 0.598489 0.016173
vt 0.601414 0.022217
vt 0.827089 0.713911
vt 0.396347 0.351725
vt 0.407484 0.351979
vt 0.135241 0.775848
vt 0.127435 0.775449
vt 0.843390 0.240680
vt 0.831022 0.242983
vt 0.839610 0.229697
vt 0.784147 0.178927
vt 0.769760 0.180593
vt 0.745208 0.880477
vt 0.738535 0.884507
vt 0.736397 0.875320
vt 0.369845 0.206650
vt 0.363902 0.201411
vt 0.376228 0.201062
vt 0.130579 0.563560
vt 0.120156 0.566013
vt 0.126791 0.554957
vt 0.470491 0.535312
vt 0.478725 0.172701
vt 0.414789 0.513706
vt 0.517374 0.135075
vt 0.089491 0.267589
vt 0.078252 0.267571
vt 0.081471 0.259532
vt 0.029741 0.497557
vt 0.024404 0.488162
vt 0.800046 0.425574
vt 0.804375 0.435754
vt 0.261800 0.806236
vt 0.262720 0.816035
vt 0.761311 0.286675
vt 0.774002 0.290093
vt 0.763445 0.293639
vt 0.569457 0.780787
vt 0.562118 0.780273
vt 0.562223 0.543657
vt 0.563050 0.533286
vt 0.570407 0.539349
vt 0.391253 0.714054
vt 0.748734 0.827547
vt 0.750804 0.817517
vt 0.758719 0.821513
vt 0.837870 0.532501
vt 0.826001 0.524557
vt 0.367954 0.716074
vt 0.948068 0.338762
vt 0.960604 0.345408
vt 0.408035 0.501487
vt 0.418484 0.501537
vt 0.399139 0.718100
vt 0.386019 0.720634
vt 0.510420 0.170429
vt 0.518575 0.171220
vt 0.509865 0.179592
vt 0.075125 0.855875
vt 0.086161 0.849091
vt 0.086350 0.859025
vt 0.359266 0.283927
vt 0.369295 0.288455
vt 0.359480 0.292398
vt 0.010078 0.495530
vt 0.012264 0.488083
vt 0.016609 0.494693
vt 0.525847 0.134914
vt 0.816552 0.302891
vt 0.809029 0.313893
vt 0.807219 0.304658
vt 0.409285 0.248814
vt 0.417280 0.240654
vt 0.415162 0.252245
vt 0.494013 0.811910
vt 0.495108 0.800390
vt 0.937580 0.833575
vt 0.927489 0.834493
vt 0.936884 0.826163
vt 0.455476 0.517189
vt 0.458249 0.529963
vt 0.448477 0.521124
vt 0.776350 0.268300
vt 0.788022 0.264651
vt 0.848172 0.452722
vt 0.841485 0.454429
vt 0.846510 0.444752
vt 0.627887 0.316611
vt 0.624094 0.309526
vt 0.630764 0.305138
vt 0.688548 0.541484
vt 0.111769 0.725134
vt 0.117632 0.720851
vt 0.793257 0.924943
vt 0.787409 0.919243
vt 0.794416 0.915101
vt 0.618277 0.265348
vt 0.607701 0.257527
vt 0.616668 0.256041
vt 0.052375 0.433294
vt 0.044782 0.437604
vt 0.043803 0.427518
vt 0.610172 0.509410
vt 0.604123 0.516582
vt 0.714563 0.449797
vt 0.722323 0.445705
vt 0.718792 0.456265
vt 0.126399 0.573784
vt 0.134042 0.571556
vt 0.766668 0.097910
vt 0.776578 0.103132
vt 0.610177 0.013093
vt 0.611025 0.022971
vt 0.746370 0.903653
vt 0.111269 0.557219
vt 0.902480 0.226696
vt 0.908875 0.231578
vt 0.902353 0.234277
vt 0.362324 0.369204
vt 0.351490 0.371413
vt 0.358348 0.360430
vt 0.086811 0.549144
vt 0.728703 0.131183
vt 0.564849 0.924830
vt 0.561585 0.937953
vt 0.558644 0.925714
vt 0.363704 0.730338
vt 0.509345 0.188741
vt 0.502979 0.183066
vt 0.347376 0.321322
vt 0.340089 0.320025
vt 0.970285 0.052261
vt 0.018230 0.704392
vt 0.017141 0.696208
vt 0.025052 0.700879
vt 0.659924 0.852287
vt 0.661165 0.843480
vt 0.665374 0.849066
vt 0.579739 0.375244
vt 0.587673 0.371382
vt 0.589250 0.379701
vt 0.469350 0.527147
vt 0.484427 0.177653
vt 0.054924 0.336139
vt 0.065299 0.339682
vt 0.692113 0.533759
vt 0.652600 0.030710
vt 0.543166 0.110782
vt 0.538360 0.106165
vt 0.574589 0.198686
vt 0.585645 0.207066
vt 0.415624 0.187107
vt 0.417885 0.174556
vt 0.423991 0.186211
vt 0.672338 0.315475
vt 0.960107 0.534668
vt 0.389125 0.729355
vt 0.641000 0.908666
vt 0.635158 0.910783
vt 0.671790 0.814930
vt 0.672179 0.805908
vt 0.688292 0.809971
vt 0.375941 0.717895
vt 0.453647 0.924079
vt 0.457893 0.918249
vt 0.030815 0.506526
vt 0.388258 0.484203
vt 0.396051 0.482253
vt 0.463765 0.508917
vt 0.464110 0.520397
vt 0.499078 0.174010
vt 0.440455 0.517966
vt 0.428762 0.516236
vt 0.438562 0.507179
vt 0.095751 0.545950
vt 0.138843 0.561729
vt 0.753802 0.506988
vt 0.758443 0.500186
vt 0.764108 0.509076
vt 0.104537 0.549622
vt 0.106717 0.541450
vt 0.527040 0.332310
vt 0.523356 0.324937
vt 0.528794 0.319446
vt 0.589924 0.050422
vt 0.586684 0.044875
vt 0.599182 0.047123
vt 0.832184 0.569213
vt 0.576429 0.062303
vt 0.446823 0.506741
vt 0.809083 0.075488
vt 0.820398 0.068721
vt 0.815298 0.079566
vt 0.509103 0.142660
vt 0.509734 0.151006
vt 0.224133 0.522756
vt 0.232851 0.522237
vt 0.230010 0.528806
vt 0.332747 0.853240
vt 0.323397 0.850038
vt 0.333281 0.845102
vt 0.426814 0.505804
vt 0.928506 0.334000
vt 0.930885 0.326066
vt 0.033253 0.673392
vt 0.037012 0.666182
vt 0.402990 0.467212
vt 0.396897 0.456066
vt 0.153782 0.503654
vt 0.564035 0.079409
vt 0.235883 0.657073
vt 0.237745 0.649472
vt 0.237745 0.665224
vt 0.030302 0.482543
vt 0.036971 0.488373
vt 0.140625 0.233126
vt 0.144915 0.227200
vt 0.570973 0.077690
vt 0.086425 0.535080
vt 0.848552 0.317717
vt 0.854014 0.326378
vt 0.843319 0.322804
vt 0.459742 0.582998
vt 0.462534 0.572620
vt 0.462534 0.587301
vt 0.932517 0.177391
vt 0.932027 0.166131
vt 0.937890 0.171752
vt 0.585268 0.414112
vt 0.584857 0.406675
vt 0.593959 0.414573
vt 0.715408 0.193526
vt 0.708080 0.197956
vt 0.707656 0.188570
vt 0.545805 0.101775
vt 0.546943 0.086929
vt 0.551981 0.096357
vt 0.580263 0.050888
vt 0.586442 0.056080
vt 0.506008 0.160967
vt 0.686972 0.719289
vt 0.692981 0.723342
vt 0.688905 0.728509
vt 0.432094 0.908194
vt 0.438360 0.911666
vt 0.435186 0.919182
vt 0.940368 0.778050
vt 0.936914 0.786630
vt 0.932409 0.779403
vt 0.635544 0.008599
vt 0.303954 0.844908
vt 0.299460 0.854262
vt 0.294580 0.846181
vt 0.618365 0.016521
vt 0.616978 0.008122
vt 0.933522 0.537375
vt 0.941117 0.535981
vt 0.934801 0.548320
vt 0.759628 0.831310
vt 0.764249 0.836680
vt 0.755164 0.837657
vt 0.144054 0.846298
vt 0.146023 0.852193
vt 0.134002 0.852031
vt 0.528292 0.823931
vt 0.536937 0.829980
vt 0.524308 0.836388
vt 0.573700 0.266099
vt 0.574268 0.273048
vt 0.566494 0.270870
vt 0.017517 0.480503
vt 0.880983 0.047739
vt 0.881759 0.056750
vt 0.872383 0.055082
vt 0.344500 0.312920
vt 0.353524 0.303828
vt 0.773549 0.121208
vt 0.780892 0.125005
vt 0.769909 0.127439
vt 0.520882 0.161115
vt 0.004397 0.864890
vt 0.010773 0.874281
vt 0.001560 0.873157
vt 0.431658 0.714908
vt 0.440555 0.721282
vt 0.430195 0.722421
vt 0.234198 0.762129
vt 0.226622 0.763129
vt 0.234099 0.754910
vt 0.457782 0.461321
vt 0.463297 0.465952
vt 0.696076 0.874908
vt 0.687173 0.869065
vt 0.694602 0.862327
vt 0.072621 0.453009
vt 0.082928 0.455956
vt 0.953166 0.813090
vt 0.947294 0.810765
vt 0.955240 0.805226
vt 0.790593 0.328026
vt 0.782662 0.320590
vt 0.789349 0.316426
vt 0.112616 0.971601
vt 0.124116 0.973763
vt 0.112727 0.980376
vt 0.454222 0.508159
vt 0.462270 0.501529
vt 0.192287 0.872730
vt 0.203129 0.876397
vt 0.199858 0.881757
vt 0.854912 0.401899
vt 0.861708 0.402235
vt 0.863089 0.409572
vt 0.639555 0.295237
vt 0.630003 0.296051
vt 0.635149 0.285300
vt 0.929633 0.190576
vt 0.933038 0.203927
vt 0.926081 0.200558
vt 0.543026 0.122062
vt 0.350156 0.870327
vt 0.364271 0.870616
vt 0.364148 0.878782
vt 0.096654 0.621245
vt 0.086558 0.618599
vt 0.098939 0.615735
vt 0.765465 0.929339
vt 0.752946 0.926518
vt 0.360472 0.913585
vt 0.352428 0.913975
vt 0.356711 0.906943
vt 0.661261 0.550210
vt 0.666160 0.537491
vt 0.121682 0.313480
vt 0.115966 0.323578
vt 0.114692 0.312505
vt 0.908051 0.676725
vt 0.906386 0.668401
vt 0.918120 0.673949
vt 0.433165 0.096748
vt 0.427229 0.103048
vt 0.422165 0.092927
vt 0.749651 0.464273
vt 0.758526 0.466293
vt 0.755729 0.473792
vt 0.682851 0.503080
vt 0.681896 0.514614
vt 0.674275 0.512976
vt 0.811279 0.643042
vt 0.537132 0.130902
vt 0.305044 0.870484
vt 0.316182 0.874416
vt 0.595722 0.361940
vt 0.598048 0.353811
vt 0.603620 0.361160
vt 0.812959 0.359376
vt 0.819096 0.369167
vt 0.807167 0.366532
vt 0.583862 0.768237
vt 0.950235 0.537595
vt 0.669269 0.345829
vt 0.658224 0.351310
vt 0.429148 0.164862
vt 0.417927 0.167011
vt 0.425849 0.157388
vt 0.470486 0.918654
vt 0.440702 0.761868
vt 0.442616 0.748181
vt 0.450193 0.754777
vt 0.664962 0.306577
vt 0.663938 0.295130
vt 0.602574 0.011323
vt 0.922860 0.767015
vt 0.931826 0.759447
vt 0.931716 0.769875
vt 0.134221 0.552196
vt 0.887765 0.167442
vt 0.890040 0.154494
vt 0.845021 0.550712
vt 0.846853 0.542500
vt 0.853873 0.547718
vt 0.850154 0.169102
vt 0.855545 0.161563
vt 0.856663 0.174116
vt 0.423850 0.388014
vt 0.258600 0.245857
vt 0.248384 0.245534
vt 0.252995 0.240302
vt 0.440886 0.526423
vt 0.577644 0.889765
vt 0.572814 0.884103
vt 0.583100 0.879039
vt 0.919104 0.414973
vt 0.914766 0.407503
vt 0.058901 0.717780
vt 0.067088 0.720656
vt 0.515388 0.195983
vt 0.516869 0.183507
vt 0.524747 0.185915
vt 0.091180 0.529486
vt 0.098644 0.527225
vt 0.099075 0.535209
vt 0.511888 0.923766
vt 0.513337 0.914910
vt 0.515511 0.931617
vt 0.204282 0.818527
vt 0.196825 0.819243
vt 0.200171 0.810387
vt 0.452171 0.194457
vt 0.444755 0.203646
vt 0.439589 0.196056
vt 0.349590 0.668384
vt 0.433282 0.495961
vt 0.533658 0.192986
vt 0.525671 0.201035
vt 0.906883 0.312446
vt 0.915277 0.318899
vt 0.909177 0.323965
vt 0.069734 0.514007
vt 0.074812 0.506124
vt 0.079483 0.515775
vt 0.064533 0.502898
vt 0.062114 0.510672
vt 0.056285 0.503416
vt 0.875999 0.182578
vt 0.551170 0.863542
vt 0.564973 0.863227
vt 0.563062 0.871033
vt 0.422789 0.492696
vt 0.431895 0.486205
vt 0.142161 0.565983
vt 0.151444 0.556031
vt 0.460575 0.370091
vt 0.456399 0.362884
vt 0.465426 0.363884
vt 0.920275 0.393595
vt 0.549340 0.106735
vt 0.083481 0.525559
vt 0.831740 0.358091
vt 0.823129 0.358909
vt 0.828710 0.351069
vt 0.124334 0.929812
vt 0.115326 0.929722
vt 0.127624 0.919029
vt 0.610104 0.853726
vt 0.612557 0.841009
vt 0.571890 0.088205
vt 0.564663 0.089603
vt 0.610159 0.031940
vt 0.388272 0.384626
vt 0.378197 0.383884
vt 0.384734 0.377914
vt 0.941769 0.572436
vt 0.936144 0.579827
vt 0.935658 0.567675
vt 0.383572 0.748754
vt 0.725114 0.869492
vt 0.716709 0.864566
vt 0.727771 0.860252
vt 0.855635 0.919418
vt 0.848388 0.917720
vt 0.853571 0.908532
vt 0.992525 0.109947
vt 0.993176 0.121692
vt 0.981507 0.116171
vt 0.581414 0.084008
vt 0.583465 0.074979
vt 0.371094 0.730658
vt 0.379865 0.724366
vt 0.378621 0.733059
vt 0.407528 0.487277
vt 0.415574 0.491645
vt 0.593012 0.807973
vt 0.595754 0.800367
vt 0.600817 0.809266
vt 0.531245 0.922362
vt 0.532641 0.912522
vt 0.537678 0.917840
vt 0.407331 0.882119
vt 0.398615 0.880172
vt 0.407331 0.868537
vt 0.377333 0.752743
vt 0.377733 0.740293
vt 0.763810 0.440898
vt 0.756319 0.445725
vt 0.761791 0.432951
vt 0.538593 0.793838
vt 0.543189 0.800243
vt 0.532797 0.798895
vt 0.012901 0.393324
vt 0.024375 0.391225
vt 0.020733 0.397952
vt 0.828776 0.333932
vt 0.829163 0.343250
vt 0.820093 0.332768
vt 0.023599 0.310834
vt 0.029562 0.317712
vt 0.019824 0.319884
vt 0.775972 0.206726
vt 0.769656 0.213230
vt 0.767868 0.204112
vt 0.441210 0.490425
vt 0.444432 0.497178
vt 0.363416 0.811533
vt 0.348992 0.816781
vt 0.349537 0.808203
vt 0.074079 0.521668
vt 0.928273 0.349396
vt 0.817346 0.464785
vt 0.157811 0.203767
vt 0.167479 0.206761
vt 0.161384 0.217392
vt 0.386215 0.467386
vt 0.393151 0.473165
vt 0.380828 0.479852
vt 0.781564 0.260013
vt 0.035997 0.858083
vt 0.045177 0.853907
vt 0.044068 0.861988
vt 0.039901 0.776524
vt 0.049279 0.775144
vt 0.042713 0.784026
vt 0.866054 0.912641
vt 0.874182 0.909756
vt 0.093711 0.517653
vt 0.086055 0.518618
vt 0.015967 0.459674
vt 0.011835 0.468305
vt 0.005840 0.458688
vt 0.269715 0.804040
vt 0.270650 0.812804
vt 0.625799 0.015051
vt 0.625849 0.005669
vt 0.546630 0.115758
vt 0.065651 0.938012
vt 0.070749 0.930438
vt 0.070749 0.942097
vt 0.927549 0.400641
vt 0.548389 0.738441
vt 0.544211 0.749648
vt 0.142414 0.552154
vt 0.540784 0.883598
vt 0.542632 0.878460
vt 0.549971 0.884605
vt 0.395360 0.816843
vt 0.387422 0.816747
vt 0.386076 0.809699
vt 0.441938 0.772237
vt 0.434324 0.773074
vt 0.208668 0.687651
vt 0.112205 0.952451
vt 0.114090 0.962704
vt 0.107579 0.959224
vt 0.586225 0.291772
vt 0.593869 0.294530
vt 0.423352 0.482397
vt 0.795139 0.109367
vt 0.793524 0.080686
vt 0.802195 0.085364
vt 0.796627 0.091103
vt 0.846202 0.464528
vt 0.151248 0.198775
vt 0.143106 0.203723
vt 0.146599 0.190354
vt 0.385376 0.737935
vt 0.445291 0.438459
vt 0.456815 0.440232
vt 0.322258 0.233673
vt 0.315227 0.239398
vt 0.313641 0.229663
vt 0.032756 0.890092
vt 0.022066 0.880454
vt 0.027926 0.877975
vt 0.127688 0.011892
vt 0.127261 0.020977
vt 0.120035 0.019586
vt 0.916842 0.421457
vt 0.911049 0.410638
vt 0.324521 0.670339
vt 0.317609 0.670808
vt 0.349994 0.883026
vt 0.355913 0.887323
vt 0.353280 0.893253
vt 0.752475 0.015733
vt 0.756366 0.009125
vt 0.762114 0.018909
vt 0.411467 0.479829
vt 0.280312 0.900524
vt 0.276121 0.909366
vt 0.270647 0.904988
vt 0.749486 0.176399
vt 0.020611 0.473208
vt 0.589147 0.079637
vt 0.591047 0.072661
vt 0.099176 0.927386
vt 0.107177 0.926499
vt 0.105645 0.933956
vt 0.202023 0.152560
vt 0.197156 0.141352
vt 0.206219 0.143873
vt 0.112066 0.027796
vt 0.122804 0.033374
vt 0.116931 0.039037
vt 0.378972 0.357880
vt 0.388758 0.355282
vt 0.073354 0.379942
vt 0.796091 0.063403
vt 0.543540 0.131282
vt 0.970605 0.129655
vt 0.976754 0.130217
vt 0.973793 0.139587
vt 0.106056 0.532590
vt 0.460492 0.494138
vt 0.452484 0.500769
vt 0.454955 0.488560
vt 0.401504 0.475102
vt 0.427828 0.407069
vt 0.436020 0.405370
vt 0.433337 0.412426
vt 0.460064 0.650846
vt 0.460586 0.639231
vt 0.464861 0.638641
vt 0.042505 0.475203
vt 0.049815 0.471419
vt 0.050557 0.483957
vt 0.846656 0.232150
vt 0.038471 0.496230
vt 0.049016 0.492375
vt 0.175162 0.511381
vt 0.182854 0.513346
vt 0.504618 0.200528
vt 0.369156 0.760942
vt 0.366675 0.746816
vt 0.912458 0.500799
vt 0.924478 0.503280
vt 0.383255 0.913900
vt 0.382072 0.920871
vt 0.372914 0.920290
vt 0.065024 0.303831
vt 0.075095 0.299727
vt 0.077206 0.308308
vt 0.010594 0.479277
vt 0.005451 0.470157
vt 0.416402 0.934513
vt 0.421919 0.930891
vt 0.421919 0.940189
vt 0.498962 0.212114
vt 0.487983 0.206006
vt 0.510730 0.763381
vt 0.520748 0.769338
vt 0.131004 0.683020
vt 0.122526 0.670913
vt 0.130069 0.670424
vt 0.502446 0.219776
vt 0.419948 0.062676
vt 0.429282 0.069120
vt 0.423570 0.615154
vt 0.418656 0.628947
vt 0.410485 0.625124
vt 0.558845 0.251675
vt 0.548981 0.251884
vt 0.556202 0.244963
vt 0.032375 0.471408
vt 0.556115 0.816602
vt 0.548520 0.826046
vt 0.541975 0.815849
vt 0.377801 0.761261
vt 0.491367 0.217439
vt 0.075935 0.495903
vt 0.133451 0.702193
vt 0.130491 0.692939
vt 0.138852 0.692101
vt 0.937204 0.294550
vt 0.015514 0.752409
vt 0.014578 0.745131
vt 0.022484 0.743698
vt 0.764118 0.091876
vt 0.403989 0.768841
vt 0.398159 0.772906
vt 0.618637 0.023633
vt 0.617697 0.031450
vt 0.526688 0.172214
vt 0.151294 0.549624
vt 0.145189 0.540160
vt 0.596167 0.247455
vt 0.598195 0.255625
vt 0.588033 0.254514
vt 0.564752 0.401795
vt 0.572765 0.397572
vt 0.568979 0.407219
vt 0.838291 0.337457
vt 0.847502 0.330429
vt 0.847154 0.339323
vt 0.932776 0.412686
vt 0.896325 0.287717
vt 0.888915 0.287955
vt 0.893571 0.279844
vt 0.909390 0.658521
vt 0.919621 0.666672
vt 0.575719 0.222817
vt 0.562978 0.220682
vt 0.674105 0.532828
vt 0.556643 0.099543
vt 0.571180 0.098242
vt 0.763713 0.884552
vt 0.761378 0.877182
vt 0.769322 0.877523
vt 0.426161 0.263926
vt 0.411074 0.266129
vt 0.137059 0.543371
vt 0.593232 0.723537
vt 0.594078 0.712287
vt 0.601959 0.714125
vt 0.334840 0.273510
vt 0.338201 0.280986
vt 0.553859 0.104672
vt 0.561206 0.108791
vt 0.417784 0.208279
vt 0.426817 0.211745
vt 0.420247 0.218727
vt 0.626301 0.031023
vt 0.912255 0.433056
vt 0.910363 0.419194
vt 0.975225 0.085319
vt 0.968930 0.083224
vt 0.930073 0.796223
vt 0.928950 0.788308
vt 0.218022 0.511728
vt 0.214650 0.517228
vt 0.209997 0.509939
vt 0.579806 0.098942
vt 0.061494 0.485211
vt 0.283971 0.217414
vt 0.292390 0.219935
vt 0.288115 0.229544
vt 0.279137 0.790450
vt 0.274472 0.786100
vt 0.284260 0.781303
vt 0.059838 0.884178
vt 0.058148 0.874464
vt 0.066038 0.875946
vt 0.640700 0.004055
vt 0.584739 0.090421
vt 0.022973 0.465079
vt 0.027805 0.457434
vt 0.549348 0.873778
vt 0.541860 0.870441
vt 0.426567 0.914831
vt 0.423207 0.923160
vt 0.297230 0.929119
vt 0.297230 0.942132
vt 0.291608 0.937735
vt 0.610162 0.407536
vt 0.622876 0.409895
vt 0.617799 0.413615
vt 0.573172 0.187177
vt 0.581241 0.195355
vt 0.421912 0.473316
vt 0.434554 0.475894
vt 0.794204 0.271797
vt 0.797296 0.265512
vt 0.392063 0.233051
vt 0.027784 0.270211
vt 0.033986 0.262429
vt 0.288823 0.206532
vt 0.297997 0.206398
vt 0.598399 0.269775
vt 0.586662 0.262620
vt 0.600030 0.262702
vt 0.550983 0.686680
vt 0.559914 0.686022
vt 0.418111 0.689608
vt 0.421191 0.681356
vt 0.426537 0.687350
vt 0.102197 0.814882
vt 0.107857 0.807772
vt 0.111300 0.814296
vt 0.711090 0.925901
vt 0.700399 0.927887
vt 0.702536 0.920167
vt 0.766742 0.501630
vt 0.763081 0.493732
vt 0.773072 0.497816
vt 0.915270 0.540421
vt 0.905125 0.536415
vt 0.916895 0.533951
vt 0.754149 0.427295
vt 0.937719 0.509971
vt 0.943920 0.503031
vt 0.311181 0.289141
vt 0.319490 0.285110
vt 0.109775 0.519145
vt 0.115836 0.527817
vt 0.557511 0.787471
vt 0.808311 0.507040
vt 0.797113 0.503176
vt 0.804362 0.498710
vt 0.920382 0.586986
vt 0.929402 0.594379
vt 0.914304 0.594805
vt 0.445619 0.821199
vt 0.458774 0.813822
vt 0.458859 0.825424
vt 0.790156 0.808174
vt 0.800488 0.807091
vt 0.798404 0.812811
vt 0.628330 0.038797
vt 0.622245 0.047843
vt 0.067838 0.314279
vt 0.895964 0.094551
vt 0.895592 0.085983
vt 0.905070 0.092019
vt 0.253156 0.260505
vt 0.245080 0.264412
vt 0.249435 0.253800
vt 0.055472 0.670591
vt 0.044331 0.671671
vt 0.044642 0.664043
vt 0.926460 0.160528
vt 0.932000 0.154051
vt 0.897215 0.115493
vt 0.891643 0.126834
vt 0.412557 0.470874
vt 0.280367 0.227975
vt 0.451636 0.480871
vt 0.102868 0.514220
vt 0.038628 0.838540
vt 0.031764 0.839016
vt 0.033985 0.831401
vt 0.741161 0.840127
vt 0.747027 0.848038
vt 0.117558 0.636903
vt 0.116084 0.642798
vt 0.109663 0.635464
vt 0.596440 0.085944
vt 0.599175 0.078292
vt 0.546507 0.152388
vt 0.349401 0.277671
vt 0.342589 0.273146
vt 0.184433 0.645076
vt 0.551430 0.215480
vt 0.548524 0.208694
vt 0.559942 0.209964
vt 0.744674 0.457789
vt 0.095440 0.478067
vt 0.094838 0.485847
vt 0.460508 0.706273
vt 0.470383 0.699858
vt 0.470383 0.713063
vt 0.510309 0.208328
vt 0.183844 0.634023
vt 0.191745 0.626149
vt 0.326420 0.929119
vt 0.326420 0.940777
vt 0.320276 0.933211
vt 0.811576 0.297642
vt 0.734356 0.213545
vt 0.736793 0.225042
vt 0.727946 0.226337
vt 0.535677 0.166626
vt 0.838950 0.748627
vt 0.828485 0.753070
vt 0.827967 0.742741
vt 0.061104 0.493722
vt 0.923358 0.577632
vt 0.924743 0.569382
vt 0.931377 0.574315
vt 0.752883 0.242886
vt 0.353995 0.648460
vt 0.829616 0.901586
vt 0.835744 0.902571
vt 0.099184 0.506613
vt 0.595808 0.092907
vt 0.592597 0.099486
vt 0.889098 0.064568
vt 0.888254 0.055837
vt 0.591469 0.784545
vt 0.582344 0.783584
vt 0.082292 0.866590
vt 0.072398 0.866726
vt 0.308390 0.861462
vt 0.298480 0.865502
vt 0.609442 0.474807
vt 0.617573 0.473192
vt 0.612244 0.484223
vt 0.829757 0.369238
vt 0.837501 0.367304
vt 0.032945 0.335578
vt 0.031711 0.347608
vt 0.208002 0.907259
vt 0.193349 0.917217
vt 0.082223 0.244996
vt 0.445222 0.026185
vt 0.441190 0.019406
vt 0.447780 0.018221
vt 0.376294 0.463948
vt 0.365776 0.453145
vt 0.380574 0.457748
vt 0.762230 0.241715
vt 0.755184 0.233766
vt 0.765113 0.234082
vt 0.752570 0.252513
vt 0.072672 0.848227
vt 0.071756 0.837762
vt 0.079387 0.844938
vt 0.431453 0.938254
vt 0.434031 0.930891
vt 0.438360 0.938254
vt 0.070012 0.489031
vt 0.322598 0.686293
vt 0.316813 0.685585
vt 0.322666 0.678930
vt 0.344387 0.825959
vt 0.353447 0.821838
vt 0.354682 0.834031
vt 0.417013 0.297647
vt 0.421491 0.291062
vt 0.424622 0.299275
vt 0.389369 0.459440
vt 0.545472 0.163495
vt 0.546078 0.840365
vt 0.613004 0.502674
vt 0.612877 0.494360
vt 0.780076 0.358291
vt 0.782200 0.349731
vt 0.790565 0.360544
vt 0.726992 0.164184
vt 0.725190 0.174470
vt 0.719146 0.169816
vt 0.287813 0.810432
vt 0.298807 0.807479
vt 0.295825 0.817928
vt 0.662872 0.268025
vt 0.654951 0.271213
vt 0.654778 0.262658
vt 0.572095 0.524868
vt 0.572087 0.530426
vt 0.721649 0.912448
vt 0.721027 0.922062
vt 0.711757 0.918374
vt 0.855730 0.611702
vt 0.421528 0.463580
vt 0.126084 0.525626
vt 0.428039 0.459523
vt 0.431636 0.468149
vt 0.182771 0.534355
vt 0.169129 0.535605
vt 0.646788 0.001468
vt 0.472611 0.555143
vt 0.404862 0.933049
vt 0.409926 0.925056
vt 0.409926 0.941661
vt 0.628868 0.056626
vt 0.320359 0.372861
vt 0.333268 0.371987
vt 0.327431 0.382059
vt 0.816089 0.282571
vt 0.809035 0.288973
vt 0.806427 0.279053
vt 0.855267 0.806390
vt 0.859771 0.812424
vt 0.850249 0.814285
vt 0.784811 0.553439
vt 0.781455 0.541530
vt 0.105305 0.777879
vt 0.106003 0.785181
vt 0.097527 0.776717
vt 0.032061 0.443199
vt 0.032037 0.450675
vt 0.021816 0.442862
vt 0.575629 0.107028
vt 0.391521 0.305163
vt 0.383794 0.308084
vt 0.386187 0.295983
vt 0.584104 0.421151
vt 0.594609 0.423896
vt 0.585529 0.432783
vt 0.036799 0.622800
vt 0.040696 0.632126
vt 0.138543 0.529952
vt 0.588717 0.827720
vt 0.583389 0.835057
vt 0.583996 0.821066
vt 0.946636 0.481274
vt 0.935505 0.478896
vt 0.944401 0.474227
vt 0.616793 0.074777
vt 0.609210 0.075091
vt 0.159735 0.529876
vt 0.083538 0.498981
vt 0.056811 0.478768
vt 0.059517 0.470639
vt 0.569219 0.102771
vt 0.118013 0.497712
vt 0.109196 0.490428
vt 0.497153 0.226608
vt 0.896482 0.675802
vt 0.886164 0.669231
vt 0.891542 0.662628
vt 0.594254 0.431964
vt 0.607174 0.429658
vt 0.013446 0.838358
vt 0.035252 0.458467
vt 0.040095 0.466000
vt 0.581942 0.665114
vt 0.571013 0.669173
vt 0.872713 0.042949
vt 0.651790 0.602853
vt 0.658596 0.608673
vt 0.649519 0.613842
vt 0.603692 0.087750
vt 0.904198 0.522058
vt 0.906232 0.530761
vt 0.894309 0.531493
vt 0.501414 0.248766
vt 0.497705 0.241636
vt 0.455682 0.769345
vt 0.448896 0.771487
vt 0.451510 0.762873
vt 0.130001 0.211451
vt 0.019417 0.872555
vt 0.100201 0.286863
vt 0.099505 0.279301
vt 0.383743 0.319725
vt 0.375255 0.308598
vt 0.435359 0.613523
vt 0.430580 0.607136
vt 0.578260 0.863827
vt 0.578973 0.873053
vt 0.571069 0.868470
vt 0.554937 0.132491
vt 0.558158 0.142345
vt 0.663029 0.004491
vt 0.669884 0.932958
vt 0.685603 0.737704
vt 0.678246 0.726900
vt 0.648235 0.265485
vt 0.747641 0.422979
vt 0.638290 0.060698
vt 0.639572 0.051180
vt 0.376982 0.774523
vt 0.343743 0.370567
vt 0.350060 0.360257
vt 0.020670 0.450701
vt 0.777689 0.916479
vt 0.766906 0.906599
vt 0.850015 0.795517
vt 0.844097 0.792977
vt 0.082424 0.782194
vt 0.090710 0.780715
vt 0.088740 0.786548
vt 0.938055 0.555214
vt 0.931721 0.560031
vt 0.924589 0.553899
vt 0.620530 0.079431
vt 0.613177 0.085608
vt 0.966167 0.188337
vt 0.971243 0.179563
vt 0.974011 0.185296
vt 0.323346 0.717462
vt 0.314593 0.727853
vt 0.318312 0.707113
vt 0.821844 0.175562
vt 0.814839 0.171749
vt 0.589036 0.104820
vt 0.593093 0.666356
vt 0.589576 0.658196
vt 0.088823 0.493292
vt 0.091780 0.502366
vt 0.401430 0.448086
vt 0.689120 0.781936
vt 0.688068 0.789364
vt 0.580277 0.111874
vt 0.589706 0.108773
vt 0.149171 0.525160
vt 0.148939 0.533625
vt 0.556785 0.150561
vt 0.410405 0.855113
vt 0.410405 0.868512
vt 0.406279 0.864195
vt 0.327703 0.294557
vt 0.328127 0.304555
vt 0.321270 0.299169
vt 0.390686 0.331566
vt 0.391254 0.317437
vt 0.343590 0.942744
vt 0.336335 0.941199
vt 0.345330 0.935545
vt 0.551944 0.157037
vt 0.936764 0.430004
vt 0.420176 0.454874
vt 0.919738 0.438730
vt 0.927676 0.438194
vt 0.660524 0.021339
vt 0.671983 0.018245
vt 0.256248 0.296793
vt 0.245229 0.299402
vt 0.252128 0.291427
vt 0.357728 0.729171
vt 0.350574 0.846306
vt 0.359805 0.837620
vt 0.601814 0.099152
vt 0.567993 0.827951
vt 0.559380 0.828000
vt 0.538351 0.342481
vt 0.544050 0.335636
vt 0.545012 0.345110
vt 0.946411 0.558120
vt 0.938649 0.562783
vt 0.051618 0.456424
vt 0.042959 0.455336
vt 0.462991 0.483335
vt 0.142491 0.810607
vt 0.143167 0.802109
vt 0.152310 0.810179
vt 0.521751 0.209868
vt 0.529356 0.222020
vt 0.054137 0.464119
vt 0.063303 0.460191
vt 0.565975 0.150755
vt 0.914295 0.231034
vt 0.924932 0.240576
vt 0.918043 0.244263
vt 0.216435 0.139259
vt 0.209939 0.149874
vt 0.206837 0.135327
vt 0.630161 0.048746
vt 0.381902 0.635709
vt 0.463349 0.474224
vt 0.050824 0.400622
vt 0.880910 0.587573
vt 0.878465 0.578115
vt 0.885578 0.579479
vt 0.602927 0.881998
vt 0.614408 0.873316
vt 0.610247 0.885535
vt 0.136098 0.517108
vt 0.128428 0.514919
vt 0.040543 0.447335
vt 0.191973 0.762328
vt 0.192687 0.771705
vt 0.417600 0.227041
vt 0.380130 0.816997
vt 0.372882 0.815866
vt 0.377342 0.808203
vt 0.561745 0.328773
vt 0.422949 0.248259
vt 0.397913 0.922828
vt 0.404862 0.926942
vt 0.393173 0.935519
vt 0.622722 0.295971
vt 0.611755 0.297563
vt 0.615177 0.290583
vt 0.390204 0.795338
vt 0.373735 0.792454
vt 0.387390 0.786229
vt 0.552361 0.846303
vt 0.562979 0.845642
vt 0.554832 0.856382
vt 0.809902 0.252222
vt 0.805813 0.261207
vt 0.801633 0.251163
vt 0.600375 0.821922
vt 0.592698 0.816410
vt 0.894453 0.926837
vt 0.898467 0.918100
vt 0.415383 0.152273
vt 0.418541 0.139488
vt 0.040680 0.826355
vt 0.044772 0.833799
vt 0.910784 0.651867
vt 0.913385 0.639355
vt 0.129135 0.739441
vt 0.135365 0.749168
vt 0.939491 0.811939
vt 0.934569 0.802695
vt 0.941887 0.804488
vt 0.815610 0.026545
vt 0.818635 0.032379
vt 0.806503 0.032044
vt 0.178121 0.902152
vt 0.874000 0.203237
vt 0.877492 0.216035
vt 0.868128 0.209956
vt 0.631460 0.067212
vt 0.623918 0.072965
vt 0.302719 0.935925
vt 0.308074 0.929119
vt 0.308074 0.942698
vt 0.383505 0.450245
vt 0.391339 0.448279
vt 0.936847 0.439723
vt 0.123598 0.643822
vt 0.548405 0.171179
vt 0.041288 0.683010
vt 0.048624 0.677407
vt 0.047109 0.687155
vt 0.469596 0.478265
vt 0.022936 0.435099
vt 0.055575 0.839674
vt 0.048307 0.846482
vt 0.058605 0.831056
vt 0.587129 0.334848
vt 0.052317 0.628387
vt 0.057918 0.621625
vt 0.391164 0.437620
vt 0.014601 0.431370
vt 0.693556 0.848514
vt 0.683613 0.845073
vt 0.697415 0.840955
vt 0.372489 0.452911
vt 0.365764 0.446857
vt 0.378189 0.443620
vt 0.969893 0.075214
vt 0.963408 0.081411
vt 0.964718 0.068209
vt 0.377503 0.782529
vt 0.388362 0.778992
vt 0.015663 0.248694
vt 0.023821 0.245806
vt 0.026666 0.256813
vt 0.072843 0.466159
vt 0.078065 0.472036
vt 0.609701 0.092307
vt 0.554327 0.908024
vt 0.565745 0.909510
vt 0.127219 0.046126
vt 0.499068 0.783321
vt 0.505930 0.788416
vt 0.494755 0.792220
vt 0.401600 0.754272
vt 0.070459 0.204731
vt 0.070200 0.188447
vt 0.080418 0.193068
vt 0.433013 0.453580
vt 0.923921 0.251076
vt 0.916638 0.252460
vt 0.113480 0.759937
vt 0.109578 0.751081
vt 0.850242 0.926285
vt 0.843560 0.926429
vt 0.968087 0.141415
vt 0.586263 0.223443
vt 0.024833 0.751967
vt 0.021858 0.758961
vt 0.670517 0.002864
vt 0.276275 0.891697
vt 0.095889 0.470001
vt 0.088099 0.468059
vt 0.929183 0.448211
vt 0.922294 0.450826
vt 0.419473 0.442904
vt 0.082791 0.155944
vt 0.087565 0.162897
vt 0.108432 0.477650
vt 0.102915 0.484466
vt 0.085681 0.675275
vt 0.080719 0.683877
vt 0.046276 0.243990
vt 0.036814 0.245504
vt 0.572714 0.113650
vt 0.580321 0.119205
vt 0.572760 0.124966
vt 0.039808 0.891383
vt 0.034290 0.897571
vt 0.260119 0.871869
vt 0.266810 0.863972
vt 0.052001 0.724411
vt 0.044147 0.724666
vt 0.048347 0.716256
vt 0.117068 0.940362
vt 0.107642 0.941746
vt 0.287358 0.825568
vt 0.283714 0.835036
vt 0.278741 0.827678
vt 0.381817 0.431297
vt 0.125086 0.637694
vt 0.334142 0.632655
vt 0.330688 0.640465
vt 0.758493 0.183745
vt 0.765317 0.192331
vt 0.187613 0.737361
vt 0.189766 0.729240
vt 0.197617 0.731998
vt 0.781663 0.342519
vt 0.797513 0.343948
vt 0.793482 0.351262
vt 0.729070 0.493362
vt 0.098011 0.492317
vt 0.034690 0.435868
vt 0.398170 0.441258
vt 0.213737 0.916046
vt 0.059380 0.930438
vt 0.065651 0.938691
vt 0.058376 0.938691
vt 0.303997 0.814842
vt 0.950662 0.820689
vt 0.920933 0.258690
vt 0.055467 0.441562
vt 0.058590 0.449894
vt 0.050976 0.448297
vt 0.175307 0.546182
vt 0.186064 0.546843
vt 0.687409 0.694107
vt 0.676044 0.695875
vt 0.685197 0.687048
vt 0.625836 0.902633
vt 0.633240 0.902217
vt 0.299088 0.703832
vt 0.303074 0.711191
vt 0.296368 0.715902
vt 0.017855 0.939674
vt 0.010687 0.934825
vt 0.017855 0.930438
vt 0.365766 0.670031
vt 0.376521 0.663765
vt 0.938688 0.450799
vt 0.124089 0.282217
vt 0.125357 0.271980
vt 0.129769 0.277165
vt 0.778621 0.472867
vt 0.769685 0.484675
vt 0.560269 0.175090
vt 0.555528 0.282342
vt 0.549878 0.276784
vt 0.556921 0.270679
vt 0.070227 0.177246
vt 0.079875 0.185553
vt 0.585499 0.860620
vt 0.923689 0.285755
vt 0.916040 0.286390
vt 0.924814 0.276303
vt 0.092882 0.163721
vt 0.082048 0.177511
vt 0.369667 0.212523
vt 0.378922 0.217822
vt 0.377322 0.223196
vt 0.201967 0.826182
vt 0.214189 0.824077
vt 0.616910 0.243276
vt 0.614679 0.250027
vt 0.605609 0.244925
vt 0.045115 0.408931
vt 0.810482 0.913988
vt 0.781200 0.045688
vt 0.492581 0.928225
vt 0.492581 0.943630
vt 0.478686 0.940540
vt 0.634291 0.613004
vt 0.626390 0.607970
vt 0.633692 0.604711
vt 0.319502 0.761480
vt 0.316494 0.768885
vt 0.308730 0.762696
vt 0.918438 0.310258
vt 0.910863 0.304041
vt 0.920908 0.301275
vt 0.037419 0.235817
vt 0.042645 0.227758
vt 0.049917 0.235034
vt 0.059838 0.914900
vt 0.402035 0.778546
vt 0.399716 0.785516
vt 0.210471 0.616583
vt 0.224102 0.615442
vt 0.827594 0.879184
vt 0.834597 0.883330
vt 0.825987 0.888012
vt 0.077483 0.624020
vt 0.069386 0.624830
vt 0.077527 0.618168
vt 0.519992 0.245598
vt 0.517366 0.258340
vt 0.511105 0.248192
vt 0.409741 0.435346
vt 0.579892 0.032227
vt 0.575742 0.038960
vt 0.849568 0.844376
vt 0.843995 0.834222
vt 0.852944 0.835046
vt 0.394401 0.835661
vt 0.388690 0.847214
vt 0.387137 0.835190
vt 0.326363 0.320210
vt 0.318126 0.320444
vt 0.323359 0.314465
vt 0.107343 0.837037
vt 0.103381 0.827660
vt 0.932002 0.879939
vt 0.940528 0.884395
vt 0.930479 0.887297
vt 0.317134 0.814746
vt 0.309822 0.811190
vt 0.315780 0.803317
vt 0.864672 0.900768
vt 0.663951 0.036395
vt 0.655267 0.038023
vt 0.665769 0.027839
vt 0.368191 0.788202
vt 0.366511 0.792493
vt 0.134625 0.506195
vt 0.462070 0.433504
vt 0.465635 0.441509
vt 0.200285 0.868173
vt 0.307906 0.799223
vt 0.780939 0.931640
vt 0.790964 0.934634
vt 0.781336 0.939653
vt 0.681109 0.000000
vt 0.683753 0.012987
vt 0.676063 0.004291
vt 0.393789 0.428801
vt 0.783227 0.489337
vt 0.836658 0.556835
vt 0.840537 0.562111
vt 0.826993 0.557961
vt 0.403165 0.218007
vt 0.399143 0.227234
vt 0.423867 0.311784
vt 0.416201 0.306864
vt 0.229457 0.513715
vt 0.124293 0.980870
vt 0.113961 0.987401
vt 0.409706 0.225918
vt 0.405461 0.232348
vt 0.790272 0.460661
vt 0.467750 0.834398
vt 0.472449 0.825424
vt 0.472449 0.843163
vt 0.261062 0.880419
vt 0.261435 0.891857
vt 0.358041 0.666600
vt 0.608023 0.357197
vt 0.615905 0.359303
vt 0.608638 0.366022
vt 0.507371 0.258941
vt 0.850668 0.890630
vt 0.846021 0.900202
vt 0.842652 0.895854
vt 0.973586 0.194727
vt 0.986005 0.192995
vt 0.644230 0.898531
vt 0.633410 0.891942
vt 0.403840 0.430490
vt 0.831564 0.603112
vt 0.823416 0.595179
vt 0.935454 0.463911
vt 0.928655 0.458598
vt 0.897046 0.893235
vt 0.622598 0.446626
vt 0.616590 0.450943
vt 0.638895 0.268755
vt 0.634651 0.273389
vt 0.924932 0.292329
vt 0.911692 0.294842
vt 0.027853 0.206729
vt 0.026409 0.214934
vt 0.021428 0.211178
vt 0.578634 0.129876
vt 0.568552 0.133221
vt 0.434516 0.839142
vt 0.438634 0.844466
vt 0.427760 0.846010
vt 0.134632 0.893806
vt 0.140357 0.886467
vt 0.144322 0.896750
vt 0.320276 0.929119
vt 0.320276 0.941893
vt 0.314653 0.935119
vt 0.375707 0.656712
vt 0.080224 0.463405
vt 0.803139 0.142719
vt 0.574058 0.141906
vt 0.674238 0.882989
vt 0.682188 0.890856
vt 0.375254 0.436618
vt 0.375771 0.422557
vt 0.915922 0.276074
vt 0.922379 0.269348
vt 0.366827 0.424773
vt 0.367717 0.436299
vt 0.030182 0.863578
vt 0.745099 0.924097
vt 0.910032 0.269480
vt 0.728944 0.421662
vt 0.723845 0.420641
vt 0.728883 0.414008
vt 0.025246 0.425444
vt 0.988557 0.058227
vt 0.602344 0.462415
vt 0.598741 0.453491
vt 0.607411 0.458390
vt 0.684198 0.019337
vt 0.429532 0.446182
vt 0.439006 0.442627
vt 0.261269 0.902789
vt 0.268543 0.892454
vt 0.118001 0.473037
vt 0.339513 0.376761
vt 0.910122 0.241507
vt 0.821381 0.674429
vt 0.827735 0.680238
vt 0.843783 0.311815
vt 0.840293 0.303355
vt 0.848778 0.303234
vt 0.349370 0.391488
vt 0.358149 0.389502
vt 0.355755 0.402476
vt 0.426430 0.272043
vt 0.426659 0.280324
vt 0.909664 0.256550
vt 0.709906 0.444083
vt 0.713038 0.434544
vt 0.716229 0.441492
vt 0.008238 0.416167
vt 0.019192 0.415565
vt 0.014149 0.423624
vt 0.710300 0.876758
vt 0.568101 0.743589
vt 0.559254 0.744873
vt 0.557725 0.735650
vt 0.019753 0.655015
vt 0.280798 0.211439
vt 0.277647 0.220484
vt 0.673666 0.686110
vt 0.666808 0.693913
vt 0.731445 0.185843
vt 0.724596 0.185217
vt 0.126102 0.500224
vt 0.920290 0.459472
vt 0.539033 0.295826
vt 0.429736 0.133681
vt 0.431909 0.142292
vt 0.420805 0.418287
vt 0.429578 0.419515
vt 0.426409 0.426812
vt 0.419120 0.193883
vt 0.425692 0.202709
vt 0.412377 0.199068
vt 0.536829 0.842805
vt 0.613206 0.861664
vt 0.099949 0.462469
vt 0.104857 0.469056
vt 0.947373 0.453013
vt 0.234027 0.648109
vt 0.229828 0.655640
vt 0.224102 0.657451
vt 0.507054 0.267065
vt 0.804955 0.884022
vt 0.812006 0.881120
vt 0.810726 0.888800
vt 0.904078 0.291447
vt 0.579292 0.337153
vt 0.578616 0.327616
vt 0.525717 0.256556
vt 0.184587 0.624076
vt 0.175240 0.630179
vt 0.169258 0.621706
vt 0.751801 0.887873
vt 0.757163 0.897096
vt 0.639227 0.844937
vt 0.930441 0.318802
vt 0.419458 0.429815
vt 0.085898 0.841531
vt 0.342510 0.898899
vt 0.898288 0.833030
vt 0.897398 0.825100
vt 0.904320 0.827762
vt 0.837672 0.461675
vt 0.836767 0.473167
vt 0.746340 0.939198
vt 0.207343 0.545177
vt 0.821108 0.227658
vt 0.812906 0.230011
vt 0.818139 0.217951
vt 0.440329 0.357798
vt 0.430807 0.361955
vt 0.429279 0.353179
vt 0.571255 0.045282
vt 0.264023 0.201458
vt 0.262636 0.207312
vt 0.256043 0.204069
vt 0.949897 0.292889
vt 0.942657 0.289605
vt 0.077451 0.230128
vt 0.083360 0.218284
vt 0.744078 0.150067
vt 0.200609 0.542099
vt 0.200121 0.529514
vt 0.903903 0.210148
vt 0.914755 0.208838
vt 0.915642 0.215136
vt 0.133849 0.481823
vt 0.122377 0.479481
vt 0.901909 0.277827
vt 0.412997 0.325258
vt 0.656176 0.592844
vt 0.916477 0.835695
vt 0.913624 0.820689
vt 0.516922 0.269144
vt 0.906640 0.283659
vt 0.378600 0.350351
vt 0.375887 0.341072
vt 0.387458 0.347569
vt 0.609597 0.450822
vt 0.366749 0.913273
vt 0.682179 0.582963
vt 0.674672 0.578070
vt 0.678270 0.571539
vt 0.358314 0.416917
vt 0.350735 0.423582
vt 0.347742 0.413117
vt 0.555709 0.203230
vt 0.572450 0.307744
vt 0.578734 0.313049
vt 0.571969 0.318013
vt 0.902656 0.266801
vt 0.389048 0.421815
vt 0.131901 0.497199
vt 0.135804 0.493016
vt 0.073173 0.757455
vt 0.073887 0.768777
vt 0.060818 0.761881
vt 0.185743 0.927920
vt 0.084426 0.448565
vt 0.127196 0.491434
vt 0.772977 0.195429
vt 0.138259 0.681407
vt 0.146228 0.690378
vt 0.104821 0.623884
vt 0.098890 0.627773
vt 0.819477 0.861394
vt 0.811325 0.862898
vt 0.815094 0.851294
vt 0.319841 0.306047
vt 0.316282 0.314528
vt 0.311820 0.307411
vt 0.326041 0.648941
vt 0.970913 0.013055
vt 0.972853 0.022101
vt 0.960695 0.019324
vt 0.544891 0.229701
vt 0.772882 0.262714
vt 0.778802 0.251479
vt 0.380808 0.808203
vt 0.369657 0.806609
vt 0.371602 0.799087
vt 0.401735 0.387829
vt 0.393747 0.377677
vt 0.401695 0.376579
vt 0.108578 0.851494
vt 0.104712 0.844632
vt 0.113074 0.843371
vt 0.590755 0.912279
vt 0.601982 0.915027
vt 0.591804 0.920678
vt 0.609388 0.269526
vt 0.453849 0.433330
vt 0.034854 0.254899
vt 0.437199 0.825424
vt 0.440776 0.831127
vt 0.904957 0.299261
vt 0.472446 0.822658
vt 0.462608 0.816107
vt 0.472446 0.809142
vt 0.095891 0.770807
vt 0.895114 0.202502
vt 0.886198 0.201514
vt 0.901292 0.257997
vt 0.888479 0.263704
vt 0.896608 0.271861
vt 0.885481 0.273385
vt 0.824272 0.434006
vt 0.816953 0.436196
vt 0.472611 0.653994
vt 0.472611 0.668733
vt 0.468898 0.660280
vt 0.060450 0.434069
vt 0.053542 0.421199
vt 0.791853 0.100569
vt 0.800910 0.099870
vt 0.511335 0.866777
vt 0.064352 0.290834
vt 0.058729 0.777644
vt 0.048770 0.786385
vt 0.690695 0.015204
vt 0.691472 0.003885
vt 0.269301 0.263799
vt 0.036170 0.410638
vt 0.035894 0.425128
vt 0.026207 0.413277
vt 0.185941 0.754793
vt 0.192649 0.752121
vt 0.426532 0.435411
vt 0.110207 0.463412
vt 0.870886 0.283344
vt 0.879862 0.289341
vt 0.872787 0.295650
vt 0.329529 0.934356
vt 0.335633 0.929119
vt 0.335633 0.940937
vt 0.550007 0.238229
vt 0.556258 0.234666
vt 0.090322 0.278289
vt 0.097864 0.272061
vt 0.410485 0.906079
vt 0.421477 0.912153
vt 0.411846 0.917324
vt 0.774971 0.530867
vt 0.769873 0.535480
vt 0.413868 0.682051
vt 0.878925 0.894968
vt 0.887251 0.895643
vt 0.882211 0.904113
vt 0.769455 0.244720
vt 0.766422 0.253109
vt 0.122163 0.261991
vt 0.112656 0.258114
vt 0.056172 0.170454
vt 0.062514 0.162030
vt 0.073242 0.278668
vt 0.083708 0.278012
vt 0.470384 0.734459
vt 0.461874 0.726726
vt 0.470384 0.715951
vt 0.320600 0.731709
vt 0.314960 0.736394
vt 0.479008 0.808354
vt 0.739545 0.180434
vt 0.899008 0.107950
vt 0.906249 0.100081
vt 0.908717 0.108638
vt 0.188633 0.615907
vt 0.088061 0.255409
vt 0.131256 0.284812
vt 0.140232 0.275784
vt 0.043882 0.378111
vt 0.579827 0.400964
vt 0.314284 0.364294
vt 0.953967 0.444525
vt 0.049171 0.500142
vt 0.319581 0.741016
vt 0.921339 0.192356
vt 0.922042 0.180568
vt 0.582305 0.354417
vt 0.583606 0.363357
vt 0.576400 0.361535
vt 0.789102 0.406460
vt 0.797042 0.400995
vt 0.728297 0.485309
vt 0.721412 0.484058
vt 0.724046 0.476854
vt 0.837865 0.642197
vt 0.846168 0.641529
vt 0.879747 0.845883
vt 0.879455 0.853072
vt 0.877472 0.270483
vt 0.879651 0.281116
vt 0.873517 0.277690
vt 0.945266 0.443601
vt 0.402132 0.422571
vt 0.811675 0.125879
vt 0.821417 0.132113
vt 0.818158 0.139738
vt 0.880455 0.306620
vt 0.882002 0.298416
vt 0.888227 0.306801
vt 0.352084 0.408775
vt 0.445019 0.403950
vt 0.448116 0.396140
vt 0.454275 0.398011
vt 0.893576 0.256565
vt 0.434106 0.436643
vt 0.894958 0.307795
vt 0.891131 0.295244
vt 0.460871 0.446901
vt 0.102699 0.263296
vt 0.104562 0.272866
vt 0.564649 0.837881
vt 0.554376 0.835772
vt 0.945767 0.373771
vt 0.937336 0.375360
vt 0.857950 0.587958
vt 0.852990 0.599568
vt 0.846977 0.592203
vt 0.802930 0.871277
vt 0.809863 0.870063
vt 0.833473 0.894408
vt 0.823161 0.247842
vt 0.832863 0.251968
vt 0.801809 0.315899
vt 0.052058 0.320805
vt 0.055059 0.327795
vt 0.880000 0.232524
vt 0.887781 0.231760
vt 0.883781 0.242831
vt 0.801796 0.070073
vt 0.865986 0.198651
vt 0.861659 0.193362
vt 0.755282 0.139918
vt 0.746973 0.142901
vt 0.753355 0.129170
vt 0.897735 0.218782
vt 0.888683 0.222066
vt 0.888273 0.216035
vt 0.153626 0.904237
vt 0.155466 0.903045
vt 0.157238 0.908942
vt 0.524789 0.267969
vt 0.886514 0.280739
vt 0.056743 0.682324
vt 0.061875 0.694895
vt 0.411846 0.426273
vt 0.312858 0.866230
vt 0.088997 0.109025
vt 0.107477 0.108476
vt 0.099001 0.117143
vt 0.793386 0.876294
vt 0.797343 0.888562
vt 0.784693 0.882883
vt 0.884410 0.254106
vt 0.889908 0.246584
vt 0.380049 0.290623
vt 0.381147 0.282782
vt 0.386350 0.287944
vt 0.898406 0.150804
vt 0.435996 0.426597
vt 0.440673 0.432464
vt 0.432577 0.174458
vt 0.430934 0.183501
vt 0.967414 0.438499
vt 0.551747 0.226707
vt 0.883279 0.318822
vt 0.878412 0.326618
vt 0.877027 0.318602
vt 0.077674 0.421878
vt 0.079614 0.434317
vt 0.071292 0.429048
vt 0.565414 0.198654
vt 0.285363 0.309812
vt 0.295475 0.308236
vt 0.294401 0.314150
vt 0.774152 0.800856
vt 0.783046 0.801304
vt 0.781541 0.808781
vt 0.890232 0.008090
vt 0.882877 0.007006
vt 0.887978 0.000859
vt 0.987268 0.135055
vt 0.987102 0.127228
vt 0.874453 0.258648
vt 0.878202 0.252789
vt 0.881452 0.263766
vt 0.807550 0.525912
vt 0.800731 0.521704
vt 0.804992 0.516655
vt 0.890580 0.334104
vt 0.788116 0.815245
vt 0.642610 0.276748
vt 0.452230 0.372197
vt 0.446442 0.365696
vt 0.579489 0.852632
vt 0.571611 0.847477
vt 0.577840 0.841038
vt 0.132592 0.026230
vt 0.129592 0.038026
vt 0.811040 0.141632
vt 0.817720 0.147074
vt 0.759076 0.197730
vt 0.746914 0.189829
vt 0.398728 0.277058
vt 0.522241 0.280510
vt 0.511514 0.275862
vt 0.055858 0.533623
vt 0.433548 0.276315
vt 0.436485 0.265969
vt 0.757057 0.088059
vt 0.757832 0.075172
vt 0.764855 0.082928
vt 0.113781 0.701565
vt 0.101977 0.693681
vt 0.115465 0.692339
vt 0.566616 0.187748
vt 0.073546 0.875085
vt 0.332699 0.770513
vt 0.327023 0.765986
vt 0.331623 0.763656
vt 0.633407 0.322552
vt 0.642661 0.315844
vt 0.641231 0.329766
vt 0.502144 0.844479
vt 0.503855 0.836613
vt 0.510901 0.846814
vt 0.592209 0.836995
vt 0.595480 0.845802
vt 0.700319 0.013171
vt 0.699799 0.006317
vt 0.856109 0.191196
vt 0.543598 0.849058
vt 0.364453 0.410881
vt 0.377066 0.408024
vt 0.376436 0.415253
vt 0.075472 0.342097
vt 0.067892 0.332098
vt 0.325053 0.227990
vt 0.749506 0.317812
vt 0.757083 0.306017
vt 0.762762 0.317913
vt 0.384942 0.413329
vt 0.893969 0.320649
vt 0.703203 0.897359
vt 0.715309 0.899223
vt 0.711334 0.906897
vt 0.345757 0.381535
vt 0.353335 0.383421
vt 0.494391 0.776384
vt 0.501490 0.774643
vt 0.012831 0.346881
vt 0.018202 0.358202
vt 0.010310 0.355429
vt 0.079410 0.887865
vt 0.086991 0.886393
vt 0.947921 0.493644
vt 0.959192 0.492708
vt 0.952774 0.502473
vt 0.530199 0.278689
vt 0.532461 0.270846
vt 0.830854 0.161309
vt 0.831676 0.150572
vt 0.837670 0.154610
vt 0.053990 0.758162
vt 0.049904 0.767254
vt 0.664279 0.644337
vt 0.671440 0.630599
vt 0.677405 0.635633
vt 0.373286 0.767687
vt 0.630810 0.461561
vt 0.631180 0.473210
vt 0.626277 0.471226
vt 0.609692 0.421406
vt 0.604704 0.412318
vt 0.773274 0.520189
vt 0.763016 0.518500
vt 0.042796 0.418353
vt 0.510540 0.288882
vt 0.506498 0.279617
vt 0.557998 0.223915
vt 0.088688 0.511694
vt 0.081794 0.508861
vt 0.457474 0.390437
vt 0.577999 0.369354
vt 0.345908 0.401099
vt 0.340380 0.404967
vt 0.895351 0.228001
vt 0.198760 0.514471
vt 0.202938 0.520459
vt 0.190499 0.517902
vt 0.267450 0.794142
vt 0.443660 0.271915
vt 0.900901 0.318076
vt 0.898384 0.329604
vt 0.391325 0.585795
vt 0.840467 0.884684
vt 0.855400 0.881357
vt 0.317398 0.614600
vt 0.322256 0.608683
vt 0.897573 0.620327
vt 0.895499 0.611639
vt 0.904571 0.615781
vt 0.885075 0.326169
vt 0.880729 0.333877
vt 0.398900 0.414589
vt 0.358029 0.331476
vt 0.368333 0.337109
vt 0.541122 0.270997
vt 0.944618 0.223641
vt 0.948643 0.228814
vt 0.940130 0.231601
vt 0.367438 0.678542
vt 0.690917 0.031457
vt 0.942466 0.464933
vt 0.075009 0.286500
vt 0.610449 0.891184
vt 0.612593 0.902828
vt 0.607717 0.902828
vt 0.192755 0.524905
vt 0.063616 0.669209
vt 0.408395 0.414730
vt 0.793501 0.309102
vt 0.796916 0.300312
vt 0.656704 0.815551
vt 0.657440 0.820541
vt 0.651453 0.816764
vt 0.298803 0.838198
vt 0.610243 0.920156
vt 0.619282 0.907895
vt 0.619465 0.920156
vt 0.254678 0.228032
vt 0.260193 0.237977
vt 0.249359 0.233367
vt 0.591729 0.366594
vt 0.052556 0.410238
vt 0.536106 0.334196
vt 0.528183 0.341884
vt 0.517849 0.286718
vt 0.092695 0.632960
vt 0.082402 0.630318
vt 0.089502 0.627258
vt 0.892057 0.684599
vt 0.889570 0.677323
vt 0.222789 0.537130
vt 0.101736 0.634295
vt 0.104552 0.642299
vt 0.097187 0.640249
vt 0.335633 0.948498
vt 0.538084 0.324154
vt 0.086514 0.638548
vt 0.090353 0.650040
vt 0.949446 0.462787
vt 0.783673 0.500583
vt 0.082426 0.646126
vt 0.889028 0.101166
vt 0.938393 0.797043
vt 0.782220 0.523483
vt 0.072960 0.643984
vt 0.077393 0.636859
vt 0.284362 0.290820
vt 0.291916 0.294624
vt 0.288906 0.301285
vt 0.762127 0.425917
vt 0.550616 0.730185
vt 0.221553 0.108865
vt 0.225014 0.119310
vt 0.218102 0.123059
vt 0.053849 0.851141
vt 0.074192 0.652528
vt 0.852387 0.309244
vt 0.778955 0.877147
vt 0.773031 0.866869
vt 0.438255 0.240696
vt 0.444244 0.247918
vt 0.437041 0.249014
vt 0.825455 0.049745
vt 0.838652 0.049700
vt 0.333539 0.396163
vt 0.339073 0.394780
vt 0.084568 0.658394
vt 0.433566 0.036145
vt 0.096353 0.254418
vt 0.095971 0.265445
vt 0.227568 0.829660
vt 0.234691 0.818282
vt 0.234691 0.836507
vt 0.066087 0.640653
vt 0.435801 0.740272
vt 0.847436 0.865005
vt 0.853579 0.858049
vt 0.854880 0.871014
vt 0.110278 0.647294
vt 0.098349 0.647719
vt 0.599098 0.867696
vt 0.881419 0.351820
vt 0.349175 0.716990
vt 0.343896 0.707933
vt 0.286459 0.841683
vt 0.282754 0.850604
vt 0.274346 0.844597
vt 0.220292 0.821746
vt 0.224102 0.830091
vt 0.462608 0.780150
vt 0.471504 0.770195
vt 0.471504 0.785964
vt 0.774227 0.510302
vt 0.781775 0.508284
vt 0.779926 0.515884
vt 0.334941 0.312602
vt 0.924458 0.561104
vt 0.917448 0.568776
vt 0.031368 0.276992
vt 0.024487 0.283184
vt 0.956147 0.485053
vt 0.963795 0.485415
vt 0.451284 0.745897
vt 0.587360 0.704024
vt 0.805094 0.531766
vt 0.391402 0.404392
vt 0.393630 0.859774
vt 0.386143 0.861789
vt 0.384739 0.853271
vt 0.843738 0.775327
vt 0.842264 0.766328
vt 0.064065 0.649765
vt 0.097954 0.657011
vt 0.110593 0.628718
vt 0.058510 0.639004
vt 0.054158 0.633941
vt 0.064656 0.634559
vt 0.405134 0.408574
vt 0.913077 0.471545
vt 0.730291 0.270911
vt 0.731525 0.262353
vt 0.378811 0.400777
vt 0.367989 0.403000
vt 0.426571 0.086080
vt 0.438022 0.080037
vt 0.227568 0.844524
vt 0.234120 0.836507
vt 0.235421 0.844524
vt 0.907271 0.116326
vt 0.118700 0.650656
vt 0.906734 0.904825
vt 0.904479 0.898357
vt 0.913247 0.892347
vt 0.095458 0.666853
vt 0.845034 0.157874
vt 0.843215 0.168894
vt 0.578247 0.564750
vt 0.571338 0.564255
vt 0.300584 0.742072
vt 0.314527 0.748333
vt 0.063299 0.628573
vt 0.588210 0.883440
vt 0.585434 0.889986
vt 0.562808 0.856576
vt 0.594005 0.740836
vt 0.590005 0.732201
vt 0.597149 0.732915
vt 0.805982 0.665706
vt 0.807508 0.659328
vt 0.812687 0.666771
vt 0.360717 0.430177
vt 0.360715 0.440083
vt 0.504696 0.827928
vt 0.066728 0.618985
vt 0.051286 0.645934
vt 0.561006 0.890500
vt 0.805357 0.454324
vt 0.798841 0.458909
vt 0.798106 0.447929
vt 0.050996 0.361758
vt 0.062097 0.357662
vt 0.062989 0.366567
vt 0.513093 0.299433
vt 0.060101 0.657990
vt 0.051759 0.657591
vt 0.822981 0.721558
vt 0.831010 0.721677
vt 0.828931 0.730577
vt 0.043560 0.639636
vt 0.832372 0.434450
vt 0.842356 0.437129
vt 0.833195 0.441082
vt 0.073032 0.665509
vt 0.066573 0.661732
vt 0.490874 0.120910
vt 0.837217 0.374430
vt 0.828513 0.377406
vt 0.035272 0.912189
vt 0.041792 0.905461
vt 0.289665 0.267504
vt 0.290312 0.276268
vt 0.283373 0.271160
vt 0.523969 0.290127
vt 0.739774 0.206805
vt 0.362934 0.891707
vt 0.359632 0.882721
vt 0.771435 0.296449
vt 0.764919 0.304169
vt 0.415715 0.159832
vt 0.792365 0.426630
vt 0.060539 0.707671
vt 0.889672 0.090143
vt 0.889693 0.081850
vt 0.878700 0.342210
vt 0.060691 0.754164
vt 0.361715 0.847895
vt 0.349304 0.855505
vt 0.044440 0.650690
vt 0.060495 0.611211
vt 0.824491 0.550707
vt 0.595039 0.402238
vt 0.086937 0.666735
vt 0.011746 0.407866
vt 0.007690 0.396438
vt 0.017177 0.404508
vt 0.039284 0.646690
vt 0.957188 0.355842
vt 0.097353 0.609415
vt 0.101604 0.605069
vt 0.110282 0.608538
vt 0.081284 0.291978
vt 0.873151 0.864620
vt 0.886918 0.859038
vt 0.880031 0.870430
vt 0.774634 0.113379
vt 0.784505 0.108826
vt 0.092455 0.749888
vt 0.084864 0.739960
vt 0.092647 0.738140
vt 0.932962 0.238407
vt 0.938540 0.241723
vt 0.936773 0.250372
vt 0.123217 0.904504
vt 0.127631 0.896444
vt 0.889922 0.109474
vt 0.033376 0.641723
vt 0.429246 0.679101
vt 0.452352 0.425600
vt 0.445334 0.421869
vt 0.935810 0.500450
vt 0.342266 0.387965
vt 0.106492 0.679892
vt 0.097835 0.674639
vt 0.413817 0.398691
vt 0.419372 0.405151
vt 0.592632 0.493549
vt 0.597157 0.486602
vt 0.744718 0.497186
vt 0.743124 0.488621
vt 0.751791 0.497674
vt 0.418195 0.331154
vt 0.123219 0.689428
vt 0.118535 0.681405
vt 0.755811 0.415751
vt 0.742704 0.420754
vt 0.749582 0.409714
vt 0.569669 0.876469
vt 0.801526 0.945294
vt 0.805347 0.937890
vt 0.810947 0.949233
vt 0.569710 0.173977
vt 0.577664 0.174576
vt 0.297803 0.799919
vt 0.304614 0.792346
vt 0.451679 0.892130
vt 0.457263 0.897253
vt 0.763398 0.410760
vt 0.772783 0.408841
vt 0.106795 0.616936
vt 0.119774 0.613576
vt 0.398712 0.237771
vt 0.126170 0.656026
vt 0.405767 0.244916
vt 0.518381 0.299943
vt 0.526807 0.308450
vt 0.067555 0.674536
vt 0.120465 0.618756
vt 0.734713 0.415943
vt 0.036070 0.653783
vt 0.120800 0.748241
vt 0.271108 0.915707
vt 0.281664 0.915223
vt 0.275917 0.921486
vt 0.130883 0.982600
vt 0.674023 0.498163
vt 0.290796 0.891127
vt 0.158062 0.232821
vt 0.049155 0.284179
vt 0.613083 0.328554
vt 0.653065 0.934087
vt 0.799794 0.076778
vt 0.819171 0.055489
vt 0.825484 0.066597
vt 0.034047 0.630598
vt 0.332304 0.389988
vt 0.127665 0.617356
vt 0.059262 0.863152
vt 0.061108 0.851326
vt 0.540716 0.243242
vt 0.024138 0.639369
vt 0.029097 0.626139
vt 0.026209 0.632605
vt 0.451260 0.406299
vt 0.444510 0.413083
vt 0.110928 0.603836
vt 0.103345 0.600565
vt 0.778445 0.415988
vt 0.575705 0.572283
vt 0.587319 0.569913
vt 0.582564 0.580081
vt 0.699090 0.028526
vt 0.532400 0.286331
vt 0.542963 0.283072
vt 0.812676 0.614026
vt 0.618970 0.237927
vt 0.600662 0.238534
vt 0.117974 0.608612
vt 0.142027 0.262969
vt 0.135052 0.267900
vt 0.137651 0.256476
vt 0.026149 0.646758
vt 0.779887 0.408600
vt 0.563515 0.237101
vt 0.641066 0.610397
vt 0.639659 0.599194
vt 0.579109 0.182489
vt 0.046914 0.738891
vt 0.136062 0.835424
vt 0.930848 0.743325
vt 0.941077 0.748894
vt 0.937770 0.754859
vt 0.414685 0.739284
vt 0.414615 0.731152
vt 0.422505 0.728228
vt 0.528516 0.298138
vt 0.517597 0.823002
vt 0.881651 0.371583
vt 0.885384 0.365915
vt 0.893948 0.375924
vt 0.142528 0.657613
vt 0.133807 0.658594
vt 0.418121 0.747461
vt 0.210603 0.862098
vt 0.591682 0.236368
vt 0.587435 0.246368
vt 0.586350 0.606739
vt 0.268569 0.233816
vt 0.265652 0.243395
vt 0.127186 0.662928
vt 0.137215 0.668415
vt 0.065372 0.227496
vt 0.062441 0.216866
vt 0.290238 0.285471
vt 0.301120 0.292329
vt 0.622255 0.430805
vt 0.615633 0.426528
vt 0.092849 0.682670
vt 0.088281 0.688696
vt 0.721316 0.427794
vt 0.740330 0.428957
vt 0.746739 0.105932
vt 0.759102 0.105453
vt 0.758857 0.112574
vt 0.110632 0.792312
vt 0.398212 0.851616
vt 0.636761 0.313106
vt 0.524267 0.883554
vt 0.520520 0.874757
vt 0.531773 0.882771
vt 0.313240 0.791511
vt 0.549898 0.267722
vt 0.108496 0.321951
vt 0.072311 0.370188
vt 0.181793 0.156662
vt 0.183828 0.167636
vt 0.174888 0.164129
vt 0.748071 0.259893
vt 0.736323 0.420867
vt 0.734364 0.427286
vt 0.673064 0.753789
vt 0.678264 0.744644
vt 0.684741 0.754653
vt 0.500762 0.875893
vt 0.065146 0.844480
vt 0.384213 0.392492
vt 0.789792 0.419308
vt 0.110998 0.686046
vt 0.726107 0.244706
vt 0.729674 0.235896
vt 0.533332 0.875316
vt 0.928732 0.209296
vt 0.939438 0.213716
vt 0.433770 0.392965
vt 0.445517 0.389051
vt 0.441835 0.395284
vt 0.100163 0.063571
vt 0.108600 0.058183
vt 0.107272 0.065707
vt 0.427607 0.122044
vt 0.426311 0.111817
vt 0.437652 0.115853
vt 0.557759 0.696201
vt 0.568608 0.691309
vt 0.438078 0.294356
vt 0.440030 0.284650
vt 0.447762 0.293413
vt 0.237809 0.123438
vt 0.223561 0.131526
vt 0.511323 0.307400
vt 0.072056 0.630855
vt 0.932968 0.630773
vt 0.940012 0.624432
vt 0.940560 0.637593
vt 0.032254 0.523418
vt 0.822254 0.124185
vt 0.814532 0.117856
vt 0.819277 0.112552
vt 0.820985 0.472722
vt 0.813978 0.484408
vt 0.813373 0.471797
vt 0.871869 0.309110
vt 0.149555 0.660592
vt 0.143880 0.666775
vt 0.517394 0.879548
vt 0.613389 0.433529
vt 0.335148 0.384310
vt 0.206564 0.514747
vt 0.891030 0.866289
vt 0.893033 0.883540
vt 0.837313 0.489940
vt 0.834531 0.502470
vt 0.829160 0.489955
vt 0.455892 0.299554
vt 0.448766 0.302690
vt 0.147571 0.887549
vt 0.031039 0.682673
vt 0.481642 0.817296
vt 0.484749 0.809610
vt 0.115477 0.672983
vt 0.366917 0.383074
vt 0.363170 0.395153
vt 0.096920 0.294611
vt 0.106201 0.288164
vt 0.508431 0.877389
vt 0.512837 0.872972
vt 0.821994 0.845548
vt 0.818592 0.836267
vt 0.827162 0.841618
vt 0.048660 0.731569
vt 0.924130 0.539773
vt 0.920117 0.547902
vt 0.376075 0.392285
vt 0.803697 0.442954
vt 0.668563 0.285196
vt 0.814308 0.350181
vt 0.821266 0.343828
vt 0.772085 0.221755
vt 0.765203 0.225903
vt 0.065050 0.857338
vt 0.596415 0.704244
vt 0.605433 0.705225
vt 0.379806 0.299217
vt 0.899982 0.712863
vt 0.908524 0.708916
vt 0.813091 0.932117
vt 0.810422 0.923361
vt 0.817675 0.922980
vt 0.861054 0.170186
vt 0.798820 0.009656
vt 0.806562 0.009622
vt 0.804754 0.018337
vt 0.572652 0.227619
vt 0.923725 0.846864
vt 0.931093 0.845601
vt 0.299482 0.730125
vt 0.304693 0.724547
vt 0.788134 0.468377
vt 0.801395 0.466165
vt 0.793839 0.476378
vt 0.459232 0.425105
vt 0.596069 0.053941
vt 0.602987 0.057590
vt 0.810467 0.460858
vt 0.011622 0.707353
vt 0.008189 0.698528
vt 0.224102 0.662653
vt 0.227318 0.657451
vt 0.227318 0.670908
vt 0.575989 0.239709
vt 0.568390 0.244990
vt 0.901388 0.684180
vt 0.224379 0.547877
vt 0.229078 0.540129
vt 0.356708 0.929813
vt 0.348316 0.922869
vt 0.036260 0.941867
vt 0.030726 0.935924
vt 0.036260 0.930438
vt 0.581610 0.741422
vt 0.575819 0.744923
vt 0.576490 0.735303
vt 0.097870 0.701981
vt 0.132737 0.249852
vt 0.531895 0.815366
vt 0.522463 0.816226
vt 0.527135 0.804098
vt 0.029512 0.404807
vt 0.103320 0.297220
vt 0.143158 0.674122
vt 0.074424 0.236314
vt 0.556244 0.307143
vt 0.557725 0.315014
vt 0.112517 0.891396
vt 0.117003 0.883447
vt 0.121516 0.890696
vt 0.887384 0.628814
vt 0.403524 0.264989
vt 0.390587 0.266072
vt 0.394857 0.259787
vt 0.512345 0.771870
vt 0.502989 0.768191
vt 0.290845 0.793863
vt 0.291897 0.834114
vt 0.722443 0.216440
vt 0.521700 0.869022
vt 0.534191 0.867894
vt 0.134595 0.720471
vt 0.143558 0.722623
vt 0.139467 0.729586
vt 0.726357 0.431624
vt 0.730309 0.440680
vt 0.803393 0.863752
vt 0.111477 0.267413
vt 0.117960 0.274140
vt 0.111723 0.278298
vt 0.820760 0.417923
vt 0.208246 0.678290
vt 0.218145 0.688525
vt 0.236942 0.912773
vt 0.233219 0.903310
vt 0.615607 0.380024
vt 0.621146 0.385921
vt 0.613350 0.386001
vt 0.772366 0.438255
vt 0.792321 0.453111
vt 0.910276 0.856043
vt 0.923726 0.855353
vt 0.921595 0.865194
vt 0.051221 0.865607
vt 0.825083 0.393595
vt 0.838906 0.398697
vt 0.833254 0.402952
vt 0.785171 0.131376
vt 0.691653 0.734174
vt 0.486959 0.925168
vt 0.472611 0.936723
vt 0.021189 0.679318
vt 0.084145 0.726987
vt 0.096367 0.729355
vt 0.346604 0.904855
vt 0.405650 0.822173
vt 0.401479 0.826361
vt 0.150016 0.517058
vt 0.614976 0.463217
vt 0.620191 0.465607
vt 0.608063 0.467064
vt 0.647079 0.324405
vt 0.650592 0.313027
vt 0.659445 0.322717
vt 0.567518 0.252326
vt 0.558051 0.259630
vt 0.183163 0.870023
vt 0.192092 0.865972
vt 0.192092 0.875267
vt 0.845298 0.193624
vt 0.018654 0.670400
vt 0.012633 0.668148
vt 0.187863 0.716570
vt 0.181791 0.709954
vt 0.200197 0.714531
vt 0.427208 0.195178
vt 0.436544 0.203487
vt 0.736063 0.859999
vt 0.071466 0.694888
vt 0.080250 0.691869
vt 0.894622 0.363319
vt 0.551542 0.745875
vt 0.050258 0.694325
vt 0.922988 0.521056
vt 0.912538 0.523105
vt 0.912730 0.509004
vt 0.330001 0.623773
vt 0.320702 0.623942
vt 0.659273 0.661769
vt 0.657976 0.668014
vt 0.810377 0.400526
vt 0.810979 0.041437
vt 0.129895 0.239531
vt 0.571330 0.571762
vt 0.574786 0.580434
vt 0.904336 0.564138
vt 0.895582 0.566492
vt 0.898606 0.559359
vt 0.054399 0.700182
vt 0.558115 0.881032
vt 0.949517 0.567413
vt 0.947772 0.573502
vt 0.307520 0.887607
vt 0.126381 0.841035
vt 0.125394 0.849009
vt 0.201815 0.621659
vt 0.123318 0.702718
vt 0.130039 0.710761
vt 0.906518 0.331137
vt 0.029868 0.693835
vt 0.018706 0.688482
vt 0.719608 0.242078
vt 0.918438 0.198932
vt 0.587126 0.644353
vt 0.774481 0.321454
vt 0.829762 0.425959
vt 0.731324 0.449088
vt 0.008428 0.433522
vt 0.355999 0.940459
vt 0.880434 0.888107
vt 0.891678 0.883540
vt 0.204102 0.656222
vt 0.599809 0.300312
vt 0.739393 0.450173
vt 0.310069 0.219888
vt 0.316683 0.218734
vt 0.626619 0.602074
vt 0.780671 0.307417
vt 0.787296 0.297789
vt 0.666895 0.618329
vt 0.886433 0.565895
vt 0.892008 0.573212
vt 0.718762 0.434424
vt 0.821295 0.906232
vt 0.820988 0.914873
vt 0.889567 0.904645
vt 0.891769 0.890790
vt 0.582455 0.275430
vt 0.594318 0.276375
vt 0.586561 0.284103
vt 0.041224 0.870470
vt 0.577951 0.285480
vt 0.338920 0.930087
vt 0.307233 0.273259
vt 0.305691 0.263402
vt 0.313285 0.265968
vt 0.751730 0.486018
vt 0.746522 0.482727
vt 0.083419 0.705503
vt 0.592282 0.063722
vt 0.584119 0.063067
vt 0.824705 0.401791
vt 0.101248 0.708648
vt 0.088917 0.710386
vt 0.009378 0.366235
vt 0.009002 0.374569
vt 0.499475 0.860403
vt 0.606193 0.286631
vt 0.957367 0.282996
vt 0.956803 0.292962
vt 0.948088 0.282416
vt 0.881273 0.089216
vt 0.880992 0.098975
vt 0.568546 0.284847
vt 0.287015 0.788891
vt 0.296255 0.787088
vt 0.487864 0.854170
vt 0.090111 0.696494
vt 0.013649 0.683710
vt 0.011210 0.677323
vt 0.657184 0.655348
vt 0.008451 0.663817
vt 0.105874 0.717530
vt 0.102804 0.725484
vt 0.100754 0.735820
vt 0.928824 0.494789
vt 0.939360 0.490194
vt 0.577207 0.248695
vt 0.038098 0.690179
vt 0.857880 0.795517
vt 0.848398 0.800952
vt 0.678110 0.291814
vt 0.683487 0.290300
vt 0.683103 0.302369
vt 0.308473 0.665860
vt 0.305624 0.673710
vt 0.822118 0.482867
vt 0.828215 0.475330
vt 0.435589 0.104240
vt 0.808952 0.898111
vt 0.948565 0.788271
vt 0.124317 0.962807
vt 0.766086 0.891899
vt 0.775264 0.883761
vt 0.777540 0.891642
vt 0.039899 0.702105
vt 0.045216 0.707175
vt 0.414033 0.386454
vt 0.431315 0.243912
vt 0.403122 0.664368
vt 0.078149 0.716881
vt 0.343025 0.851918
vt 0.569964 0.259646
vt 0.165882 0.628298
vt 0.167932 0.636739
vt 0.098339 0.744334
vt 0.100882 0.751097
vt 0.578627 0.257845
vt 0.281410 0.817574
vt 0.274037 0.819226
vt 0.277745 0.809101
vt 0.095704 0.719246
vt 0.086469 0.719190
vt 0.458207 0.416919
vt 0.885166 0.122545
vt 0.493039 0.235166
vt 0.608386 0.871924
vt 0.358943 0.377151
vt 0.821832 0.491922
vt 0.054498 0.179950
vt 0.062300 0.176533
vt 0.061312 0.189091
vt 0.868572 0.947482
vt 0.875773 0.934509
vt 0.883103 0.940462
vt 0.583650 0.551255
vt 0.602163 0.070856
vt 0.603197 0.293367
vt 0.583840 0.673109
vt 0.580705 0.681693
vt 0.574837 0.675830
vt 0.179369 0.862719
vt 0.182965 0.856383
vt 0.118459 0.956237
vt 0.856269 0.757483
vt 0.846837 0.754387
vt 0.446141 0.609769
vt 0.445345 0.618188
vt 0.439430 0.605324
vt 0.562797 0.279811
vt 0.753159 0.855708
vt 0.743213 0.854560
vt 0.882240 0.608448
vt 0.886057 0.599297
vt 0.891111 0.605030
vt 0.501554 0.852252
vt 0.237314 0.532838
vt 0.032930 0.704324
vt 0.748969 0.450551
vt 0.449385 0.780198
vt 0.348677 0.660370
vt 0.083861 0.400218
vt 0.406363 0.336674
vt 0.857145 0.409860
vt 0.588609 0.848909
vt 0.739511 0.868155
vt 0.021003 0.367071
vt 0.494528 0.848883
vt 0.595132 0.890241
vt 0.530248 0.771280
vt 0.107173 0.211980
vt 0.109005 0.203785
vt 0.690817 0.709447
vt 0.682644 0.712106
vt 0.874228 0.064867
vt 0.951915 0.220315
vt 0.962521 0.225963
vt 0.457638 0.279804
vt 0.448025 0.280697
vt 0.005507 0.450882
vt 0.411618 0.365161
vt 0.401615 0.368812
vt 0.005739 0.674364
vt 0.263698 0.214648
vt 0.254308 0.209158
vt 0.835507 0.166961
vt 0.758959 0.452904
vt 0.890361 0.643247
vt 0.458052 0.405934
vt 0.452063 0.414179
vt 0.052987 0.708618
vt 0.682040 0.770435
vt 0.596035 0.880977
vt 0.591402 0.872175
vt 0.057718 0.823759
vt 0.050495 0.828251
vt 0.825800 0.382950
vt 0.822029 0.390830
vt 0.815349 0.385428
vt 0.778924 0.217497
vt 0.776438 0.154197
vt 0.785974 0.145314
vt 0.787424 0.156898
vt 0.483437 0.844624
vt 0.738960 0.482666
vt 0.670365 0.518777
vt 0.677656 0.523488
vt 0.676353 0.338406
vt 0.680166 0.328013
vt 0.129777 0.901973
vt 0.131668 0.910949
vt 0.542308 0.317683
vt 0.918461 0.120340
vt 0.917923 0.111482
vt 0.053325 0.740998
vt 0.056396 0.746694
vt 0.685109 0.627748
vt 0.084890 0.300085
vt 0.644817 0.290049
vt 0.791906 0.221859
vt 0.786732 0.229937
vt 0.778592 0.226404
vt 0.803631 0.297558
vt 0.886335 0.653002
vt 0.960492 0.303672
vt 0.777631 0.795517
vt 0.349300 0.644113
vt 0.344310 0.655351
vt 0.845733 0.808771
vt 0.514883 0.328165
vt 0.522240 0.340870
vt 0.799953 0.358266
vt 0.073014 0.727753
vt 0.665029 0.832063
vt 0.657050 0.839956
vt 0.659066 0.828131
vt 0.071724 0.884129
vt 0.763435 0.457700
vt 0.434381 0.399277
vt 0.424717 0.395723
vt 0.037386 0.715463
vt 0.436565 0.581356
vt 0.440040 0.572620
vt 0.142717 0.704615
vt 0.139774 0.711643
vt 0.082949 0.202634
vt 0.615252 0.305488
vt 0.467762 0.862966
vt 0.472471 0.860357
vt 0.472471 0.877135
vt 0.583672 0.237534
vt 0.312848 0.755656
vt 0.843360 0.816620
vt 0.900015 0.902249
vt 0.362767 0.941461
vt 0.910811 0.717531
vt 0.917771 0.713106
vt 0.775143 0.234313
vt 0.067183 0.823858
vt 0.766823 0.117023
vt 0.761693 0.122890
vt 0.458256 0.010301
vt 0.459947 0.000000
vt 0.465307 0.006016
vt 0.515123 0.349745
vt 0.515601 0.339142
vt 0.234106 0.708844
vt 0.227371 0.697937
vt 0.435946 0.620406
vt 0.370689 0.373386
vt 0.277802 0.297403
vt 0.266321 0.297630
vt 0.081602 0.747472
vt 0.093159 0.217167
vt 0.089035 0.206513
vt 0.842712 0.601461
vt 0.134505 0.842470
vt 0.848304 0.397451
vt 0.846299 0.407126
vt 0.298110 0.895275
vt 0.234198 0.774019
vt 0.487179 0.894538
vt 0.491273 0.891184
vt 0.494724 0.901602
vt 0.598759 0.514960
vt 0.589918 0.518765
vt 0.007778 0.688312
vt 0.579631 0.639229
vt 0.592193 0.537746
vt 0.589176 0.546900
vt 0.308650 0.848369
vt 0.316728 0.858478
vt 0.451754 0.046464
vt 0.454659 0.036359
vt 0.815006 0.519223
vt 0.816001 0.511093
vt 0.789563 0.005171
vt 0.802213 0.004976
vt 0.000000 0.688370
vt 0.000830 0.679376
vt 0.144065 0.858335
vt 0.138590 0.867524
vt 0.136406 0.859680
vt 0.382018 0.368964
vt 0.766768 0.822980
vt 0.763401 0.815971
vt 0.832262 0.614802
vt 0.477075 0.835277
vt 0.482001 0.832344
vt 0.846622 0.478597
vt 0.837864 0.482297
vt 0.721245 0.856068
vt 0.900737 0.575237
vt 0.910893 0.572289
vt 0.911977 0.581953
vt 0.850558 0.825191
vt 0.724010 0.899425
vt 0.545591 0.327949
vt 0.043181 0.364158
vt 0.039882 0.371575
vt 0.035122 0.359000
vt 0.039132 0.219585
vt 0.048382 0.224277
vt 0.562902 0.950360
vt 0.839415 0.249051
vt 0.925656 0.780458
vt 0.921664 0.750050
vt 0.148810 0.702960
vt 0.787463 0.336976
vt 0.417058 0.375025
vt 0.409506 0.376950
vt 0.130237 0.733092
vt 0.878934 0.569874
vt 0.879627 0.561847
vt 0.404903 0.206449
vt 0.031175 0.373732
vt 0.813917 0.823869
vt 0.810836 0.830993
vt 0.567760 0.298138
vt 0.016831 0.712292
vt 0.022868 0.714175
vt 0.529333 0.351843
vt 0.768408 0.153423
vt 0.761312 0.160230
vt 0.757455 0.150103
vt 0.579983 0.022069
vt 0.706021 0.454213
vt 0.494669 0.840366
vt 0.029985 0.718302
vt 0.022835 0.723913
vt 0.439456 0.713121
vt 0.097431 0.786077
vt 0.283903 0.890807
vt 0.692816 0.669423
vt 0.685015 0.660638
vt 0.693957 0.661586
vt 0.781495 0.427559
vt 0.567581 0.602759
vt 0.559683 0.598722
vt 0.572112 0.592316
vt 0.445409 0.069508
vt 0.446550 0.057683
vt 0.926082 0.627298
vt 0.914338 0.623951
vt 0.182845 0.746356
vt 0.192998 0.743678
vt 0.927965 0.146169
vt 0.677450 0.817371
vt 0.668907 0.821804
vt 0.670175 0.814930
vt 0.255727 0.217501
vt 0.261255 0.222294
vt 0.438822 0.368977
vt 0.426953 0.369578
vt 0.075609 0.784932
vt 0.526005 0.845174
vt 0.307301 0.356970
vt 0.315382 0.358786
vt 0.687514 0.614254
vt 0.587651 0.269555
vt 0.596694 0.209842
vt 0.591025 0.218946
vt 0.894659 0.707432
vt 0.082410 0.755951
vt 0.139881 0.639266
vt 0.028074 0.364210
vt 0.216730 0.811085
vt 0.214215 0.815686
vt 0.571514 0.855243
vt 0.583822 0.523419
vt 0.591339 0.527123
vt 0.835716 0.319678
vt 0.555719 0.704397
vt 0.565635 0.699492
vt 0.560685 0.709406
vt 0.064672 0.834307
vt 0.784918 0.896269
vt 0.917746 0.694942
vt 0.919704 0.704745
vt 0.341598 0.360923
vt 0.175698 0.616469
vt 0.927910 0.513691
vt 0.081739 0.835894
vt 0.084005 0.766497
vt 0.283319 0.798755
vt 0.132951 0.824630
vt 0.134553 0.819883
vt 0.141819 0.826787
vt 0.091442 0.350913
vt 0.081189 0.350573
vt 0.523454 0.347636
vt 0.664353 0.673505
vt 0.625253 0.286973
vt 0.147732 0.712233
vt 0.600003 0.793343
vt 0.922255 0.127087
vt 0.913078 0.132505
vt 0.083901 0.774006
vt 0.075899 0.777918
vt 0.649914 0.891942
vt 0.649332 0.902479
vt 0.644399 0.896500
vt 0.003270 0.695589
vt 0.301052 0.696394
vt 0.307258 0.688235
vt 0.313535 0.697072
vt 0.097748 0.970628
vt 0.097834 0.962177
vt 0.104717 0.964772
vt 0.879969 0.107946
vt 0.719495 0.160216
vt 0.711877 0.170369
vt 0.711802 0.158333
vt 0.861175 0.311367
vt 0.864277 0.320499
vt 0.856858 0.318939
vt 0.753564 0.327257
vt 0.759216 0.339876
vt 0.754594 0.338049
vt 0.510040 0.822794
vt 0.513243 0.829742
vt 0.601406 0.875009
vt 0.644290 0.303253
vt 0.637861 0.304922
vt 0.252896 0.808033
vt 0.050910 0.369812
vt 0.631618 0.253585
vt 0.472080 0.621644
vt 0.472611 0.628790
vt 0.467802 0.628433
vt 0.719461 0.465114
vt 0.066008 0.771687
vt 0.065822 0.779591
vt 0.310678 0.209359
vt 0.788602 0.372220
vt 0.085080 0.930438
vt 0.085080 0.938581
vt 0.078120 0.936155
vt 0.465484 0.668391
vt 0.460063 0.673342
vt 0.460627 0.660831
vt 0.727883 0.306945
vt 0.732094 0.295938
vt 0.737717 0.307697
vt 0.783295 0.099930
vt 0.443646 0.804214
vt 0.435977 0.796337
vt 0.624851 0.260693
vt 0.729282 0.919433
vt 0.931641 0.854350
vt 0.412054 0.181670
vt 0.593589 0.375258
vt 0.102466 0.915763
vt 0.325903 0.343474
vt 0.675661 0.707744
vt 0.688573 0.676496
vt 0.691748 0.687846
vt 0.706456 0.465003
vt 0.938015 0.907443
vt 0.932481 0.905688
vt 0.938015 0.899115
vt 0.462608 0.793505
vt 0.467951 0.793593
vt 0.465425 0.801608
vt 0.058030 0.769226
vt 0.844864 0.825955
vt 0.023888 0.937606
vt 0.030726 0.930438
vt 0.030726 0.939898
vt 0.279806 0.281675
vt 0.031471 0.228404
vt 0.518421 0.781337
vt 0.542652 0.859241
vt 0.154111 0.686999
vt 0.154995 0.694963
vt 0.565073 0.309931
vt 0.671738 0.675227
vt 0.680516 0.676127
vt 0.713942 0.470727
vt 0.111177 0.293260
vt 0.045356 0.209371
vt 0.053056 0.211409
vt 0.036713 0.212040
vt 0.054449 0.350367
vt 0.046452 0.352962
vt 0.419745 0.127659
vt 0.013455 0.721503
vt 0.092564 0.841743
vt 0.089383 0.829613
vt 0.597726 0.217058
vt 0.602640 0.801229
vt 0.121168 0.765871
vt 0.115994 0.770484
vt 0.927467 0.548112
vt 0.928336 0.214834
vt 0.803526 0.191332
vt 0.809784 0.201295
vt 0.924860 0.878539
vt 0.927656 0.869075
vt 0.355920 0.951760
vt 0.345601 0.956315
vt 0.350076 0.945036
vt 0.575733 0.774906
vt 0.268253 0.305249
vt 0.266749 0.315809
vt 0.260580 0.310724
vt 0.580297 0.917402
vt 0.579115 0.923166
vt 0.521935 0.237700
vt 0.793692 0.865280
vt 0.465616 0.901904
vt 0.568849 0.017858
vt 0.662776 0.315118
vt 0.243296 0.292463
vt 0.237809 0.301469
vt 0.299693 0.274948
vt 0.846746 0.871070
vt 0.684232 0.762711
vt 0.113391 0.777483
vt 0.115759 0.784841
vt 0.581974 0.626247
vt 0.585016 0.634141
vt 0.123986 0.213655
vt 0.118674 0.206556
vt 0.725917 0.152613
vt 0.735867 0.146831
vt 0.737579 0.155305
vt 0.235774 0.657451
vt 0.552909 0.085152
vt 0.107144 0.768491
vt 0.713249 0.479935
vt 0.433660 0.255784
vt 0.295668 0.776769
vt 0.304984 0.783914
vt 0.251325 0.305692
vt 0.243636 0.306277
vt 0.121927 0.778340
vt 0.041772 0.934406
vt 0.046885 0.930438
vt 0.046885 0.942385
vt 0.147092 0.867121
vt 0.867894 0.189422
vt 0.037241 0.750572
vt 0.861818 0.185068
vt 0.855705 0.181985
vt 0.041405 0.767437
vt 0.141417 0.738059
vt 0.135994 0.742029
vt 0.697415 0.881427
vt 0.690612 0.878727
vt 0.829671 0.135808
vt 0.835902 0.131875
vt 0.834038 0.143654
vt 0.572921 0.291745
vt 0.447393 0.212915
vt 0.793831 0.510996
vt 0.839525 0.756899
vt 0.831775 0.766625
vt 0.569222 0.621782
vt 0.857308 0.828151
vt 0.053650 0.902883
vt 0.059958 0.903125
vt 0.759975 0.482617
vt 0.602970 0.277017
vt 0.936368 0.285664
vt 0.034124 0.760600
vt 0.650145 0.298033
vt 0.307980 0.773843
vt 0.006793 0.338998
vt 0.011914 0.335980
vt 0.828377 0.642276
vt 0.826845 0.653211
vt 0.365621 0.295260
vt 0.863590 0.416985
vt 0.423286 0.379107
vt 0.637929 0.833906
vt 0.605685 0.384251
vt 0.453374 0.221426
vt 0.847467 0.851294
vt 0.811127 0.321833
vt 0.818114 0.314977
vt 0.823671 0.326045
vt 0.878959 0.223637
vt 0.562072 0.727909
vt 0.910460 0.848434
vt 0.025151 0.735643
vt 0.099433 0.315532
vt 0.089901 0.316322
vt 0.670237 0.744693
vt 0.676812 0.737909
vt 0.118024 0.794776
vt 0.267655 0.923319
vt 0.122233 0.790210
vt 0.841725 0.145850
vt 0.549258 0.128966
vt 0.126321 0.802109
vt 0.419568 0.366513
vt 0.554635 0.407878
vt 0.555012 0.412951
vt 0.545835 0.409909
vt 0.428622 0.859757
vt 0.438122 0.871298
vt 0.033993 0.767655
vt 0.838680 0.572136
vt 0.501918 0.895484
vt 0.503621 0.904528
vt 0.083172 0.373591
vt 0.569907 0.927496
vt 0.536793 0.757877
vt 0.799344 0.215163
vt 0.806693 0.223859
vt 0.799483 0.227210
vt 0.233572 0.673188
vt 0.015958 0.735589
vt 0.275734 0.316022
vt 0.285216 0.316324
vt 0.236518 0.873822
vt 0.236775 0.884145
vt 0.222561 0.872856
vt 0.394017 0.341506
vt 0.409703 0.344409
vt 0.076305 0.830682
vt 0.567518 0.954598
vt 0.835238 0.578939
vt 0.341022 0.917357
vt 0.135372 0.019441
vt 0.842845 0.719310
vt 0.407110 0.897759
vt 0.407110 0.907953
vt 0.398615 0.907924
vt 0.277486 0.307071
vt 0.022194 0.775258
vt 0.026808 0.768080
vt 0.030357 0.777265
vt 0.545687 0.401340
vt 0.557335 0.395504
vt 0.556301 0.402669
vt 0.967649 0.029026
vt 0.974408 0.034624
vt 0.472611 0.827032
vt 0.476466 0.819859
vt 0.603430 0.250580
vt 0.566461 0.753762
vt 0.550765 0.754073
vt 0.827156 0.143549
vt 0.824345 0.157481
vt 0.245793 0.926155
vt 0.448037 0.532137
vt 0.609102 0.802769
vt 0.840062 0.737081
vt 0.132395 0.783986
vt 0.091428 0.806479
vt 0.597171 0.284200
vt 0.127348 0.787088
vt 0.035775 0.783483
vt 0.274786 0.270596
vt 0.311164 0.709433
vt 0.821194 0.932862
vt 0.823758 0.944024
vt 0.816667 0.940241
vt 0.951977 0.560225
vt 0.570336 0.328779
vt 0.472611 0.011869
vt 0.464771 0.017449
vt 0.438360 0.900816
vt 0.380841 0.876841
vt 0.376999 0.886923
vt 0.373376 0.875396
vt 0.211862 0.694337
vt 0.905410 0.369084
vt 0.431886 0.852360
vt 0.795903 0.335379
vt 0.539595 0.778865
vt 0.541710 0.770942
vt 0.934706 0.520482
vt 0.666927 0.492013
vt 0.676918 0.492279
vt 0.022354 0.782801
vt 0.854473 0.334906
vt 0.854344 0.343097
vt 0.307210 0.319863
vt 0.300634 0.315893
vt 0.290383 0.899305
vt 0.296985 0.905282
vt 0.287278 0.908783
vt 0.363350 0.737658
vt 0.014313 0.727916
vt 0.605424 0.920905
vt 0.597929 0.925645
vt 0.136108 0.790789
vt 0.569749 0.344376
vt 0.568943 0.336983
vt 0.433174 0.331743
vt 0.488829 0.801946
vt 0.150917 0.932441
vt 0.855751 0.447634
vt 0.849626 0.437190
vt 0.407060 0.606258
vt 0.047155 0.894960
vt 0.265071 0.911613
vt 0.837255 0.545765
vt 0.582967 0.320928
vt 0.022229 0.909126
vt 0.032156 0.905084
vt 0.204587 0.727351
vt 0.210336 0.724113
vt 0.208059 0.738187
vt 0.059165 0.202051
vt 0.303322 0.298524
vt 0.296310 0.301845
vt 0.907080 0.352809
vt 0.455911 0.383139
vt 0.892499 0.585163
vt 0.033756 0.793314
vt 0.879347 0.359923
vt 0.192262 0.532468
vt 0.047467 0.536608
vt 0.614774 0.231607
vt 0.603880 0.230137
vt 0.899043 0.596691
vt 0.906823 0.587318
vt 0.908794 0.601020
vt 0.143291 0.747080
vt 0.131224 0.794067
vt 0.674385 0.923425
vt 0.664044 0.924310
vt 0.801313 0.474218
vt 0.997313 0.044034
vt 0.991265 0.042815
vt 1.000000 0.035792
vt 0.381029 0.211437
vt 0.142372 0.769975
vt 0.141846 0.781901
vt 0.880424 0.619197
vt 0.871730 0.621259
vt 0.873641 0.612095
vt 0.015800 0.765366
vt 0.927678 0.529998
vt 0.084139 0.314488
vt 0.449019 0.379796
vt 0.565679 0.394586
vt 0.125549 0.231279
vt 0.224102 0.677960
vt 0.227320 0.670908
vt 0.227320 0.683180
vt 0.946134 0.794408
vt 0.190924 0.540198
vt 0.440483 0.128356
vt 0.056009 0.787014
vt 0.576899 0.382202
vt 0.571158 0.389073
vt 0.563888 0.381853
vt 0.440365 0.812454
vt 0.437298 0.807260
vt 0.257773 0.912968
vt 0.247320 0.920190
vt 0.132951 0.917750
vt 0.165860 0.938333
vt 0.158014 0.934127
vt 0.165860 0.929446
vt 0.767621 0.105617
vt 0.421831 0.355248
vt 0.124500 0.949639
vt 0.828340 0.666955
vt 0.093148 0.820914
vt 0.083018 0.825794
vt 0.632467 0.412791
vt 0.649914 0.928559
vt 0.644583 0.918481
vt 0.649914 0.912542
vt 0.305124 0.895158
vt 0.738404 0.492376
vt 0.733268 0.477457
vt 0.147545 0.779018
vt 0.147137 0.786985
vt 0.797515 0.485033
vt 0.786134 0.481322
vt 0.815464 0.844256
vt 0.808739 0.478775
vt 0.569250 0.159043
vt 0.658246 0.331037
vt 0.655097 0.341389
vt 0.650013 0.332220
vt 0.828185 0.198680
vt 0.827445 0.190060
vt 0.834424 0.193075
vt 0.448007 0.242572
vt 0.405935 0.850117
vt 0.410405 0.840979
vt 0.410405 0.855112
vt 0.009578 0.772555
vt 0.011162 0.761623
vt 0.577201 0.412467
vt 0.563800 0.415366
vt 0.563215 0.232006
vt 0.572820 0.232764
vt 0.528018 0.892312
vt 0.939515 0.527995
vt 0.744894 0.833729
vt 0.736745 0.835919
vt 0.845077 0.373999
vt 0.837829 0.381638
vt 0.578465 0.392684
vt 0.612801 0.281823
vt 0.896014 0.694423
vt 0.064044 0.560358
vt 0.668052 0.873790
vt 0.674470 0.865224
vt 0.675330 0.873144
vt 0.562139 0.388115
vt 0.174979 0.649238
vt 0.174521 0.637374
vt 0.364271 0.950653
vt 0.923730 0.680532
vt 0.919275 0.685275
vt 0.308798 0.280909
vt 0.302382 0.284168
vt 0.571949 0.376716
vt 0.292793 0.723317
vt 0.933830 0.588341
vt 0.926559 0.586116
vt 0.858961 0.441155
vt 0.038289 0.296210
vt 0.041257 0.285965
vt 0.801030 0.374364
vt 0.678864 0.882989
vt 0.672990 0.880664
vt 0.017718 0.771966
vt 0.578013 0.689175
vt 0.572704 0.698170
vt 0.274785 0.862469
vt 0.285953 0.867464
vt 0.272404 0.933070
vt 0.277974 0.929119
vt 0.277974 0.942789
vt 0.217964 0.610914
vt 0.866490 0.864230
vt 0.007866 0.781902
vt 0.013953 0.780092
vt 0.595966 0.224736
vt 0.707415 0.483604
vt 0.704985 0.495884
vt 0.700319 0.489990
vt 0.658231 0.682072
vt 0.509366 0.931617
vt 0.509366 0.939147
vt 0.503621 0.938772
vt 0.576956 0.830999
vt 0.411885 0.289416
vt 0.773163 0.833437
vt 0.591367 0.679295
vt 0.599476 0.689784
vt 0.058376 0.930438
vt 0.058376 0.941145
vt 0.052709 0.933664
vt 0.876385 0.543923
vt 0.883857 0.538101
vt 0.883485 0.545815
vt 0.096111 0.856633
vt 0.095824 0.866205
vt 0.333579 0.324909
vt 0.554327 0.931092
vt 0.640294 0.859339
vt 0.197994 0.674993
vt 0.744852 0.013953
vt 0.752860 0.004642
vt 0.248153 0.285609
vt 0.711000 0.493623
vt 0.626560 0.243832
vt 0.876079 0.557385
vt 0.882637 0.553333
vt 0.580257 0.342690
vt 0.260031 0.934477
vt 0.267267 0.929119
vt 0.267267 0.939696
vt 0.680095 0.564072
vt 0.840467 0.842983
vt 0.842681 0.853695
vt 0.435124 0.676193
vt 0.431328 0.669215
vt 0.619465 0.867073
vt 0.371723 0.364974
vt 0.012386 0.790699
vt 0.065618 0.606350
vt 0.489080 0.864525
vt 0.484803 0.858215
vt 0.460393 0.308406
vt 0.457016 0.779165
vt 0.070557 0.350651
vt 0.410485 0.940035
vt 0.413866 0.930891
vt 0.416402 0.940035
vt 0.537023 0.806308
vt 0.887252 0.922903
vt 0.885700 0.912092
vt 0.891769 0.913057
vt 0.422693 0.346456
vt 0.310964 0.679626
vt 0.303259 0.682456
vt 0.141893 0.790924
vt 0.137831 0.799178
vt 0.574588 0.423908
vt 0.565030 0.424825
vt 0.898518 0.661047
vt 0.132951 0.883205
vt 0.133666 0.870582
vt 0.137775 0.876766
vt 0.128062 0.956112
vt 0.737493 0.033390
vt 0.817630 0.257009
vt 0.018619 0.802109
vt 0.201302 0.615579
vt 0.589406 0.392375
vt 0.010275 0.329044
vt 0.712115 0.892600
vt 0.154002 0.825429
vt 0.143020 0.820176
vt 0.150965 0.815005
vt 0.583519 0.347626
vt 0.589718 0.356172
vt 0.584909 0.384272
vt 0.303997 0.307033
vt 0.222561 0.868146
vt 0.442020 0.349621
vt 0.919639 0.160735
vt 0.912282 0.166121
vt 0.842835 0.627908
vt 0.283379 0.929119
vt 0.283379 0.942830
vt 0.277974 0.941068
vt 0.895673 0.536330
vt 0.408126 0.597621
vt 0.594185 0.341296
vt 0.311968 0.298685
vt 0.769265 0.360412
vt 0.757891 0.365944
vt 0.760765 0.352330
vt 0.924588 0.688802
vt 0.060915 0.346153
vt 0.335633 0.836661
vt 0.325439 0.837937
vt 0.014195 0.798537
vt 0.657514 0.885796
vt 0.655752 0.307496
vt 0.500140 0.260010
vt 0.950531 0.781402
vt 0.951919 0.796949
vt 0.697149 0.901322
vt 0.698720 0.912717
vt 0.686764 0.908781
vt 0.595959 0.347382
vt 0.443256 0.315660
vt 0.451260 0.314457
vt 0.443855 0.326642
vt 0.161057 0.889307
vt 0.024146 0.861592
vt 0.014615 0.867651
vt 0.717410 0.181436
vt 0.814666 0.394028
vt 0.576062 0.908403
vt 0.265106 0.841485
vt 0.254828 0.836833
vt 0.262007 0.828143
vt 0.794340 0.494061
vt 0.871185 0.000000
vt 0.874148 0.007970
vt 0.610042 0.334010
vt 0.615867 0.339936
vt 0.982898 0.179996
vt 0.449736 0.162017
vt 0.438974 0.169332
vt 0.785630 0.035440
vt 0.790625 0.025355
vt 0.795148 0.030881
vt 0.945541 0.545806
vt 0.859771 0.867641
vt 0.599419 0.316932
vt 0.901210 0.606530
vt 0.825945 0.579979
vt 0.734559 0.503599
vt 0.453030 0.356563
vt 0.779415 0.276497
vt 0.420748 0.895886
vt 0.414500 0.901431
vt 0.415286 0.891530
vt 0.881030 0.831861
vt 0.139907 0.901341
vt 0.153916 0.901734
vt 0.173844 0.215240
vt 0.011967 0.321837
vt 0.597312 0.386490
vt 0.603424 0.391228
vt 0.596938 0.394060
vt 0.431835 0.344240
vt 0.856506 0.455534
vt 0.872747 0.551969
vt 0.722980 0.195010
vt 0.719453 0.204820
vt 0.838908 0.610465
vt 0.388210 0.801480
vt 0.573470 0.432467
vt 0.955261 0.542532
vt 0.840686 0.861360
vt 0.903479 0.550267
vt 0.893303 0.547493
vt 0.902051 0.544916
vt 0.379424 0.827497
vt 0.389255 0.826887
vt 0.032349 0.324600
vt 0.864987 0.561282
vt 0.933650 0.274654
vt 0.931730 0.264082
vt 0.036655 0.311722
vt 0.042839 0.320296
vt 0.383794 0.914987
vt 0.568133 0.736446
vt 0.370186 0.327622
vt 0.380219 0.330498
vt 0.870830 0.573730
vt 0.870191 0.563618
vt 0.272404 0.943952
vt 0.267267 0.938532
vt 0.272404 0.929119
vt 0.841850 0.360737
vt 0.755163 0.903827
vt 0.917364 0.742358
vt 0.914987 0.753839
vt 0.284591 0.859432
vt 0.667131 0.862837
vt 0.090354 0.303467
vt 0.665560 0.509345
vt 0.582562 0.924830
vt 0.582562 0.939506
vt 0.576449 0.935756
vt 0.810591 0.492130
vt 0.707681 0.936550
vt 0.715462 0.933273
vt 0.716379 0.944474
vt 0.876151 0.625749
vt 0.560815 0.116764
vt 0.185743 0.902172
vt 0.191758 0.899256
vt 0.191758 0.917312
vt 0.742217 0.218182
vt 0.748410 0.208872
vt 0.005748 0.322169
vt 0.003800 0.313583
vt 0.504867 0.796156
vt 0.710624 0.504876
vt 0.605285 0.351822
vt 0.835183 0.691280
vt 0.842178 0.696227
vt 0.340676 0.299968
vt 0.346727 0.304953
vt 0.670168 0.854559
vt 0.907357 0.195642
vt 0.688010 0.522934
vt 0.368638 0.316104
vt 0.995242 0.056076
vt 0.407889 0.747954
vt 0.907262 0.201141
vt 0.813396 0.392345
vt 0.913480 0.103572
vt 0.928841 0.636790
vt 0.404390 0.294313
vt 0.400252 0.304872
vt 0.394194 0.292461
vt 0.184499 0.882813
vt 0.439297 0.184610
vt 0.600549 0.368035
vt 0.602444 0.375203
vt 0.852744 0.466499
vt 0.863092 0.917562
vt 0.863092 0.932691
vt 0.687499 0.917993
vt 0.696750 0.920809
vt 0.512805 0.791018
vt 0.720199 0.506715
vt 0.422444 0.338620
vt 0.878527 0.392389
vt 0.883017 0.381386
vt 0.887807 0.392389
vt 0.679222 0.854423
vt 0.682056 0.864982
vt 0.422010 0.856152
vt 0.684695 0.529414
vt 0.605040 0.837953
vt 0.275979 0.797882
vt 0.068513 0.271259
vt 0.850387 0.182275
vt 0.850730 0.191561
vt 0.842061 0.177522
vt 0.010978 0.716135
vt 0.559015 0.772645
vt 0.549822 0.771048
vt 0.438148 0.633806
vt 0.428549 0.642971
vt 0.429811 0.635331
vt 0.440319 0.338389
vt 0.777738 0.188249
vt 0.451555 0.344012
vt 0.634228 0.244847
vt 0.808098 0.272933
vt 0.020674 0.301548
vt 0.013837 0.296330
vt 0.025966 0.296773
vt 0.806500 0.338825
vt 0.021068 0.520537
vt 0.041855 0.328229
vt 0.757166 0.937812
vt 0.813659 0.603346
vt 0.813890 0.594873
vt 0.824656 0.606117
vt 0.583612 0.439400
vt 0.057560 0.243561
vt 0.891503 0.554237
vt 0.911845 0.545730
vt 0.997704 0.063821
vt 0.619465 0.920155
vt 0.619465 0.932981
vt 0.615479 0.927395
vt 0.769415 0.272488
vt 0.774677 0.010228
vt 0.773279 0.004632
vt 0.781326 0.004740
vt 0.015429 0.313959
vt 0.679073 0.649507
vt 0.926290 0.303413
vt 0.930042 0.294371
vt 0.035116 0.822514
vt 0.000982 0.305332
vt 0.007876 0.307953
vt 0.157974 0.929446
vt 0.168585 0.924909
vt 0.419546 0.640558
vt 0.418570 0.649177
vt 0.662191 0.859274
vt 0.656678 0.858887
vt 0.429333 0.288703
vt 0.730214 0.505553
vt 0.566983 0.808042
vt 0.778821 0.384387
vt 0.782009 0.390108
vt 0.769884 0.390765
vt 0.003934 0.296246
vt 0.390893 0.610749
vt 0.658968 0.869669
vt 0.871693 0.901073
vt 0.844403 0.430879
vt 0.657938 0.618956
vt 0.660875 0.630784
vt 0.335312 0.295724
vt 0.785762 0.907938
vt 0.785397 0.206215
vt 0.781028 0.198666
vt 0.796113 0.196270
vt 0.421046 0.256445
vt 0.367154 0.307292
vt 0.137784 0.926877
vt 0.318370 0.277394
vt 0.375958 0.320626
vt 0.829095 0.128256
vt 0.956732 0.239279
vt 0.045966 0.313355
vt 0.570356 0.683766
vt 0.809351 0.084947
vt 0.603483 0.731002
vt 0.603622 0.738385
vt 0.899394 0.062751
vt 0.197491 0.758607
vt 0.328266 0.273676
vt 0.322853 0.269038
vt 0.526341 0.792891
vt 0.955285 0.267064
vt 0.944388 0.270667
vt 0.431246 0.693004
vt 0.915039 0.552672
vt 0.751894 0.876514
vt 0.751139 0.869020
vt 0.389627 0.931082
vt 0.383255 0.916554
vt 0.803020 0.207808
vt 0.865577 0.326268
vt 0.812567 0.583585
vt 0.801429 0.576088
vt 0.293834 0.859443
vt 0.609662 0.372197
vt 0.952218 0.550992
vt 0.866662 0.933290
vt 0.863590 0.944043
vt 0.892773 0.713605
vt 0.439582 0.592694
vt 0.445426 0.598274
vt 0.432484 0.600445
vt 0.666332 0.576985
vt 0.662115 0.569205
vt 0.598979 0.380601
vt 0.549727 0.891184
vt 0.384675 0.604423
vt 0.602104 0.421628
vt 0.827582 0.448642
vt 0.335633 0.624157
vt 0.446302 0.078876
vt 0.447637 0.088615
vt 0.298489 0.265575
vt 0.241381 0.250391
vt 0.555153 0.803380
vt 0.789618 0.388587
vt 0.462300 0.340301
vt 0.014139 0.304948
vt 0.891812 0.541243
vt 0.847985 0.560368
vt 0.429883 0.575232
vt 0.210221 0.807827
vt 0.277339 0.259920
vt 0.409368 0.191736
vt 0.876701 0.924974
vt 0.881962 0.929434
vt 0.620188 0.367217
vt 0.616711 0.351503
vt 0.720764 0.303568
vt 0.095131 0.342649
vt 0.637693 0.448251
vt 0.017519 0.279808
vt 0.016244 0.288622
vt 0.621198 0.318346
vt 0.620809 0.326409
vt 0.324216 0.793953
vt 0.322908 0.804976
vt 0.452760 0.333233
vt 0.564060 0.798865
vt 0.464414 0.330557
vt 0.469923 0.339255
vt 0.554625 0.780203
vt 0.028583 0.822295
vt 0.361418 0.828501
vt 0.134182 0.920989
vt 0.654076 0.846569
vt 0.911120 0.558460
vt 0.370274 0.773599
vt 0.888119 0.381386
vt 0.792596 0.519685
vt 0.078203 0.324571
vt 0.445570 0.587645
vt 0.887387 0.146515
vt 0.642626 0.581093
vt 0.647216 0.592762
vt 0.637294 0.588106
vt 0.447757 0.124806
vt 0.447511 0.133018
vt 0.595727 0.753944
vt 0.598761 0.747990
vt 0.847688 0.486816
vt 0.847161 0.495530
vt 0.445308 0.942424
vt 0.442827 0.934094
vt 0.453436 0.946598
vt 0.677180 0.847070
vt 0.669557 0.841556
vt 0.472458 0.940542
vt 0.467001 0.929471
vt 0.472458 0.925595
vt 0.506886 0.781038
vt 0.801530 0.931078
vt 0.384194 0.489158
vt 0.008159 0.290978
vt 0.102919 0.128072
vt 0.105859 0.116762
vt 0.624173 0.859685
vt 0.573588 0.725640
vt 0.565901 0.721899
vt 0.010818 0.849907
vt 0.608016 0.400406
vt 0.708093 0.887653
vt 0.532441 0.785888
vt 0.035783 0.304165
vt 0.542881 0.786974
vt 0.778200 0.374675
vt 0.784799 0.377701
vt 0.677383 0.834988
vt 0.831578 0.873244
vt 0.831464 0.386214
vt 0.590670 0.901230
vt 0.582562 0.905225
vt 0.554261 0.793847
vt 0.806953 0.106331
vt 0.054352 0.311239
vt 0.061081 0.312792
vt 0.396399 0.283882
vt 0.056291 0.929091
vt 0.047866 0.921270
vt 0.466682 0.456076
vt 0.361342 0.301956
vt 0.928081 0.138100
vt 0.920357 0.136624
vt 0.621446 0.373331
vt 0.872151 0.582414
vt 0.218813 0.661303
vt 0.944398 0.208106
vt 0.745559 0.861385
vt 0.616175 0.397468
vt 0.576277 0.537316
vt 0.031425 0.286291
vt 0.005810 0.857400
vt 0.000000 0.861982
vt 0.000344 0.854950
vt 0.761883 0.525100
vt 0.758975 0.528003
vt 0.452599 0.835464
vt 0.283606 0.255677
vt 0.294318 0.255950
vt 0.072962 0.156921
vt 0.420118 0.889525
vt 0.417470 0.876888
vt 0.428989 0.877743
vt 0.758799 0.810337
vt 0.768485 0.804901
vt 0.645077 0.888714
vt 0.641645 0.878698
vt 0.807834 0.841184
vt 0.911771 0.927124
vt 0.914226 0.919501
vt 0.917855 0.927773
vt 0.010958 0.277313
vt 0.819341 0.045756
vt 0.127410 0.936358
vt 0.131831 0.943434
vt 0.953124 0.777173
vt 0.939554 0.768022
vt 0.950502 0.764932
vt 0.796423 0.290866
vt 0.737656 0.192811
vt 0.745297 0.201877
vt 0.842027 0.349889
vt 0.842192 0.040923
vt 0.455535 0.322440
vt 0.461532 0.318489
vt 0.280628 0.243872
vt 0.290621 0.248538
vt 0.246973 0.214583
vt 0.338976 0.886965
vt 0.343381 0.873737
vt 0.793077 0.164680
vt 0.785332 0.164228
vt 0.935951 0.161547
vt 0.364184 0.903038
vt 0.046196 0.930438
vt 0.809761 0.816909
vt 0.324120 0.864439
vt 0.084945 0.922496
vt 0.087823 0.930438
vt 0.073626 0.923767
vt 0.386031 0.659174
vt 0.374206 0.660713
vt 0.326644 0.786819
vt 0.408251 0.302852
vt 0.623263 0.393101
vt 0.436204 0.322792
vt 0.434489 0.315247
vt 0.771572 0.282869
vt 0.342417 0.865013
vt 0.650132 0.286447
vt 0.075087 0.315454
vt 0.818675 0.879385
vt 0.817882 0.891565
vt 0.824685 0.896562
vt 0.097556 0.333794
vt 0.103297 0.327317
vt 0.755057 0.516714
vt 0.321151 0.259183
vt 0.185387 0.877648
vt 0.091866 0.893683
vt 0.085617 0.900542
vt 0.820419 0.868964
vt 0.830528 0.865420
vt 0.773354 0.145349
vt 0.469461 0.325056
vt 0.227371 0.674497
vt 0.783208 0.057633
vt 0.156231 0.860225
vt 0.154390 0.870667
vt 0.673938 0.770410
vt 0.627923 0.404906
vt 0.631626 0.400004
vt 0.686884 0.321560
vt 0.272757 0.854548
vt 0.817185 0.899594
vt 0.672663 0.827862
vt 0.824973 0.856935
vt 0.829770 0.849716
vt 0.455775 0.023919
vt 0.329087 0.800592
vt 0.144615 0.251494
vt 0.925803 0.733118
vt 0.796078 0.366352
vt 0.087135 0.323051
vt 0.863590 0.598388
vt 0.866419 0.588864
vt 0.650349 0.833833
vt 0.095952 0.127827
vt 0.137872 0.761587
vt 0.130049 0.259313
vt 0.656487 0.639888
vt 0.301165 0.253324
vt 0.311892 0.256113
vt 0.259351 0.861982
vt 0.472611 0.649269
vt 0.472611 0.635953
vt 0.332663 0.265022
vt 0.665017 0.684067
vt 0.431817 0.308036
vt 0.120706 0.294029
vt 0.384869 0.226696
vt 0.781697 0.366382
vt 0.790260 0.799386
vt 0.262200 0.853729
vt 0.695196 0.609165
vt 0.762274 0.867239
vt 0.272650 0.241178
vt 0.682056 0.826718
vt 0.307687 0.580990
vt 0.305208 0.573198
vt 0.316172 0.576740
vt 0.596581 0.231461
vt 0.298624 0.246063
vt 0.853877 0.511280
vt 0.323391 0.829212
vt 0.332708 0.820744
vt 0.332805 0.828383
vt 0.899432 0.850841
vt 0.631281 0.891222
vt 0.139474 0.815538
vt 0.105215 0.950549
vt 0.748553 0.306818
vt 0.038570 0.533562
vt 0.864565 0.607653
vt 0.754932 0.277930
vt 0.839854 0.727498
vt 0.471086 0.565625
vt 0.804824 0.234530
vt 0.811104 0.244446
vt 0.288963 0.240069
vt 0.890849 0.938244
vt 0.884019 0.932102
vt 0.890849 0.924744
vt 0.874382 0.591750
vt 0.355857 0.276048
vt 0.307394 0.245835
vt 0.957750 0.044677
vt 0.956571 0.035173
vt 0.964854 0.038780
vt 0.773928 0.543127
vt 0.028329 0.528730
vt 0.942549 0.583720
vt 0.800784 0.329151
vt 0.014799 0.269493
vt 0.905412 0.384078
vt 0.913270 0.381386
vt 0.913270 0.392955
vt 0.926731 0.723570
vt 0.925572 0.709446
vt 0.326985 0.262083
vt 0.535740 0.766332
vt 0.143201 0.496512
vt 0.024510 0.916115
vt 0.093780 0.850046
vt 0.652170 0.566131
vt 0.654658 0.572575
vt 0.648087 0.575457
vt 0.203971 0.699591
vt 0.213809 0.702307
vt 0.692995 0.931593
vt 0.692995 0.940448
vt 0.687970 0.937084
vt 0.077213 0.916370
vt 0.691132 0.742705
vt 0.608605 0.788683
vt 0.040875 0.846534
vt 0.721951 0.267719
vt 0.278757 0.235004
vt 0.848389 0.523658
vt 0.316689 0.249783
vt 0.929329 0.365152
vt 0.323242 0.816754
vt 0.932689 0.607936
vt 0.941203 0.605919
vt 0.934966 0.616937
vt 0.023811 0.900143
vt 0.017881 0.902382
vt 0.061261 0.923174
vt 0.957871 0.817391
vt 0.805992 0.856991
vt 0.470101 0.316212
vt 0.546739 0.762729
vt 0.438161 0.302120
vt 0.026320 0.851961
vt 0.235774 0.683233
vt 0.659703 0.301304
vt 0.773180 0.370405
vt 0.773181 0.358107
vt 0.765058 0.061851
vt 0.147098 0.875911
vt 0.478910 0.908004
vt 0.489921 0.914321
vt 0.254967 0.854329
vt 0.033477 0.849251
vt 0.585953 0.558858
vt 0.857047 0.523704
vt 0.332201 0.808337
vt 0.083584 0.914751
vt 0.290496 0.757929
vt 0.008482 0.258028
vt 0.007779 0.247987
vt 0.689627 0.570138
vt 0.774145 0.350447
vt 0.851041 0.239482
vt 0.855672 0.246163
vt 0.847699 0.247250
vt 0.126947 0.990267
vt 0.850372 0.367081
vt 0.117488 0.304670
vt 0.533699 0.040793
vt 0.805625 0.351412
vt 0.627503 0.381253
vt 0.434164 0.588315
vt 0.825432 0.537625
vt 0.774199 0.133899
vt 0.779353 0.140681
vt 0.585425 0.776488
vt 0.649914 0.825099
vt 0.406141 0.882119
vt 0.406141 0.897759
vt 0.398615 0.891351
vt 0.426162 0.904417
vt 0.436111 0.896321
vt 0.333552 0.257433
vt 0.294913 0.235970
vt 0.584038 0.734958
vt 0.326160 0.254337
vt 0.226619 0.609317
vt 0.233730 0.613248
vt 0.229721 0.623492
vt 0.596832 0.780435
vt 0.707314 0.180594
vt 0.803740 0.128543
vt 0.833219 0.774949
vt 0.974550 0.153550
vt 0.984320 0.156829
vt 0.366753 0.780713
vt 0.824727 0.313342
vt 0.305374 0.238519
vt 0.168183 0.645749
vt 0.655410 0.581633
vt 0.246153 0.938458
vt 0.237809 0.934592
vt 0.246153 0.929119
vt 0.628841 0.446990
vt 0.624570 0.455023
vt 0.598726 0.908367
vt 0.607717 0.913714
vt 0.218998 0.842378
vt 0.210152 0.850031
vt 0.938771 0.737876
vt 0.660997 0.905213
vt 0.068973 0.815107
vt 0.018732 0.260730
vt 0.854692 0.356635
vt 0.395272 0.880667
vt 0.398365 0.886615
vt 0.392105 0.891710
vt 0.732360 0.017009
vt 0.740729 0.019523
vt 0.732281 0.027926
vt 0.364268 0.818277
vt 0.566540 0.610130
vt 0.617364 0.792713
vt 0.836560 0.939704
vt 0.061681 0.893502
vt 0.078916 0.907352
vt 0.089466 0.910593
vt 0.593472 0.673454
vt 0.848782 0.534019
vt 0.322765 0.246349
vt 0.796670 0.153787
vt 0.006310 0.845885
vt 0.254656 0.846623
vt 0.940482 0.853050
vt 0.931997 0.853428
vt 0.707838 0.474283
vt 0.702553 0.479752
vt 0.387873 0.280533
vt 0.255339 0.198125
vt 0.442332 0.904447
vt 0.232695 0.859721
vt 0.234349 0.867467
vt 0.227483 0.868293
vt 0.204624 0.669082
vt 0.036260 0.935809
vt 0.041772 0.930438
vt 0.041772 0.941729
vt 0.125164 0.305729
vt 0.883808 0.033439
vt 0.877309 0.038514
vt 0.877130 0.025716
vt 0.112956 0.856577
vt 0.107440 0.863312
vt 0.411396 0.217493
vt 0.802375 0.848445
vt 0.607075 0.779827
vt 0.616648 0.784805
vt 0.690036 0.578105
vt 0.555560 0.123059
vt 0.983354 0.081970
vt 0.561717 0.646214
vt 0.553918 0.638166
vt 0.932459 0.660383
vt 0.231502 0.600565
vt 0.269668 0.221756
vt 0.304046 0.228622
vt 0.415579 0.668463
vt 0.421335 0.665414
vt 0.417560 0.674277
vt 0.391402 0.274350
vt 0.385225 0.270227
vt 0.793585 0.941715
vt 0.890468 0.849186
vt 0.894367 0.860659
vt 0.595819 0.772788
vt 0.438131 0.785660
vt 0.861596 0.886949
vt 0.099643 0.211047
vt 0.099370 0.201007
vt 0.792808 0.554021
vt 0.856646 0.853256
vt 0.012239 0.857379
vt 0.018307 0.859641
vt 0.190534 0.512559
vt 0.206650 0.610199
vt 0.212356 0.605297
vt 0.707081 0.220572
vt 0.943102 0.592193
vt 0.863590 0.785159
vt 0.705232 0.210214
vt 0.712328 0.215773
vt 0.741168 0.322787
vt 0.077671 0.897824
vt 0.210032 0.747911
vt 0.206233 0.754085
vt 0.202111 0.747164
vt 0.261582 0.230481
vt 0.295733 0.227111
vt 0.329787 0.241871
vt 0.331856 0.249601
vt 0.933082 0.381178
vt 0.939635 0.376289
vt 0.939635 0.391926
vt 0.274452 0.834271
vt 0.858637 0.904590
vt 0.857430 0.898358
vt 0.863117 0.898552
vt 0.767328 0.348474
vt 0.959735 0.323512
vt 0.960645 0.312376
vt 0.677556 0.620267
vt 0.214756 0.937540
vt 0.814303 0.338325
vt 0.797178 0.854528
vt 0.109113 0.048257
vt 0.109784 0.038839
vt 0.614177 0.774811
vt 0.756441 0.024027
vt 0.593105 0.447114
vt 0.237640 0.717259
vt 0.236842 0.724366
vt 0.227371 0.715224
vt 0.053687 0.891409
vt 0.271695 0.210634
vt 0.632942 0.452364
vt 0.246879 0.834624
vt 0.247290 0.842983
vt 0.789865 0.848362
vt 0.807043 0.586480
vt 0.800799 0.581081
vt 0.627475 0.833997
vt 0.633537 0.827957
vt 0.603949 0.769543
vt 0.788820 0.560205
vt 0.702307 0.190143
vt 0.810757 0.328618
vt 0.683350 0.902415
vt 0.698720 0.895298
vt 0.690135 0.588525
vt 0.791194 0.892361
vt 0.133685 0.293311
vt 0.786064 0.010271
vt 0.069656 0.893750
vt 0.790381 0.254027
vt 0.516238 0.750794
vt 0.912633 0.614174
vt 0.070772 0.242477
vt 0.774178 0.928338
vt 0.073277 0.252776
vt 0.809117 0.809629
vt 0.970093 0.061420
vt 0.965025 0.056215
vt 0.115784 0.285063
vt 0.152542 0.830257
vt 0.133043 0.309731
vt 0.131914 0.302281
vt 0.934829 0.600554
vt 0.939075 0.596331
vt 0.016020 0.884877
vt 0.014029 0.895373
vt 0.006061 0.888789
vt 0.798782 0.561233
vt 0.645685 0.864279
vt 0.645553 0.872853
vt 0.982118 0.206349
vt 0.030003 0.239629
vt 0.361379 0.921212
vt 0.363256 0.929298
vt 0.195163 0.720531
vt 0.206449 0.718314
vt 0.761378 0.273431
vt 0.762708 0.267018
vt 0.623281 0.480876
vt 0.791209 0.840923
vt 0.887628 0.045152
vt 0.595436 0.764136
vt 0.108397 0.223949
vt 0.103447 0.218447
vt 0.846725 0.354799
vt 0.554812 0.722088
vt 0.785240 0.833171
vt 0.789053 0.857945
vt 0.428411 0.582012
vt 0.066953 0.552946
vt 0.704458 0.911872
vt 0.375933 0.469157
vt 0.145830 0.909560
vt 0.167457 0.929446
vt 0.173430 0.938693
vt 0.165860 0.938693
vt 0.012959 0.238237
vt 0.020560 0.237711
vt 0.334600 0.791845
vt 0.023764 0.890786
vt 0.909742 0.360030
vt 0.611451 0.926798
vt 0.614743 0.935274
vt 0.605314 0.931418
vt 0.172190 0.200568
vt 0.179084 0.205402
vt 0.808959 0.179104
vt 0.802273 0.183552
vt 0.602135 0.755389
vt 0.889660 0.616582
vt 0.102734 0.500577
vt 0.047980 0.884909
vt 0.551760 0.665266
vt 0.548668 0.653359
vt 0.314653 0.940069
vt 0.308074 0.940069
vt 0.313969 0.929119
vt 0.184513 0.912210
vt 0.217615 0.549438
vt 0.096111 0.944238
vt 0.656500 0.920176
vt 0.980579 0.023960
vt 0.998776 0.028527
vt 0.982765 0.036323
vt 0.468558 0.809142
vt 0.556757 0.616526
vt 0.781031 0.862876
vt 0.609879 0.764108
vt 0.288437 0.212481
vt 0.787390 0.869053
vt 0.688441 0.298041
vt 0.683692 0.594551
vt 0.816805 0.205201
vt 0.815931 0.274990
vt 0.793022 0.567821
vt 0.183805 0.196595
vt 0.755208 0.349875
vt 0.828675 0.694588
vt 0.930768 0.285740
vt 0.955518 0.364366
vt 0.048893 0.876255
vt 0.743884 0.332986
vt 0.462321 0.621004
vt 0.472611 0.609049
vt 0.828344 0.219765
vt 0.829679 0.231644
vt 0.096023 0.885349
vt 0.854820 0.152606
vt 0.849928 0.154570
vt 0.848668 0.147208
vt 0.638197 0.468247
vt 0.640395 0.460310
vt 0.800577 0.024963
vt 0.415551 0.710642
vt 0.413919 0.699552
vt 0.472228 0.684549
vt 0.472228 0.692978
vt 0.470365 0.689535
vt 0.931820 0.372401
vt 0.774777 0.903095
vt 0.215132 0.674822
vt 0.782244 0.849248
vt 0.779942 0.840503
vt 0.035111 0.882489
vt 0.041751 0.880607
vt 0.237809 0.823761
vt 0.853974 0.540158
vt 0.407073 0.255744
vt 0.275301 0.205352
vt 0.858556 0.303373
vt 0.835246 0.327309
vt 0.690802 0.599873
vt 0.444020 0.113018
vt 0.642606 0.450318
vt 0.805873 0.157759
vt 0.803539 0.165013
vt 0.799839 0.568270
vt 0.939250 0.827440
vt 0.626336 0.938815
vt 0.619465 0.929205
vt 0.626336 0.926548
vt 0.191696 0.607842
vt 0.150664 0.844422
vt 0.794841 0.233487
vt 0.230139 0.710326
vt 0.436245 0.664411
vt 0.023012 0.229203
vt 0.016390 0.230602
vt 0.616912 0.882621
vt 0.945946 0.236019
vt 0.948349 0.244796
vt 0.607995 0.943383
vt 0.599147 0.934083
vt 0.714996 0.249158
vt 0.379528 0.871153
vt 0.469698 0.486235
vt 0.786036 0.238827
vt 0.469694 0.599277
vt 0.466051 0.609049
vt 0.462789 0.601134
vt 0.828149 0.320504
vt 0.792302 0.072388
vt 0.432460 0.627559
vt 0.825054 0.165050
vt 0.829000 0.177951
vt 0.748417 0.292500
vt 0.752979 0.288135
vt 0.753862 0.297274
vt 0.639048 0.926548
vt 0.639048 0.939224
vt 0.632455 0.936789
vt 0.687921 0.510652
vt 0.812935 0.162025
vt 0.815423 0.153831
vt 0.754904 0.100472
vt 0.937556 0.872790
vt 0.199090 0.600565
vt 0.341102 0.950932
vt 0.317894 0.212537
vt 0.766295 0.133782
vt 0.765507 0.143820
vt 0.840701 0.137913
vt 0.413626 0.922885
vt 0.327796 0.331421
vt 0.822996 0.235591
vt 0.711348 0.239839
vt 0.457575 0.288237
vt 0.774004 0.850470
vt 0.693995 0.304844
vt 0.916730 0.760708
vt 0.227640 0.642113
vt 0.233019 0.634539
vt 0.558363 0.605417
vt 0.727665 0.256590
vt 0.855391 0.556356
vt 0.804164 0.113089
vt 0.756844 0.205759
vt 0.425205 0.622609
vt 0.172730 0.185210
vt 0.171351 0.174361
vt 0.865518 0.843558
vt 0.711670 0.207255
vt 0.465549 0.572620
vt 0.472611 0.574939
vt 0.627358 0.327408
vt 0.994120 0.081504
vt 0.988502 0.088682
vt 0.686131 0.701510
vt 0.833841 0.291343
vt 0.695162 0.317304
vt 0.469459 0.470653
vt 0.033976 0.873212
vt 0.839234 0.183277
vt 0.256135 0.798978
vt 0.249386 0.803506
vt 0.644230 0.923835
vt 0.178338 0.672792
vt 0.185309 0.673735
vt 0.176878 0.681696
vt 0.825206 0.029928
vt 0.761116 0.258769
vt 0.328242 0.774394
vt 0.849850 0.210069
vt 0.456669 0.271771
vt 0.282354 0.202926
vt 0.027016 0.222684
vt 0.700640 0.206197
vt 0.194911 0.783848
vt 0.979658 0.143748
vt 0.221798 0.633622
vt 0.364271 0.811332
vt 0.371009 0.809131
vt 0.768328 0.843024
vt 0.767532 0.858808
vt 0.760432 0.851728
vt 0.019769 0.223119
vt 0.733231 0.176992
vt 0.091818 0.903213
vt 0.446094 0.811574
vt 0.224483 0.633622
vt 0.224102 0.621507
vt 0.812784 0.263847
vt 0.851312 0.224349
vt 0.844587 0.217895
vt 0.924994 0.699674
vt 0.550102 0.641527
vt 0.363118 0.764691
vt 0.143820 0.283261
vt 0.439028 0.879896
vt 0.524719 0.920677
vt 0.821416 0.268355
vt 0.957996 0.024446
vt 0.877911 0.837399
vt 0.889494 0.842323
vt 0.866744 0.177975
vt 0.435370 0.751837
vt 0.787274 0.282997
vt 0.781659 0.291685
vt 0.780402 0.285211
vt 0.904766 0.939273
vt 0.157974 0.630576
vt 0.480482 0.183067
vt 0.845274 0.783535
vt 0.839425 0.219719
vt 0.404862 0.916497
vt 0.410327 0.908160
vt 0.410327 0.925056
vt 0.628835 0.596053
vt 0.794535 0.247479
vt 0.102361 0.252905
vt 0.793573 0.203930
vt 0.347908 0.836532
vt 0.343192 0.843087
vt 0.914759 0.197326
vt 0.777393 0.241959
vt 0.764093 0.279051
vt 0.770352 0.936516
vt 0.826503 0.274960
vt 0.410485 0.890612
vt 0.894315 0.172216
vt 0.862391 0.910532
vt 0.465572 0.651584
vt 0.847018 0.746797
vt 0.847165 0.733338
vt 0.405406 0.198562
vt 0.884718 0.132910
vt 0.790270 0.041192
vt 0.838381 0.786138
vt 0.686294 0.331753
vt 0.861151 0.767259
vt 0.695466 0.931593
vt 0.691112 0.925355
vt 0.361667 0.858586
vt 0.349281 0.862840
vt 0.699924 0.312290
vt 0.161397 0.640013
vt 0.948555 0.215785
vt 0.221274 0.648924
vt 0.222861 0.655827
vt 0.617416 0.482418
vt 0.800391 0.241572
vt 0.809400 0.597085
vt 0.131950 0.631370
vt 0.167628 0.235506
vt 0.192896 0.864163
vt 0.206622 0.856382
vt 0.470486 0.909781
vt 0.399325 0.811572
vt 0.051093 0.190403
vt 0.044875 0.185199
vt 0.134546 0.012200
vt 0.693171 0.328635
vt 0.682413 0.799729
vt 0.672187 0.798506
vt 0.434844 0.122860
vt 0.587856 0.196651
vt 0.593181 0.202763
vt 0.453254 0.572620
vt 0.807858 0.095445
vt 0.401972 0.639385
vt 0.901275 0.839180
vt 0.446891 0.176144
vt 0.008313 0.881839
vt 0.940133 0.198782
vt 0.439298 0.728916
vt 0.114120 0.861656
vt 0.125475 0.856356
vt 0.883416 0.645812
vt 0.428554 0.889837
vt 0.992035 0.008397
vt 0.998921 0.012539
vt 0.990031 0.019706
vt 0.780334 0.070264
vt 0.652720 0.621960
vt 0.921809 0.193637
vt 0.897243 0.858699
vt 0.462321 0.635841
vt 0.459691 0.631092
vt 0.462321 0.624859
vt 0.098677 0.233618
vt 0.100803 0.225790
vt 0.083382 0.107448
vt 0.759754 0.213044
vt 0.581175 0.723610
vt 0.476517 0.138736
vt 0.619465 0.497759
vt 0.436387 0.824942
vt 0.681045 0.343030
vt 0.005245 0.940152
vt 0.010687 0.930438
vt 0.010687 0.942694
vt 0.224102 0.689803
vt 0.226934 0.683180
vt 0.226934 0.695262
vt 0.425514 0.239741
vt 0.321011 0.694088
vt 0.868075 0.650662
vt 0.874100 0.649869
vt 0.871297 0.660003
vt 0.425598 0.870826
vt 0.850831 0.564051
vt 0.245756 0.224306
vt 0.757707 0.861358
vt 0.298977 0.767855
vt 0.192092 0.882765
vt 0.442275 0.097154
vt 0.550761 0.697991
vt 0.834542 0.856024
vt 0.688794 0.340046
vt 0.907930 0.202273
vt 0.285270 0.771414
vt 0.070585 0.293759
vt 0.153796 0.704671
vt 0.764468 0.009557
vt 0.762075 0.002746
vt 0.727800 0.949233
vt 0.867894 0.302840
vt 0.414175 0.643953
vt 0.835899 0.222684
vt 0.962684 0.505921
vt 0.467001 0.938724
vt 0.460363 0.935641
vt 0.467001 0.925595
vt 0.700319 0.323890
vt 0.035640 0.195565
vt 0.027568 0.198208
vt 0.920427 0.642705
vt 0.189635 0.680469
vt 0.000000 0.317813
vt 0.290660 0.765466
vt 0.506034 0.914909
vt 0.510157 0.907070
vt 0.419656 0.864854
vt 0.099688 0.241297
vt 0.279392 0.776284
vt 0.445355 0.921895
vt 0.369853 0.868891
vt 0.828838 0.940618
vt 0.325813 0.580318
vt 0.318683 0.585481
vt 0.490566 0.223288
vt 0.380496 0.230484
vt 0.038226 0.204293
vt 0.881755 0.115937
vt 0.855662 0.297453
vt 0.428972 0.896667
vt 0.673099 0.717909
vt 0.931727 0.646183
vt 0.111714 0.073009
vt 0.103166 0.079734
vt 0.096303 0.078952
vt 0.702865 0.944189
vt 0.082294 0.441491
vt 0.372941 0.939656
vt 0.231605 0.730044
vt 0.237502 0.724366
vt 0.237640 0.738519
vt 0.810900 0.213997
vt 0.936980 0.191079
vt 0.114881 0.083464
vt 0.108152 0.089058
vt 0.860338 0.531064
vt 0.911312 0.185093
vt 0.568721 0.710739
vt 0.787232 0.214498
vt 0.950027 0.329981
vt 0.333494 0.783975
vt 0.322414 0.749454
vt 0.697800 0.337529
vt 0.107527 0.884180
vt 0.108724 0.875203
vt 0.957357 0.508847
vt 0.087962 0.224816
vt 0.093480 0.226192
vt 0.649914 0.912542
vt 0.417602 0.656825
vt 0.335633 0.653677
vt 0.566274 0.123859
vt 0.284929 0.762432
vt 0.288360 0.915649
vt 0.559010 0.716871
vt 0.445040 0.190464
vt 0.408928 0.238412
vt 0.236378 0.801565
vt 0.226622 0.800988
vt 0.230491 0.794784
vt 0.380676 0.896084
vt 0.384583 0.888800
vt 0.863914 0.162978
vt 0.854737 0.567471
vt 0.853184 0.579737
vt 0.891833 0.072073
vt 0.882080 0.078859
vt 0.938896 0.184251
vt 0.943644 0.192124
vt 0.422873 0.837338
vt 0.429091 0.836480
vt 0.684493 0.635274
vt 0.448278 0.153452
vt 0.098975 0.087081
vt 0.863117 0.879354
vt 0.450332 0.184187
vt 0.862571 0.794602
vt 0.856977 0.791752
vt 0.206340 0.708247
vt 0.191317 0.699794
vt 0.705550 0.507479
vt 0.134264 0.622974
vt 0.152552 0.255034
vt 0.442522 0.880477
vt 0.454964 0.883457
vt 0.446383 0.886489
vt 0.669623 0.503152
vt 0.683350 0.864767
vt 0.691636 0.854822
vt 0.933762 0.894008
vt 0.604408 0.723371
vt 0.906821 0.125662
vt 0.410485 0.723996
vt 0.409639 0.732181
vt 0.509366 0.935517
vt 0.513931 0.931617
vt 0.513931 0.937152
vt 0.840025 0.683382
vt 0.845812 0.688201
vt 0.091085 0.932054
vt 0.096111 0.930438
vt 0.096111 0.940213
vt 0.910559 0.838545
vt 0.720933 0.147469
vt 0.714140 0.150787
vt 0.912784 0.170793
vt 0.132951 0.990127
vt 0.855757 0.749325
vt 0.456959 0.248664
vt 0.454065 0.236256
vt 0.846324 0.871070
vt 0.697415 0.856546
vt 0.326724 0.353562
vt 0.918228 0.886591
vt 0.048270 0.198245
vt 0.128809 0.930404
vt 0.739485 0.293955
vt 0.113459 0.994553
vt 0.043186 0.192356
vt 0.459490 0.801444
vt 0.085647 0.148737
vt 0.075990 0.146922
vt 0.996711 0.072056
vt 0.879233 0.013519
vt 0.874087 0.018588
vt 0.477057 0.913437
vt 0.293622 0.740489
vt 0.924455 0.171073
vt 0.556972 0.621732
vt 0.787201 0.191007
vt 0.369105 0.881522
vt 0.364271 0.874094
vt 0.721194 0.253667
vt 0.584447 0.186218
vt 0.941321 0.178341
vt 0.582311 0.516880
vt 0.552647 0.712594
vt 0.461767 0.925595
vt 0.436321 0.688635
vt 0.460819 0.396179
vt 0.093384 0.813373
vt 0.442332 0.885578
vt 0.948555 0.201004
vt 0.504908 0.891184
vt 0.516904 0.897097
vt 0.509394 0.899360
vt 0.977719 0.067297
vt 0.684567 0.642736
vt 0.724380 0.138739
vt 0.626336 0.929541
vt 0.632455 0.926548
vt 0.632455 0.940279
vt 0.199284 0.840739
vt 0.896247 0.724694
vt 0.914781 0.158514
vt 0.337501 0.896268
vt 0.688529 0.651704
vt 0.774114 0.080002
vt 0.363528 0.754120
vt 0.112631 0.868751
vt 0.119140 0.878348
vt 0.156231 0.880524
vt 0.321357 0.348126
vt 0.463794 0.699857
vt 0.459758 0.688337
vt 0.468706 0.695116
vt 0.619465 0.605940
vt 0.041440 0.818303
vt 0.459758 0.715951
vt 0.005245 0.943184
vt 0.000000 0.938162
vt 0.005245 0.930438
vt 0.163089 0.243765
vt 0.794378 0.146577
vt 0.607717 0.896243
vt 0.866610 0.618777
vt 0.283379 0.938104
vt 0.284241 0.929119
vt 0.291609 0.938104
vt 1.000000 0.003664
vt 0.046707 0.811813
vt 0.995933 0.000000
vt 0.982131 0.008407
vt 0.748216 0.512257
vt 0.863590 0.918339
vt 0.383255 0.927985
vt 0.380096 0.935471
vt 0.396949 0.842833
vt 0.287740 0.743251
vt 0.405935 0.864274
vt 0.813166 0.003230
vt 0.078120 0.938482
vt 0.070749 0.930557
vt 0.078120 0.930438
vt 0.649914 0.883981
vt 0.182834 0.685182
vt 0.528018 0.931035
vt 0.497467 0.911605
vt 0.503621 0.925169
vt 0.493118 0.922007
vt 0.489942 0.228685
vt 0.226622 0.738519
vt 0.093203 0.195702
vt 0.840175 0.634913
vt 0.851664 0.634012
vt 0.326595 0.730114
vt 0.188475 0.150633
vt 0.190211 0.162039
vt 0.472611 0.587291
vt 0.075876 0.806181
vt 0.768211 0.026746
vt 0.777096 0.034790
vt 0.431050 0.784700
vt 0.867894 0.275084
vt 0.925074 0.320038
vt 0.913781 0.907498
vt 0.808029 0.150635
vt 0.468558 0.785964
vt 0.827390 0.119781
vt 0.139549 0.629522
vt 0.381893 0.204127
vt 0.039298 0.541362
vt 0.732334 0.012452
vt 0.122700 0.202298
vt 0.819598 0.086555
vt 0.424869 0.657946
vt 0.338918 0.959220
vt 0.260031 0.942900
vt 0.254471 0.932734
vt 0.260031 0.929119
vt 0.792971 0.000443
vt 0.805586 0.000784
vt 0.780400 0.000000
vt 0.693184 0.895298
vt 0.963219 0.047857
vt 0.083272 0.802109
vt 0.867894 0.202580
vt 0.684239 0.669873
vt 0.817988 0.094908
vt 0.292528 0.732047
vt 0.772717 0.018428
vt 0.781045 0.016539
vt 0.930178 0.899025
vt 0.472611 0.129815
vt 0.540053 0.731099
vt 0.203508 0.834356
vt 0.917056 0.725179
vt 0.753972 0.049226
vt 0.973478 0.202106
vt 0.967119 0.197679
vt 0.759649 0.054661
vt 0.794628 0.017636
vt 0.814577 0.100546
vt 0.101197 0.956325
vt 0.154002 0.855021
vt 0.781032 0.024577
vt 0.157974 0.930951
vt 0.669015 0.730413
vt 0.664226 0.725907
vt 0.667002 0.528912
vt 0.923726 0.839778
vt 0.909603 0.516351
vt 0.700319 0.937842
vt 0.237640 0.708844
vt 0.999789 0.020220
vt 0.471837 0.754358
vt 0.471837 0.770195
vt 0.462608 0.767322
vt 0.606897 0.225456
vt 0.799642 0.036424
vt 0.832427 0.257899
vt 0.481626 0.191717
vt 0.426706 0.769343
vt 0.750209 0.096065
vt 0.667534 0.484223
vt 0.017855 0.935911
vt 0.023888 0.930438
vt 0.023888 0.941338
vt 0.314178 0.881987
vt 0.808596 0.023026
vt 0.428209 0.776727
vt 0.926866 0.356237
vt 0.460142 0.617494
vt 0.462321 0.609049
vt 0.462321 0.624859
vt 0.580204 0.587727
vt 0.619465 0.916550
vt 0.248908 0.929119
vt 0.254471 0.938359
vt 0.246153 0.938359
vt 0.450609 0.925595
vt 0.554053 0.938768
vt 0.549262 0.934274
vt 0.554053 0.928326
vt 0.092847 0.090804
vt 0.924860 0.899976
vt 0.867074 0.924744
vt 0.948555 0.027080
vt 0.884310 0.024591
vt 0.462608 0.746888
vt 0.470383 0.734459
vt 0.470383 0.754359
vt 0.692995 0.934680
vt 0.697511 0.931593
vt 0.697511 0.941307
vt 0.804442 0.642028
vt 0.807971 0.648839
vt 0.918049 0.880269
vt 0.814163 0.675201
vt 0.598102 0.896755
vt 0.857764 0.621180
vt 0.093570 0.151669
vt 0.682057 0.833170
vt 0.696299 0.833521
vt 0.682705 0.838883
vt 0.166007 0.199459
vt 0.412934 0.635691
vt 0.953379 0.371441
vt 0.962521 0.376288
vt 0.086088 0.134274
vt 0.418122 0.765497
vt 0.690777 0.854822
vt 0.865669 0.836606
vt 0.405935 0.812496
vt 0.677262 0.930818
vt 0.683342 0.924310
vt 0.683342 0.939470
vt 0.109172 0.823424
vt 0.700319 0.197446
vt 0.996160 0.198162
vt 0.993801 0.190178
vt 0.468664 0.653994
vt 0.086096 0.384114
vt 0.557099 0.611659
vt 0.974773 0.098210
vt 0.969701 0.168895
vt 0.789936 0.393595
vt 0.741194 0.008759
vt 0.101579 0.836832
vt 0.585144 0.917494
vt 0.549262 0.937918
vt 0.541050 0.937918
vt 0.545663 0.928326
vt 0.727574 0.003888
vt 0.153826 0.185629
vt 0.453377 0.206582
vt 0.802806 0.650657
vt 0.116642 0.076098
vt 0.832091 0.061230
vt 0.586094 0.504452
vt 0.237760 0.622139
vt 0.237760 0.634539
vt 0.602115 0.925645
vt 0.201330 0.160163
vt 0.195474 0.167307
vt 0.468706 0.653994
vt 0.451840 0.254638
vt 0.236775 0.856382
vt 0.902107 0.721705
vt 0.483569 0.922891
vt 0.493331 0.062176
vt 0.547351 0.911620
vt 0.596104 0.522245
vt 0.665307 0.708670
vt 0.661320 0.701595
vt 0.868014 0.883540
vt 0.864056 0.874829
vt 0.872132 0.875949
vt 0.884019 0.947482
vt 0.569290 0.556496
vt 0.445698 0.740785
vt 0.249721 0.314122
vt 0.909608 0.726146
vt 0.901710 0.732955
vt 0.179856 0.187266
vt 0.093617 0.144592
vt 0.586910 0.599320
vt 0.230490 0.774019
vt 0.468706 0.679101
vt 0.076421 0.138192
vt 0.935685 0.719501
vt 0.111382 0.573828
vt 0.652549 0.560062
vt 0.821534 0.702478
vt 0.955956 0.334678
vt 0.089556 0.918471
vt 0.079072 0.116424
vt 0.661290 0.716297
vt 0.875819 0.093882
vt 0.962285 0.334708
vt 0.180502 0.177110
vt 0.875371 0.335104
vt 0.909536 0.736948
vt 0.391980 0.866851
vt 0.937339 0.841205
vt 0.450491 0.736497
vt 0.575716 0.939672
vt 0.569907 0.933851
vt 0.575716 0.924830
vt 0.424950 0.935836
vt 0.431453 0.930891
vt 0.431453 0.938224
vt 0.534297 0.941510
vt 0.528018 0.933490
vt 0.534297 0.928326
vt 0.627275 0.926548
vt 0.370991 0.891739
vt 0.690403 0.633403
vt 0.840467 0.930931
vt 0.097582 0.136987
vt 0.899683 0.076958
vt 0.904452 0.084120
vt 0.894412 0.910405
vt 0.902463 0.910086
vt 0.189468 0.179337
vt 0.477489 0.897007
vt 0.914937 0.735468
vt 0.937197 0.729524
vt 0.873994 0.073439
vt 0.872552 0.081232
vt 0.429983 0.650305
vt 0.236378 0.787540
vt 0.584595 0.899074
vt 0.592779 0.892073
vt 0.179555 0.899256
vt 0.225339 0.136378
vt 0.338771 0.907246
vt 0.197801 0.172845
vt 0.492581 0.925241
vt 0.499518 0.925169
vt 0.499518 0.938061
vt 0.931961 0.376288
vt 0.933082 0.389540
vt 0.924932 0.389540
vt 0.235774 0.644821
vt 0.237745 0.634539
vt 0.237745 0.649472
vt 0.521735 0.036141
vt 0.598130 0.935191
vt 0.599147 0.943219
vt 0.589188 0.932812
vt 0.924932 0.312907
vt 0.420737 0.930891
vt 0.871534 0.886768
vt 0.179561 0.929446
vt 0.420115 0.118991
vt 0.990668 0.176911
vt 0.531168 0.928326
vt 0.485043 0.943459
vt 0.132951 0.911083
vt 0.230519 0.801566
vt 0.405935 0.816365
vt 0.410302 0.808203
vt 0.410302 0.825085
vt 0.468898 0.674803
vt 0.472228 0.668733
vt 0.472228 0.684549
vt 0.145237 0.013692
vt 0.894367 0.840657
vt 0.550581 0.905224
vt 0.670908 0.760896
vt 0.114852 0.850563
vt 0.562456 0.551071
vt 0.429462 0.040384
vt 0.893703 0.051576
vt 0.194441 0.831353
vt 0.311503 0.623974
vt 0.419216 0.051737
vt 0.087099 0.097648
vt 0.108728 0.100661
vt 0.214756 0.907770
vt 0.324537 0.756101
vt 0.472529 0.802394
vt 0.468558 0.793274
vt 0.472529 0.785964
vt 0.302719 0.942404
vt 0.297230 0.935991
vt 0.302719 0.929119
vt 0.126875 0.885900
vt 0.916197 0.768922
vt 0.897382 0.040163
vt 0.938883 0.865194
vt 0.931641 0.853800
vt 0.938883 0.853741
vt 0.990074 0.201020
vt 0.229665 0.884145
vt 0.236799 0.886576
vt 0.228118 0.894132
vt 0.200852 0.903310
vt 0.440372 0.697805
vt 0.321637 0.602222
vt 0.068755 0.787568
vt 0.891375 0.032407
vt 0.918331 0.780565
vt 0.432301 0.658462
vt 0.642413 0.938982
vt 0.644956 0.928559
vt 0.649914 0.938982
vt 0.310447 0.604838
vt 0.937727 0.278623
vt 0.564087 0.581306
vt 0.582562 0.891610
vt 0.564742 0.588652
vt 0.460378 0.594843
vt 0.462534 0.587301
vt 0.462534 0.604151
vt 0.933977 0.227321
vt 0.237809 0.537869
vt 0.310682 0.597085
vt 0.534241 0.353209
vt 0.840467 0.914974
vt 0.848955 0.724582
vt 0.398615 0.908160
vt 0.389675 0.901290
vt 0.242992 0.813568
vt 0.952372 0.274604
vt 0.682357 0.822983
vt 0.206305 0.791358
vt 0.207808 0.783646
vt 0.444952 0.894688
vt 0.325457 0.593898
vt 0.314600 0.591129
vt 0.697415 0.823688
vt 0.194446 0.795823
vt 0.210757 0.126214
vt 0.308407 0.587452
vt 0.470876 0.635953
vt 0.700826 0.466064
vt 0.990521 0.147322
vt 0.480196 0.947105
vt 0.473337 0.944905
vt 0.760746 0.804449
vt 0.181492 0.937319
vt 0.185743 0.929446
vt 0.185743 0.941110
vt 0.197866 0.802680
vt 0.306769 0.204164
vt 0.468706 0.679101
vt 0.207866 0.798795
vt 0.325850 0.572620
vt 0.541468 0.356275
vt 0.595693 0.925645
vt 0.136925 0.901341
vt 0.955327 0.249322
vt 0.956213 0.260249
vt 0.932481 0.907498
vt 0.924860 0.907498
vt 0.931348 0.899115
vt 0.984030 0.213859
vt 0.991145 0.209544
vt 0.185749 0.923005
vt 0.191758 0.917312
vt 0.191758 0.934777
vt 0.915189 0.936710
vt 0.236799 0.900742
vt 0.420757 0.044441
vt 0.677262 0.924310
vt 0.677262 0.938698
vt 0.669884 0.937576
vt 0.222561 0.884666
vt 0.181328 0.937928
vt 0.173430 0.937928
vt 0.180700 0.929446
vt 0.923241 0.847458
vt 0.121251 0.815714
vt 0.643960 0.823263
vt 0.629832 0.820484
vt 0.644577 0.814930
vt 0.961041 0.809337
vt 0.582562 0.943219
vt 0.096490 0.820500
vt 0.113715 0.803643
vt 0.539650 0.891184
vt 0.544839 0.898544
vt 0.820582 0.830051
vt 0.967414 0.815275
vt 0.105171 0.802109
vt 0.098219 0.805767
vt 0.114266 0.016815
vt 0.850908 0.908532
vt 0.091064 0.930438
vt 0.091064 0.939645
vt 0.085080 0.936450
vt 0.382221 0.908160
vt 0.623564 0.826045
vt 0.122235 0.005942
vt 0.442332 0.927175
vt 0.341552 0.811470
vt 0.649914 0.948328
vt 0.959180 0.216035
vt 0.503621 0.906213
vt 0.907186 0.916756
vt 0.915394 0.907498
vt 0.460363 0.927122
vt 0.551465 0.924275
vt 0.150741 0.855021
vt 0.128969 0.000000
vt 0.895788 0.393529
vt 0.887807 0.393529
vt 0.894889 0.381386
vt 0.940528 0.865194
vt 0.213386 0.856383
vt 0.554327 0.911079
vt 0.191498 0.888537
vt 0.460667 0.885784
vt 0.895788 0.391178
vt 0.899712 0.381386
vt 0.905412 0.391178
vt 0.460363 0.944802
vt 0.646855 0.847358
vt 0.878527 0.393200
vt 0.870390 0.390733
vt 0.878527 0.381386
vt 0.470082 0.893340
vt 0.541050 0.928326
vt 0.541050 0.940132
vt 0.534297 0.930402
vt 0.435264 0.891304
vt 0.423561 0.890612
vt 0.466714 0.022593
vt 0.458654 0.034189
vt 0.452940 0.601255
vt 0.459032 0.592759
vt 0.649914 0.851723
vt 0.046885 0.936209
vt 0.052709 0.930438
vt 0.052709 0.940886
vt 0.580532 0.900654
vt 0.405935 0.830881
vt 0.410305 0.825085
vt 0.410305 0.840979
vt 0.399249 0.935759
vt 0.612660 0.896526
vt 0.619465 0.891184
vt 0.619465 0.907895
vt 0.867894 0.383255
vt 0.582562 0.905614
vt 0.398615 0.872538
vt 0.390527 0.868537
vt 0.592555 0.484223
vt 0.894367 0.939273
vt 0.222561 0.899142
vt 0.683888 0.814930
vt 0.503541 0.935963
vt 0.499518 0.928667
vt 0.503541 0.925169
vt 0.331105 0.600223
vt 0.400484 0.868537
vt 0.157968 0.932752
vt 0.472611 0.903610
vt 0.600766 0.943383
vt 0.603795 0.891184
vt 0.924860 0.870129
vt 0.192092 0.916174
vt 0.639760 0.891942
vt 0.317182 0.838970
vt 0.698112 0.484223
vt 0.698112 0.497795
vt 0.696370 0.491951
vt 0.940482 0.820689
vt 0.174549 0.856456
vn -0.8599 -0.2146 -0.4632
vn -0.9442 -0.2328 -0.2328
vn -0.7476 -0.4348 -0.5020
vn 0.9324 0.3588 0.0428
vn 0.9497 0.2631 0.1699
vn 0.9282 0.3555 0.1104
vn -0.1338 0.9685 -0.2098
vn -0.2324 0.9499 -0.2089
vn -0.1132 0.9667 -0.2293
vn 0.9227 -0.1129 -0.3687
vn 0.8422 -0.0808 -0.5330
vn 0.7494 -0.0682 -0.6586
vn 0.8842 -0.0805 0.4601
vn 0.7748 -0.3605 0.5194
vn 0.8646 -0.0539 0.4995
vn -0.9696 -0.2395 0.0495
vn -0.9903 -0.1288 0.0516
vn -0.9848 -0.1724 -0.0216
vn 0.5888 -0.7923 -0.1599
vn 0.3719 -0.9123 -0.1714
vn 0.4894 -0.8615 -0.1352
vn -0.1658 -0.4747 -0.8644
vn -0.8698 -0.2943 -0.3961
vn -0.6602 -0.3771 -0.6496
vn -0.1639 -0.8836 -0.4386
vn -0.5200 -0.8340 -0.1845
vn -0.3100 -0.5729 -0.7587
vn 0.6110 0.3491 0.7106
vn 0.2146 0.3495 0.9120
vn 0.8241 0.1465 0.5472
vn -0.7603 0.6475 0.0528
vn -0.6259 0.7399 -0.2468
vn -0.7758 0.5714 0.2676
vn -0.9562 -0.1759 0.2339
vn -0.9517 -0.1003 0.2902
vn -0.9786 -0.0450 0.2008
vn 0.8980 -0.0263 0.4391
vn 0.5526 0.0657 0.8308
vn 0.9322 0.3423 0.1179
vn 0.9177 0.3613 0.1652
vn 0.9251 0.3595 0.1224
vn -0.8208 -0.0996 0.5625
vn -0.8009 -0.1075 0.5890
vn -0.7525 -0.2280 0.6178
vn 0.8874 -0.2928 -0.3562
vn 0.8747 -0.2383 -0.4221
vn 0.9174 -0.3728 0.1391
vn 0.0516 -0.9554 -0.2906
vn 0.0783 -0.9616 -0.2630
vn 0.0873 -0.9419 -0.3245
vn 0.4809 -0.4261 0.7663
vn 0.7766 -0.1789 0.6041
vn 0.4818 -0.3401 0.8076
vn 0.1020 -0.4758 -0.8736
vn 0.1266 -0.4539 -0.8820
vn -0.0441 -0.4681 -0.8826
vn 0.7318 -0.0774 -0.6771
vn 0.9570 0.2758 -0.0903
vn 0.7681 -0.1241 -0.6282
vn -0.9581 -0.2863 -0.0070
vn -0.5992 -0.7983 -0.0600
vn -0.8410 -0.3420 0.4193
vn -0.9629 0.2115 -0.1676
vn -0.9294 0.1279 0.3462
vn -0.9538 0.1969 0.2270
vn 0.0619 -0.2796 -0.9581
vn 0.0201 -0.1912 -0.9813
vn -0.0028 -0.2402 -0.9707
vn 0.0867 -0.9958 -0.0286
vn -0.0487 -0.9982 -0.0347
vn 0.0508 -0.9984 -0.0239
vn 0.5151 -0.8525 -0.0895
vn 0.0809 -0.9954 -0.0521
vn 0.5835 -0.7963 -0.1595
vn -0.6280 0.7622 0.1574
vn -0.5706 0.8124 0.1201
vn -0.6867 0.7182 0.1126
vn -0.9827 -0.1238 0.1377
vn -0.9942 -0.0699 0.0817
vn -0.9749 -0.1742 -0.1387
vn 0.0074 0.9947 -0.1025
vn 0.0078 0.9895 -0.1441
vn 0.1080 0.9849 -0.1356
vn 0.0055 -0.4608 0.8875
vn 0.3512 -0.5027 0.7899
vn 0.3125 0.1235 0.9419
vn -0.9722 -0.2116 -0.1001
vn -0.8030 -0.3123 0.5076
vn -0.8298 -0.5571 -0.0327
vn -0.3399 -0.8960 0.2857
vn 0.9015 0.0431 -0.4306
vn 0.8324 -0.0490 -0.5520
vn 0.9309 0.1349 -0.3394
vn -0.9871 -0.1601 0.0040
vn -0.9857 -0.1192 0.1193
vn -0.9645 -0.1208 0.2350
vn 0.3031 -0.4348 -0.8480
vn 0.3274 -0.4365 -0.8380
vn 0.2273 -0.4785 -0.8482
vn 0.2727 -0.4483 -0.8513
vn 0.2671 -0.4054 -0.8742
vn 0.1978 -0.4668 -0.8620
vn 0.4972 0.8443 -0.1999
vn 0.3924 0.8959 -0.2081
vn 0.4241 0.8603 -0.2827
vn 0.4894 -0.8719 -0.0136
vn 0.1076 -0.8663 0.4877
vn 0.0080 -0.9997 0.0240
vn 0.0908 -0.0531 0.9945
vn 0.3058 -0.3607 0.8811
vn -0.3851 -0.4980 0.7769
vn 0.8672 -0.2959 -0.4006
vn -0.0659 -0.9978 0.0078
vn -0.0772 -0.9969 -0.0132
vn 0.0122 -0.9999 0.0045
vn -0.7835 -0.6214 0.0019
vn -0.0465 -0.9977 0.0494
vn -0.5814 -0.7655 0.2755
vn 0.9610 0.2635 -0.0837
vn 0.9605 0.2728 -0.0552
vn 0.9631 0.2657 -0.0435
vn -0.9740 -0.2266 -0.0057
vn -0.9557 -0.2839 -0.0773
vn 0.1494 -0.9816 0.1192
vn 0.1164 -0.9909 0.0674
vn 0.1933 -0.9795 0.0573
vn -0.8503 0.1484 0.5050
vn -0.7339 0.3061 0.6064
vn -0.8032 0.1937 0.5633
vn -0.7829 0.0407 0.6208
vn -0.7224 -0.1464 0.6758
vn -0.6297 0.0166 0.7767
vn 0.8292 0.0859 -0.5524
vn 0.7748 -0.2056 -0.5978
vn 0.9348 0.3171 0.1598
vn 0.8725 -0.0698 0.4836
vn 0.6790 -0.2533 -0.6891
vn 0.9094 0.4014 0.1084
vn -0.3321 -0.7287 0.5990
vn -0.2646 -0.7329 0.6268
vn -0.2930 -0.7836 0.5478
vn 0.8293 -0.4746 -0.2951
vn 0.8194 -0.2692 -0.5061
vn 0.7956 -0.3145 -0.5178
vn 0.6723 0.0900 0.7348
vn 0.6650 0.1280 0.7358
vn 0.9776 -0.1567 0.1404
vn -0.9327 0.2351 0.2734
vn -0.9425 0.1548 0.2963
vn -0.9376 0.0675 0.3412
vn -0.9627 0.0165 0.2699
vn -0.9511 0.0547 0.3040
vn -0.9454 0.0235 0.3249
vn 0.7988 -0.1752 -0.5755
vn 0.9994 -0.0019 0.0347
vn 0.9999 0.0072 0.0098
vn 0.9952 0.0932 -0.0300
vn -0.4985 -0.0203 0.8667
vn -0.4089 0.0001 0.9126
vn -0.5632 0.0173 0.8262
vn 0.2997 -0.7604 -0.5761
vn 0.5584 -0.7450 -0.3648
vn 0.3239 -0.8139 -0.4825
vn 0.4967 -0.5835 -0.6425
vn 0.3481 -0.6269 -0.6970
vn -0.7157 -0.2207 -0.6626
vn -0.7526 -0.3789 -0.5385
vn -0.9633 -0.1806 -0.1985
vn -0.6587 0.7138 -0.2379
vn -0.6454 0.7221 -0.2491
vn -0.5930 0.7068 -0.3858
vn 0.1356 -0.9881 -0.0722
vn -0.0061 -0.9993 -0.0366
vn -0.3837 -0.5703 -0.7263
vn 0.6061 -0.6014 -0.5206
vn -0.5953 -0.7165 -0.3638
vn -0.4092 -0.2993 -0.8620
vn -0.0059 -0.9885 -0.1512
vn -0.9553 -0.0159 -0.2953
vn -0.9642 0.0033 -0.2650
vn -0.9669 0.0480 -0.2505
vn 0.7203 -0.6932 0.0241
vn 0.6990 -0.7120 -0.0671
vn 0.7661 -0.6406 -0.0521
vn -0.6692 0.3128 0.6740
vn -0.6699 0.2984 0.6799
vn -0.6276 0.2023 0.7518
vn 0.8128 -0.1334 -0.5670
vn 0.3397 -0.3924 -0.8548
vn 0.5625 -0.2742 -0.7800
vn 0.3925 -0.3951 -0.8306
vn 0.4664 -0.3291 -0.8211
vn -0.6633 0.0710 0.7450
vn -0.6907 0.0188 0.7229
vn -0.7270 0.0763 0.6824
vn -0.8806 -0.1810 -0.4380
vn -0.8488 -0.1805 -0.4970
vn -0.6763 -0.2045 -0.7076
vn -0.0464 -0.6979 -0.7147
vn -0.0481 -0.7025 -0.7101
vn -0.0647 -0.5944 -0.8015
vn -0.7436 0.0546 0.6664
vn -0.7685 0.1122 0.6300
vn -0.6992 0.0554 0.7128
vn -0.0232 -0.9996 -0.0141
vn 0.6328 -0.2224 -0.7416
vn 0.7723 -0.0958 -0.6280
vn 0.8956 0.0355 -0.4435
vn 0.8428 -0.1161 -0.5256
vn -0.9420 0.3049 -0.1402
vn -0.9739 0.2086 -0.0900
vn -0.9572 0.1935 -0.2152
vn 0.9447 0.0178 -0.3275
vn 0.9418 -0.0333 -0.3345
vn 0.9317 -0.1078 -0.3468
vn 0.8836 -0.2290 -0.4084
vn 0.9857 -0.0342 0.1649
vn 0.9970 -0.0339 0.0689
vn -0.7646 -0.6438 0.0314
vn -0.7066 -0.6626 -0.2482
vn -0.8646 0.1900 0.4651
vn -0.7812 0.2535 0.5705
vn -0.8790 0.2375 0.4135
vn 0.7950 0.6032 0.0636
vn 0.7895 0.6082 0.0827
vn 0.7696 0.6277 0.1169
vn 0.1890 -0.9702 0.1515
vn 0.1406 -0.9717 0.1897
vn -0.0444 -0.9975 0.0555
vn 0.9065 0.3483 0.2385
vn -0.9181 -0.0114 -0.3961
vn -0.8405 -0.0264 -0.5411
vn -0.0519 -0.9982 -0.0292
vn -0.0046 -0.9991 -0.0430
vn -0.0264 -0.9977 -0.0624
vn -0.8949 -0.2490 -0.3703
vn -0.9741 -0.1856 -0.1288
vn -0.9672 -0.0864 0.2390
vn -0.8610 -0.0163 0.5084
vn -0.9251 -0.0460 0.3768
vn -0.9379 -0.0682 0.3402
vn -0.8837 -0.0712 0.4625
vn 0.9196 0.1932 -0.3420
vn 0.9203 0.2625 -0.2901
vn 0.9615 0.2236 -0.1594
vn -0.3759 -0.8245 0.4229
vn 0.1700 0.7544 0.6340
vn 0.3527 0.9282 0.1182
vn -0.8574 -0.2168 -0.4667
vn -0.9994 -0.0291 0.0183
vn -0.9841 -0.1678 -0.0578
vn -0.9548 -0.2472 -0.1649
vn -0.4718 -0.7154 -0.5153
vn -0.0878 -0.6406 -0.7629
vn -0.4733 -0.6269 -0.6188
vn -0.9972 -0.0682 -0.0321
vn -0.9463 -0.1210 -0.2997
vn -0.9819 0.0170 -0.1886
vn 0.8436 0.5088 -0.1715
vn 0.7949 0.5835 -0.1664
vn 0.8393 0.5383 -0.0762
vn 0.7418 0.4424 -0.5040
vn 0.7604 0.5275 -0.3789
vn 0.7183 0.5461 -0.4310
vn 0.5455 -0.5143 -0.6617
vn 0.4405 -0.5897 -0.6769
vn 0.9400 -0.1921 -0.2819
vn 0.9390 0.3071 -0.1549
vn 0.9498 0.3102 -0.0421
vn 0.6979 0.3707 0.6128
vn -0.4632 0.8549 -0.2335
vn -0.4110 0.8963 -0.1668
vn -0.5159 0.8389 -0.1733
vn -0.1320 -0.9879 -0.0809
vn -0.3449 -0.9374 -0.0483
vn -0.1426 -0.9864 -0.0819
vn -0.0994 -0.1660 0.9811
vn -0.0213 -0.2890 0.9571
vn -0.1081 -0.3048 0.9463
vn 0.9119 -0.1389 -0.3862
vn 0.8930 -0.1207 -0.4336
vn 0.8685 -0.0550 -0.4926
vn 0.0808 0.9779 -0.1926
vn 0.3661 0.6844 0.6305
vn 0.5063 -0.8462 0.1664
vn 0.4122 -0.8527 0.3209
vn 0.5173 -0.7672 0.3792
vn 0.1684 0.9775 0.1268
vn 0.2715 0.9533 0.1325
vn 0.2197 0.9733 0.0662
vn -0.9484 -0.0647 -0.3103
vn -0.1146 0.2809 0.9529
vn -0.4072 0.9071 -0.1068
vn -0.3674 0.9119 -0.1829
vn -0.4951 0.8594 -0.1281
vn 0.7445 0.6159 0.2577
vn 0.7287 0.3167 0.6072
vn 0.5985 0.4587 0.6568
vn 0.7227 0.2958 0.6247
vn -0.0002 -1.0000 0.0078
vn -0.0851 -0.9952 -0.0486
vn -0.4369 -0.8889 0.1380
vn -0.8072 -0.1981 -0.5560
vn -0.4927 -0.2104 -0.8444
vn -0.7063 -0.0638 -0.7050
vn 0.1702 -0.7707 0.6140
vn -0.1598 -0.4663 0.8700
vn -0.1773 -0.4927 0.8519
vn -0.8724 -0.0971 -0.4790
vn -0.7082 -0.2097 0.6742
vn 0.2456 -0.8059 -0.5387
vn 0.1175 -0.7682 -0.6293
vn 0.1252 -0.8804 -0.4575
vn -0.8884 -0.0569 0.4556
vn -0.8991 -0.0316 0.4366
vn -0.9774 -0.1991 0.0704
vn 0.3240 0.9262 -0.1927
vn 0.2019 0.9606 -0.1910
vn 0.1795 0.9583 -0.2222
vn 0.5505 -0.7873 -0.2775
vn 0.4217 -0.9002 -0.1089
vn 0.8992 -0.4354 -0.0424
vn 0.4732 -0.0995 0.8753
vn 0.5780 -0.5111 0.6361
vn -0.2778 -0.4066 0.8703
vn 0.9971 0.0648 -0.0407
vn 0.9945 0.0845 -0.0620
vn 0.9911 0.1300 0.0291
vn -0.3950 0.6576 0.6415
vn 0.0392 0.7280 0.6845
vn -0.4606 0.6382 0.6168
vn 0.8468 0.5319 -0.0032
vn 0.3271 0.7412 0.5862
vn 0.4072 -0.2216 0.8861
vn 0.1091 -0.4928 0.8633
vn 0.6701 -0.4065 0.6211
vn -0.0271 -0.2944 -0.9553
vn 0.3461 -0.1822 -0.9203
vn -0.6182 -0.2774 -0.7354
vn 0.8803 0.3964 -0.2607
vn 0.4914 0.8099 0.3201
vn 0.5943 0.6355 0.4929
vn 0.9963 -0.0642 0.0571
vn 0.9980 -0.0618 -0.0160
vn -0.2646 0.0727 0.9616
vn 0.2669 -0.4202 -0.8673
vn 0.2847 -0.4192 -0.8621
vn 0.1541 -0.4898 -0.8581
vn 0.0386 0.6749 0.7369
vn -0.8309 0.1572 0.5337
vn -0.9234 0.1678 0.3452
vn -0.8980 0.1295 0.4205
vn -0.7709 0.1602 -0.6165
vn 0.0736 -0.0116 0.9972
vn 0.2159 0.1824 0.9592
vn 0.0909 0.1712 0.9810
vn 0.2697 0.6228 0.7344
vn -0.6302 0.0695 -0.7733
vn 0.0860 0.5806 0.8096
vn 0.1347 0.7185 0.6824
vn 0.0831 0.5923 0.8014
vn 0.4086 0.7510 0.5187
vn 0.3940 0.9141 0.0962
vn -0.2096 -0.9751 -0.0729
vn -0.4651 -0.8747 -0.1363
vn -0.1514 -0.9856 -0.0757
vn 0.8700 0.4928 -0.0158
vn 0.9032 0.4276 0.0369
vn 0.8417 0.5387 -0.0365
vn 0.2137 -0.7274 0.6521
vn 0.1400 -0.6952 0.7050
vn 0.2788 -0.6741 0.6840
vn -0.6709 -0.4450 -0.5931
vn 0.6286 -0.4308 -0.6475
vn 0.4318 -0.4886 -0.7582
vn 0.3500 -0.7164 -0.6036
vn 0.3187 -0.1871 -0.9292
vn -0.8343 -0.0087 -0.5512
vn 0.1650 -0.9110 0.3779
vn 0.1560 -0.9077 0.3897
vn 0.1446 -0.8871 0.4384
vn -0.2266 -0.8875 0.4011
vn -0.1337 -0.9250 0.3556
vn -0.1228 -0.9133 0.3882
vn 0.4313 -0.1191 -0.8943
vn 0.4249 -0.0069 -0.9052
vn 0.5542 -0.0285 -0.8319
vn -0.1329 -0.7821 0.6089
vn -0.4673 -0.7605 0.4509
vn -0.9164 0.2321 0.3262
vn -0.9075 0.3751 0.1892
vn -0.9322 0.2775 0.2325
vn -0.5476 0.4891 0.6789
vn -0.6401 0.3475 0.6852
vn -0.6275 0.3825 0.6782
vn -0.9832 0.1766 -0.0457
vn -0.9879 0.1123 -0.1068
vn -0.9911 0.1295 0.0318
vn 0.9642 -0.2024 0.1711
vn 0.8846 -0.2253 0.4084
vn 0.9600 -0.2739 0.0576
vn -0.9265 0.2939 0.2348
vn -0.9529 0.3009 0.0370
vn -0.9119 0.3803 0.1544
vn 0.9155 -0.2746 0.2942
vn 0.8385 -0.1793 0.5145
vn 0.8887 -0.2099 0.4075
vn 0.7437 0.1853 0.6424
vn 0.8033 0.1986 0.5614
vn 0.7806 0.1177 0.6139
vn -0.8681 0.0164 0.4960
vn -0.8745 -0.1079 0.4729
vn -0.6994 -0.0091 0.7147
vn 0.1337 -0.9833 0.1233
vn -0.0103 -0.9998 -0.0161
vn -0.0718 -0.9971 0.0262
vn 0.6812 -0.5934 -0.4287
vn 0.7952 -0.4938 -0.3518
vn 0.7720 -0.5336 -0.3455
vn -0.6304 -0.3770 -0.6786
vn -0.2389 -0.3967 -0.8863
vn 0.1123 -0.5018 -0.8577
vn 0.7696 -0.5671 0.2935
vn 0.7263 -0.5908 0.3515
vn 0.7582 -0.5455 0.3571
vn -0.9185 0.3313 0.2157
vn -0.9072 0.3422 0.2448
vn -0.9634 0.2225 0.1493
vn -0.7127 0.6653 0.2221
vn -0.7757 0.6068 0.1736
vn -0.7492 0.6043 0.2712
vn 0.0704 0.9074 0.4143
vn -0.8838 0.2856 0.3706
vn -0.9809 0.1052 0.1637
vn -0.8859 -0.0074 0.4639
vn -0.1682 -0.9719 -0.1644
vn 0.0295 -0.9967 0.0755
vn 0.3342 -0.8400 -0.4275
vn 0.4191 -0.0097 -0.9079
vn 0.4616 0.0617 -0.8849
vn 0.2934 0.0619 -0.9540
vn -0.5482 0.5240 0.6518
vn -0.5867 0.4884 0.6459
vn -0.4203 0.6584 0.6244
vn -0.7713 -0.1703 -0.6132
vn -0.9029 -0.1246 0.4114
vn -0.7355 -0.2844 0.6150
vn -0.3694 -0.2676 0.8899
vn 0.9456 0.3254 -0.0037
vn 0.9429 0.3312 -0.0356
vn -0.4466 -0.4694 0.7617
vn -0.6825 -0.6459 0.3421
vn -0.7813 -0.5424 0.3088
vn -0.4407 0.8840 0.1560
vn -0.3100 0.9350 0.1722
vn -0.3758 0.9179 0.1278
vn -0.0829 0.9741 0.2105
vn 0.0287 0.9970 0.0712
vn -0.1596 0.9449 0.2857
vn 0.3193 0.9377 -0.1372
vn 0.4148 0.8556 -0.3098
vn 0.9970 0.0033 -0.0768
vn 0.9209 0.2005 0.3342
vn 0.9348 0.0754 0.3472
vn 0.8246 -0.0549 0.5631
vn 0.8381 -0.0635 0.5419
vn 0.9674 -0.0302 0.2513
vn -0.8177 0.4202 -0.3935
vn -0.1647 0.7024 -0.6925
vn -0.2407 0.8610 -0.4480
vn 0.2782 0.5143 0.8112
vn -0.7966 0.6045 0.0045
vn -0.7398 0.6724 -0.0242
vn -0.8292 0.5471 -0.1144
vn -0.1322 0.9794 0.1527
vn 0.0477 0.9910 -0.1251
vn 0.0901 0.9921 0.0871
vn 0.9108 -0.0044 0.4128
vn 0.9286 0.0214 0.3704
vn 0.8889 -0.0696 0.4527
vn 0.5469 -0.7734 0.3207
vn 0.1193 -0.8961 0.4276
vn 0.7961 -0.1602 0.5835
vn 0.8833 -0.1455 0.4457
vn 0.6925 -0.2695 0.6692
vn -0.2934 -0.1902 0.9369
vn -0.5761 0.0271 0.8169
vn -0.5858 -0.0274 0.8100
vn -0.4670 0.5849 0.6631
vn -0.3660 0.7072 0.6049
vn -0.5161 0.5261 0.6760
vn -0.4767 0.4184 -0.7731
vn 0.0569 0.4494 -0.8915
vn 0.1891 0.4058 -0.8942
vn 0.6398 0.3216 -0.6981
vn 0.7286 0.0142 -0.6848
vn 0.2214 0.5352 -0.8152
vn -0.1450 -0.2855 -0.9474
vn -0.0858 -0.3211 -0.9431
vn -0.1363 -0.3144 -0.9394
vn 0.2154 -0.2545 -0.9428
vn -0.6114 -0.0562 -0.7894
vn -0.3967 -0.2244 -0.8901
vn 0.9985 -0.0334 0.0428
vn 0.9994 -0.0112 -0.0336
vn -0.5274 0.8429 -0.1069
vn -0.5740 0.8147 -0.0823
vn -0.5879 0.8002 -0.1187
vn 0.9494 0.0110 -0.3138
vn 0.4874 -0.0149 -0.8731
vn 0.8382 0.0241 -0.5448
vn 0.5551 -0.8218 -0.1286
vn 0.5796 -0.8054 -0.1236
vn 0.5251 -0.8468 -0.0847
vn 0.8841 0.4455 0.1415
vn 0.8181 0.5582 0.1387
vn 0.8552 0.4717 0.2150
vn -0.3654 -0.9291 0.0575
vn -0.4650 -0.8810 0.0878
vn -0.4573 -0.8888 0.0317
vn 0.9451 -0.1142 0.3062
vn -0.1189 0.9285 0.3518
vn 0.4235 -0.3483 -0.8363
vn 0.6232 -0.3687 0.6897
vn 0.6134 -0.3823 0.6911
vn 0.6207 -0.3860 0.6825
vn -0.2262 -0.9360 0.2697
vn -0.3176 -0.8759 0.3631
vn 0.9373 0.0382 -0.3463
vn 0.9813 0.1879 -0.0411
vn 0.9332 0.1370 -0.3323
vn 0.7008 0.5571 -0.4457
vn 0.6241 0.4692 -0.6249
vn 0.2702 0.6015 -0.7518
vn 0.8274 -0.3358 0.4501
vn 0.6940 -0.3247 0.6425
vn 0.7762 -0.2428 0.5819
vn 0.2571 -0.7450 0.6155
vn -0.9275 -0.2780 -0.2500
vn -0.6836 -0.3017 -0.6646
vn -0.8823 -0.3050 -0.3586
vn -0.4387 -0.5039 0.7440
vn -0.7161 0.1672 0.6777
vn -0.8263 -0.5272 -0.1983
vn -0.8352 -0.4705 -0.2848
vn -0.7837 -0.5195 -0.3403
vn -0.0157 -0.8139 -0.5808
vn -0.0098 -0.8845 -0.4664
vn -0.0228 -0.8701 -0.4923
vn -0.9715 0.2177 -0.0937
vn -0.9875 0.1537 -0.0342
vn -0.9824 0.1707 0.0756
vn 0.0073 -0.4948 -0.8690
vn 0.0156 -0.6276 -0.7784
vn 0.9469 -0.3199 -0.0332
vn 0.9277 -0.3499 -0.1304
vn 0.9258 -0.3670 -0.0903
vn -0.9550 -0.1833 0.2330
vn -0.9286 -0.2868 0.2357
vn -0.9471 -0.2746 0.1660
vn -0.4729 0.7399 0.4784
vn -0.3387 0.7980 0.4984
vn -0.3950 0.8135 0.4269
vn -0.4804 0.8675 -0.1293
vn -0.4019 0.9017 -0.1594
vn -0.4724 0.8694 -0.1446
vn -0.0072 0.9879 -0.1551
vn -0.2099 0.9610 -0.1799
vn 0.0206 0.9881 -0.1524
vn -0.9824 -0.1562 0.1029
vn -0.1984 0.9189 0.3409
vn 0.0045 0.9840 0.1783
vn -0.1846 0.9292 0.3203
vn -0.0514 0.9434 -0.3276
vn -0.0861 0.9486 -0.3046
vn -0.0898 0.9399 -0.3294
vn -0.8033 0.5951 0.0224
vn -0.8783 0.4750 -0.0543
vn -0.8067 0.5818 -0.1042
vn 0.3289 0.9431 0.0477
vn 0.4172 0.9007 -0.1212
vn -0.8407 -0.5320 -0.1006
vn -0.8734 -0.4864 -0.0230
vn -0.9175 -0.3968 -0.0276
vn -0.3448 -0.8613 0.3732
vn -0.5157 -0.4273 0.7426
vn -0.0761 -0.7463 0.6613
vn -0.7219 0.2930 0.6269
vn -0.8333 0.4829 0.2691
vn -0.9827 0.1625 0.0884
vn -0.7717 -0.5465 -0.3253
vn -0.7657 -0.5449 -0.3417
vn -0.7782 -0.5207 -0.3510
vn 0.1806 0.9685 -0.1716
vn -0.0652 0.9420 0.3291
vn 0.8809 -0.2559 0.3981
vn 0.9566 -0.1693 0.2371
vn 0.8274 -0.2414 0.5071
vn -0.6474 0.7616 0.0297
vn -0.7204 0.6934 0.0140
vn -0.7355 0.6761 0.0438
vn 0.0264 0.9906 0.1343
vn 0.2779 0.9538 -0.1143
vn -0.2658 0.8933 0.3625
vn 0.5634 -0.4695 -0.6799
vn 0.6013 -0.2074 -0.7717
vn 0.7002 -0.2610 -0.6645
vn -0.9511 0.0085 0.3087
vn -0.9630 -0.0143 0.2690
vn -0.9597 0.0026 0.2809
vn 0.5270 0.8360 0.1528
vn 0.9621 0.2536 -0.0998
vn 0.8175 -0.4515 -0.3576
vn 0.7898 -0.5346 -0.3006
vn 0.8731 -0.4828 -0.0678
vn 0.7282 -0.1284 0.6732
vn 0.7156 -0.0717 0.6948
vn 0.8683 -0.1145 0.4826
vn 0.9404 -0.3230 -0.1065
vn -0.0039 0.6986 0.7155
vn 0.0270 0.6162 0.7871
vn 0.0183 0.5597 0.8285
vn -0.8784 0.0461 0.4758
vn -0.9187 -0.0317 0.3938
vn -0.5316 -0.8399 0.1094
vn -0.4603 -0.8758 0.1454
vn -0.5613 -0.8150 0.1442
vn -0.6564 0.6783 -0.3301
vn -0.3967 0.4051 -0.8237
vn 0.5910 0.6472 -0.4815
vn 0.5696 0.6848 -0.4545
vn -0.4707 -0.5405 -0.6974
vn -0.1089 -0.5564 -0.8237
vn -0.9193 -0.3865 0.0737
vn -0.8861 -0.4278 0.1786
vn -0.9373 -0.3351 0.0957
vn 0.5434 0.8273 -0.1423
vn 0.6854 -0.5490 -0.4783
vn 0.7550 -0.4886 -0.4374
vn -0.1262 0.7214 0.6809
vn -0.0919 0.7323 0.6747
vn -0.4328 0.6294 0.6454
vn 0.3568 0.8878 -0.2906
vn 0.6682 -0.3387 -0.6624
vn 0.5781 -0.5669 -0.5869
vn 0.7104 -0.4254 -0.5607
vn -0.8216 0.5693 -0.0304
vn -0.9581 0.1372 0.2516
vn -0.8621 0.2998 0.4086
vn -0.2338 0.8477 0.4762
vn -0.0666 -0.5619 -0.8245
vn -0.0781 -0.4651 -0.8818
vn -0.0364 0.8665 0.4978
vn -0.0477 0.9093 0.4133
vn -0.0657 0.8772 0.4756
vn -0.9554 -0.0100 0.2953
vn -0.9271 -0.0226 0.3742
vn -0.9632 0.0385 0.2659
vn 0.8442 -0.2894 -0.4512
vn 0.5268 -0.2079 -0.8242
vn 0.2565 -0.3344 -0.9068
vn 0.5757 0.8133 -0.0837
vn 0.3953 0.9147 -0.0840
vn 0.4025 0.9145 -0.0403
vn 0.3520 0.9334 0.0693
vn 0.4568 0.8755 0.1576
vn 0.3390 0.9136 0.2246
vn -0.1517 0.7417 0.6533
vn -0.2917 0.8574 0.4240
vn -0.4164 -0.0268 0.9088
vn -0.8781 -0.0558 0.4751
vn -0.2262 0.8983 0.3767
vn -0.9263 -0.3566 0.1213
vn -0.8712 -0.4549 -0.1844
vn -0.8591 -0.4934 0.1360
vn -0.1191 0.5256 -0.8424
vn -0.1006 0.4841 -0.8692
vn 0.1331 -0.0045 -0.9911
vn 0.4639 -0.3154 -0.8278
vn 0.4117 -0.3741 -0.8310
vn 0.5938 0.7518 -0.2869
vn 0.8794 0.4309 -0.2023
vn -0.8634 0.4861 -0.1349
vn -0.9139 0.0769 -0.3986
vn 0.2692 0.9507 0.1537
vn 0.6037 0.1187 0.7884
vn 0.8843 0.1051 0.4549
vn 0.9279 0.3322 0.1690
vn -0.3098 0.8093 0.4991
vn 0.7165 0.2091 -0.6655
vn 0.6496 0.0826 -0.7558
vn 0.7578 0.0332 -0.6517
vn -0.9373 0.0874 0.3373
vn -0.9418 0.0416 0.3335
vn -0.9555 -0.0005 0.2949
vn -0.3233 0.7506 0.5763
vn -0.1197 0.8857 0.4485
vn -0.2649 0.3171 0.9106
vn -0.1101 0.4625 0.8797
vn -0.8132 0.2279 0.5354
vn 0.0362 0.8508 0.5243
vn 0.0756 0.8430 0.5326
vn 0.2620 0.8206 0.5079
vn -0.7416 -0.4810 -0.4676
vn -0.4229 -0.5380 -0.7291
vn -0.8466 -0.3247 -0.4218
vn 0.2664 0.9366 0.2276
vn -0.1238 0.8717 0.4741
vn -0.8517 -0.0856 0.5170
vn -0.8538 -0.0534 0.5178
vn -0.6650 0.0519 -0.7450
vn -0.2606 0.0834 -0.9618
vn -0.8856 -0.0681 -0.4594
vn -0.7031 0.5033 0.5024
vn -0.7810 0.4271 0.4557
vn -0.6969 0.4978 0.5163
vn 0.1590 -0.5202 -0.8391
vn 0.3328 -0.3528 -0.8745
vn 0.6166 -0.3822 -0.6883
vn 0.7197 0.5633 -0.4058
vn -0.5678 0.5070 0.6485
vn -0.4058 0.7553 0.5146
vn -0.4586 0.7185 0.5229
vn 0.7194 0.6688 -0.1876
vn 0.5447 0.8357 -0.0696
vn 0.5984 0.8012 0.0053
vn 0.8685 0.2928 -0.3999
vn 0.9862 0.0456 0.1589
vn 0.8450 -0.5202 -0.1241
vn 0.0185 -0.4639 -0.8857
vn -0.3422 -0.2933 -0.8927
vn -0.3027 -0.4416 -0.8446
vn -0.8890 0.1697 0.4253
vn 0.9663 0.2117 0.1463
vn 0.9854 0.1385 0.0987
vn 0.9544 0.2810 0.1012
vn -0.5257 0.8497 -0.0406
vn -0.4658 0.8847 -0.0167
vn -0.5394 0.8340 0.1162
vn -0.9536 -0.2965 0.0530
vn -0.9412 -0.2659 0.2082
vn -0.7850 -0.4531 -0.4223
vn 0.9479 -0.0162 -0.3180
vn 0.9680 0.0768 0.2388
vn 0.7607 -0.6251 0.1750
vn 0.6554 -0.1515 -0.7399
vn 0.6360 -0.0666 -0.7688
vn 0.7050 0.0790 -0.7048
vn -0.3030 0.1119 -0.9464
vn -0.0737 0.0779 -0.9942
vn -0.2387 0.1586 -0.9581
vn -0.7039 0.6986 -0.1284
vn 0.9410 0.2736 -0.1989
vn 0.7769 -0.1200 -0.6181
vn 0.0183 -0.0744 -0.9971
vn -0.0458 0.3462 0.9370
vn -0.9112 0.0642 0.4070
vn -0.3021 0.6693 -0.6788
vn -0.4796 0.6618 -0.5762
vn 0.1415 -0.6442 -0.7517
vn 0.2136 -0.6577 -0.7223
vn -0.0058 -0.5771 -0.8167
vn 0.8928 0.0952 -0.4403
vn 0.9320 0.1656 -0.3223
vn 0.8737 0.1604 -0.4592
vn 0.6540 0.4617 -0.5992
vn 0.6059 0.5731 -0.5517
vn 0.4934 -0.0430 0.8688
vn -0.2334 0.0592 0.9706
vn 0.5212 0.3413 0.7822
vn -0.5926 0.6331 0.4980
vn 0.2515 0.7156 0.6517
vn -0.1509 0.6662 0.7304
vn 0.9063 0.3216 0.2741
vn 0.7118 0.2829 0.6429
vn -0.5074 0.5290 0.6802
vn 0.6069 0.7467 0.2721
vn 0.4890 0.8079 0.3289
vn 0.6224 0.7140 0.3205
vn 0.7959 -0.1063 -0.5960
vn 0.9878 0.0702 0.1388
vn 0.6903 0.1026 0.7162
vn 0.8891 -0.2431 0.3877
vn 0.6622 0.7237 0.1940
vn 0.5768 0.8155 0.0478
vn 0.6763 0.7364 0.0167
vn -0.0216 0.9746 0.2228
vn 0.0105 0.9642 0.2648
vn -0.0005 0.9800 0.1990
vn 0.6423 0.4312 -0.6336
vn 0.6567 0.5466 -0.5195
vn -0.9555 0.0457 0.2914
vn -0.8987 0.2099 0.3851
vn -0.9358 0.0986 0.3383
vn -0.8510 0.5044 0.1464
vn -0.8596 0.4497 0.2428
vn -0.7969 0.5535 0.2421
vn -0.5922 0.3825 -0.7093
vn 0.8806 0.1146 -0.4597
vn 0.8333 0.3019 -0.4631
vn -0.6298 0.6760 -0.3825
vn -0.6632 0.6749 -0.3235
vn -0.6375 0.7149 -0.2871
vn -0.8243 -0.1345 0.5499
vn -0.9917 -0.0955 0.0857
vn -0.5054 -0.4140 -0.7571
vn -0.7070 -0.4578 -0.5390
vn -0.1678 -0.5274 -0.8329
vn -0.8690 0.4290 0.2468
vn -0.8048 0.5422 0.2413
vn -0.8157 0.4344 0.3819
vn 0.8032 -0.3927 -0.4480
vn 0.7355 -0.3929 -0.5520
vn 0.5227 -0.8456 -0.1081
vn 0.6196 -0.7822 -0.0649
vn 0.6480 -0.7430 -0.1674
vn 0.8377 -0.5459 -0.0162
vn 0.7646 -0.4532 0.4583
vn -0.8754 -0.4006 0.2705
vn -0.8959 -0.3633 -0.2557
vn -0.9514 -0.2876 0.1101
vn 0.0058 -0.9871 -0.1597
vn -0.0688 -0.9866 -0.1481
vn -0.0520 -0.9882 -0.1443
vn 0.9014 -0.0934 0.4228
vn 0.8600 0.0988 0.5007
vn 0.9556 0.1071 0.2747
vn 0.2766 0.9146 0.2951
vn -0.1684 0.8167 0.5519
vn 0.9415 0.2717 0.1992
vn 0.9463 0.3016 0.1162
vn 0.4990 0.3885 0.7746
vn -0.9370 0.3266 0.1240
vn -0.8057 0.2336 0.5444
vn 0.8956 0.3268 -0.3018
vn 0.9114 0.2666 -0.3135
vn 0.9290 0.1942 -0.3151
vn -0.9756 -0.0481 0.2142
vn -0.0199 0.2700 -0.9626
vn -0.1401 0.2588 -0.9557
vn -0.0224 0.1220 -0.9923
vn 0.9755 -0.0114 0.2199
vn 0.8682 -0.1471 0.4738
vn 0.0968 -0.3301 0.9390
vn 0.5961 0.7454 -0.2982
vn 0.6697 0.6381 -0.3799
vn 0.6424 0.6586 -0.3919
vn 0.7922 -0.4875 0.3671
vn 0.7737 -0.0456 0.6319
vn -0.8009 0.5754 -0.1660
vn -0.8485 0.4963 -0.1837
vn -0.8687 0.4500 -0.2071
vn -0.5642 0.8177 0.1145
vn 0.9880 -0.1187 0.0989
vn 0.9205 -0.1269 0.3696
vn 0.7044 0.2353 -0.6697
vn -0.9609 0.2318 0.1516
vn -0.9605 0.2049 0.1881
vn -0.9362 0.2917 0.1960
vn -0.6954 0.7126 -0.0933
vn -0.7512 0.3842 0.5367
vn 0.8070 0.5592 -0.1896
vn 0.7656 0.6350 -0.1035
vn 0.8315 0.5461 -0.1023
vn -0.7079 0.2749 0.6506
vn -0.7520 0.1350 0.6453
vn -0.8153 0.0691 0.5749
vn -0.7512 0.6405 0.1595
vn -0.4689 -0.2163 0.8564
vn -0.2151 -0.6211 0.7536
vn -0.6131 -0.3469 0.7098
vn 0.2537 0.9015 0.3507
vn -0.9583 0.2704 -0.0927
vn -0.0753 0.4496 -0.8900
vn -0.4217 0.3909 -0.8181
vn -0.5939 -0.6649 0.4530
vn -0.7401 -0.4324 0.5151
vn -0.5858 -0.6251 0.5159
vn -0.0631 -0.0961 0.9934
vn 0.1873 -0.2028 0.9611
vn 0.1519 -0.1772 0.9724
vn -0.5993 0.6810 0.4208
vn -0.4278 0.7638 0.4833
vn -0.5140 0.7166 0.4715
vn -0.6357 -0.3043 -0.7095
vn -0.5010 -0.3930 -0.7711
vn -0.6925 -0.3937 -0.6045
vn -0.4334 0.4027 0.8062
vn 0.1111 -0.0950 -0.9893
vn 0.0661 0.0427 -0.9969
vn -0.5972 0.6696 -0.4415
vn -0.5325 0.6825 -0.5006
vn -0.5075 -0.0026 0.8616
vn -0.5637 0.0635 0.8235
vn -0.9526 0.1551 0.2618
vn -0.8778 0.1322 0.4604
vn -0.9415 -0.0490 0.3334
vn 0.6844 0.7290 -0.0096
vn -0.5559 0.6844 -0.4718
vn -0.5703 0.6497 -0.5026
vn -0.6020 0.6949 -0.3933
vn -0.6328 0.4140 0.6544
vn -0.6111 0.6876 0.3921
vn -0.6282 0.6660 0.4023
vn -0.5973 0.6746 0.4338
vn -0.4139 0.6514 0.6359
vn -0.3150 0.7368 0.5983
vn -0.4443 0.6207 0.6460
vn -0.8228 0.0300 0.5676
vn -0.7588 -0.0746 0.6471
vn -0.8122 0.0036 0.5834
vn -0.7652 0.4994 0.4063
vn 0.3107 0.8627 0.3990
vn 0.6088 0.7863 0.1056
vn -0.6352 -0.7683 0.0794
vn -0.6911 -0.7227 -0.0040
vn -0.6129 -0.7885 0.0510
vn 0.4275 0.8383 0.3382
vn 0.5591 0.7951 0.2349
vn 0.5436 0.7686 0.3372
vn -0.5393 -0.0659 0.8395
vn -0.7387 0.1581 0.6552
vn -0.7406 0.1647 0.6514
vn -0.8190 -0.0488 0.5716
vn -0.9895 0.0245 0.1422
vn -0.9774 -0.1783 -0.1140
vn -0.9598 0.1126 0.2572
vn -0.0956 -0.1765 0.9796
vn -0.4839 -0.4805 0.7314
vn -0.8766 0.0188 0.4808
vn -0.4134 -0.7368 0.5349
vn -0.4632 -0.7037 0.5388
vn -0.4797 -0.7362 0.4773
vn 0.3415 -0.6990 -0.6284
vn 0.3073 -0.8590 -0.4094
vn 0.7190 0.6329 -0.2874
vn 0.7716 0.5108 -0.3790
vn 0.1534 -0.7708 -0.6183
vn 0.0136 -0.8378 -0.5458
vn 0.1345 -0.8480 -0.5126
vn 0.9087 0.2812 -0.3084
vn 0.8896 0.3260 -0.3201
vn 0.8685 0.3975 -0.2963
vn -0.6382 -0.2737 0.7196
vn -0.5545 -0.1831 0.8118
vn -0.4884 -0.3564 0.7965
vn 0.4280 -0.5663 -0.7043
vn 0.4007 -0.5479 -0.7344
vn 0.6385 -0.4667 -0.6119
vn 0.3163 -0.2807 -0.9062
vn 0.5038 -0.1620 -0.8485
vn 0.3515 -0.1868 -0.9173
vn -0.2750 0.8422 0.4638
vn -0.9411 -0.0780 -0.3289
vn -0.9359 -0.1185 -0.3316
vn -0.9487 0.0172 -0.3157
vn 0.2382 0.1000 0.9660
vn 0.1659 -0.0587 0.9844
vn 0.3439 0.0758 0.9360
vn -0.8997 -0.0437 -0.4343
vn -0.9668 -0.1203 -0.2254
vn -0.2984 -0.1843 -0.9365
vn -0.1924 0.6045 -0.7730
vn 0.0546 0.5157 -0.8551
vn 0.9698 -0.1977 0.1429
vn 0.9933 -0.0753 -0.0881
vn 0.8652 -0.4932 -0.0902
vn 0.9363 -0.2918 0.1954
vn 0.9343 -0.2979 0.1960
vn -0.8483 0.5185 0.1076
vn 0.2404 0.2057 -0.9486
vn -0.7837 0.5401 0.3067
vn 0.4497 -0.8902 -0.0722
vn -0.5401 0.8404 0.0442
vn -0.4747 0.8743 0.1015
vn -0.4252 0.9038 0.0487
vn -0.7278 0.2184 0.6501
vn -0.7500 0.0117 0.6614
vn 0.9279 0.0124 -0.3725
vn 0.8864 0.0636 -0.4586
vn 0.4514 0.8715 -0.1915
vn 0.4988 0.8362 -0.2279
vn 0.3412 0.9197 -0.1943
vn -0.9710 0.1048 0.2148
vn -0.9836 0.1175 0.1367
vn -0.9849 0.1299 0.1142
vn 0.9157 -0.3679 0.1618
vn 0.8337 -0.4826 0.2682
vn 0.8644 -0.4767 0.1600
vn -0.9664 0.1709 0.1918
vn -0.9894 0.1387 0.0439
vn -0.9711 0.1409 0.1928
vn -0.9346 0.2680 -0.2337
vn -0.9133 0.3332 -0.2342
vn -0.8883 0.4305 -0.1601
vn 0.9369 0.1379 -0.3212
vn 0.9370 0.1300 -0.3243
vn 0.9170 0.2194 -0.3330
vn -0.6604 0.6676 -0.3437
vn -0.0374 -0.5286 -0.8480
vn 0.2911 -0.4972 -0.8174
vn 0.0555 -0.6728 -0.7377
vn 0.7668 0.1051 -0.6332
vn -0.4156 -0.9071 -0.0670
vn -0.7284 -0.6834 -0.0481
vn -0.5058 -0.8599 -0.0689
vn -0.2074 0.6709 -0.7120
vn -0.4294 0.7163 -0.5501
vn -0.4529 0.6788 -0.5780
vn 0.6745 -0.6458 0.3577
vn 0.6312 -0.7120 0.3077
vn 0.5784 -0.7240 0.3759
vn 0.8377 0.0120 -0.5460
vn -0.3892 0.8518 0.3506
vn -0.5082 0.8076 0.2993
vn -0.4994 0.7876 0.3611
vn 0.1719 0.0687 -0.9827
vn 0.3168 0.1587 -0.9351
vn 0.9122 0.0055 0.4097
vn 0.8453 0.1626 0.5090
vn 0.6085 0.1107 0.7858
vn 0.9653 -0.2490 -0.0783
vn 0.9903 -0.1191 -0.0722
vn 0.9785 -0.1945 0.0684
vn -0.9772 -0.0303 -0.2101
vn -0.9989 -0.0026 -0.0466
vn -0.7099 0.6632 -0.2372
vn -0.7421 -0.6083 -0.2814
vn -0.7621 -0.5473 -0.3460
vn 0.9722 0.0265 0.2325
vn 0.9574 0.1491 0.2472
vn 0.9568 0.0363 0.2884
vn -0.1312 -0.2984 0.9454
vn 0.0795 -0.8829 0.4628
vn 0.5198 -0.5108 0.6847
vn -0.3644 -0.7621 0.5351
vn -0.9898 -0.0502 0.1336
vn -0.9844 0.0705 0.1615
vn 0.0891 -0.5043 -0.8589
vn -0.0276 -0.5267 -0.8496
vn 0.2153 -0.4581 -0.8624
vn 0.8165 0.3867 -0.4288
vn 0.7971 0.5286 -0.2918
vn 0.0882 0.8606 0.5017
vn 0.5788 0.7796 0.2391
vn -0.6013 -0.0843 0.7946
vn -0.5178 0.0465 0.8542
vn -0.3891 0.1495 0.9090
vn -0.5775 0.7031 -0.4150
vn 0.2214 -0.5360 -0.8146
vn 0.2610 -0.6164 -0.7429
vn 0.4020 -0.4053 -0.8210
vn -0.6189 0.4242 0.6611
vn 0.6655 -0.3160 -0.6762
vn 0.6030 -0.4489 -0.6595
vn 0.4846 -0.3919 -0.7820
vn -0.6823 0.1026 0.7238
vn 0.8933 -0.2321 0.3849
vn 0.8194 -0.1065 0.5632
vn 0.5953 -0.1780 0.7835
vn -0.2947 -0.8819 0.3681
vn -0.4057 -0.8571 0.3173
vn -0.3254 -0.8935 0.3096
vn -0.7202 0.6701 0.1796
vn -0.5712 0.7004 0.4280
vn 0.9725 -0.2328 0.0049
vn 0.8111 -0.2430 0.5321
vn 0.8358 0.1927 -0.5140
vn -0.0569 0.9753 -0.2133
vn -0.0889 0.9807 -0.1742
vn 0.8894 -0.4571 0.0040
vn 0.8384 -0.4167 0.3513
vn -0.0991 0.9419 -0.3209
vn -0.0585 0.9500 -0.3067
vn -0.0667 0.9427 -0.3270
vn -0.6902 0.6703 -0.2726
vn -0.4661 -0.2398 -0.8516
vn 0.1218 -0.2556 -0.9591
vn -0.0401 -0.2127 -0.9763
vn -0.9916 -0.1284 -0.0139
vn -0.9974 -0.0446 0.0572
vn -0.3754 0.1067 0.9207
vn -0.4225 0.2016 0.8837
vn -0.2558 0.1492 0.9552
vn -0.5691 -0.2942 -0.7679
vn -0.9032 -0.1851 -0.3872
vn -0.5885 -0.2808 -0.7582
vn 0.0408 -0.4586 -0.8877
vn 0.0243 -0.3975 -0.9173
vn 0.0213 -0.3774 -0.9258
vn -0.7582 -0.0693 0.6483
vn -0.6318 -0.0082 0.7751
vn 0.6610 0.3498 -0.6639
vn 0.6396 0.2538 -0.7256
vn 0.9722 -0.0046 -0.2341
vn 0.9871 0.0727 -0.1424
vn 0.9666 0.0317 -0.2543
vn 0.0334 -0.9616 -0.2726
vn 0.0441 -0.9787 -0.2007
vn -0.0344 0.6221 -0.7822
vn 0.3867 0.3358 -0.8589
vn -0.0956 -0.1352 0.9862
vn 0.5561 -0.1140 0.8232
vn 0.6533 0.6619 -0.3675
vn 0.6760 0.6867 -0.2674
vn 0.7587 0.5661 -0.3223
vn 0.3826 0.7647 0.5185
vn 0.2741 0.7478 0.6047
vn 0.6574 0.6381 0.4008
vn -0.4864 0.4818 -0.7289
vn -0.3039 0.4295 -0.8504
vn -0.6975 0.2893 -0.6556
vn 0.2822 0.4649 0.8392
vn 0.7770 0.3396 0.5300
vn 0.6675 0.2024 0.7166
vn -0.6128 0.3547 0.7062
vn -0.5599 0.4703 0.6822
vn -0.9768 0.2129 -0.0218
vn -0.9589 0.1206 -0.2570
vn -0.9250 -0.0437 -0.3774
vn 0.7314 -0.5801 0.3585
vn 0.7049 -0.6172 0.3494
vn 0.7571 -0.2851 0.5878
vn 0.8504 0.4992 -0.1660
vn 0.4825 0.8006 0.3552
vn -0.4821 -0.8268 -0.2899
vn -0.1113 -0.7997 -0.5900
vn -0.0812 -0.7432 -0.6642
vn -0.9693 -0.0533 -0.2402
vn -0.4280 -0.4942 -0.7567
vn -0.6087 -0.3754 -0.6989
vn 0.9448 0.0425 -0.3248
vn 0.9408 -0.0326 -0.3373
vn 0.9403 0.0807 -0.3307
vn -0.5995 0.2280 0.7672
vn -0.3853 0.4136 0.8249
vn -0.2724 0.4352 0.8581
vn 0.7941 0.6064 -0.0407
vn -0.1354 0.8181 0.5589
vn -0.3074 0.7252 0.6161
vn 0.9728 0.0561 0.2249
vn 0.8569 0.2696 0.4394
vn 0.9908 0.0459 -0.1276
vn 0.6331 0.7671 -0.1032
vn 0.7068 0.6858 -0.1737
vn 0.7309 0.6786 -0.0729
vn 0.5434 0.0926 -0.8344
vn 0.5410 0.0271 -0.8406
vn -0.0650 0.0297 0.9974
vn -0.0157 0.1883 0.9820
vn -0.0148 0.0435 0.9989
vn 0.0037 0.7723 0.6353
vn 0.5357 0.7202 0.4409
vn 0.0838 0.8153 0.5730
vn -0.6390 0.4742 0.6056
vn -0.4728 -0.8198 0.3230
vn -0.3809 -0.8474 0.3700
vn 0.6844 -0.0743 -0.7253
vn 0.7096 -0.1657 -0.6849
vn 0.7296 -0.0723 -0.6800
vn 0.6816 -0.7311 0.0301
vn 0.6522 -0.7581 -0.0040
vn -0.4403 -0.3077 -0.8435
vn -0.8495 -0.2561 -0.4613
vn -0.2581 -0.3341 -0.9065
vn 0.7763 0.5668 0.2757
vn 0.7661 0.6041 0.2194
vn 0.8162 0.5324 0.2243
vn -0.7893 0.6119 0.0509
vn -0.8490 0.5283 -0.0077
vn 0.9821 -0.1824 0.0476
vn 0.9726 -0.2005 0.1178
vn 0.9706 -0.2394 0.0243
vn -0.7225 0.0023 0.6914
vn -0.5497 -0.4138 0.7257
vn 0.8627 -0.4437 -0.2427
vn -0.7424 0.6064 0.2848
vn -0.6860 0.6856 0.2436
vn -0.6517 0.6875 0.3203
vn -0.9752 0.0800 -0.2061
vn -0.9759 0.0620 -0.2091
vn -0.9820 0.0821 -0.1703
vn -0.0882 0.4965 -0.8636
vn 0.2200 0.4045 -0.8877
vn -0.7416 0.1771 0.6471
vn 0.9578 0.2216 0.1829
vn 0.9328 0.2650 0.2441
vn 0.5400 0.2936 0.7888
vn 0.7459 0.6559 0.1159
vn 0.7077 0.6662 0.2352
vn -0.7320 0.1618 0.6618
vn -0.6386 0.3288 0.6958
vn -0.5262 0.5798 0.6220
vn -0.3543 0.6710 0.6514
vn -0.9190 -0.3808 0.1019
vn -0.9439 -0.3018 0.1337
vn -0.8239 -0.4691 0.3180
vn -0.6396 0.7098 -0.2949
vn -0.7947 0.4648 0.3903
vn -0.8103 0.4112 0.4176
vn -0.8656 0.3542 0.3539
vn -0.0328 0.8440 0.5353
vn -0.6454 0.3984 0.6517
vn 0.9588 0.1692 -0.2283
vn 0.9648 0.2238 -0.1379
vn 0.9823 0.1035 -0.1564
vn 0.9593 0.2804 -0.0332
vn 0.0822 -0.8083 -0.5830
vn 0.3941 -0.5288 -0.7517
vn 0.1407 -0.7058 -0.6943
vn -0.3284 0.6833 0.6522
vn -0.4815 0.6665 0.5692
vn -0.4226 0.6022 0.6773
vn 0.3729 -0.5365 -0.7570
vn 0.3274 -0.4641 -0.8230
vn 0.2475 -0.5231 -0.8155
vn 0.5983 0.3378 0.7266
vn -0.3365 0.2482 0.9084
vn -0.2449 0.3441 0.9064
vn 0.3393 -0.8465 0.4104
vn 0.3232 -0.8332 0.4488
vn 0.2564 -0.8652 0.4309
vn -0.5333 0.3055 0.7888
vn 0.1093 0.1968 0.9743
vn -0.0577 0.1738 0.9831
vn -0.2313 0.7465 0.6239
vn -0.2844 0.7456 0.6027
vn -0.4442 0.6462 0.6206
vn -0.6921 -0.6951 -0.1945
vn -0.6581 -0.7367 -0.1554
vn -0.5979 -0.7957 -0.0964
vn -0.2288 -0.9726 -0.0405
vn -0.1188 -0.9900 -0.0767
vn -0.0750 -0.9619 -0.2629
vn -0.0821 -0.5196 -0.8504
vn -0.0095 0.4526 -0.8917
vn -0.5508 0.3967 -0.7343
vn 0.1056 0.5478 -0.8299
vn -0.8751 -0.2608 0.4077
vn -0.8767 -0.3825 0.2918
vn -0.2220 0.9476 -0.2296
vn -0.1107 -0.1759 0.9782
vn -0.5010 0.5842 0.6385
vn -0.8379 -0.4332 0.3322
vn -0.8430 -0.4202 0.3358
vn 0.9536 0.0650 -0.2939
vn 0.5707 0.2211 -0.7908
vn -0.0427 -0.9990 -0.0111
vn 0.7583 0.2864 0.5856
vn 0.8822 0.2570 0.3945
vn 0.8533 0.2107 0.4769
vn 0.1895 -0.5066 -0.8411
vn -0.0161 -0.5336 -0.8456
vn 0.0893 -0.5135 -0.8534
vn -0.0684 -0.7431 0.6656
vn -0.1896 -0.8312 0.5227
vn -0.1052 -0.5831 0.8056
vn 0.6485 0.0015 -0.7612
vn 0.5924 -0.1309 -0.7949
vn -0.1399 -0.3521 0.9255
vn -0.1443 -0.2751 0.9505
vn -0.1542 -0.3984 0.9042
vn -0.9148 0.2398 0.3251
vn -0.8476 0.3263 0.4185
vn -0.9348 0.1461 0.3237
vn -0.9384 0.0163 0.3451
vn -0.2308 0.9102 0.3439
vn -0.1705 0.9383 0.3008
vn -0.2663 0.9284 0.2592
vn -0.6216 0.4428 0.6462
vn 0.8160 0.5663 -0.1159
vn 0.8600 0.4654 -0.2092
vn 0.8826 0.4469 -0.1462
vn 0.0228 0.4527 -0.8914
vn -0.0857 0.4219 -0.9026
vn 0.1520 0.2276 -0.9618
vn -0.8173 -0.4686 -0.3353
vn -0.7723 -0.5328 -0.3458
vn -0.7776 -0.5179 -0.3565
vn 0.5300 0.1077 0.8411
vn -0.7169 0.1362 0.6837
vn -0.6689 0.0678 0.7402
vn -0.0556 0.3353 -0.9405
vn -0.3164 0.6641 -0.6774
vn 0.8537 0.3464 -0.3889
vn 0.8179 0.4908 -0.3003
vn 0.8466 0.4687 -0.2520
vn 0.8701 0.4896 -0.0570
vn 0.8907 -0.1260 -0.4368
vn 0.6788 -0.4894 -0.5474
vn 0.7846 -0.3210 -0.5304
vn 0.1707 0.8623 0.4767
vn 0.1978 0.8984 0.3920
vn 0.1182 0.9027 0.4137
vn -0.5567 -0.0479 0.8293
vn 0.9825 0.1864 0.0038
vn 0.9729 0.2306 0.0157
vn 0.9842 0.1652 0.0642
vn 0.7975 0.5833 0.1541
vn 0.8976 0.4408 -0.0012
vn 0.7852 0.6088 0.1134
vn -0.8033 0.4834 0.3478
vn -0.7418 0.2572 0.6193
vn -0.8338 0.3236 0.4472
vn -0.9137 -0.1986 0.3545
vn -0.9775 -0.0835 0.1939
vn -0.2744 -0.9299 -0.2449
vn -0.5095 -0.8284 -0.2326
vn -0.3630 -0.9276 0.0886
vn -0.2801 0.9480 -0.1513
vn -0.3586 0.9232 -0.1386
vn -0.3382 0.9275 -0.1594
vn 0.2312 -0.2378 -0.9434
vn 0.0489 -0.2040 -0.9777
vn 0.2348 -0.1266 -0.9638
vn 0.4039 0.6526 0.6411
vn 0.3482 0.4960 0.7954
vn 0.5073 0.5699 0.6464
vn -0.8129 -0.0457 0.5806
vn -0.7905 0.0751 0.6078
vn -0.9908 0.0513 -0.1251
vn -0.9968 0.0795 -0.0024
vn -0.9946 -0.0141 -0.1031
vn 0.3245 0.7615 0.5611
vn -0.5677 -0.8228 0.0263
vn -0.5549 -0.8319 -0.0067
vn -0.1213 0.9623 0.2434
vn -0.0768 0.9522 0.2957
vn -0.8150 0.4265 -0.3921
vn -0.4141 0.5892 -0.6939
vn 0.9616 -0.1547 0.2266
vn 0.9907 -0.1364 -0.0017
vn 0.9243 0.0184 0.3813
vn -0.6469 0.3213 0.6915
vn -0.7377 0.1151 0.6653
vn 0.7505 0.0274 -0.6603
vn 0.7822 -0.0506 -0.6210
vn 0.8034 0.0240 -0.5950
vn -0.8596 0.3644 -0.3581
vn -0.7537 0.5004 -0.4261
vn -0.7574 0.5086 -0.4095
vn -0.0329 -0.2945 -0.9551
vn 0.0831 -0.3024 -0.9496
vn 0.0888 -0.2851 -0.9544
vn -0.7070 0.6736 -0.2154
vn -0.6982 0.7130 -0.0639
vn 0.6045 0.3501 -0.7155
vn 0.8642 -0.3392 -0.3716
vn 0.4964 0.4092 -0.7656
vn 0.7906 0.3485 -0.5035
vn 0.7959 0.1573 -0.5846
vn 0.7635 0.2646 -0.5891
vn -0.3765 0.7480 0.5465
vn 0.0527 0.7354 0.6756
vn -0.0222 0.7329 0.6800
vn 0.0146 0.5842 0.8114
vn 0.9367 0.2253 0.2679
vn 0.3557 0.2675 -0.8955
vn -0.3206 0.1491 0.9354
vn -0.7356 0.5101 -0.4457
vn -0.6921 0.3140 -0.6499
vn 0.1635 0.4844 -0.8594
vn -0.9951 0.0822 0.0551
vn -0.9111 0.2129 -0.3530
vn -0.4974 0.1003 0.8617
vn -0.6996 0.2164 0.6810
vn -0.5371 0.0354 0.8428
vn -0.8113 -0.0499 0.5826
vn -0.3181 0.6704 0.6704
vn -0.3976 0.6521 0.6455
vn -0.5691 0.7627 0.3073
vn -0.5989 0.7021 0.3853
vn -0.6171 0.7179 0.3221
vn 0.8120 -0.2511 0.5268
vn 0.6439 -0.1576 0.7487
vn -0.7668 0.0424 0.6405
vn -0.7091 -0.0163 0.7049
vn -0.7575 0.6438 -0.1077
vn 0.4309 0.8200 0.3768
vn 0.4017 0.8005 0.4448
vn 0.5001 0.7541 0.4256
vn -0.6255 0.4837 0.6122
vn 0.8822 0.4214 -0.2101
vn 0.8897 0.3243 -0.3215
vn -0.9327 0.2882 0.2168
vn -0.9846 -0.0008 -0.1746
vn -0.9155 0.0355 0.4008
vn -0.6249 0.1599 0.7641
vn 0.0500 -0.9150 0.4003
vn 0.0046 -0.9426 0.3338
vn 0.6012 0.0480 -0.7977
vn 0.5863 0.0403 -0.8091
vn 0.9668 -0.2108 0.1442
vn 0.7949 -0.0446 -0.6050
vn 0.6945 -0.0612 -0.7169
vn -0.1657 0.9803 0.1079
vn -0.1926 0.9679 0.1616
vn -0.1232 0.9759 0.1803
vn 0.9687 -0.1139 0.2205
vn 0.9650 -0.2438 0.0963
vn -0.6135 -0.7762 0.1456
vn -0.7934 -0.5724 -0.2071
vn -0.9211 -0.1114 0.3730
vn -0.8860 -0.0615 0.4596
vn -0.9350 -0.1482 0.3223
vn -0.1959 0.6362 -0.7462
vn 0.6529 0.1025 -0.7505
vn 0.5740 -0.2651 -0.7747
vn 0.6329 -0.1371 -0.7620
vn 0.1347 -0.4097 -0.9022
vn 0.1715 -0.3546 -0.9191
vn 0.2570 -0.4256 -0.8676
vn 0.1513 0.9631 -0.2225
vn 0.0560 0.9626 -0.2652
vn 0.0833 0.9844 -0.1548
vn -0.6171 0.5140 0.5959
vn -0.9469 -0.2520 -0.1999
vn 0.5859 0.7876 -0.1905
vn 0.6467 0.7378 -0.1936
vn 0.6584 0.7122 -0.2433
vn -0.4743 -0.1863 -0.8604
vn 0.7249 -0.0635 -0.6859
vn -0.5405 0.5087 -0.6702
vn -0.2429 -0.3220 -0.9151
vn 0.5184 -0.3881 -0.7620
vn -0.9150 0.3689 -0.1634
vn -0.9395 0.3314 -0.0872
vn -0.8931 0.4499 -0.0076
vn -0.1418 0.2236 0.9643
vn 0.8982 0.4066 0.1671
vn 0.9222 0.3732 0.1014
vn 0.5795 0.7765 -0.2475
vn 0.4828 0.8459 -0.2267
vn -0.1354 -0.9907 0.0104
vn -0.1831 -0.9125 0.3657
vn 0.1250 -0.9911 0.0452
vn 0.1172 -0.8950 0.4304
vn -0.1051 -0.8894 0.4448
vn -0.7727 -0.5783 -0.2617
vn -0.7410 -0.6029 -0.2957
vn -0.7224 -0.6609 -0.2032
vn 0.8021 -0.5509 0.2306
vn 0.6324 -0.7368 0.2394
vn 0.4832 -0.8042 0.3461
vn 0.0950 -0.1789 -0.9793
vn 0.4027 -0.0744 -0.9123
vn 0.2966 -0.1223 -0.9472
vn 0.8521 0.1989 -0.4842
vn 0.7994 0.5537 0.2332
vn -0.6955 0.3189 0.6439
vn -0.0134 -0.3520 -0.9359
vn 0.1837 -0.3758 -0.9083
vn 0.3054 -0.2774 -0.9109
vn 0.7261 -0.0895 -0.6818
vn 0.7800 0.0023 -0.6258
vn -0.5362 0.8242 0.1823
vn -0.6322 0.7456 0.2107
vn -0.2103 -0.8921 -0.3998
vn -0.3688 -0.8251 -0.4280
vn 0.2265 -0.9492 -0.2182
vn 0.2350 -0.9710 0.0449
vn 0.3161 -0.9247 0.2122
vn 0.9964 -0.0761 0.0377
vn 0.9810 -0.0617 0.1841
vn 0.0135 0.1617 0.9867
vn 0.4461 0.3414 0.8273
vn -0.4395 0.5149 -0.7360
vn -0.7260 -0.6721 0.1459
vn -0.6981 -0.6786 0.2286
vn -0.7777 -0.6106 0.1497
vn -0.8294 0.0780 0.5532
vn -0.7569 0.0762 0.6490
vn -0.6031 0.7141 -0.3553
vn 0.9580 -0.0369 0.2844
vn 0.7261 0.6112 0.3148
vn 0.9140 0.3973 0.0824
vn -0.3300 0.0832 -0.9403
vn -0.5350 0.4233 -0.7312
vn -0.7227 0.3841 0.5746
vn -0.7393 0.3674 0.5643
vn -0.7414 0.3967 0.5412
vn 0.7107 -0.6023 -0.3634
vn 0.7593 -0.5825 -0.2901
vn 0.7627 -0.5691 -0.3074
vn 0.9434 0.1064 -0.3141
vn 0.9590 0.0641 -0.2761
vn 0.9280 0.2288 -0.2942
vn 0.8385 0.1807 -0.5140
vn -0.7846 0.1592 0.5992
vn -0.4905 -0.8422 0.2238
vn -0.3407 -0.7934 0.5045
vn -0.2487 -0.9028 0.3508
vn 0.7272 -0.2925 0.6210
vn 0.4438 0.4070 0.7984
vn 0.5314 0.2310 0.8150
vn -0.2854 0.3238 -0.9020
vn 0.9291 0.2976 -0.2195
vn 0.9109 0.3361 -0.2392
vn 0.9235 0.3592 -0.1349
vn 0.0535 -0.9868 -0.1526
vn -0.0121 -0.9973 -0.0718
vn -0.9534 0.3002 0.0282
vn -0.8832 0.4559 0.1100
vn -0.8837 0.4632 0.0681
vn -0.9863 0.0886 0.1393
vn -0.9578 0.1327 0.2551
vn -0.9443 0.0644 0.3227
vn 0.9483 -0.0570 -0.3121
vn 0.2443 0.9429 -0.2264
vn 0.3039 0.9123 -0.2746
vn -0.9456 -0.1754 -0.2740
vn -0.9090 -0.2471 -0.3356
vn -0.9237 -0.1707 -0.3430
vn -0.9235 0.3318 0.1926
vn -0.8959 0.4108 0.1694
vn -0.9220 0.3599 0.1426
vn 0.3695 -0.3176 -0.8733
vn 0.4007 -0.2848 -0.8708
vn 0.4076 -0.3011 -0.8621
vn 0.6131 0.4544 -0.6462
vn 0.1155 0.7622 0.6369
vn 0.0920 0.8233 0.5601
vn -0.1605 -0.9870 0.0068
vn -0.0341 -0.9991 0.0258
vn -0.7772 0.6272 -0.0506
vn -0.8916 0.4219 0.1647
vn -0.7672 -0.5317 -0.3588
vn 0.5247 0.0212 -0.8510
vn -0.5695 -0.3450 0.7461
vn -0.2810 -0.2292 0.9319
vn -0.2789 -0.5246 0.8044
vn 0.6757 0.6405 0.3649
vn 0.6246 0.6881 0.3693
vn 0.7011 0.6374 0.3196
vn 0.7174 0.0299 -0.6960
vn 0.6644 0.3775 -0.6451
vn 0.7547 0.4730 -0.4547
vn 0.7389 0.3830 -0.5544
vn -0.6435 0.7000 -0.3098
vn -0.7248 0.4202 0.5460
vn -0.6612 0.4614 0.5915
vn 0.7764 0.6051 -0.1763
vn 0.7470 0.6228 -0.2326
vn -0.9584 -0.2812 -0.0496
vn -0.6452 0.6378 -0.4205
vn -0.6200 0.6651 -0.4162
vn -0.5366 0.7302 -0.4229
vn 0.2707 0.0162 0.9625
vn 0.4121 -0.0866 0.9070
vn 0.4371 -0.0222 0.8992
vn -0.6759 0.7292 -0.1073
vn -0.6917 0.7129 -0.1156
vn -0.7340 0.6733 -0.0886
vn 0.8948 0.2177 -0.3898
vn -0.2844 0.7088 0.6456
vn 0.1709 -0.3096 -0.9354
vn 0.1085 -0.3680 -0.9235
vn -0.6439 0.0768 0.7612
vn -0.8582 -0.2526 0.4468
vn -0.8337 -0.0839 0.5459
vn -0.8999 0.2055 0.3847
vn -0.9522 0.2037 0.2276
vn 0.6397 0.1088 0.7609
vn 0.7136 0.1186 0.6905
vn 0.9188 0.0367 0.3931
vn -0.8815 -0.0498 0.4696
vn -0.4122 0.3567 -0.8383
vn -0.4846 -0.0888 -0.8702
vn -0.6807 -0.6388 -0.3586
vn -0.3732 0.0525 -0.9263
vn -0.1535 -0.2966 -0.9426
vn 0.7101 0.0030 -0.7041
vn -0.5793 0.6653 -0.4711
vn -0.1763 0.4028 -0.8982
vn 0.7405 0.0514 -0.6701
vn 0.4634 0.6450 0.6076
vn 0.7878 0.5035 0.3548
vn 0.9248 0.1561 -0.3468
vn 0.9171 0.2436 -0.3157
vn -0.6043 0.5034 0.6175
vn 0.9281 0.3678 -0.0582
vn 0.9119 0.4100 0.0205
vn 0.9395 0.3413 -0.0289
vn 0.6820 0.0995 -0.7245
vn -0.0554 -0.1153 -0.9918
vn 0.0536 0.2206 0.9739
vn -0.1642 0.3180 0.9338
vn -0.2511 0.2314 0.9399
vn 0.5543 0.1226 -0.8232
vn 0.6172 0.0522 -0.7851
vn -0.0803 0.8763 0.4750
vn 0.0257 0.8479 0.5296
vn -0.2014 0.8272 0.5246
vn -0.4184 -0.1440 0.8968
vn -0.6367 0.2325 0.7352
vn -0.7407 -0.1587 0.6529
vn -0.8029 0.0943 0.5886
vn -0.3678 0.1663 0.9149
vn 0.9403 0.3294 -0.0860
vn 0.3552 -0.9115 0.2071
vn -0.6675 0.3739 0.6439
vn -0.6853 0.3871 0.6168
vn 0.3303 -0.7664 -0.5510
vn -0.0006 -0.4244 -0.9055
vn -0.9837 0.1560 0.0892
vn -0.9960 0.0865 -0.0213
vn -0.9904 0.1216 0.0658
vn 0.9291 0.3693 0.0220
vn 0.4439 -0.1187 0.8882
vn 0.2807 -0.1228 0.9519
vn -0.3531 0.8961 -0.2689
vn -0.2717 0.9379 -0.2158
vn 0.9061 0.3703 0.2047
vn 0.8919 0.3893 0.2302
vn 0.1601 -0.9440 -0.2887
vn -0.3414 0.1009 0.9345
vn 0.7822 0.5867 -0.2096
vn 0.7180 0.6716 -0.1827
vn 0.6830 -0.1709 -0.7101
vn 0.6108 -0.2658 -0.7459
vn 0.1790 -0.7014 -0.6900
vn 0.2717 -0.7115 -0.6480
vn -0.3168 0.2620 0.9116
vn 0.7698 0.0853 -0.6326
vn 0.0689 -0.4915 0.8682
vn 0.3392 -0.4194 0.8421
vn -0.0926 -0.4821 0.8712
vn -0.2985 -0.7656 0.5698
vn -0.4744 -0.4808 0.7374
vn 0.1418 -0.6066 -0.7823
vn 0.0753 -0.6259 -0.7763
vn -0.8430 0.5267 0.1091
vn -0.8280 0.5586 0.0482
vn -0.8891 0.4429 0.1157
vn -0.6059 -0.6820 0.4097
vn -0.7343 -0.5613 0.3818
vn -0.6965 -0.6375 0.3293
vn -0.8447 -0.2895 0.4502
vn -0.8532 -0.2610 0.4516
vn -0.7649 -0.3588 0.5350
vn -0.2920 0.1885 0.9377
vn -0.2958 -0.0441 0.9542
vn -0.7099 0.3880 0.5878
vn 0.7546 -0.3082 -0.5793
vn 0.9881 0.0667 0.1386
vn 0.8147 -0.3739 -0.4432
vn 0.6386 -0.6005 0.4812
vn 0.9574 -0.2788 0.0760
vn 0.6495 -0.4155 0.6368
vn -0.7055 0.0249 -0.7083
vn -0.9692 -0.0991 -0.2256
vn -0.9692 -0.1052 -0.2227
vn -0.7701 0.6379 -0.0073
vn -0.9729 0.1711 -0.1556
vn -0.9741 0.1249 -0.1883
vn -0.9443 0.1027 -0.3128
vn -0.8544 0.5141 0.0755
vn -0.6928 0.6552 -0.3012
vn -0.7153 -0.0878 -0.6933
vn -0.7134 -0.1837 -0.6762
vn -0.5883 -0.0155 -0.8085
vn -0.8266 -0.5574 0.0773
vn -0.8673 -0.4977 0.0074
vn -0.8031 -0.5958 0.0065
vn 0.1531 -0.2152 0.9645
vn 0.1365 -0.0416 0.9898
vn 0.6981 -0.2464 0.6722
vn 0.7672 0.4081 0.4948
vn 0.8492 0.4039 0.3402
vn 0.6716 0.5524 0.4939
vn -0.7679 0.6253 0.1392
vn -0.7323 0.6479 0.2095
vn -0.7149 0.6726 0.1912
vn 0.8224 0.0501 -0.5667
vn 0.8612 -0.3034 -0.4077
vn 0.8166 -0.3260 -0.4764
vn 0.8221 0.5133 -0.2464
vn 0.8866 0.3766 -0.2685
vn -0.0759 -0.9930 0.0906
vn 0.0386 -0.9952 0.0902
vn -0.0874 -0.9892 0.1179
vn -0.7438 0.3341 0.5790
vn 0.8711 -0.4909 -0.0128
vn 0.9209 -0.3750 -0.1064
vn 0.9237 -0.3832 0.0026
vn 0.9124 -0.0547 0.4057
vn 0.9933 -0.1109 0.0332
vn 0.9122 -0.0533 0.4063
vn 0.9427 0.3012 -0.1438
vn 0.9229 0.2301 -0.3086
vn 0.8935 0.4302 0.1283
vn 0.9689 0.0115 0.2472
vn 0.4161 -0.5073 -0.7547
vn 0.1971 -0.7474 -0.6345
vn -0.8744 0.2830 -0.3940
vn -0.9898 0.1415 -0.0177
vn -0.7843 0.1762 -0.5948
vn -0.0437 -0.6832 0.7290
vn 0.0729 -0.7561 0.6504
vn -0.0748 -0.7557 0.6506
vn -0.9878 0.0854 0.1299
vn -0.5871 0.2549 0.7683
vn 0.9421 0.2736 -0.1938
vn 0.9431 0.1412 -0.3011
vn -0.8225 0.4877 -0.2927
vn -0.2407 0.5862 -0.7736
vn -0.7649 0.6067 -0.2163
vn -0.8187 0.4646 -0.3376
vn -0.8804 0.3609 -0.3077
vn -0.9381 0.0629 0.3407
vn -0.9323 0.0903 0.3502
vn -0.9632 0.1264 0.2373
vn 0.2000 -0.6664 -0.7183
vn 0.0814 -0.8267 -0.5568
vn 0.1895 -0.7809 -0.5952
vn -0.8809 -0.2203 0.4189
vn -0.4437 -0.0471 0.8949
vn 0.0510 0.3132 0.9483
vn 0.4387 0.1460 0.8867
vn 0.0323 0.9914 0.1265
vn -0.0058 0.9908 0.1350
vn 0.0372 0.9855 0.1658
vn -0.8439 -0.4818 -0.2359
vn -0.8071 -0.5368 -0.2458
vn 0.2997 0.2956 0.9071
vn -0.6123 0.2218 0.7589
vn -0.4200 0.0956 0.9025
vn 0.9740 -0.2086 -0.0878
vn 0.9845 -0.1637 0.0636
vn -0.0766 -0.2199 -0.9725
vn -0.1100 -0.1399 -0.9840
vn 0.0529 -0.2497 -0.9669
vn -0.8441 -0.3390 -0.4155
vn -0.6994 -0.2656 -0.6636
vn 0.8968 0.0715 0.4366
vn -0.2129 0.4162 0.8840
vn -0.0796 0.7580 0.6474
vn -0.1805 0.7600 0.6244
vn -0.0874 0.6313 0.7706
vn 0.9333 0.1397 -0.3309
vn 0.9319 0.0299 -0.3614
vn -0.4515 0.7041 0.5481
vn -0.8686 -0.0426 0.4936
vn -0.9863 0.0679 -0.1506
vn -0.9888 0.1168 -0.0931
vn -0.7324 0.6656 -0.1431
vn -0.7595 0.6318 -0.1550
vn -0.7999 0.5798 -0.1551
vn -0.1755 -0.5043 0.8455
vn -0.1840 -0.4461 0.8759
vn -0.1484 -0.4718 0.8691
vn 0.9921 -0.1239 -0.0189
vn -0.4379 -0.3668 -0.8208
vn -0.6335 -0.4252 0.6464
vn -0.8773 -0.4158 0.2396
vn 0.8786 0.2595 0.4009
vn 0.2824 0.1745 0.9433
vn 0.6862 0.1955 0.7006
vn 0.5940 -0.4271 -0.6817
vn 0.9955 0.0785 0.0524
vn 0.9994 0.0328 0.0066
vn 0.9746 -0.0506 -0.2182
vn -0.9185 -0.0010 0.3953
vn -0.9692 0.0884 0.2301
vn -0.9930 -0.1102 -0.0416
vn -0.8903 0.0175 -0.4550
vn -0.9273 -0.0791 -0.3659
vn 0.1101 -0.0388 -0.9932
vn 0.9928 -0.1049 -0.0586
vn 0.9387 -0.1023 -0.3291
vn -0.8269 -0.1168 0.5501
vn -0.8885 0.0122 0.4588
vn -0.9348 -0.1834 0.3041
vn 0.6475 -0.7339 0.2054
vn 0.6824 -0.7189 0.1323
vn 0.6786 -0.6971 0.2312
vn 0.7941 0.6048 -0.0601
vn 0.9389 -0.0825 0.3341
vn 0.9121 -0.1966 0.3598
vn 0.8998 0.4266 -0.0909
vn 0.6329 0.7735 -0.0341
vn 0.7308 0.6748 -0.1024
vn -0.8914 -0.3370 0.3030
vn -0.8587 -0.3882 0.3345
vn -0.2125 0.9372 -0.2765
vn -0.1030 0.9601 -0.2602
vn -0.7597 0.4049 0.5088
vn -0.7534 0.3728 0.5417
vn -0.7968 0.3327 0.5044
vn 0.7992 0.0335 -0.6001
vn 0.7523 -0.0246 -0.6583
vn 0.7208 0.0632 -0.6903
vn 0.9962 0.0866 0.0055
vn 0.6831 0.0005 -0.7303
vn 0.7470 0.1469 -0.6484
vn -0.7619 0.0365 -0.6466
vn -0.9744 0.2001 0.1021
vn -0.9280 0.1144 -0.3546
vn 0.9684 -0.1523 -0.1975
vn 0.9631 -0.2108 0.1675
vn 0.9827 -0.0264 0.1836
vn 0.9459 0.3245 -0.0074
vn -0.8771 0.2259 0.4238
vn -0.8082 0.3501 0.4735
vn -0.2640 -0.8207 0.5067
vn -0.3042 -0.7487 0.5890
vn 0.7664 -0.1291 -0.6293
vn 0.8325 -0.1393 -0.5362
vn 0.8467 -0.0356 -0.5308
vn 0.7421 -0.1974 -0.6406
vn 0.6411 -0.2576 -0.7230
vn 0.5784 -0.3259 -0.7479
vn 0.8416 -0.4652 0.2744
vn 0.7181 0.6865 0.1139
vn 0.8094 0.5843 0.0586
vn 0.7012 0.7103 0.0616
vn 0.9431 0.3311 0.0318
vn 0.9512 0.3084 0.0039
vn 0.8294 0.4010 -0.3889
vn 0.9064 0.3394 -0.2515
vn 0.8188 0.3066 -0.4853
vn 0.8233 0.0351 -0.5665
vn -0.1723 -0.4845 0.8576
vn -0.2257 -0.4871 0.8437
vn -0.2262 -0.5138 0.8275
vn -0.7368 0.1424 0.6609
vn -0.8892 0.0227 0.4569
vn -0.4165 0.1167 0.9016
vn 0.9651 0.0971 -0.2432
vn 0.9597 0.0480 -0.2770
vn -0.1584 0.1671 0.9731
vn -0.3982 -0.0236 0.9170
vn -0.9266 0.1369 0.3504
vn 0.7027 0.7104 0.0394
vn 0.6789 0.7227 0.1294
vn 0.7349 0.6627 0.1441
vn -0.2470 -0.1457 -0.9580
vn -0.2883 -0.0231 -0.9573
vn -0.1843 0.4053 -0.8954
vn -0.6655 -0.7384 -0.1088
vn -0.6370 -0.7702 -0.0316
vn -0.1559 -0.5452 0.8237
vn -0.1136 -0.5306 0.8400
vn -0.7080 -0.3459 0.6157
vn 0.2034 -0.4829 -0.8517
vn 0.1504 -0.3720 -0.9160
vn -0.6433 -0.4605 -0.6116
vn -0.3266 0.1724 0.9293
vn -0.4243 0.2286 0.8762
vn -0.5842 0.6420 -0.4965
vn -0.5412 0.5885 -0.6006
vn -0.4703 0.5220 -0.7116
vn 0.8838 0.4195 0.2070
vn 0.9274 0.3607 0.0994
vn 0.9900 0.0688 -0.1230
vn 0.9963 0.0115 -0.0851
vn 0.9735 0.0809 -0.2137
vn 0.4303 -0.4894 0.7585
vn 0.0274 -0.5959 0.8026
vn -0.4762 -0.2450 0.8445
vn -0.4448 0.6257 -0.6408
vn -0.4861 0.6113 -0.6245
vn -0.1978 0.8701 0.4515
vn -0.1221 0.8622 0.4917
vn -0.1501 0.9065 0.3947
vn 0.8504 0.0002 0.5262
vn 0.9214 0.0793 0.3804
vn 0.8140 0.0570 0.5781
vn 0.9092 0.0707 -0.4103
vn 0.7445 -0.1456 -0.6515
vn 0.8236 -0.0440 -0.5654
vn -0.2670 -0.5310 0.8042
vn -0.2366 -0.5211 0.8200
vn -0.2436 -0.5416 0.8046
vn 0.5967 0.0894 -0.7975
vn 0.4081 0.1142 -0.9057
vn 0.5322 0.2250 -0.8162
vn -0.0019 -0.8014 0.5981
vn -0.1449 -0.7532 0.6416
vn -0.1763 -0.7908 0.5862
vn 0.9568 0.2818 -0.0712
vn 0.9579 0.2800 -0.0636
vn -0.3585 -0.1231 0.9254
vn -0.9147 0.0039 0.4041
vn 0.8206 0.0123 -0.5713
vn 0.4789 -0.0948 0.8727
vn -0.8142 0.4978 0.2988
vn 0.7436 -0.0193 -0.6683
vn 0.3419 -0.0843 -0.9360
vn 0.4964 -0.1648 -0.8523
vn 0.5654 0.6687 0.4829
vn 0.7402 0.5313 0.4121
vn 0.1879 0.7284 0.6589
vn 0.0510 -0.9976 0.0464
vn 0.7891 -0.5733 -0.2205
vn 0.7361 -0.6280 -0.2526
vn 0.7884 -0.5426 -0.2898
vn -0.4134 0.9068 -0.0827
vn -0.3589 0.9329 -0.0287
vn -0.0875 0.2227 0.9710
vn -0.4689 0.2548 0.8457
vn 0.8073 -0.0079 -0.5901
vn 0.8415 0.0113 -0.5402
vn 0.8462 0.0117 -0.5328
vn 0.8798 0.0658 -0.4709
vn -0.2328 -0.8635 -0.4473
vn -0.2958 -0.8515 -0.4329
vn -0.8334 0.5363 0.1334
vn -0.6179 0.6961 -0.3655
vn 0.6844 -0.6067 0.4042
vn 0.5111 -0.7575 0.4061
vn 0.7322 -0.5299 0.4278
vn 0.7386 -0.1948 0.6454
vn 0.8636 -0.0348 0.5030
vn 0.0386 0.0319 -0.9987
vn 0.3647 0.9183 0.1541
vn 0.4700 0.8681 0.1598
vn 0.4642 0.8805 0.0963
vn -0.8661 -0.0971 0.4903
vn -0.9143 -0.1424 0.3793
vn -0.8783 -0.2541 0.4049
vn 0.9674 0.1702 0.1876
vn 0.8743 0.3661 0.3186
vn -0.6737 -0.2863 -0.6813
vn -0.9458 0.1394 0.2932
vn -0.9808 0.1765 0.0828
vn -0.9602 0.2703 -0.0705
vn -0.7905 0.4543 0.4108
vn -0.8515 0.3650 0.3764
vn 0.9475 0.3155 0.0516
vn 0.1643 -0.9861 0.0243
vn 0.1412 -0.9899 -0.0161
vn 0.2779 -0.9603 -0.0238
vn 0.1928 -0.9811 -0.0186
vn -0.9516 0.2868 0.1103
vn 0.8714 -0.0483 -0.4882
vn 0.8177 -0.4482 -0.3611
vn 0.9936 -0.1060 -0.0391
vn -0.2985 0.3454 -0.8897
vn 0.9336 0.3577 0.0210
vn 0.9516 0.2897 -0.1022
vn 0.9773 -0.1790 -0.1132
vn 0.9910 -0.1170 -0.0658
vn 0.9727 -0.2313 -0.0214
vn 0.9329 -0.2165 -0.2878
vn 0.9290 -0.2740 -0.2487
vn 0.9055 -0.3415 -0.2518
vn 0.9350 0.0655 -0.3485
vn 0.5681 -0.0426 -0.8219
vn 0.8970 -0.0245 -0.4413
vn -0.9233 -0.2552 0.2869
vn -0.7832 -0.3766 -0.4947
vn -0.8255 -0.1478 0.5448
vn -0.3245 -0.0115 0.9458
vn -0.5832 -0.0128 0.8122
vn 0.4945 -0.7176 0.4903
vn 0.7262 -0.6496 0.2250
vn 0.3241 -0.9448 0.0486
vn 0.9364 0.3327 0.1114
vn -0.9366 0.1277 -0.3264
vn -0.9185 0.1721 -0.3560
vn -0.9322 0.1448 -0.3319
vn -0.3078 -0.8529 0.4218
vn 0.7824 -0.0772 -0.6180
vn -0.4447 0.0810 0.8920
vn -0.5220 0.1511 0.8395
vn -0.9942 -0.0745 -0.0773
vn -0.9540 -0.0989 0.2829
vn -0.9986 -0.0302 0.0431
vn 0.7081 -0.0674 -0.7029
vn 0.9517 -0.2166 -0.2177
vn 0.7564 -0.1589 -0.6345
vn 0.9207 0.1356 -0.3659
vn 0.5788 0.0118 -0.8154
vn 0.6061 -0.0433 -0.7942
vn 0.8207 0.5077 0.2620
vn 0.8590 0.4654 0.2133
vn 0.1416 -0.5040 -0.8520
vn 0.0270 -0.9993 -0.0255
vn -0.9060 -0.2317 0.3542
vn -0.9519 -0.1861 0.2436
vn -0.8754 -0.3380 -0.3456
vn -0.9826 -0.1634 0.0879
vn 0.6737 -0.0360 -0.7381
vn 0.9588 0.2242 -0.1747
vn 0.9603 0.2195 -0.1721
vn 0.9007 0.3815 0.2080
vn 0.7999 0.5648 -0.2027
vn 0.7966 0.5796 -0.1718
vn 0.8742 0.4831 -0.0493
vn 0.4633 -0.8145 0.3492
vn 0.5846 -0.8009 -0.1295
vn 0.5338 -0.3227 -0.7816
vn 0.5050 -0.3568 -0.7859
vn 0.5386 -0.3668 -0.7585
vn 0.4315 -0.8526 -0.2949
vn 0.6246 -0.2630 -0.7353
vn 0.5669 -0.3547 -0.7435
vn 0.2652 -0.9415 -0.2082
vn 0.4020 -0.8880 -0.2234
vn -0.6666 0.4936 0.5586
vn -0.6151 0.6789 -0.4010
vn -0.9981 -0.0585 -0.0182
vn -0.9114 -0.2608 -0.3182
vn -0.1658 -0.2469 0.9547
vn -0.6050 -0.4758 0.6384
vn 0.1898 -0.5832 0.7899
vn -0.0008 -0.1996 -0.9799
vn -0.0661 -0.2362 -0.9694
vn -0.0807 -0.2085 -0.9747
vn -0.5063 -0.1618 0.8470
vn -0.3823 0.6481 0.6586
vn 0.5705 -0.2833 0.7709
vn 0.8727 -0.1348 0.4694
vn 0.3570 0.8411 -0.4063
vn 0.2427 0.9102 -0.3356
vn 0.3558 0.8673 -0.3480
vn -0.4361 0.6525 0.6197
vn -0.2034 0.3880 0.8989
vn 0.4048 0.4545 0.7935
vn 0.6109 -0.2955 0.7345
vn 0.6703 0.1115 0.7337
vn 0.1143 0.0960 0.9888
vn -0.6738 0.7217 0.1586
vn -0.7101 0.6774 0.1919
vn -0.7243 0.6893 0.0161
vn 0.6404 -0.2009 -0.7413
vn 0.9714 0.1763 0.1589
vn 0.9302 0.3062 0.2025
vn 0.9292 0.2146 0.3010
vn -0.2864 0.5875 -0.7568
vn 0.0697 0.7483 0.6597
vn 0.7893 -0.2188 -0.5737
vn 0.5188 0.7459 -0.4176
vn 0.4224 0.7931 -0.4388
vn 0.5350 0.7133 -0.4527
vn 0.7792 -0.2682 0.5665
vn -0.5950 0.7966 -0.1067
vn -0.6012 0.7947 -0.0836
vn -0.5416 0.8341 -0.1047
vn -0.2318 -0.9725 -0.0236
vn 0.3391 0.1668 -0.9258
vn 0.2313 0.3534 -0.9064
vn -0.8856 0.2833 0.3680
vn -0.8914 0.1662 0.4216
vn -0.8188 0.2560 0.5139
vn 0.0360 0.0811 -0.9961
vn 0.1237 -0.1102 -0.9862
vn -0.8279 0.5608 0.0015
vn -0.8381 0.5276 0.1387
vn -0.7985 0.5899 0.1198
vn -0.6645 0.7460 -0.0441
vn -0.7030 0.7103 -0.0358
vn -0.7316 0.6814 -0.0224
vn -0.1768 -0.5321 0.8280
vn -0.0162 -0.5297 0.8480
vn 0.1064 -0.4984 0.8604
vn -0.6548 -0.2042 0.7277
vn -0.2099 -0.9591 0.1901
vn -0.0736 -0.9973 0.0057
vn -0.1561 -0.9802 0.1215
vn -0.6713 -0.2374 -0.7021
vn -0.3334 -0.2736 -0.9022
vn -0.8899 0.4552 0.0286
vn -0.9676 0.2363 0.0889
vn 0.9333 -0.1286 -0.3354
vn -0.1347 0.0216 0.9906
vn -0.8292 -0.4637 -0.3121
vn -0.8346 -0.4777 -0.2745
vn -0.8755 -0.4089 -0.2573
vn 0.9249 -0.0728 0.3731
vn 0.8479 -0.0935 0.5218
vn 0.2373 -0.0446 -0.9704
vn 0.9976 0.0581 -0.0373
vn 0.9911 0.1218 0.0537
vn 0.9694 0.0286 -0.2437
vn 0.8853 -0.0600 0.4611
vn 0.9166 -0.1002 0.3870
vn 0.8929 -0.0804 0.4430
vn -0.8478 0.1593 0.5057
vn -0.9241 -0.2094 -0.3196
vn -0.9963 -0.0785 -0.0337
vn -0.7503 -0.1690 0.6391
vn -0.9800 -0.1937 0.0454
vn 0.3956 -0.9088 -0.1328
vn 0.5666 -0.7498 -0.3417
vn 0.4983 -0.8504 0.1692
vn -0.0970 0.0003 0.9953
vn 0.6575 -0.2881 -0.6962
vn 0.8649 -0.3860 0.3210
vn 0.8859 -0.3800 0.2662
vn 0.9429 -0.2371 0.2337
vn -0.2130 -0.8602 -0.4634
vn -0.0597 -0.8631 -0.5016
vn -0.2591 -0.7529 -0.6050
vn 0.8827 -0.3006 -0.3613
vn 0.8336 -0.4145 -0.3652
vn 0.8163 -0.4346 -0.3805
vn -0.2967 0.0472 0.9538
vn 0.7850 -0.0750 -0.6149
vn 0.7255 -0.0904 -0.6823
vn 0.5958 0.7955 0.1108
vn 0.5624 0.8047 0.1904
vn 0.1944 -0.6379 0.7452
vn 0.1769 -0.3814 0.9073
vn -0.2854 -0.1133 0.9517
vn -0.9465 0.3177 0.0570
vn -0.9818 0.1784 0.0657
vn -0.9707 0.1957 0.1398
vn -0.9357 0.1356 0.3257
vn 0.9466 0.3175 0.0560
vn 0.9544 0.2984 0.0091
vn -0.0607 -0.9888 -0.1361
vn -0.0905 -0.9959 -0.0020
vn 0.9221 -0.2355 0.3069
vn 0.8566 -0.2299 -0.4619
vn 0.7947 -0.3431 -0.5007
vn 0.7629 -0.5508 0.3386
vn 0.7738 -0.5780 0.2591
vn -0.8649 0.4713 0.1728
vn -0.8043 0.5564 0.2087
vn -0.8619 0.4537 0.2265
vn -0.3889 0.3510 0.8518
vn 0.5044 0.2808 0.8165
vn 0.3703 0.2378 0.8980
vn 0.7016 0.0897 0.7069
vn 0.9367 -0.0027 0.3501
vn -0.9695 0.1383 0.2023
vn -0.8275 -0.0327 0.5605
vn -0.6359 0.2265 0.7378
vn -0.7071 -0.6888 -0.1603
vn -0.4313 -0.8968 -0.0986
vn -0.3876 0.2950 0.8733
vn -0.2708 0.4406 0.8559
vn -0.5385 0.3390 0.7714
vn -0.6709 0.2534 -0.6969
vn -0.6994 0.3648 -0.6146
vn -0.8193 0.0876 -0.5666
vn -0.0695 0.9231 0.3783
vn -0.8823 -0.3224 -0.3430
vn -0.8819 -0.3881 -0.2676
vn 0.8769 0.4171 -0.2390
vn 0.9069 0.3202 -0.2740
vn 0.6930 -0.0866 -0.7157
vn 0.5981 -0.1003 -0.7951
vn 0.9704 -0.0132 0.2410
vn -0.6363 0.2021 0.7445
vn -0.5787 0.2255 0.7838
vn -0.6736 0.3061 0.6727
vn -0.6088 -0.2164 -0.7633
vn -0.4708 -0.2676 -0.8407
vn -0.6953 -0.2545 -0.6722
vn -0.9390 -0.2682 0.2153
vn -0.9727 -0.1701 0.1576
vn -0.7778 -0.0013 0.6285
vn -0.8198 0.0025 0.5727
vn -0.0271 -0.1808 -0.9831
vn 0.2911 -0.5298 -0.7966
vn 0.1356 -0.5629 -0.8153
vn -0.1694 -0.5584 -0.8121
vn 0.9774 0.1391 0.1594
vn 0.9826 -0.0011 -0.1857
vn 0.9995 -0.0266 0.0184
vn -0.1552 0.9530 -0.2604
vn -0.2251 0.9313 -0.2863
vn -0.2164 0.9566 -0.1952
vn 0.1887 -0.6116 -0.7683
vn -0.0848 -0.5998 -0.7956
vn 0.6731 -0.4510 -0.5861
vn 0.8471 -0.3638 -0.3873
vn 0.9342 0.3358 0.1203
vn 0.8967 -0.2748 0.3470
vn 0.9545 0.2548 -0.1550
vn 0.7572 -0.0594 -0.6505
vn 0.6729 -0.7259 -0.1426
vn 0.6891 -0.7152 -0.1164
vn 0.6571 -0.7511 -0.0641
vn -0.7174 -0.6955 0.0405
vn -0.7771 -0.6287 -0.0293
vn 0.1831 0.9828 0.0233
vn 0.1536 0.9875 -0.0353
vn 0.1193 0.9928 0.0116
vn -0.4428 0.0083 0.8966
vn -0.5137 0.0198 0.8578
vn -0.9423 -0.0818 0.3245
vn 0.9364 0.1422 -0.3208
vn -0.9614 -0.2751 -0.0068
vn -0.9689 0.0889 0.2308
vn -0.9670 0.0289 0.2533
vn -0.9670 0.0673 0.2456
vn -0.0282 0.7637 0.6449
vn 0.5833 -0.6501 -0.4870
vn 0.6873 -0.6193 -0.3796
vn -0.2520 -0.0729 0.9650
vn 0.2136 -0.1816 0.9599
vn -0.6893 -0.0996 0.7175
vn -0.7000 0.4801 0.5287
vn -0.9230 -0.3815 -0.0500
vn -0.9122 -0.3649 -0.1864
vn -0.0227 0.0591 0.9980
vn 0.6057 -0.1357 0.7840
vn -0.3986 -0.2872 0.8710
vn -0.2082 -0.9780 -0.0144
vn -0.4159 -0.6918 0.5903
vn -0.3811 -0.7052 0.5978
vn -0.4439 -0.7058 0.5521
vn -0.9138 0.0684 0.4004
vn -0.6143 0.1940 0.7648
vn 0.0821 0.3004 0.9503
vn -0.2690 0.1821 0.9458
vn 0.6344 -0.2987 -0.7130
vn -0.5466 -0.0600 -0.8353
vn -0.4205 0.0372 -0.9065
vn -0.3377 -0.0759 -0.9382
vn -0.2151 -0.8717 0.4403
vn 0.2460 0.9148 -0.3204
vn -0.9185 0.2978 -0.2601
vn 0.8112 -0.0655 -0.5811
vn -0.3950 -0.0748 0.9156
vn -0.2292 -0.1007 0.9681
vn 0.4969 -0.4675 -0.7311
vn 0.3045 -0.4169 -0.8564
vn 0.9897 -0.1196 0.0783
vn 0.9929 -0.1153 0.0285
vn 0.7523 -0.5397 -0.3778
vn 0.7448 -0.5413 -0.3903
vn -0.9860 0.1004 -0.1328
vn -0.9732 0.0552 -0.2233
vn -0.9631 -0.2689 0.0090
vn -0.8767 -0.2530 0.4093
vn -0.9219 -0.3601 -0.1429
vn -0.1701 -0.4246 0.8893
vn 0.1125 -0.3964 0.9112
vn 0.5110 0.0095 -0.8596
vn 0.6501 -0.0307 -0.7592
vn 0.1507 -0.2826 -0.9473
vn 0.1420 -0.5210 -0.8417
vn 0.3912 -0.3152 -0.8646
vn 0.6180 0.1945 0.7617
vn 0.3522 0.6817 0.6413
vn 0.5766 0.6190 0.5333
vn -0.1255 -0.8732 0.4710
vn -0.2077 -0.7684 0.6054
vn -0.1380 -0.7705 0.6223
vn -0.0910 -0.9866 0.1351
vn 0.6779 -0.6465 -0.3499
vn 0.6924 -0.6566 -0.2993
vn 0.7173 -0.6219 -0.3143
vn -0.5686 0.2188 -0.7930
vn -0.6186 0.3263 -0.7147
vn -0.5592 0.2116 -0.8016
vn 0.7419 -0.2248 -0.6316
vn -0.8674 0.0281 0.4969
vn -0.8691 -0.4919 -0.0518
vn -0.9953 0.0791 0.0551
vn -0.8452 0.1102 0.5230
vn -0.8984 0.1166 0.4233
vn 0.9795 -0.0121 0.2013
vn 0.9503 0.0803 0.3009
vn 0.9755 0.0993 0.1966
vn 0.8619 0.4197 0.2847
vn -0.9466 -0.0257 0.3213
vn 0.8780 0.4289 0.2125
vn 0.9288 0.3182 -0.1897
vn 0.8374 -0.5352 0.1114
vn 0.4328 -0.5475 0.7162
vn 0.1671 -0.5743 0.8014
vn 0.0477 -0.5086 0.8597
vn -0.5401 -0.7991 0.2643
vn -0.5377 -0.7782 0.3244
vn -0.6105 -0.7451 0.2686
vn -0.6340 -0.7008 -0.3271
vn -0.8868 -0.4462 -0.1206
vn -0.8873 -0.3684 -0.2774
vn -0.9988 0.0487 -0.0021
vn -0.9930 0.0891 0.0778
vn -0.9969 0.0791 -0.0008
vn 0.8522 0.1226 0.5086
vn -0.7707 -0.5699 -0.2851
vn -0.8243 -0.5084 -0.2491
vn -0.7055 -0.6740 -0.2191
vn -0.9813 -0.1412 0.1311
vn 0.9434 0.3255 0.0629
vn 0.4462 -0.2402 -0.8621
vn 0.9559 0.2935 0.0047
vn 0.9562 0.2927 0.0059
vn 0.2936 -0.0701 -0.9534
vn 0.2499 -0.2986 -0.9211
vn -0.5615 0.7359 -0.3784
vn -0.2807 -0.0337 0.9592
vn -0.6632 0.0864 0.7434
vn -0.7871 -0.0914 0.6101
vn 0.2064 0.8588 0.4689
vn 0.4553 0.7880 0.4145
vn -0.3090 -0.9330 -0.1847
vn -0.0807 -0.9930 -0.0866
vn -0.0810 -0.9865 -0.1423
vn -0.7169 0.6733 -0.1808
vn -0.7749 0.5749 -0.2626
vn -0.6898 0.6668 -0.2820
vn -0.1959 -0.0317 0.9801
vn -0.3676 0.0225 0.9297
vn 0.2340 0.9659 -0.1107
vn 0.3000 0.9532 -0.0370
vn 0.1796 0.9831 -0.0358
vn 0.6334 -0.0796 -0.7697
vn 0.6288 -0.0774 -0.7737
vn 0.7516 0.0579 -0.6570
vn -0.1379 -0.1183 0.9834
vn 0.9787 0.0672 0.1941
vn 0.9882 0.1109 0.1057
vn 0.9963 -0.0104 0.0858
vn -0.8664 0.4706 0.1666
vn -0.9095 0.3587 0.2102
vn -0.9134 0.3706 0.1686
vn -0.2404 0.9642 0.1120
vn -0.2106 0.9764 0.0490
vn 0.2895 -0.3220 -0.9014
vn 0.9835 0.1188 -0.1363
vn 0.9872 0.0815 -0.1371
vn 0.9895 0.1082 -0.0954
vn -0.8375 -0.4193 -0.3504
vn -0.9253 -0.3260 -0.1938
vn -0.8857 -0.4030 -0.2305
vn -0.6081 -0.1420 0.7810
vn -0.5595 -0.0615 0.8266
vn 0.2795 -0.4419 -0.8524
vn 0.8816 -0.2366 -0.4083
vn 0.6243 -0.2929 -0.7242
vn 0.6322 -0.2874 -0.7195
vn 0.6318 -0.6847 -0.3633
vn 0.6763 -0.7332 -0.0704
vn -0.1302 0.7311 0.6697
vn -0.9511 -0.3089 -0.0092
vn -0.8879 -0.3484 0.3004
vn -0.9782 -0.1985 -0.0612
vn -0.9258 0.2873 0.2456
vn -0.9493 0.1902 0.2505
vn 0.5632 -0.2006 -0.8016
vn 0.4701 -0.2969 -0.8312
vn 0.9257 0.0474 0.3752
vn 0.7470 0.1629 0.6445
vn 0.9889 -0.1248 0.0811
vn 0.5901 -0.6752 -0.4426
vn 0.5392 -0.7142 -0.4464
vn 0.3018 -0.8992 -0.3168
vn -0.4869 -0.1112 0.8664
vn -0.9034 0.3529 -0.2435
vn -0.8382 0.3051 -0.4521
vn -0.7701 0.4806 -0.4195
vn 0.0109 0.7695 0.6385
vn 0.2912 0.7271 0.6217
vn 0.9156 -0.2508 -0.3143
vn 0.9984 -0.0332 0.0449
vn 0.9872 -0.0802 -0.1376
vn 0.3773 -0.8280 -0.4147
vn 0.8986 -0.3935 -0.1942
vn -0.0985 -0.3209 -0.9420
vn -0.1290 -0.3380 -0.9322
vn 0.9540 0.2749 0.1198
vn 0.9744 0.2146 -0.0673
vn 0.9507 -0.3083 -0.0348
vn 0.8758 0.4815 -0.0331
vn 0.8016 0.5945 -0.0640
vn 0.8065 0.5911 0.0134
vn -0.9710 -0.1019 0.2162
vn -0.7608 0.6486 -0.0210
vn -0.9281 0.3019 -0.2178
vn 0.7587 -0.4582 -0.4630
vn 0.4641 -0.4636 -0.7548
vn -0.9877 0.1129 0.1084
vn -0.0456 0.9416 0.3337
vn -0.5809 -0.4358 0.6875
vn -0.7388 -0.0497 0.6721
vn -0.1947 0.5952 -0.7796
vn 0.5928 0.7246 0.3515
vn 0.6512 0.6969 0.3004
vn 0.7866 0.0336 -0.6166
vn -0.8627 -0.3650 -0.3500
vn -0.8105 -0.4610 -0.3613
vn 0.0133 0.9930 0.1176
vn 0.0775 0.9959 0.0468
vn 0.1183 0.9601 0.2533
vn -0.4383 -0.0429 -0.8978
vn -0.3985 0.0603 -0.9152
vn -0.4663 0.1183 -0.8767
vn -0.5547 -0.4062 0.7262
vn -0.5438 -0.2960 0.7853
vn -0.9799 -0.0794 -0.1829
vn -0.9231 -0.2536 -0.2890
vn -0.9623 -0.2702 0.0308
vn 0.3737 -0.8565 0.3560
vn 0.2826 -0.8891 0.3600
vn -0.0314 -0.1930 0.9807
vn 0.9235 -0.1745 -0.3416
vn 0.9907 0.0849 0.1066
vn 0.8165 -0.4992 -0.2901
vn 0.9198 -0.2525 -0.3004
vn 0.9052 0.3806 0.1889
vn 0.9941 -0.0220 -0.1065
vn 0.8619 -0.1337 -0.4891
vn -0.0641 -0.3746 0.9250
vn 0.2187 -0.6064 -0.7645
vn 0.2035 -0.3465 -0.9157
vn -0.9556 -0.0466 0.2909
vn 0.0887 -0.9508 -0.2969
vn 0.0218 -0.9029 -0.4294
vn -0.0274 -0.9277 -0.3723
vn 0.8472 0.4216 -0.3232
vn 0.8053 0.5032 -0.3136
vn 0.8131 0.4972 -0.3029
vn 0.9188 0.3653 0.1497
vn 0.9601 0.2255 0.1653
vn -0.8552 -0.1854 0.4840
vn -0.9556 -0.2036 0.2132
vn -0.8192 -0.0664 0.5697
vn -0.9462 -0.0177 0.3232
vn -0.8418 -0.2147 0.4952
vn 0.9441 0.3240 0.0602
vn -0.9735 -0.2149 0.0780
vn -0.6950 0.2692 0.6667
vn -0.8002 0.3488 0.4879
vn 0.8232 0.5430 -0.1660
vn 0.8175 0.4543 -0.3541
vn 0.8998 0.4064 -0.1588
vn -0.9119 0.0831 0.4018
vn -0.3748 -0.3750 0.8478
vn 0.9801 0.1983 0.0040
vn 0.9636 0.2474 0.1015
vn -0.2762 0.9428 0.1867
vn -0.4904 0.8387 0.2367
vn -0.4139 0.9076 0.0707
vn -0.2826 -0.2489 -0.9264
vn -0.2454 -0.1308 -0.9605
vn 0.4605 -0.2613 -0.8484
vn 0.4447 -0.2378 -0.8635
vn 0.9265 0.2377 -0.2917
vn 0.2266 -0.0787 0.9708
vn 0.1859 -0.0069 0.9825
vn -0.0245 0.0217 0.9995
vn -0.7869 0.4072 0.4636
vn -0.8237 0.3763 0.4241
vn 0.5169 -0.2750 -0.8107
vn 0.5443 -0.3103 -0.7794
vn -0.9879 -0.1257 0.0907
vn 0.2166 -0.0483 -0.9751
vn -0.0436 -0.0684 -0.9967
vn 0.8813 -0.1956 -0.4302
vn -0.8011 0.0401 0.5972
vn 0.3832 0.8337 -0.3976
vn 0.9090 0.2894 -0.3000
vn 0.3632 -0.4045 -0.8393
vn -0.9867 0.0086 -0.1621
vn -0.9852 0.1096 -0.1316
vn -0.9723 0.0820 -0.2187
vn 0.8517 0.3630 -0.3780
vn 0.7486 0.5389 -0.3862
vn 0.2393 -0.5587 -0.7941
vn 0.4362 -0.5039 -0.7455
vn 0.4501 -0.2257 -0.8640
vn -0.9844 -0.1179 0.1308
vn -0.9708 -0.0385 0.2367
vn 0.8280 -0.1173 0.5483
vn -0.8031 -0.2950 0.5177
vn -0.7598 -0.3638 0.5389
vn -0.8344 -0.3456 0.4293
vn -0.5783 0.7741 0.2575
vn 0.8250 -0.2746 0.4938
vn -0.8609 -0.3242 -0.3922
vn -0.8896 0.3187 -0.3272
vn -0.9229 0.1417 0.3579
vn -0.9052 0.2222 0.3624
vn -0.9204 0.2277 0.3178
vn -0.2746 0.4205 -0.8647
vn -0.5082 0.6098 -0.6082
vn -0.1696 0.5359 -0.8271
vn 0.8753 0.4660 0.1290
vn 0.9049 0.4184 0.0779
vn 0.8192 0.5614 0.1174
vn -0.1263 -0.9226 0.3645
vn -0.0792 -0.9939 0.0765
vn -0.0994 -0.9422 0.3200
vn 0.9789 0.0844 -0.1860
vn 0.9813 0.1247 -0.1465
vn -0.6135 0.4507 -0.6485
vn -0.4651 0.3371 -0.8185
vn 0.3814 0.2369 0.8935
vn 0.6234 -0.7735 -0.1144
vn 0.6549 -0.7300 -0.1955
vn -0.5603 -0.1903 -0.8061
vn -0.5180 -0.3369 -0.7862
vn 0.4382 0.8828 -0.1690
vn 0.5232 0.8332 -0.1788
vn -0.6996 -0.1028 0.7071
vn -0.7867 -0.2377 0.5697
vn -0.9935 -0.0307 -0.1098
vn -0.8405 -0.5240 0.1377
vn -0.6785 -0.5851 0.4442
vn -0.4006 -0.9150 0.0475
vn 0.7938 -0.5327 -0.2934
vn 0.7017 -0.7109 0.0462
vn 0.7944 -0.5813 0.1762
vn -0.6268 -0.4426 0.6413
vn -0.6208 -0.4547 0.6387
vn 0.7286 0.6410 -0.2413
vn 0.7313 0.6238 -0.2758
vn 0.8099 0.4795 0.3379
vn 0.8805 0.4114 0.2356
vn -0.9437 -0.2268 0.2408
vn 0.2704 0.9610 -0.0585
vn -0.9545 0.0035 0.2982
vn -0.2651 0.9033 -0.3372
vn -0.1968 0.9254 -0.3238
vn -0.2235 0.9072 -0.3563
vn 0.8635 0.1697 -0.4749
vn 0.7555 0.0249 -0.6546
vn 0.6585 -0.7019 -0.2717
vn 0.6665 -0.7072 -0.2359
vn 0.6454 -0.7295 -0.2263
vn -0.7096 0.7044 -0.0159
vn -0.1374 0.9882 0.0679
vn -0.0896 0.9881 0.1252
vn 0.8562 0.4696 0.2153
vn 0.0805 -0.2698 0.9595
vn -0.4609 -0.2295 0.8573
vn 0.2036 -0.3360 0.9196
vn 0.4901 0.6803 0.5450
vn 0.7365 0.5521 0.3909
vn -0.9910 -0.1307 -0.0274
vn -0.9444 0.0316 0.3273
vn -0.9635 -0.0966 0.2497
vn -0.4317 0.7050 -0.5627
vn 0.0890 0.5509 -0.8298
vn 0.9190 -0.0922 -0.3834
vn 0.8255 -0.2155 -0.5217
vn 0.8644 -0.2442 -0.4395
vn 0.5535 -0.4039 -0.7283
vn 0.5009 -0.5298 -0.6844
vn -0.4147 -0.4126 0.8111
vn 0.6737 0.4835 -0.5589
vn 0.9433 0.3207 -0.0861
vn 0.4968 0.0310 0.8673
vn 0.7061 0.1160 0.6986
vn 0.5528 0.1369 0.8220
vn 0.1295 0.1050 -0.9860
vn 0.2732 -0.5824 -0.7656
vn 0.2845 -0.5408 -0.7916
vn -0.0908 -0.6432 -0.7603
vn 0.9570 0.2898 -0.0146
vn -0.1087 -0.4070 0.9069
vn 0.2465 0.9559 -0.1598
vn 0.1922 0.9655 -0.1760
vn 0.4911 -0.4443 0.7492
vn 0.4351 -0.3766 0.8179
vn -0.7298 0.1442 0.6683
vn -0.7902 0.5794 -0.1998
vn -0.4956 0.8582 -0.1338
vn -0.5311 0.8371 -0.1311
vn -0.6917 0.7213 -0.0365
vn -0.9474 0.0662 -0.3132
vn 0.4880 -0.6428 -0.5905
vn 0.4896 -0.6015 -0.6312
vn -0.9745 -0.2235 0.0203
vn 0.9362 0.3466 0.0593
vn 0.4919 -0.2604 -0.8308
vn 0.0041 -0.2831 -0.9591
vn 0.5952 -0.7112 -0.3741
vn 0.6823 -0.7059 -0.1902
vn -0.0488 0.9525 -0.3005
vn -0.0518 0.9435 -0.3274
vn 0.5933 -0.4081 -0.6939
vn 0.7599 -0.3143 -0.5689
vn -0.5722 -0.1497 0.8063
vn -0.7313 -0.2197 0.6457
vn 0.9284 -0.1772 -0.3266
vn 0.9425 -0.1180 -0.3128
vn -0.9648 -0.0606 0.2559
vn -0.9673 -0.1842 -0.1745
vn -0.2996 0.9231 -0.2413
vn -0.3713 0.8993 -0.2311
vn -0.3318 0.8998 -0.2834
vn -0.8652 0.2111 0.4548
vn -0.9702 0.1144 0.2138
vn -0.8689 -0.2501 -0.4272
vn -0.8270 -0.1142 -0.5505
vn -0.7042 -0.3647 -0.6092
vn 0.8179 0.5443 0.1864
vn 0.2938 0.9557 0.0158
vn -0.9777 -0.0232 0.2085
vn -0.9913 -0.1013 -0.0840
vn -0.2481 -0.8484 0.4676
vn -0.1801 -0.8465 0.5010
vn -0.9596 -0.2596 0.1081
vn -0.8094 -0.3915 -0.4378
vn 0.1296 -0.6014 0.7883
vn -0.0709 -0.5855 0.8075
vn -0.0309 -0.5491 0.8352
vn 0.0904 0.1230 0.9883
vn 0.8046 -0.5857 -0.0979
vn 0.5478 -0.1813 -0.8168
vn 0.8879 0.4294 0.1654
vn 0.4653 -0.1766 -0.8674
vn -0.4216 0.1190 0.8990
vn -0.9791 -0.1854 -0.0841
vn -0.9704 0.2188 0.1021
vn 0.4000 -0.3097 -0.8626
vn 0.4743 -0.3138 -0.8226
vn 0.3957 -0.2802 -0.8746
vn 0.9191 -0.3503 -0.1803
vn 0.6596 -0.4638 -0.5915
vn 0.8066 -0.4751 -0.3517
vn -0.8536 -0.4653 0.2342
vn -0.9592 -0.0551 -0.2773
vn 0.0936 -0.7255 -0.6818
vn -0.4715 -0.6632 -0.5813
vn -0.1648 -0.6197 -0.7673
vn -0.7323 0.2104 -0.6477
vn -0.2250 0.5070 -0.8321
vn -0.5457 0.7548 -0.3639
vn -0.9531 -0.2773 0.1211
vn 0.1409 -0.3395 -0.9300
vn 0.1196 -0.3740 -0.9197
vn 0.1056 -0.3731 -0.9218
vn -0.5525 0.5460 0.6298
vn -0.5056 0.4639 0.7274
vn -0.9379 0.0457 0.3440
vn -0.6236 0.7076 0.3325
vn -0.6589 0.6939 0.2906
vn -0.6637 0.7027 0.2562
vn 0.4350 -0.4451 -0.7827
vn -0.0525 -0.4902 -0.8700
vn 0.9163 0.3896 -0.0925
vn -0.4915 -0.6926 0.5279
vn -0.3596 -0.2941 -0.8855
vn -0.2766 -0.3457 -0.8967
vn 0.8457 -0.5327 -0.0315
vn -0.9154 0.1234 -0.3831
vn -0.4108 0.0587 -0.9098
vn -0.8805 0.4616 -0.1083
vn -0.9182 0.3961 0.0011
vn -0.8489 0.5248 -0.0623
vn 0.4107 -0.3387 -0.8465
vn -0.9552 0.0323 -0.2943
vn -0.0717 -0.9940 -0.0821
vn 0.5922 -0.7849 -0.1825
vn 0.8204 -0.4351 -0.3711
vn 0.3224 -0.9355 -0.1446
vn 0.4732 -0.8260 -0.3064
vn -0.9842 -0.1770 -0.0083
vn -0.8959 -0.4443 0.0051
vn -0.9419 -0.2751 -0.1925
vn -0.4241 -0.7273 0.5396
vn 0.7180 -0.2349 -0.6552
vn 0.7528 -0.2053 -0.6254
vn 0.4879 -0.3233 -0.8108
vn 0.9429 0.0077 -0.3329
vn 0.3756 0.0359 -0.9261
vn 0.2211 0.1698 -0.9604
vn -0.7517 -0.5725 -0.3273
vn -0.3633 -0.7426 -0.5627
vn -0.9495 0.2424 -0.1992
vn -0.9044 0.3851 -0.1839
vn -0.9433 0.2371 -0.2322
vn -0.0331 0.9946 0.0983
vn -0.0506 0.9938 0.0986
vn -0.0313 0.9884 0.1484
vn -0.6246 0.5851 0.5172
vn -0.4204 0.6979 0.5799
vn -0.3624 0.6938 0.6223
vn 0.9139 0.3899 0.1130
vn -0.6498 0.6982 0.3006
vn -0.4005 0.5690 0.7183
vn -0.7888 0.5321 -0.3076
vn -0.7543 0.5644 -0.3354
vn -0.5534 -0.2432 0.7966
vn 0.6929 0.6657 -0.2770
vn 0.6516 0.7029 -0.2851
vn 0.7372 0.6046 -0.3016
vn -0.9624 0.1549 0.2230
vn 0.6926 0.1345 -0.7086
vn 0.2500 0.2868 -0.9248
vn 0.9189 0.1031 -0.3807
vn -0.9979 -0.0429 0.0478
vn -0.9732 -0.2297 0.0122
vn -0.9772 -0.2115 -0.0191
vn 0.2366 0.1415 0.9612
vn -0.6687 -0.0220 0.7432
vn -0.5752 0.0109 0.8179
vn -0.8649 0.4810 0.1436
vn 0.2083 -0.7891 -0.5778
vn -0.9289 -0.3637 -0.0698
vn -0.9200 -0.3253 -0.2186
vn -0.9624 -0.2632 -0.0672
vn -0.9072 -0.2933 0.3015
vn -0.6971 0.5895 -0.4081
vn -0.8842 0.2876 0.3680
vn 0.8543 0.5040 0.1269
vn -0.5801 0.3830 0.7189
vn -0.6732 -0.0439 0.7382
vn -0.8299 0.0054 0.5579
vn -0.7501 0.1971 0.6312
vn 0.8634 -0.0396 0.5030
vn 0.8660 -0.0387 0.4986
vn 0.9846 0.1448 0.0980
vn 0.9903 0.0571 0.1267
vn -0.0172 -0.9845 -0.1746
vn -0.6469 0.0121 0.7625
vn 0.8435 -0.0488 0.5349
vn 0.8358 -0.0610 0.5456
vn -0.5820 0.6414 0.4999
vn -0.8345 -0.0810 0.5450
vn -0.8788 -0.0167 0.4770
vn -0.9840 0.1042 0.1443
vn -0.9769 0.2128 0.0195
vn -0.5658 0.7665 -0.3038
vn -0.8404 0.5134 -0.1738
vn -0.8779 0.4567 -0.1441
vn -0.1264 0.7479 0.6517
vn -0.8834 0.1153 0.4543
vn -0.8878 -0.1307 0.4414
vn -0.4841 -0.2414 0.8411
vn -0.9868 -0.1523 -0.0553
vn -0.7354 -0.1085 -0.6688
vn -0.5742 0.3092 -0.7581
vn -0.9576 0.2875 0.0164
vn 0.8883 0.4465 0.1079
vn -0.6136 0.2427 0.7514
vn -0.4835 0.0963 0.8700
vn -0.9579 -0.2787 -0.0689
vn -0.9731 -0.2262 -0.0429
vn -0.4421 -0.7009 0.5597
vn -0.9376 -0.0502 0.3439
vn -0.8932 -0.1035 0.4377
vn -0.9805 0.1381 0.1397
vn -0.9757 0.1542 0.1556
vn -0.4523 -0.7317 0.5099
vn 0.9288 -0.3427 -0.1410
vn 0.9213 -0.3041 -0.2423
vn -0.7854 -0.4929 0.3743
vn -0.7259 -0.5347 0.4326
vn -0.7478 -0.4077 0.5240
vn -0.7028 -0.4782 0.5266
vn -0.4770 0.1073 -0.8723
vn -0.7840 0.0485 -0.6188
vn -0.9686 0.2243 -0.1073
vn 0.3986 -0.5722 -0.7167
vn 0.1738 -0.9625 0.2082
vn 0.1403 -0.7138 -0.6862
vn 0.6880 0.6403 0.3414
vn 0.7618 0.6015 0.2404
vn -0.4286 -0.7175 0.5492
vn 0.6608 0.6454 0.3831
vn 0.4949 0.7256 0.4781
vn 0.8509 -0.4766 -0.2210
vn -0.7773 -0.5697 -0.2667
vn -0.3308 -0.7299 0.5982
vn 0.0508 0.9339 0.3539
vn 0.1198 0.9317 0.3430
vn 0.0904 0.9570 0.2757
vn 0.7330 -0.0267 -0.6797
vn -0.5940 -0.3128 -0.7412
vn -0.9640 -0.1964 0.1792
vn -0.8983 -0.1344 0.4183
vn -0.7857 0.0505 0.6166
vn 0.9537 0.3007 -0.0030
vn 0.9538 0.3005 -0.0028
vn -0.9528 0.2676 -0.1432
vn -0.9578 0.1215 -0.2605
vn 0.4011 -0.8781 -0.2609
vn 0.5356 0.7472 0.3935
vn -0.7231 0.2332 0.6501
vn -0.8035 0.3043 0.5117
vn -0.1050 -0.3815 0.9184
vn -0.6006 -0.2529 0.7585
vn 0.2314 -0.1694 0.9580
vn 0.5249 0.7459 0.4099
vn 0.5837 0.7363 0.3424
vn 0.5907 0.7196 0.3651
vn 0.9529 -0.0110 0.3031
vn 0.9538 0.0383 0.2979
vn -0.2119 -0.7072 0.6745
vn 0.1748 0.8151 0.5523
vn 0.1035 0.8366 0.5380
vn 0.8526 0.0740 -0.5172
vn 0.8680 0.1519 -0.4727
vn -0.4731 -0.8807 -0.0241
vn 0.9141 -0.1813 0.3627
vn 0.8682 -0.0797 0.4898
vn 0.8692 -0.1498 0.4712
vn -0.5198 0.8519 -0.0635
vn 0.7805 -0.5016 0.3732
vn 0.8281 -0.4032 0.3895
vn 0.5010 -0.5758 -0.6461
vn 0.0532 -0.5496 -0.8337
vn -0.4636 -0.7751 0.4294
vn -0.5335 -0.7454 0.3998
vn 0.3815 -0.7951 -0.4714
vn -0.9889 -0.1054 0.1046
vn -0.5922 0.6855 0.4235
vn 0.7954 0.1544 0.5862
vn 0.8095 0.1990 0.5523
vn 0.8713 0.4822 -0.0908
vn 0.9002 0.4200 -0.1149
vn 0.9455 0.3204 -0.0590
vn 0.8362 0.0965 0.5398
vn 0.9356 -0.0392 0.3510
vn 0.7245 -0.0662 0.6861
vn 0.7655 0.5541 0.3271
vn 0.3585 -0.8721 -0.3330
vn 0.4975 -0.7527 -0.4312
vn -0.8329 -0.5521 -0.0387
vn 0.8940 -0.3652 0.2595
vn 0.2128 -0.3712 0.9039
vn 0.2600 -0.2033 0.9440
vn 0.0174 0.7921 0.6102
vn -0.9603 -0.0717 -0.2697
vn -0.9670 0.0194 -0.2539
vn -0.9608 0.0225 -0.2765
vn -0.2697 -0.9198 0.2851
vn -0.6207 0.7831 0.0388
vn -0.6844 0.7173 0.1303
vn -0.6590 0.6202 0.4256
vn -0.7037 -0.6901 -0.1690
vn -0.7873 -0.5198 -0.3315
vn -0.7872 -0.5088 -0.3485
vn 0.3726 0.2130 -0.9032
vn 0.9283 0.3707 0.0289
vn 0.7800 -0.5824 -0.2288
vn 0.1690 0.0481 -0.9844
vn 0.3676 0.0060 -0.9300
vn 0.7510 0.1797 -0.6354
vn -0.9052 0.3908 0.1671
vn -0.9268 0.3223 0.1926
vn -0.7723 -0.6317 0.0666
vn 0.0855 -0.9541 0.2869
vn -0.0538 -0.8355 0.5468
vn 0.2172 -0.9282 0.3022
vn 0.9399 0.3321 -0.0791
vn 0.9116 0.4088 -0.0426
vn 0.9484 0.3145 -0.0395
vn -0.3692 0.4639 0.8053
vn 0.8054 -0.5071 0.3069
vn 0.8496 -0.5028 -0.1595
vn 0.9373 -0.3057 0.1675
vn 0.9244 -0.2614 0.2778
vn 0.4458 -0.4616 -0.7669
vn 0.1823 -0.7344 -0.6537
vn -0.4047 -0.8780 0.2555
vn 0.4787 -0.3311 -0.8131
vn 0.1917 -0.8940 -0.4049
vn 0.1258 -0.9484 -0.2910
vn 0.1717 -0.9705 -0.1692
vn 0.3658 -0.9030 -0.2254
vn -0.2762 -0.9237 0.2657
vn 0.9655 0.2470 0.0818
vn 0.7014 -0.4660 -0.5394
vn 0.9401 0.1374 -0.3120
vn 0.9644 0.1237 -0.2337
vn -0.2906 0.7954 0.5318
vn -0.3055 -0.8964 0.3211
vn 0.8344 0.5003 0.2311
vn 0.8648 0.4671 0.1841
vn 0.8775 0.4374 0.1965
vn -0.9187 -0.0444 0.3925
vn 0.8824 -0.2868 -0.3729
vn 0.7726 -0.2408 -0.5875
vn 0.8495 -0.1278 -0.5119
vn 0.4443 0.7449 0.4978
vn 0.2144 0.8074 0.5497
vn -0.9652 -0.0152 0.2611
vn -0.7467 0.5651 0.3509
vn -0.7420 0.6314 0.2256
vn -0.6854 0.6814 0.2567
vn -0.1806 -0.9353 0.3042
vn 0.8052 0.5837 0.1048
vn 0.1945 -0.9057 -0.3767
vn 0.2034 -0.9445 -0.2578
vn -0.0692 0.9909 -0.1154
vn -0.0530 0.9972 -0.0535
vn -0.1483 0.9854 -0.0837
vn 0.3501 -0.9146 -0.2025
vn -0.0825 -0.8358 0.5428
vn 0.5163 0.7593 -0.3962
vn 0.6456 0.6315 -0.4294
vn 0.0953 0.9887 0.1153
vn 0.0489 0.9962 0.0721
vn -0.9765 0.1472 -0.1576
vn -0.9841 0.0239 -0.1757
vn -0.9914 0.0406 -0.1244
vn 0.7658 0.5671 -0.3034
vn 0.7059 0.6507 -0.2800
vn -0.2656 -0.9052 -0.3317
vn -0.6605 -0.6302 -0.4083
vn -0.3723 -0.9066 -0.1985
vn -0.9293 0.2726 0.2492
vn 0.0328 -0.9993 -0.0177
vn 0.0076 -0.9237 0.3829
vn 0.7615 0.6471 0.0380
vn 0.7421 0.6703 0.0087
vn 0.7650 0.6433 -0.0301
vn -0.9999 0.0033 -0.0123
vn -0.9599 0.0329 -0.2783
vn -0.5259 0.4106 0.7449
vn -0.7050 0.0807 0.7046
vn -0.2619 0.1542 0.9527
vn -0.9018 0.3851 0.1961
vn 0.9468 0.3136 -0.0720
vn 0.8050 -0.3356 -0.4893
vn -0.1886 -0.9231 0.3350
vn 0.0625 0.9953 -0.0745
vn 0.6814 -0.7267 0.0869
vn 0.7557 -0.6535 -0.0439
vn -0.0546 -0.8781 0.4753
vn -0.1038 -0.9854 0.1350
vn -0.1678 -0.9713 0.1688
vn -0.0874 -0.9960 0.0180
vn -0.7525 0.6501 0.1050
vn -0.7030 0.6935 0.1577
vn 0.3333 -0.3893 -0.8587
vn 0.3580 -0.3554 -0.8634
vn 0.1483 -0.9889 0.0090
vn 0.2282 -0.9736 -0.0041
vn 0.3107 0.8741 0.3735
vn 0.0628 -0.2975 -0.9527
vn -0.2672 0.9631 0.0335
vn -0.8749 -0.1090 0.4718
vn 0.9596 0.2189 0.1767
vn 0.5275 -0.2727 -0.8046
vn 0.5480 -0.2299 -0.8042
vn 0.6927 -0.1533 -0.7047
vn -0.9360 -0.0645 0.3459
vn -0.9881 -0.1488 -0.0378
vn 0.9513 0.3074 -0.0212
vn 0.1912 -0.9793 -0.0666
vn 0.0756 -0.9551 -0.2865
vn 0.0231 -0.9899 -0.1399
vn -0.1311 -0.0259 -0.9910
vn -0.8798 0.4483 0.1582
vn -0.8762 0.4778 0.0627
vn -0.1166 -0.3440 -0.9317
vn -0.1230 -0.3593 -0.9251
vn -0.8895 -0.1917 0.4148
vn -0.4475 -0.5555 0.7008
vn -0.2925 0.1150 0.9493
vn -0.3051 0.1562 0.9394
vn -0.7542 0.0383 0.6555
vn -0.9809 0.1481 0.1262
vn -0.8432 0.2267 0.4874
vn -0.0650 -0.8425 0.5348
vn -0.0393 -0.9740 0.2233
vn 0.0288 -0.3931 -0.9190
vn -0.0611 -0.4132 -0.9086
vn 0.9531 -0.2936 0.0729
vn 0.1237 -0.3967 -0.9096
vn 0.0418 -0.3573 -0.9331
vn 0.0324 0.0737 -0.9968
vn -0.2640 -0.1487 -0.9530
vn -0.9974 -0.0680 -0.0247
vn -0.8831 -0.1931 -0.4276
vn 0.1927 0.3220 0.9269
vn -0.3962 -0.8158 0.4214
vn 0.4230 -0.5129 -0.7470
vn -0.0584 -0.6503 -0.7575
vn 0.1025 -0.6632 -0.7414
vn -0.6369 -0.7358 -0.2301
vn 0.0428 -0.4014 -0.9149
vn 0.0489 -0.3583 -0.9323
vn -0.0549 -0.4053 -0.9125
vn 0.3809 -0.3439 -0.8583
vn -0.7735 0.6338 0.0007
vn 0.2054 0.9004 0.3834
vn 0.5683 -0.3273 -0.7549
vn -0.9945 0.1037 0.0145
vn 0.4103 -0.6960 -0.5892
vn 0.4034 -0.6216 -0.6715
vn -0.6244 0.7703 -0.1294
vn -0.6668 0.7335 -0.1318
vn -0.6052 0.7852 -0.1313
vn -0.3178 0.9470 0.0458
vn 0.0783 0.2927 0.9530
vn -0.0028 0.2712 0.9625
vn 0.0300 0.4229 0.9057
vn -0.7601 0.2143 0.6135
vn -0.6746 -0.0216 0.7379
vn -0.6842 0.0590 0.7269
vn -0.0252 -0.9913 -0.1289
vn 0.0443 -0.9738 -0.2231
vn 0.8429 0.5363 0.0444
vn 0.3010 -0.9508 0.0732
vn 0.4100 -0.9102 0.0595
vn 0.3458 -0.9307 0.1194
vn 0.1868 -0.9742 -0.1263
vn 0.0896 -0.9926 -0.0819
vn 0.1037 -0.9940 0.0358
vn 0.4573 0.7502 0.4776
vn 0.8386 0.4942 -0.2291
vn 0.8506 0.3933 -0.3490
vn -0.0953 -0.9361 0.3386
vn 0.9569 0.2892 -0.0277
vn -0.0764 -0.9471 0.3119
vn -0.0704 -0.9899 0.1234
vn 0.9452 0.2004 -0.2577
vn -0.1071 -0.3947 -0.9126
vn -0.1011 -0.3513 -0.9308
vn 0.9648 0.2610 0.0329
vn 0.9271 0.3511 0.1310
vn -0.9682 0.0775 0.2380
vn -0.9340 0.1977 0.2977
vn -0.9651 -0.0954 -0.2437
vn -0.9750 0.0232 -0.2211
vn -0.8973 0.3859 -0.2142
vn -0.1669 -0.8718 0.4606
vn -0.4053 -0.9007 0.1567
vn -0.2245 -0.7311 0.6443
vn 0.0963 -0.0959 -0.9907
vn 0.1537 -0.1896 -0.9698
vn 0.1351 -0.9867 0.0906
vn 0.7283 -0.6047 0.3225
vn -0.2692 -0.9419 0.2008
vn -0.3923 -0.8960 0.2079
vn -0.3388 -0.9300 0.1423
vn -0.4426 -0.8965 -0.0191
vn -0.4983 0.7530 0.4297
vn -0.0942 -0.9955 -0.0053
vn -0.1547 0.9319 -0.3279
vn -0.1457 0.9326 -0.3301
vn 0.8907 0.4538 0.0283
vn -0.9931 0.0487 -0.1071
vn 0.6045 -0.4621 -0.6489
vn 0.2729 -0.4174 -0.8668
vn -0.9521 -0.1704 -0.2540
vn -0.9510 -0.1222 -0.2841
vn -0.9293 -0.2587 -0.2636
vn 0.0616 -0.9978 0.0244
vn -0.0885 -0.9229 0.3748
vn 0.9792 -0.0226 -0.2017
vn 0.9706 -0.0680 -0.2307
vn 0.9938 -0.1089 0.0244
vn 0.8704 -0.0213 -0.4919
vn 0.9281 0.3724 -0.0028
vn 0.9288 0.3676 0.0460
vn 0.9366 0.2283 0.2659
vn 0.9686 0.0691 0.2389
vn -0.9590 0.2292 0.1667
vn 0.2063 -0.9784 -0.0118
vn 0.1667 -0.4953 -0.8526
vn -0.9422 0.0904 0.3227
vn 0.6604 0.7392 -0.1324
vn 0.6957 0.6960 -0.1776
vn -0.8344 -0.4598 0.3039
vn -0.8880 -0.3509 0.2972
vn -0.8951 -0.3916 0.2134
vn -0.1504 -0.1292 -0.9801
vn 0.7752 -0.1889 -0.6027
vn -0.3686 -0.3018 -0.8792
vn -0.2979 -0.4746 -0.8282
vn 0.1197 -0.9882 -0.0952
vn -0.4635 -0.0156 0.8859
vn -0.5012 0.0075 0.8653
vn -0.5502 0.1111 0.8276
vn 0.3307 -0.8885 0.3183
vn -0.9463 -0.2899 0.1433
vn -0.9802 0.1226 0.1556
vn 0.8595 0.4398 -0.2605
vn 0.9116 0.3878 -0.1367
vn 0.9496 0.3088 -0.0538
vn 0.9388 0.3437 0.0218
vn 0.9810 0.1877 -0.0493
vn -0.0785 -0.1078 -0.9911
vn -0.0965 -0.1085 -0.9894
vn 0.2613 -0.9537 0.1489
vn 0.3509 -0.9187 0.1811
vn -0.2633 -0.8041 0.5331
vn -0.3163 -0.8111 0.4920
vn 0.9397 -0.1963 0.2801
vn -0.2900 0.8437 0.4518
vn -0.1131 0.8224 0.5576
vn 0.6531 0.0532 -0.7554
vn 0.9806 0.0105 0.1957
vn 0.9746 -0.0649 0.2143
vn -0.4617 -0.8826 -0.0884
vn -0.4821 -0.8685 -0.1152
vn -0.2404 -0.9693 -0.0515
vn 0.2323 0.9156 -0.3283
vn 0.0688 0.9308 -0.3591
vn 0.2220 0.8908 -0.3965
vn -0.9109 0.1314 0.3912
vn 0.7872 -0.4650 -0.4051
vn -0.8494 -0.2441 0.4680
vn -0.9081 -0.3797 0.1769
vn -0.9946 -0.0189 0.1020
vn -0.9527 -0.0633 0.2974
vn -0.9838 -0.1591 0.0823
vn 0.4725 0.7047 0.5292
vn 0.5476 0.6393 0.5398
vn 0.5319 0.6780 0.5073
vn 0.9860 0.1011 -0.1325
vn 0.9863 0.0705 -0.1489
vn 0.7025 -0.6364 0.3185
vn 0.7572 0.6131 0.2255
vn 0.6687 0.6563 0.3494
vn 0.7530 0.6071 0.2537
vn 0.7281 0.6200 0.2924
vn 0.0773 -0.4094 -0.9091
vn 0.0594 -0.3383 -0.9391
vn 0.9541 -0.2869 -0.0860
vn 0.3019 -0.8203 0.4857
vn 0.1645 -0.7685 0.6183
vn 0.1847 -0.7742 0.6054
vn 0.7860 0.5998 0.1496
vn 0.1259 -0.9630 0.2383
vn -0.6622 -0.7222 -0.1997
vn -0.6525 -0.7394 -0.1659
vn 0.5571 0.7319 0.3923
vn 0.5832 0.7138 0.3878
vn 0.2376 -0.1163 0.9644
vn 0.5307 -0.0891 0.8429
vn 0.8186 0.2401 -0.5218
vn 0.8548 0.0843 -0.5120
vn 0.9073 0.2268 -0.3541
vn 0.8706 -0.3248 -0.3695
vn 0.8942 -0.3713 -0.2500
vn -0.7563 -0.4654 -0.4598
vn -0.2348 -0.5562 -0.7972
vn -0.5360 -0.5392 -0.6496
vn -0.5213 0.7745 0.3584
vn -0.6027 0.7377 0.3041
vn 0.5009 -0.8336 0.2330
vn 0.4966 -0.8534 0.1584
vn 0.5797 -0.7986 0.1616
vn -0.2690 0.9557 -0.1195
vn -0.3284 0.9395 -0.0977
vn 0.3560 -0.3651 -0.8602
vn 0.6730 -0.4139 -0.6130
vn 0.7558 -0.2023 -0.6228
vn -0.8432 -0.3028 0.4442
vn -0.7492 -0.4612 0.4753
vn -0.8235 -0.2880 0.4888
vn -0.9621 0.2112 0.1724
vn -0.9336 0.3424 0.1056
vn -0.3300 0.1619 0.9300
vn -0.1177 0.1505 0.9816
vn 0.4197 -0.3273 -0.8466
vn 0.1377 0.8282 0.5433
vn -0.9376 0.3478 -0.0060
vn 0.8586 -0.0145 -0.5125
vn 0.8967 -0.0697 -0.4372
vn -0.6346 0.7621 -0.1286
vn 0.4206 0.7770 0.4684
vn -0.4530 -0.7125 0.5358
vn 0.5757 -0.8176 -0.0006
vn 0.5942 -0.7388 -0.3180
vn 0.5764 -0.7922 -0.2004
vn -0.1382 -0.9059 -0.4002
vn 0.9945 -0.0417 0.0964
vn -0.1333 -0.8641 0.4854
vn -0.0994 -0.8245 0.5571
vn 0.6579 0.7164 -0.2321
vn -0.1788 -0.0154 0.9838
vn -0.4237 -0.3540 -0.8338
vn -0.9635 -0.1590 -0.2154
vn -0.8322 -0.1321 -0.5385
vn -0.8566 -0.1782 -0.4843
vn -0.7839 -0.2442 -0.5708
vn 0.3506 -0.9356 0.0413
vn 0.4313 -0.9021 -0.0115
vn 0.7963 0.6034 0.0427
vn 0.8398 0.5426 0.0162
vn 0.8283 0.5422 0.1415
vn -0.6421 0.7043 0.3029
vn 0.9925 0.0882 0.0849
vn 0.6238 -0.1004 0.7751
vn -0.5784 0.6967 -0.4244
vn -0.7193 -0.3248 0.6141
vn -0.9320 -0.3618 -0.0220
vn 0.0436 -0.3413 -0.9389
vn -0.2414 -0.1912 0.9514
vn 0.6161 -0.6086 -0.5001
vn -0.1024 0.9567 -0.2725
vn 0.8249 0.5635 -0.0449
vn -0.1185 -0.8619 0.4931
vn -0.1379 -0.9570 0.2553
vn 0.6011 -0.6305 0.4911
vn 0.5431 -0.2387 0.8050
vn 0.4834 -0.3370 0.8079
vn -0.9633 0.0919 -0.2522
vn 0.9840 -0.0999 0.1478
vn 0.8968 -0.2262 0.3802
vn -0.7238 0.6778 -0.1296
vn 0.3449 -0.3867 -0.8553
vn -0.2937 0.8712 0.3933
vn -0.1175 0.9454 0.3039
vn -0.0606 0.8550 0.5150
vn -0.0005 0.9996 0.0265
vn -0.0357 0.9984 0.0442
vn -0.0085 0.9956 0.0938
vn -0.8825 -0.2769 0.3801
vn 0.1030 -0.1388 -0.9849
vn 0.0660 0.9975 0.0254
vn 0.0811 0.9961 -0.0339
vn 0.0032 0.9993 -0.0381
vn -0.9609 -0.2253 0.1610
vn -0.3442 0.8054 0.4826
vn -0.0250 0.9993 -0.0278
vn -0.0272 0.9937 -0.1086
vn -0.7772 -0.5485 -0.3085
vn -0.5860 0.2718 0.7634
vn -0.0448 0.9944 -0.0957
vn 0.6959 -0.3399 -0.6326
vn -0.9917 -0.0478 -0.1195
vn -0.6389 0.1024 0.7625
vn -0.0631 0.9954 -0.0721
vn -0.0513 0.9987 -0.0062
vn 0.8285 0.5559 -0.0676
vn 0.8211 0.5568 -0.1255
vn 0.7375 0.6658 -0.1130
vn -0.1129 0.9351 0.3361
vn 0.6306 -0.3093 0.7118
vn 0.7130 0.0682 -0.6978
vn 0.9884 -0.0578 -0.1402
vn 0.7148 -0.6289 -0.3058
vn -0.0605 0.9859 -0.1562
vn 0.2394 -0.4492 0.8608
vn -0.9108 -0.3353 -0.2408
vn -0.8948 -0.3845 -0.2271
vn 0.9148 -0.3660 0.1706
vn 0.9397 -0.3412 0.0226
vn 0.9356 -0.2863 0.2065
vn 0.3989 -0.7227 0.5644
vn 0.7212 -0.2586 0.6427
vn 0.0820 0.8495 0.5211
vn 0.3470 0.8070 0.4778
vn -0.0500 0.9810 -0.1874
vn -0.1020 -0.4434 -0.8905
vn -0.1164 -0.3857 -0.9153
vn -0.9272 0.2044 0.3138
vn -0.0808 0.9962 -0.0325
vn 0.9902 -0.0180 0.1386
vn -0.6898 0.4007 -0.6031
vn 0.1038 0.9900 -0.0952
vn 0.0295 0.9938 -0.1074
vn 0.9241 0.3247 -0.2016
vn -0.8921 0.0159 -0.4516
vn -0.8620 0.0020 -0.5068
vn -0.7812 -0.1399 -0.6084
vn 0.3100 0.0213 -0.9505
vn -0.9936 0.0473 -0.1023
vn -0.9604 0.2783 0.0107
vn -0.4761 0.2503 0.8430
vn -0.6052 0.2374 0.7598
vn -0.6229 0.1434 0.7691
vn 0.7803 0.5590 -0.2804
vn -0.4717 0.1130 -0.8745
vn -0.5967 0.0924 -0.7971
vn 0.7081 -0.2396 -0.6642
vn 0.7984 -0.1049 -0.5929
vn -0.5045 -0.5370 -0.6761
vn 0.9124 -0.1696 -0.3724
vn 0.9635 0.0659 0.2594
vn -0.5286 -0.0335 0.8482
vn 0.7834 0.6017 0.1557
vn -0.7091 -0.2138 0.6719
vn -0.5965 -0.5493 0.5852
vn -0.4526 -0.3858 0.8039
vn -0.5273 0.4069 0.7459
vn -0.6235 0.3376 0.7052
vn -0.0976 0.9896 -0.1053
vn -0.0057 0.9817 -0.1906
vn 0.1298 0.9897 0.0606
vn -0.1184 0.9925 -0.0305
vn -0.1352 0.9907 0.0179
vn -0.0777 0.9969 0.0122
vn 0.7855 0.6173 -0.0434
vn -0.9724 0.0273 0.2317
vn 0.0225 -0.9291 -0.3692
vn -0.0688 -0.9321 -0.3557
vn 0.7534 0.6274 0.1969
vn 0.6920 0.6694 0.2705
vn 0.8245 0.3322 0.4581
vn 0.9266 0.3754 0.0217
vn 0.0082 0.0555 0.9984
vn 0.3295 -0.6382 -0.6958
vn 0.1756 0.9773 -0.1181
vn 0.2570 -0.2780 0.9256
vn 0.0505 -0.8716 0.4877
vn 0.5830 -0.7627 0.2802
vn -0.0245 0.9639 -0.2651
vn 0.6233 -0.7655 0.1597
vn 0.6245 -0.7508 0.2152
vn 0.9775 0.2107 0.0016
vn 0.4129 0.3530 0.8396
vn -0.7648 -0.3061 -0.5669
vn -0.9522 -0.0873 -0.2927
vn -0.0789 0.9950 0.0611
vn 0.6294 0.7550 -0.1838
vn 0.8569 0.5109 0.0683
vn 0.9778 -0.2094 0.0094
vn 0.9727 -0.1999 -0.1177
vn 0.4067 0.1905 0.8935
vn -0.4771 0.1394 0.8677
vn 0.3172 0.7491 0.5815
vn 0.6369 0.5124 0.5761
vn -0.0484 0.9868 0.1547
vn -0.1433 0.9871 -0.0719
vn 0.4666 0.8844 0.0020
vn -0.6870 0.6417 0.3409
vn -0.6586 0.6312 0.4097
vn -0.6110 0.7068 0.3566
vn 0.2528 -0.3736 -0.8925
vn 0.1784 -0.4132 -0.8930
vn 0.1928 -0.4326 -0.8807
vn -0.1173 0.9739 -0.1945
vn -0.1547 0.9750 -0.1595
vn -0.5749 0.1361 0.8068
vn -0.1893 0.9819 -0.0090
vn -0.7863 0.6135 0.0737
vn -0.8179 0.5709 0.0712
vn -0.8244 0.5558 0.1068
vn -0.0572 0.9671 -0.2479
vn -0.0631 0.9798 -0.1897
vn -0.3531 0.7074 0.6122
vn 0.0867 -0.2805 0.9559
vn -0.0726 -0.3161 0.9459
vn 0.9474 0.0402 -0.3176
vn 0.9416 -0.0680 -0.3297
vn 0.9825 0.1861 0.0016
vn 0.9397 0.3394 -0.0419
vn 0.9590 0.2825 0.0242
vn -0.2373 0.8513 0.4679
vn -0.3780 -0.7234 0.5777
vn 0.2994 0.1417 0.9435
vn -0.0597 -0.0200 0.9980
vn 0.2787 -0.9062 0.3179
vn 0.2103 -0.8118 0.5447
vn -0.0218 0.3286 0.9442
vn -0.4307 0.8661 0.2535
vn -0.1743 0.9307 -0.3216
vn 0.5792 -0.4246 -0.6959
vn 0.3753 -0.5173 -0.7691
vn -0.1489 0.9798 -0.1337
vn -0.8765 0.0449 0.4792
vn -0.1952 0.9724 -0.1278
vn -0.0663 0.9768 0.2035
vn -0.5562 0.0915 0.8260
vn -0.8678 0.4955 0.0363
vn -0.0426 0.9670 -0.2513
vn 0.9231 0.1746 -0.3426
vn 0.8627 -0.0043 -0.5057
vn -0.2612 0.9641 -0.0486
vn 0.9728 -0.0464 -0.2269
vn 0.0635 0.9733 0.2206
vn 0.1443 0.9644 0.2217
vn -0.0805 -0.2936 -0.9525
vn -0.9727 0.1143 0.2022
vn -0.6092 -0.2133 0.7638
vn -0.0009 -0.9988 0.0487
vn 0.0897 -0.9947 0.0505
vn -0.0245 0.9855 -0.1680
vn -0.0472 0.9779 -0.2035
vn -0.0178 0.9786 -0.2049
vn 0.7412 -0.0156 0.6711
vn 0.3439 -0.0715 0.9363
vn 0.0615 0.0468 0.9970
vn 0.8132 -0.2625 -0.5195
vn -0.3163 0.9487 0.0024
vn 0.9714 -0.0694 0.2273
vn 0.9447 0.3214 -0.0650
vn 0.9128 0.4079 0.0183
vn -0.9000 -0.3432 -0.2689
vn 0.4661 0.7774 0.4224
vn 0.0716 0.9401 -0.3332
vn 0.0012 0.9517 -0.3071
vn 0.7822 0.6214 -0.0453
vn 0.7883 0.6022 -0.1261
vn 0.0961 0.0808 0.9921
vn 0.7236 -0.4209 0.5470
vn 0.2044 0.2804 0.9379
vn 0.1351 0.4180 0.8983
vn 0.0124 0.4048 0.9143
vn 0.9600 0.2723 0.0651
vn 0.3065 0.8576 -0.4131
vn 0.2297 0.8964 -0.3791
vn -0.0431 0.9614 0.2717
vn -0.0150 0.9551 0.2958
vn 0.6969 0.7171 0.0004
vn -0.9240 -0.1109 0.3659
vn -0.6973 -0.6706 -0.2530
vn -0.7759 -0.6048 -0.1797
vn -0.2363 0.4040 -0.8837
vn 0.1170 0.5994 -0.7919
vn 0.1309 0.9753 0.1782
vn 0.2162 0.9533 0.2110
vn 0.8129 -0.1775 0.5546
vn 0.2632 0.9569 -0.1230
vn -0.0277 0.8522 0.5225
vn -0.1712 0.8286 0.5331
vn -0.0833 0.9486 -0.3052
vn 0.2059 0.9637 0.1700
vn -0.2995 0.9461 -0.1235
vn 0.3189 0.9288 -0.1890
vn -0.8852 0.2564 -0.3881
vn 0.3409 0.1166 0.9328
vn 0.9140 0.1178 -0.3884
vn -0.9659 0.0898 -0.2428
vn 0.3306 -0.3254 -0.8859
vn 0.2266 -0.9711 0.0754
vn 0.2018 -0.9505 0.2361
vn 0.7124 -0.5602 0.4226
vn 0.2054 0.8437 0.4960
vn 0.3107 0.9283 0.2044
vn 0.7619 -0.5376 -0.3613
vn 0.6822 -0.6549 -0.3251
vn -0.8110 0.5376 0.2307
vn -0.4341 0.9008 0.0135
vn 0.9149 0.3508 -0.1997
vn 0.8968 0.4367 -0.0715
vn 0.1714 0.9378 0.3018
vn -0.1915 0.9549 0.2270
vn 0.9983 0.0407 0.0408
vn 0.6238 -0.1401 -0.7689
vn -0.6349 -0.6743 0.3772
vn -0.5325 0.7448 0.4020
vn -0.6329 0.6947 0.3417
vn 0.2022 0.5452 0.8136
vn -0.8606 0.4721 -0.1910
vn -0.8465 0.5151 -0.1345
vn 0.2253 0.9403 0.2552
vn -0.1297 -0.4477 -0.8847
vn 0.0924 -0.4028 -0.9106
vn 0.1016 -0.4955 -0.8626
vn -0.4083 0.9123 -0.0333
vn -0.6734 0.7293 -0.1211
vn 0.6296 -0.6808 -0.3743
vn -0.3322 0.9268 -0.1752
vn 0.5364 -0.3259 0.7785
vn -0.7628 0.1165 -0.6361
vn -0.3233 0.0417 -0.9454
vn -0.6109 0.0168 -0.7916
vn 0.0333 0.0963 0.9948
vn 0.5042 0.0455 0.8624
vn -0.3165 0.8065 0.4994
vn 0.6875 0.4264 0.5878
vn 0.1403 -0.9447 0.2965
vn 0.5241 0.8369 -0.1579
vn 0.4203 0.8883 -0.1851
vn -0.8182 0.5657 -0.1021
vn -0.8227 0.5668 0.0436
vn 0.6074 -0.3203 -0.7270
vn 0.8908 -0.2273 0.3935
vn 0.9320 -0.1298 0.3385
vn 0.2807 0.9280 -0.2451
vn 0.4434 0.8480 -0.2903
vn 0.4360 -0.3362 -0.8348
vn 0.3626 -0.4023 -0.8406
vn 0.8961 0.4352 -0.0872
vn 0.8505 0.4975 -0.1707
vn -0.9627 0.0055 0.2704
vn -0.9711 0.1198 0.2064
vn -0.0149 0.9424 -0.3341
vn -0.0317 0.9405 -0.3383
vn -0.0155 0.9157 0.4015
vn -0.2915 -0.9563 0.0228
vn -0.2872 -0.9574 0.0308
vn 0.4347 0.9005 -0.0140
vn -0.9709 0.0153 0.2391
vn 0.3161 0.9132 0.2570
vn -0.9147 -0.3981 -0.0698
vn -0.6762 0.6932 0.2495
vn -0.0244 -0.2137 -0.9766
vn 0.1381 -0.4684 -0.8727
vn 0.9775 -0.0208 -0.2100
vn 0.5314 0.1468 -0.8343
vn 0.9579 0.1001 -0.2689
vn -0.0145 -0.9829 -0.1837
vn 0.0102 0.9450 0.3270
vn 0.0151 0.9179 0.3965
vn 0.1168 -0.4766 -0.8713
vn 0.5815 -0.4046 -0.7058
vn 0.6665 -0.6815 -0.3022
vn 0.7265 0.6769 0.1186
vn -0.3768 0.9021 0.2104
vn 0.1503 0.9126 -0.3802
vn -0.4057 -0.8192 0.4054
vn 0.4011 0.8874 0.2271
vn 0.1286 -0.8816 -0.4541
vn 0.7532 0.6271 -0.1984
vn 0.7643 0.5755 -0.2910
vn 0.7422 0.6126 -0.2717
vn 0.9722 -0.0023 -0.2343
vn 0.9699 0.0564 -0.2368
vn 0.7203 -0.0473 -0.6921
vn 0.7031 0.1630 0.6922
vn 0.9567 0.0953 0.2750
vn 0.3929 0.2093 0.8954
vn 0.5769 0.1304 0.8063
vn 0.9891 0.0958 0.1121
vn 0.9940 0.0397 0.1018
vn 0.9950 0.0683 -0.0722
vn -0.0981 0.0948 -0.9906
vn 0.5103 -0.0631 -0.8577
vn -0.0508 0.9975 0.0489
vn -0.3042 -0.4944 -0.8143
vn 0.7170 0.2914 -0.6333
vn 0.4322 -0.9017 -0.0105
vn 0.3305 -0.9438 -0.0006
vn -0.8217 0.4455 0.3555
vn -0.7732 0.4190 0.4761
vn -0.7641 0.4989 0.4089
vn 0.5560 0.7994 -0.2278
vn -0.9541 0.0305 0.2979
vn 0.4531 0.7805 0.4307
vn 0.6246 -0.7762 -0.0859
vn -0.3561 -0.0139 0.9343
vn -0.9548 0.2040 0.2161
vn -0.9232 0.2051 0.3250
vn -0.9081 0.2756 0.3154
vn 0.9789 0.0350 -0.2014
vn 0.9865 0.1350 -0.0926
vn -0.9863 0.1572 -0.0494
vn -0.3912 0.8489 -0.3554
vn 0.2491 0.4632 0.8505
vn 0.3203 0.3797 0.8679
vn 0.1267 0.9410 -0.3138
vn 0.6371 0.7244 0.2634
vn 0.6396 0.7309 0.2379
vn -0.1140 -0.2845 -0.9519
vn -0.0281 -0.3118 -0.9497
vn 0.2456 0.9155 0.3187
vn -0.9810 0.1734 -0.0866
vn -0.9940 0.1082 -0.0169
vn -0.9686 0.2475 -0.0236
vn -0.3094 0.9295 -0.2006
vn -0.6410 0.0693 -0.7644
vn 0.6741 0.7220 0.1557
vn -0.6225 0.7206 0.3054
vn -0.9907 0.1093 0.0807
vn -0.2105 -0.5205 0.8275
vn -0.2336 -0.5320 0.8139
vn -0.1067 -0.7321 0.6728
vn -0.1784 -0.7360 0.6531
vn 0.7016 -0.6046 -0.3772
vn 0.9991 -0.0158 -0.0400
vn 0.8915 -0.1885 -0.4120
vn 0.9845 0.0746 -0.1589
vn -0.9785 -0.0972 0.1819
vn -0.9847 -0.1641 0.0591
vn -0.9942 -0.0278 -0.1040
vn -0.9635 -0.0594 -0.2609
vn -0.9706 0.0811 -0.2265
vn 0.7267 -0.6642 0.1751
vn -0.0565 -0.9730 -0.2239
vn -0.8671 0.2505 -0.4305
vn -0.6885 -0.3668 -0.6257
vn -0.5880 -0.4883 -0.6448
vn -0.5944 0.5776 0.5595
vn -0.6786 0.5668 0.4672
vn -0.6252 0.5253 0.5772
vn 0.9477 0.1788 -0.2643
vn -0.6118 0.0636 0.7885
vn -0.7467 0.5654 0.3504
vn 0.6439 -0.1550 -0.7492
vn -0.7302 0.6805 -0.0621
vn -0.6967 0.7171 0.0199
vn -0.9296 -0.3682 0.0179
vn -0.1081 -0.0002 -0.9941
vn -0.7453 -0.4297 0.5098
vn 0.9552 -0.2942 0.0325
vn 0.9633 -0.2012 0.1777
vn 0.9287 -0.3128 0.1990
vn 0.0436 0.9427 -0.3308
vn 0.1083 -0.5545 -0.8251
vn 0.8375 0.2533 0.4843
vn 0.7466 0.2639 0.6106
vn 0.7745 0.1354 0.6179
vn 0.6713 -0.1881 -0.7169
vn -0.0126 -0.2911 -0.9566
vn 0.5815 0.7406 -0.3368
vn 0.6026 -0.2224 -0.7664
vn -0.6166 0.6584 0.4316
vn -0.6064 0.6870 0.4004
vn -0.8446 -0.0219 0.5350
vn -0.4403 0.1450 0.8861
vn -0.9029 -0.1374 -0.4073
vn 0.8689 -0.2017 0.4520
vn 0.9482 -0.3056 0.0868
vn 0.8824 -0.3711 0.2892
vn 0.7817 -0.1276 0.6105
vn 0.4155 -0.2265 0.8809
vn -0.5687 -0.7481 -0.3420
vn -0.9321 -0.0044 -0.3622
vn -0.5019 -0.6600 0.5589
vn 0.3956 0.8698 0.2950
vn 0.4752 0.8421 0.2550
vn 0.5459 0.7991 -0.2518
vn 0.6554 0.7240 -0.2151
vn 0.5895 0.7920 -0.1586
vn 0.0634 0.8814 0.4682
vn 0.0377 0.8710 0.4899
vn -0.9766 -0.1059 -0.1871
vn -0.0576 -0.3672 -0.9284
vn 0.0563 -0.3505 -0.9349
vn -0.0420 -0.3423 -0.9387
vn -0.6658 0.7420 0.0784
vn -0.7685 -0.3013 -0.5644
vn -0.9191 0.3794 -0.1063
vn -0.9559 0.2804 -0.0872
vn -0.9319 0.3604 -0.0396
vn -0.2770 0.8772 0.3922
vn -0.5697 0.7085 0.4165
vn 0.6611 -0.0897 -0.7449
vn 0.9827 -0.1251 0.1365
vn 0.8008 -0.4994 -0.3307
vn -0.6191 0.7803 -0.0887
vn -0.6445 0.7638 -0.0345
vn 0.1112 -0.9828 0.1476
vn 0.9620 -0.2291 0.1488
vn 0.6452 -0.7629 -0.0425
vn -0.4799 0.8276 -0.2912
vn -0.0405 0.9710 -0.2357
vn -0.0045 0.9726 -0.2323
vn -0.8183 0.0378 0.5735
vn -0.3396 -0.1910 0.9210
vn -0.4797 -0.2674 0.8357
vn 0.2201 -0.7256 -0.6520
vn -0.8758 -0.1487 0.4591
vn -0.8513 -0.2076 0.4819
vn -0.9138 -0.2113 0.3469
vn -0.8870 -0.0201 0.4614
vn -0.8626 -0.0683 0.5013
vn -0.7570 0.6185 0.2108
vn -0.7184 0.6563 0.2305
vn 0.2861 -0.9576 0.0335
vn 0.7080 -0.6380 -0.3028
vn 0.6447 -0.6922 0.3244
vn -0.4700 0.8576 -0.2089
vn -0.5846 0.7966 -0.1537
vn -0.8914 -0.2432 -0.3825
vn 0.9733 0.0543 0.2231
vn 0.9488 -0.1054 0.2979
vn -0.7077 -0.7006 -0.0910
vn -0.0682 0.9414 -0.3304
vn -0.0489 0.9420 -0.3320
vn -0.1802 -0.7154 0.6751
vn 0.8483 -0.0520 0.5269
vn -0.2444 0.9003 -0.3601
vn -0.8518 -0.1040 -0.5135
vn -0.9465 0.0402 -0.3201
vn -0.9672 -0.0805 -0.2410
vn -0.9809 -0.1890 -0.0464
vn -0.6623 -0.3493 -0.6629
vn -0.0898 -0.4647 -0.8809
vn -0.5479 -0.4416 -0.7104
vn -0.2542 -0.9614 0.1053
vn 0.1223 -0.6706 -0.7316
vn 0.1903 0.4467 0.8742
vn -0.7760 0.1222 -0.6187
vn -0.9075 0.1436 -0.3947
vn -0.8367 0.2275 -0.4981
vn -0.2450 0.9081 -0.3395
vn 0.5883 0.8074 0.0449
vn -0.0599 -0.3006 -0.9519
vn -0.9744 0.1834 -0.1298
vn 0.2315 0.5652 0.7918
vn -0.9111 -0.3145 -0.2666
vn 0.3727 0.8441 -0.3856
vn 0.5038 0.7981 -0.3305
vn -0.2939 -0.6771 0.6746
vn -0.4434 0.8044 -0.3955
vn -0.5026 0.7746 -0.3839
vn 0.2604 -0.8549 -0.4487
vn 0.1771 -0.7661 0.6178
vn -0.7421 0.6653 0.0818
vn 0.0058 0.8199 0.5724
vn -0.5604 -0.0159 0.8281
vn -0.9011 -0.1642 0.4013
vn -0.9791 -0.0275 -0.2016
vn -0.9466 -0.1991 -0.2536
vn -0.8904 0.3054 0.3374
vn -0.0379 0.8210 0.5697
vn 0.9389 -0.3389 0.0591
vn 0.5399 -0.8411 -0.0312
vn 0.1234 -0.8693 0.4787
vn -0.0311 -0.9555 0.2934
vn 0.5765 -0.6076 -0.5464
vn -0.9499 0.1822 -0.2540
vn -0.9525 0.0670 -0.2972
vn 0.1126 0.8631 0.4923
vn -0.9413 0.1804 -0.2854
vn -0.9507 0.1201 -0.2858
vn -0.8948 0.3551 -0.2705
vn -0.7720 0.1744 -0.6113
vn -0.8052 0.5721 0.1561
vn -0.8675 0.4733 0.1533
vn -0.8371 0.4592 0.2973
vn 0.8537 -0.4339 -0.2878
vn -0.7565 0.5714 0.3183
vn 0.9628 0.2330 -0.1366
vn 0.9909 0.1173 -0.0665
vn 0.9772 0.1430 -0.1567
vn -0.0414 0.4906 0.8704
vn 0.0568 0.5502 0.8331
vn -0.0433 0.9477 -0.3161
vn -0.5151 0.0723 0.8541
vn -0.4392 0.1638 0.8833
vn -0.5257 0.8506 -0.0105
vn 0.0735 0.9518 -0.2978
vn -0.0248 0.9535 -0.3005
vn 0.9307 0.1335 -0.3407
vn 0.2465 0.8504 0.4649
vn -0.9094 0.3024 0.2856
vn 0.9678 -0.1859 0.1697
vn 0.8760 -0.3007 -0.3770
vn -0.6903 0.6450 0.3277
vn -0.3646 -0.8013 -0.4744
vn -0.6236 -0.7103 -0.3264
vn -0.0284 0.9430 -0.3314
vn -0.6046 0.7242 -0.3316
vn -0.6118 0.7529 -0.2426
vn -0.1865 -0.3807 -0.9057
vn 0.1615 0.9452 -0.2839
vn 0.0955 0.9670 -0.2363
vn 0.0545 0.9733 -0.2228
vn -0.9092 -0.3231 -0.2626
vn -0.9177 -0.3464 -0.1945
vn -0.7920 0.5978 0.1239
vn -0.3078 0.8713 -0.3822
vn -0.9884 0.0456 0.1445
vn -0.9994 0.0212 0.0277
vn -0.9653 -0.0362 0.2588
vn -0.8520 0.3728 0.3675
vn -0.8821 0.3807 0.2775
vn 0.9378 0.1967 0.2862
vn -0.9522 -0.0229 -0.3045
vn -0.8251 0.0307 -0.5642
vn -0.8317 -0.4516 -0.3230
vn -0.8767 -0.3904 -0.2811
vn -0.8783 -0.3682 -0.3049
vn -0.3307 0.8601 -0.3884
vn -0.3292 0.8762 -0.3520
vn 0.7909 0.6109 0.0348
vn 0.8682 -0.3554 0.3463
vn -0.0520 0.9585 -0.2804
vn -0.9884 -0.1487 -0.0304
vn -0.7582 0.6199 0.2020
vn -0.7462 -0.6619 -0.0716
vn 0.0763 0.9785 -0.1914
vn 0.0724 0.9850 -0.1567
vn -0.7649 0.6120 0.2007
vn -0.6796 -0.5765 -0.4536
vn -0.4952 -0.6422 -0.5851
vn -0.3651 -0.8218 -0.4375
vn 0.0065 0.9632 -0.2686
vn -0.0366 0.9605 -0.2759
vn 0.9216 0.2590 -0.2891
vn 0.6327 0.6769 0.3762
vn -0.8344 0.3025 0.4608
vn 0.9273 -0.3471 -0.1403
vn 0.8035 -0.3949 -0.4454
vn 0.6305 -0.5026 -0.5915
vn 0.8837 -0.1738 -0.4347
vn 0.9251 -0.3472 -0.1536
vn 0.9382 0.1773 -0.2972
vn -0.5771 0.0970 0.8109
vn -0.8823 0.2945 0.3672
vn 0.9694 -0.1048 0.2218
vn 0.8599 -0.0400 0.5089
vn 0.7455 0.0740 0.6623
vn 0.0123 -0.9992 -0.0382
vn 0.1136 -0.9446 -0.3081
vn -0.8141 0.1957 0.5467
vn -0.9206 0.2222 0.3213
vn 0.7610 0.1887 -0.6207
vn -0.6728 0.6986 0.2434
vn -0.8076 -0.5793 -0.1102
vn -0.7519 -0.6555 -0.0707
vn -0.9602 0.0070 -0.2792
vn -0.9664 -0.0752 -0.2459
vn -0.9311 -0.1195 -0.3448
vn 0.3888 0.7820 0.4872
vn -0.4686 0.7922 -0.3909
vn -0.0710 0.8204 0.5673
vn 0.9701 0.1685 0.1746
vn 0.9396 0.3276 0.0992
vn -0.8295 0.5314 -0.1718
vn 0.9824 0.1397 -0.1240
vn -0.7432 -0.6447 -0.1787
vn 0.8522 -0.0115 -0.5231
vn 0.2709 0.7858 0.5560
vn 0.7935 -0.1524 0.5892
vn -0.0190 -0.8740 -0.4856
vn -0.0133 -0.9251 -0.3796
vn 0.7190 -0.2916 -0.6308
vn 0.8973 -0.3399 -0.2816
vn 0.9708 -0.0712 -0.2292
vn 0.9979 0.0062 -0.0644
vn 0.8716 0.4896 0.0241
vn 0.8159 0.5779 0.0189
vn -0.6885 0.7016 -0.1836
vn 0.8497 -0.4117 0.3295
vn 0.9141 -0.4047 -0.0260
vn 0.5567 -0.7914 0.2524
vn -0.1639 0.8162 0.5541
vn -0.9152 -0.2482 -0.3176
vn 0.9456 0.2950 -0.1372
vn -0.2763 0.9087 -0.3129
vn 0.8584 -0.1774 -0.4813
vn 0.8556 0.5008 -0.1306
vn 0.6063 -0.7748 -0.1790
vn 0.6216 -0.7641 -0.1725
vn -0.0049 -0.2098 0.9777
vn -0.0984 -0.2047 0.9739
vn 0.0137 -0.7799 0.6257
vn 0.0184 -0.9558 0.2935
vn 0.1038 -0.9616 0.2541
vn 0.1228 -0.9466 0.2982
vn 0.1931 0.7301 0.6554
vn 0.1109 0.4734 0.8738
vn 0.9189 -0.0592 -0.3900
vn -0.6813 -0.2211 0.6978
vn -0.8281 -0.1345 0.5442
vn 0.4487 0.2135 0.8678
vn -0.5932 0.6926 0.4105
vn -0.1052 -0.7590 -0.6426
vn -0.3027 -0.7267 -0.6166
vn -0.2436 0.9521 -0.1848
vn -0.1972 0.9656 -0.1695
vn 0.9003 -0.3107 -0.3048
vn -0.1359 -0.2662 -0.9543
vn -0.9708 0.0992 0.2185
vn 0.0349 -0.7738 0.6325
vn 0.0106 -0.7494 0.6620
vn -0.0039 -0.7379 0.6749
vn -0.1150 -0.9914 0.0618
vn -0.9573 -0.2621 -0.1223
vn 0.8859 -0.1521 -0.4382
vn -0.8348 -0.4013 0.3769
vn -0.7590 0.6397 -0.1212
vn 0.0375 0.9152 0.4012
vn -0.1110 -0.5129 0.8513
vn -0.0602 0.9681 -0.2433
vn 0.5674 -0.1857 0.8022
vn 0.3584 -0.1066 0.9275
vn 0.4520 -0.1676 0.8761
vn 0.8522 -0.3501 -0.3889
vn -0.2563 0.7776 0.5742
vn 0.7325 0.6408 -0.2298
vn 0.7559 0.6354 -0.1581
vn -0.4139 0.8563 -0.3089
vn 0.5313 0.0844 0.8430
vn 0.4240 -0.6667 0.6130
vn 0.6236 0.6562 -0.4248
vn 0.6071 0.7314 -0.3107
vn -0.1100 -0.8192 -0.5628
vn -0.9513 0.1982 0.2362
vn -0.9896 -0.0698 -0.1259
vn -0.4520 0.0312 0.8915
vn -0.9937 -0.0847 0.0728
vn -0.9680 -0.1025 -0.2290
vn -0.0606 -0.7531 0.6551
vn 0.6405 -0.7398 -0.2059
vn -0.1366 -0.9892 0.0538
vn -0.2071 -0.9726 0.1060
vn 0.8491 0.1548 0.5050
vn 0.9728 -0.2036 -0.1101
vn 0.7106 0.6420 0.2879
vn 0.7527 0.6514 -0.0950
vn 0.7582 0.6398 -0.1258
vn -0.0503 0.9842 -0.1700
vn -0.0443 -0.8274 -0.5598
vn -0.0582 -0.8794 -0.4725
vn -0.8082 0.1849 0.5591
vn 0.4854 -0.2725 0.8307
vn -0.7336 0.6738 -0.0886
vn -0.9635 0.1573 -0.2165
vn -0.4409 0.0875 0.8933
vn 0.9876 0.0428 -0.1512
vn 0.9414 -0.3189 0.1104
vn -0.7069 0.6221 -0.3366
vn 0.9094 0.0877 0.4067
vn -0.9868 0.1400 -0.0820
vn -0.9945 0.0789 -0.0693
vn -0.6394 0.0972 0.7627
vn -0.7249 0.1799 0.6649
vn -0.0212 -0.9581 -0.2855
vn -0.0353 -0.9484 -0.3152
vn -0.3928 -0.0207 -0.9194
vn 0.0900 0.1989 -0.9759
vn 0.7854 0.5669 0.2487
vn -0.8664 -0.4893 0.1000
vn -0.8094 -0.5505 0.2047
vn -0.6123 0.1395 0.7782
vn 0.1318 0.6746 0.7263
vn 0.2212 0.6144 0.7574
vn -0.9444 0.2470 0.2170
vn -0.8825 0.0004 -0.4703
vn -0.7301 0.0132 -0.6832
vn -0.7263 -0.0787 -0.6828
vn -0.6836 0.6355 -0.3590
vn -0.7435 -0.6144 -0.2641
vn -0.5417 0.7417 0.3955
vn 0.4161 -0.2799 -0.8652
vn 0.5296 -0.2493 -0.8108
vn 0.6089 -0.1494 -0.7790
vn 0.8523 -0.2579 -0.4550
vn 0.5431 -0.2985 -0.7848
vn -0.5381 -0.8372 -0.0983
vn -0.9862 -0.1388 0.0906
vn -0.9055 0.0655 -0.4193
vn 0.7073 0.5649 -0.4249
vn 0.0658 -0.6382 0.7671
vn 0.8169 0.5767 0.0018
vn 0.7833 0.6216 0.0015
vn 0.4918 0.8573 -0.1521
vn -0.9704 0.1719 -0.1697
vn -0.9544 0.2236 -0.1976
vn 0.6926 -0.1724 -0.7004
vn -0.9961 0.0061 0.0880
vn -0.9997 -0.0235 0.0076
vn -0.6913 0.5848 0.4245
vn -0.7149 0.5921 -0.3720
vn -0.6098 0.7054 -0.3613
vn -0.1108 0.9877 0.1105
vn -0.1339 -0.9427 0.3056
vn -0.2163 -0.9108 0.3517
vn -0.2643 -0.9233 0.2785
vn 0.2909 0.7148 0.6359
vn -0.5416 0.7891 -0.2896
vn -0.6106 0.7709 -0.1813
vn 0.2303 0.9700 0.0775
vn -0.9533 0.0735 -0.2929
vn -0.3518 0.8910 0.2870
vn 0.6101 -0.0771 0.7886
vn 0.9503 0.1591 -0.2677
vn -0.5466 -0.4504 -0.7059
vn -0.6948 -0.3016 -0.6529
vn -0.9725 -0.2164 -0.0860
vn 0.0569 -0.6049 -0.7943
vn 0.7014 -0.2936 0.6495
vn 0.8633 -0.5028 0.0439
vn 0.9348 -0.2915 0.2028
vn 0.8928 0.4421 -0.0867
vn 0.8620 0.5057 -0.0345
vn -0.0003 0.9760 0.2177
vn 0.6138 0.6463 0.4534
vn 0.8867 -0.4141 -0.2053
vn -0.8232 0.5542 0.1232
vn -0.9891 0.1418 0.0397
vn -0.9323 0.3613 0.0187
vn -0.9550 -0.1715 0.2420
vn -0.0402 0.9916 -0.1227
vn 0.7222 -0.0943 -0.6852
vn 0.4096 0.1251 -0.9037
vn -0.3555 -0.0303 -0.9342
vn 0.8840 0.4669 0.0237
vn 0.9609 -0.0035 0.2770
vn 0.9768 -0.1256 -0.1732
vn -0.2635 -0.4703 0.8422
vn 0.5123 0.1465 0.8462
vn 0.5165 -0.0534 0.8546
vn 0.6614 -0.7056 -0.2542
vn -0.9077 -0.2557 -0.3326
vn -0.8026 -0.2713 -0.5313
vn -0.9170 -0.2270 -0.3280
vn 0.6222 0.7275 0.2891
vn -0.8728 -0.2457 -0.4217
vn 0.7372 -0.6273 -0.2510
vn -0.0312 0.9959 -0.0845
vn -0.4128 -0.8236 -0.3889
vn 0.7018 -0.2881 0.6515
vn 0.1828 -0.1780 0.9669
vn -0.1253 -0.4527 -0.8828
vn 0.0845 -0.4588 -0.8845
vn 0.0064 -0.5477 -0.8366
vn -0.9408 0.2105 0.2657
vn 0.7181 0.6384 -0.2771
vn 0.9974 -0.0600 -0.0391
vn 0.4635 -0.6333 -0.6197
vn -0.0082 1.0000 -0.0006
vn -0.0305 0.9979 0.0574
vn -0.8191 0.4045 -0.4067
vn -0.7368 -0.5721 -0.3604
vn -0.9920 0.0967 -0.0817
vn -0.6324 -0.7470 0.2048
vn 0.5183 -0.4963 0.6965
vn 0.3037 -0.4772 0.8246
vn 0.4177 -0.7865 0.4549
vn 0.4895 -0.8151 0.3099
vn 0.6502 0.4224 0.6315
vn 0.6063 0.5789 0.5453
vn 0.8367 0.4735 -0.2753
vn -0.9126 0.0166 0.4084
vn -0.9231 0.0197 0.3840
vn -0.2004 -0.9296 -0.3092
vn 0.3386 -0.3365 -0.8787
vn -0.9550 0.2965 -0.0055
vn -0.4924 -0.3320 0.8046
vn -0.0975 0.9951 -0.0164
vn 0.8357 -0.5323 0.1351
vn 0.0279 -0.4077 0.9127
vn -0.9949 -0.0343 0.0948
vn 0.4209 -0.9058 -0.0484
vn 0.4406 -0.8073 0.3926
vn 0.0741 -0.9972 0.0088
vn 0.5122 0.3215 0.7964
vn -0.9471 0.3020 0.1082
vn -0.8065 -0.4948 -0.3237
vn -0.7641 0.6363 -0.1062
vn 0.5314 0.8440 -0.0724
vn 0.4800 -0.4421 -0.7577
vn 0.9390 -0.3189 -0.1289
vn 0.9625 -0.2570 0.0869
vn -0.9425 -0.3083 0.1290
vn 0.4008 0.5316 0.7462
vn 0.2539 0.3434 0.9042
vn 0.2533 0.1571 0.9546
vn -0.2516 0.9665 -0.0508
vn -0.7594 0.5804 -0.2940
vn 0.8465 0.0046 -0.5323
vn 0.9054 0.4243 -0.0105
vn 0.8081 -0.2437 -0.5362
vn 0.8493 -0.0767 0.5223
vn 0.6930 0.6931 0.1983
vn 0.7732 0.4697 -0.4261
vn -0.6698 0.6368 0.3820
vn 0.3780 -0.5700 -0.7295
vn 0.6942 -0.5072 -0.5107
vn 0.0946 -0.3041 -0.9479
vn 0.9112 -0.2178 -0.3497
vn 0.7231 -0.3194 -0.6124
vn 0.9022 -0.2693 -0.3370
vn 0.2074 -0.3588 -0.9101
vn 0.3868 -0.2772 -0.8795
vn -0.7114 0.6799 -0.1778
vn 0.9847 0.0313 -0.1712
vn 0.3910 0.8977 -0.2032
vn 0.3481 0.9204 -0.1779
vn -0.5085 0.1351 -0.8504
vn 0.1899 -0.8640 0.4664
vn 0.2214 -0.8520 0.4745
vn -0.5738 -0.1266 0.8091
vn 0.9956 -0.0879 -0.0324
vn 0.6764 0.7250 -0.1300
vn 0.2833 0.0398 0.9582
vn -0.7161 0.5028 0.4842
vn -0.9618 -0.1823 -0.2040
vn 0.4979 0.4625 -0.7336
vn -0.8757 -0.0363 0.4816
vn 0.8818 0.2686 -0.3877
vn 0.9531 0.2908 -0.0838
vn 0.3190 0.9328 -0.1675
vn 0.3970 0.9094 -0.1242
vn 0.9878 -0.1557 -0.0074
vn -0.5649 -0.7962 0.2165
vn -0.5013 -0.8407 0.2049
vn -0.5019 -0.8242 0.2624
vn 0.5792 -0.7721 0.2614
vn -0.6668 -0.1105 0.7370
vn 0.1960 0.9712 -0.1358
vn 0.0350 0.3933 0.9188
vn 0.9394 -0.1684 0.2986
vn -0.6172 -0.6236 -0.4798
vn -0.7697 -0.6135 -0.1765
vn 0.4691 0.8618 -0.1929
vn -0.4165 0.8962 -0.1529
vn 0.7192 -0.6419 0.2660
vn 0.6907 -0.6662 0.2812
vn -0.3897 0.9132 -0.1194
vn 0.5878 0.7993 -0.1247
vn 0.5324 0.8333 -0.1489
vn 0.5032 -0.8632 0.0416
vn 0.5705 -0.8201 -0.0437
vn 0.5504 -0.8320 0.0697
vn -0.7320 0.5458 0.4077
vn -0.5785 0.1333 0.8047
vn -0.5223 0.3310 0.7859
vn -0.1322 0.3668 0.9209
vn 0.8669 0.0661 0.4941
vn 0.9365 -0.0855 -0.3401
vn 0.9361 -0.1028 -0.3363
vn -0.2616 0.5588 0.7870
vn -0.9031 0.3916 0.1765
vn 0.7858 -0.2824 0.5503
vn -0.4396 0.8876 -0.1375
vn -0.9380 0.0610 0.3411
vn -0.8584 -0.4782 -0.1859
vn 0.6974 0.3039 -0.6490
vn -0.9404 0.1886 0.2831
vn 0.9586 0.1772 -0.2231
vn -0.9245 0.2720 -0.2669
vn 0.8195 0.5728 -0.0136
vn -0.8799 0.4688 -0.0780
vn -0.7240 0.4635 -0.5109
vn -0.2905 -0.6177 0.7308
vn -0.3736 -0.6813 0.6295
vn -0.2705 -0.5446 0.7939
vn 0.8265 -0.3276 0.4579
vn 0.7218 -0.1848 -0.6670
vn -0.5509 0.8259 -0.1202
vn 0.0384 -0.3278 -0.9440
vn -0.0275 -0.3231 -0.9460
vn -0.2718 -0.4497 -0.8508
vn 0.2714 -0.4741 -0.8376
vn 0.5400 0.8247 -0.1679
vn 0.6045 -0.7927 0.0790
vn 0.8739 0.4858 -0.0188
vn -0.7919 0.5240 -0.3135
vn -0.4401 -0.4660 0.7676
vn -0.4390 0.8907 -0.1181
vn -0.9007 -0.0950 0.4239
vn 0.8207 -0.1582 0.5490
vn 0.0690 -0.8601 0.5054
vn 0.0438 -0.8623 0.5045
vn -0.0410 -0.7785 0.6263
vn -0.6017 0.7938 -0.0885
vn 0.5923 0.7896 -0.1603
vn 0.9126 0.3849 0.1381
vn 0.9365 0.3344 0.1057
vn 0.6816 -0.6939 -0.2320
vn -0.8560 -0.0444 0.5151
vn 0.1035 0.0867 -0.9908
vn 0.1167 0.1256 0.9852
vn 0.6697 0.7342 -0.1118
vn -0.5466 0.8280 -0.1253
vn -0.5058 0.8529 -0.1293
vn -0.4857 0.8672 -0.1096
vn -0.6553 0.7497 -0.0921
vn -0.8553 -0.5134 -0.0700
vn -0.8810 -0.3265 -0.3424
vn 0.1439 0.5221 0.8406
vn 0.1973 0.4658 0.8626
vn -0.8605 0.5086 0.0292
vn 0.9132 -0.1688 0.3710
vn 0.7920 -0.2068 0.5744
vn 0.4414 -0.8876 0.1316
vn 0.4048 -0.8889 0.2145
vn 0.8931 0.4257 -0.1456
vn -0.7589 0.1015 0.6433
vn 0.5916 0.7634 -0.2591
vn 0.4532 -0.8914 -0.0039
vn -0.8805 0.3777 0.2864
vn 0.5744 0.7908 -0.2115
vn -0.4684 0.8793 -0.0865
vn 0.9494 0.3033 0.0814
vn -0.7417 -0.5393 -0.3988
vn -0.9927 0.1013 -0.0659
vn -0.0765 -0.3590 -0.9302
vn -0.6136 0.7644 0.1980
vn 0.9531 0.2748 -0.1264
vn -0.5809 0.2192 0.7839
vn -0.9129 0.3895 0.1221
vn -0.9291 0.0728 0.3625
vn -0.2369 -0.5068 -0.8288
vn -0.5742 -0.4624 0.6756
vn -0.1067 -0.6100 0.7852
vn 0.7874 -0.1107 0.6064
vn 0.7182 -0.2161 0.6615
vn -0.8400 -0.2501 -0.4816
vn -0.5661 0.8153 -0.1219
vn 0.6313 0.7312 -0.2585
vn -0.9502 0.1533 -0.2714
vn 0.6408 0.7302 -0.2371
vn -0.5742 0.8178 0.0386
vn 0.9778 0.2091 -0.0121
vn 0.3534 0.2303 0.9067
vn -0.9665 0.2486 -0.0645
vn -0.9023 0.4311 -0.0011
vn 0.6941 0.5063 -0.5117
vn 0.9325 -0.1356 -0.3346
vn -0.9100 0.2052 -0.3603
vn -0.6843 0.0299 0.7286
vn -0.7541 0.6375 0.1578
vn 0.9606 -0.0000 -0.2778
vn 0.9498 -0.0399 -0.3102
vn -0.5236 -0.5108 -0.6819
vn -0.0275 -0.5086 -0.8606
vn 0.5584 -0.5013 -0.6609
vn 0.8096 0.5423 -0.2247
vn 0.7726 0.6092 -0.1790
vn -0.9469 -0.0578 -0.3163
vn 0.4866 -0.1248 -0.8647
vn -0.7897 0.4912 -0.3675
vn -0.9150 -0.1560 -0.3720
vn -0.8775 -0.1329 -0.4608
vn -0.8133 -0.2835 -0.5081
vn 0.6304 0.7518 -0.1933
vn -0.7000 0.4993 0.5106
vn 0.8860 -0.2443 0.3942
vn -0.9608 0.0037 -0.2771
vn -0.9902 0.0871 -0.1095
vn -0.5766 0.8055 -0.1367
vn -0.7545 -0.1246 -0.6443
vn -0.0888 -0.2711 -0.9584
vn 0.8047 0.5199 -0.2866
vn -0.6464 0.7610 -0.0552
vn 0.0160 -0.7475 -0.6640
vn -0.9434 0.0211 -0.3309
vn 0.9591 -0.0015 0.2829
vn -0.6704 0.7367 -0.0888
vn -0.6597 0.7476 -0.0770
vn 0.3008 0.1003 0.9484
vn 0.0317 0.3563 0.9338
vn -0.9198 0.3466 -0.1841
vn -0.8254 0.5568 -0.0929
vn 0.5057 0.1689 0.8460
vn -0.1391 -0.9898 0.0306
vn 0.9189 0.3936 0.0281
vn -0.6600 0.2845 0.6953
vn 0.7339 -0.6632 -0.1467
vn 0.1419 0.1462 -0.9790
vn -0.2545 0.1675 -0.9525
vn 0.1726 0.2934 0.9403
vn 0.0612 0.4071 0.9113
vn -0.6583 0.4198 0.6248
vn -0.5830 0.4818 0.6542
vn -0.9975 0.0373 -0.0608
vn -0.7269 0.4545 0.5148
vn -0.8072 -0.1822 0.5615
vn -0.9231 -0.2095 0.3224
vn 0.4261 -0.7978 0.4266
vn 0.4020 -0.8208 0.4057
vn 0.5348 -0.7624 0.3644
vn 0.9594 -0.2820 -0.0067
vn -0.6167 0.7792 -0.1121
vn -0.8027 0.5926 0.0670
vn -0.8392 0.5409 0.0559
vn -0.7967 -0.2764 -0.5375
vn -0.7291 -0.6775 0.0964
vn -0.6390 -0.7543 0.1506
vn -0.7211 0.6912 -0.0473
vn -0.9248 0.3115 0.2183
vn 0.2779 0.1211 0.9529
vn -0.9119 -0.3575 0.2013
vn -0.9033 -0.4286 -0.0170
vn -0.6711 -0.3071 -0.6748
vn 0.9259 0.3198 -0.2011
vn 0.9126 0.3823 -0.1449
vn -0.2251 -0.2041 -0.9527
vn -0.4191 -0.1324 -0.8982
vn 0.4777 -0.1484 -0.8659
vn 0.5211 -0.2583 -0.8135
vn -0.1143 -0.4178 0.9013
vn -0.5760 0.8074 -0.1276
vn 0.7921 0.0383 0.6092
vn 0.7187 0.0938 0.6890
vn -0.9101 -0.1177 -0.3974
vn -0.9445 -0.0296 -0.3272
vn -0.9782 0.1980 -0.0620
vn 0.0835 0.3304 0.9402
vn -0.3942 -0.4784 -0.7847
vn 0.9873 0.1434 -0.0685
vn 0.9617 -0.0161 0.2738
vn -0.9073 -0.4199 0.0224
vn -0.8747 0.3921 -0.2849
vn 0.7059 0.6651 -0.2435
vn 0.4825 0.5602 -0.6733
vn 0.3657 -0.3399 0.8664
vn 0.9520 0.2542 -0.1708
vn -0.0192 0.1584 0.9872
vn -0.9313 0.3430 -0.1223
vn -0.9499 0.2772 -0.1445
vn -0.9245 0.2985 -0.2370
vn -0.6323 0.7699 -0.0866
vn 0.8245 0.0141 -0.5657
vn -0.7653 0.4466 -0.4634
vn 0.9299 -0.1539 -0.3342
vn 0.9915 0.0538 0.1186
vn 0.7576 0.5732 0.3121
vn 0.9739 0.0009 -0.2271
vn 0.9800 -0.0940 -0.1756
vn 0.1301 -0.4302 -0.8933
vn -0.6572 0.7415 -0.1351
vn 0.8592 0.1455 0.4905
vn -0.9069 0.2443 0.3434
vn 0.9491 0.3102 0.0544
vn -0.6121 -0.6612 -0.4337
vn -0.8794 0.4741 0.0433
vn -0.9162 -0.2344 -0.3251
vn -0.2120 -0.0080 -0.9772
vn 0.1280 -0.1470 -0.9808
vn -0.5779 -0.0514 -0.8145
vn -0.3881 -0.4051 0.8278
vn -0.2746 -0.9532 0.1266
vn -0.7485 -0.6524 -0.1185
vn -0.7869 0.6168 -0.0194
vn -0.5664 -0.8113 -0.1449
vn 0.1224 -0.1299 0.9839
vn 0.0020 -0.0467 0.9989
vn -0.6898 0.7103 -0.1404
vn -0.7403 0.6693 -0.0638
vn 0.9616 0.2624 -0.0807
vn 0.6027 -0.5700 -0.5585
vn -0.7002 -0.0409 0.7128
vn -0.7206 0.6847 -0.1087
vn 0.7396 0.4489 -0.5015
vn 0.8142 0.5141 -0.2698
vn 0.6488 -0.7291 0.2178
vn -0.0840 -0.2004 -0.9761
vn 0.1433 -0.3975 -0.9063
vn -0.9875 0.1375 0.0771
vn -0.9931 0.1175 0.0028
vn -0.7221 -0.5034 -0.4744
vn -0.9034 0.0199 0.4284
vn -0.3035 0.1523 -0.9406
vn 0.8602 -0.3789 0.3412
vn -0.7268 0.6696 -0.1528
vn 0.9840 0.1723 -0.0453
vn 0.9890 0.1251 -0.0783
vn 0.9830 0.1794 -0.0384
vn -0.3864 -0.3876 0.8369
vn 0.8408 -0.5151 -0.1665
vn 0.8722 -0.4793 -0.0975
vn -0.6279 -0.7072 0.3250
vn 0.5112 0.0089 0.8594
vn -0.7701 -0.3160 -0.5542
vn -0.6445 -0.5130 -0.5670
vn -0.5990 0.3413 0.7243
vn 0.9806 -0.0358 -0.1925
vn -0.7219 -0.1244 -0.6807
vn 0.9508 0.2692 0.1535
vn -0.0688 -0.9953 -0.0681
vn -0.0533 -0.9954 -0.0797
vn -0.0839 -0.9944 -0.0644
vn -0.5033 -0.2646 -0.8226
vn -0.8995 0.4350 0.0413
vn -0.8599 -0.2589 -0.4398
vn -0.7168 0.0013 0.6972
vn 0.1930 -0.0404 0.9804
vn 0.9528 0.2760 -0.1269
vn 0.0873 -0.9786 -0.1861
vn -0.3437 -0.3994 0.8499
vn -0.9574 -0.2878 0.0239
vn -0.9697 0.1808 0.1640
vn -0.6426 -0.5388 -0.5448
vn 0.6701 0.3052 -0.6766
vn -0.8111 0.5826 -0.0517
vn -0.9043 0.4265 -0.0157
vn -0.8630 0.5052 0.0013
vn 0.9669 0.2544 -0.0195
vn -0.5207 -0.7171 0.4633
vn -0.5489 -0.6642 0.5074
vn -0.7050 0.1181 0.6994
vn -0.8185 0.3650 -0.4436
vn -0.7219 0.2875 -0.6294
vn -0.8106 -0.2012 0.5499
vn 0.4110 0.1236 -0.9032
vn 0.0711 -0.2449 0.9669
vn 0.3606 0.0208 -0.9325
vn 0.2518 0.0271 -0.9674
vn 0.9206 -0.2537 0.2971
vn 0.8847 0.4531 0.1096
vn 0.8978 0.4196 0.1340
vn 0.2111 -0.4039 0.8901
vn -0.7749 -0.5189 -0.3609
vn -0.9689 0.1091 0.2222
vn -0.9018 0.0168 -0.4319
vn 0.2771 0.1751 0.9447
vn -0.1196 -0.2761 -0.9537
vn 0.6375 -0.5040 0.5827
vn -0.7419 0.3430 0.5761
vn -0.6891 -0.7231 -0.0470
vn -0.8643 -0.4900 -0.1136
vn -0.7794 -0.5202 0.3491
vn -0.9883 -0.0707 -0.1354
vn -0.3387 -0.7098 0.6176
vn -0.2994 -0.7334 0.6103
vn 0.7427 0.1922 0.6414
vn -0.0499 -0.0193 0.9986
vn -0.8185 0.5449 -0.1819
vn -0.8347 0.2298 0.5004
vn 0.8528 0.4283 -0.2989
vn 0.8471 0.4530 -0.2779
vn 0.4114 -0.0222 0.9112
vn 0.9148 0.4039 -0.0114
vn -0.1938 -0.2944 -0.9358
vn -0.4505 -0.4509 -0.7706
vn 0.9744 -0.1147 0.1932
vn 0.9818 0.0337 0.1867
vn 0.9769 -0.0807 0.1977
vn 0.9874 0.1140 0.1101
vn -0.7992 0.5869 -0.1299
vn -0.8499 0.5164 -0.1049
vn -0.9937 0.1089 -0.0276
vn 0.8508 0.0580 0.5223
vn 0.9636 0.2643 0.0399
vn -0.1326 0.1027 -0.9858
vn -0.6417 -0.0290 -0.7664
vn -0.6378 -0.4100 0.6520
vn 0.9232 -0.0781 -0.3763
vn 0.9820 0.1028 -0.1583
vn -0.2408 -0.8747 -0.4207
vn 0.1902 -0.4599 -0.8674
vn 0.6599 -0.7018 0.2684
vn 0.6729 -0.6740 0.3050
vn 0.6365 -0.7225 0.2700
vn 0.9083 -0.1647 0.3846
vn 0.8232 -0.1663 0.5429
vn 0.9547 0.2369 0.1799
vn 0.9434 0.1732 0.2827
vn 0.9732 0.2204 -0.0653
vn 0.0164 -0.8871 0.4613
vn 0.9692 0.2219 -0.1067
vn -0.0982 -0.9891 -0.1095
vn 0.6858 0.0452 -0.7264
vn 0.8441 0.1085 -0.5250
vn 0.6988 -0.0333 -0.7145
vn -0.1834 -0.5609 0.8073
vn 0.2728 -0.0487 -0.9608
vn -0.8067 -0.5566 0.1987
vn -0.1310 0.1217 0.9839
vn -0.3764 0.2846 0.8817
vn 0.4066 -0.4436 -0.7987
vn -0.8974 0.2511 -0.3629
vn -0.0176 -0.2849 -0.9584
vn 0.0884 -0.9734 -0.2112
vn 0.0288 -0.9824 -0.1847
vn -0.0302 -0.9670 -0.2531
vn 0.7244 0.2346 -0.6482
vn 0.7132 -0.2003 -0.6717
vn 0.6082 -0.7937 -0.0107
vn 0.8503 0.2131 -0.4812
vn 0.3683 0.8094 0.4574
vn 0.7566 0.2363 0.6097
vn 0.8470 0.2139 0.4866
vn 0.2686 0.1051 0.9575
vn 0.1114 0.1050 0.9882
vn 0.9766 0.0720 0.2025
vn -0.0143 -0.1272 0.9918
vn 0.9958 0.0766 0.0494
vn 0.3041 -0.2160 0.9278
vn 0.5590 0.7280 -0.3968
vn -0.2482 -0.0153 0.9686
vn -0.8154 0.5776 0.0388
vn 0.2699 -0.7940 -0.5447
vn 0.2297 -0.5513 -0.8021
vn 0.8634 0.3902 -0.3197
vn -0.9009 -0.2431 -0.3595
vn 0.1295 -0.8133 0.5673
vn 0.1165 -0.8342 0.5390
vn 0.1520 -0.8510 0.5026
vn 0.8665 -0.1422 0.4786
vn 0.9345 0.3183 -0.1593
vn 0.0835 -0.4106 0.9080
vn 0.9393 0.2605 -0.2233
vn 0.9389 0.3351 0.0788
vn 0.5163 -0.8554 -0.0412
vn 0.8825 0.2197 -0.4158
vn 0.1728 -0.0560 -0.9834
vn 0.6615 0.1186 0.7405
vn 0.9701 -0.0580 -0.2357
vn -0.8117 -0.3341 -0.4791
vn 0.9421 0.1914 -0.2753
vn 0.9646 0.1427 -0.2218
vn 0.7894 0.0224 0.6134
vn 0.9321 -0.2223 0.2859
vn -0.8099 -0.5129 -0.2848
vn -0.8069 -0.5485 -0.2191
vn -0.4508 -0.2190 -0.8653
vn 0.1466 -0.8627 0.4839
vn -0.2449 -0.0283 0.9691
vn -0.1670 -0.1124 0.9795
vn -0.9505 0.0894 -0.2977
vn -0.8841 0.4485 -0.1309
vn -0.1570 -0.4142 -0.8965
vn 0.7598 0.1181 0.6394
vn 0.9848 0.1593 0.0697
vn 0.7617 -0.2080 -0.6136
vn 0.9326 -0.1785 -0.3135
vn -0.8077 0.5839 -0.0817
vn 0.3393 0.9384 0.0653
vn 0.5495 0.7738 -0.3151
vn -0.9332 0.3071 0.1868
vn -0.8115 0.5612 0.1629
vn 0.8874 0.0684 -0.4559
vn 0.9872 0.1506 -0.0518
vn 0.9716 0.1124 0.2083
vn 0.9702 0.1858 -0.1554
vn 0.8086 0.1568 -0.5670
vn 0.9816 0.1625 0.1004
vn 0.6786 0.5001 -0.5380
vn -0.9323 0.3269 -0.1548
vn -0.9325 -0.2254 0.2822
vn 0.8921 -0.0986 -0.4409
vn 0.8618 0.0145 -0.5070
vn -0.9828 0.1701 0.0722
vn -0.9793 -0.2021 0.0141
vn -0.9982 -0.0607 0.0012
vn 0.9733 0.1992 -0.1143
vn 0.9944 0.0171 0.1043
vn 0.9723 0.1455 -0.1831
vn 0.9403 0.1156 -0.3202
vn 0.8956 -0.0752 0.4385
vn -0.6439 0.1859 -0.7422
vn -0.6515 0.0608 0.7562
vn 0.0123 -0.3298 -0.9440
vn 0.8673 0.1895 0.4602
vn 0.7239 -0.5284 -0.4437
vn 0.7802 -0.6225 -0.0615
vn 0.8572 -0.1269 -0.4990
vn 0.8551 -0.3423 -0.3894
vn 0.9604 -0.2783 -0.0118
vn -0.9083 -0.0529 -0.4149
vn 0.5692 -0.1630 0.8059
vn 0.7875 -0.0234 0.6159
vn -0.9778 -0.1441 -0.1521
vn -0.2631 -0.3484 -0.8996
vn -0.7022 0.6138 -0.3608
vn 0.9185 -0.3167 0.2368
vn 0.7283 -0.4033 0.5541
vn 0.7466 -0.6621 0.0648
vn -0.9122 0.4093 0.0182
vn -0.4885 -0.8698 -0.0694
vn 0.7753 -0.0859 0.6257
vn 0.5106 -0.0243 -0.8594
vn 0.8756 -0.0273 0.4823
vn 0.4673 -0.2954 0.8333
vn 0.1405 -0.3225 0.9361
vn -0.9457 0.2907 0.1455
vn -0.9978 -0.0651 -0.0086
vn 0.9463 0.0161 0.3228
vn 0.3047 -0.9521 -0.0254
vn 0.0600 -0.1341 -0.9891
vn 0.0001 -0.1559 -0.9878
vn 0.9648 -0.1959 0.1755
vn 0.9161 0.3300 -0.2276
vn 0.3807 -0.6211 -0.6850
vn -0.9386 0.3114 -0.1484
vn -0.7804 -0.6067 -0.1509
vn -0.9546 0.2978 0.0055
vn 0.9682 0.0386 0.2472
vn 0.6549 -0.1502 -0.7406
vn 0.7901 -0.6061 0.0912
vn 0.7605 -0.6189 0.1964
vn -0.0612 0.0928 0.9938
vn 0.9932 0.0599 0.0999
vn 0.9967 0.0804 0.0067
vn -0.5920 -0.5627 0.5770
vn -0.7295 -0.6328 0.2595
vn -0.8280 -0.4979 0.2578
vn 0.3287 0.3589 -0.8736
vn -0.9959 -0.0586 -0.0690
vn 0.4252 0.4366 -0.7929
vn 0.7012 0.3379 -0.6278
vn 0.7882 0.2764 -0.5498
vn 0.9518 0.0413 -0.3039
vn -0.3283 -0.8908 0.3140
vn -0.5148 0.3644 0.7760
vn 0.4802 0.3727 0.7941
vn -0.5182 -0.0505 -0.8538
vn -0.0343 -0.9993 -0.0118
vn -0.3950 -0.7766 0.4907
vn -0.3260 -0.7714 0.5466
vn -0.0496 -0.5047 0.8619
vn 0.9799 0.1629 -0.1148
vn 0.9794 0.0633 -0.1916
vn 0.9816 -0.0500 0.1845
vn 0.9957 -0.0177 0.0911
vn 0.1372 -0.9271 0.3488
vn 0.1523 -0.9323 0.3279
vn -0.2827 -0.5474 -0.7876
vn -0.9568 -0.2820 0.0711
vn 0.9920 -0.0116 0.1259
vn 0.9824 0.1829 -0.0369
vn 0.9814 0.1910 -0.0195
vn 0.1396 -0.9704 -0.1972
vn -0.9680 0.1135 0.2237
vn -0.0536 -0.2235 -0.9732
vn -0.9658 0.1187 -0.2307
vn -0.9590 0.0994 -0.2656
vn -0.9423 0.2115 -0.2594
vn 0.9846 0.0449 -0.1689
vn 0.9261 -0.2626 -0.2710
vn -0.9691 0.1598 -0.1880
vn -0.0311 -0.9675 0.2509
vn -0.0344 -0.9971 -0.0673
vn -0.9716 -0.1873 0.1447
vn -0.9876 0.1543 0.0302
vn -0.8861 -0.1109 0.4500
vn -0.8539 -0.0952 -0.5117
vn -0.9515 0.0910 -0.2937
vn 0.6702 -0.3309 0.6644
vn -0.9678 0.2211 -0.1207
vn 0.9158 0.3982 0.0529
vn -0.9906 -0.0534 0.1258
vn 0.0042 -0.5295 -0.8483
vn -0.8010 0.1513 -0.5793
vn -0.0921 -0.4695 0.8781
vn 0.0074 -0.3499 -0.9368
vn 0.2931 -0.2439 -0.9245
vn 0.5477 0.8066 -0.2223
vn 0.1024 -0.4338 -0.8952
vn -0.4469 -0.4075 -0.7964
vn 0.9984 0.0429 -0.0375
vn 0.9958 0.0309 -0.0857
vn 0.9528 0.0780 -0.2934
vn 0.1201 -0.5944 -0.7952
vn 0.9829 0.1458 0.1128
vn 0.1200 -0.3155 -0.9413
vn 0.3591 -0.4456 0.8201
vn -0.9258 -0.2288 -0.3010
vn 0.9506 -0.3000 -0.0793
vn -0.8616 -0.4510 -0.2327
vn 0.9491 -0.1216 0.2905
vn -0.8389 0.0336 -0.5432
vn 0.9981 -0.0525 0.0326
vn -0.9913 0.1167 0.0603
vn -0.9892 0.1443 0.0275
vn 0.2858 -0.1218 0.9505
vn -0.9853 0.1268 0.1142
vn 0.2820 -0.6307 0.7230
vn -0.8948 0.0126 0.4462
vn -0.0825 -0.7651 0.6386
vn -0.1154 -0.8165 0.5657
vn 0.9833 -0.1057 0.1481
vn 0.9981 -0.0440 -0.0425
vn -0.9075 -0.2195 0.3581
vn -0.9655 -0.2529 0.0622
vn -0.1998 -0.6272 0.7528
vn 0.9360 -0.1112 -0.3340
vn 0.9685 0.0673 -0.2399
vn 0.7655 -0.2183 0.6053
vn 0.8712 -0.4814 -0.0961
vn 0.8460 -0.3061 -0.4366
vn -0.6753 -0.4243 -0.6033
vn -0.0247 -0.5487 -0.8356
vn 0.9531 -0.0327 -0.3008
vn 0.9902 -0.0622 -0.1247
vn 0.7026 -0.6821 -0.2027
vn 0.9492 -0.1591 0.2716
vn -0.9534 0.1042 0.2833
vn 0.9935 -0.0337 -0.1085
vn -0.9965 0.0763 0.0335
vn -0.3624 -0.3172 -0.8764
vn -0.0362 -0.3261 -0.9447
vn -0.2123 -0.4083 -0.8878
vn 0.9546 -0.0988 -0.2810
vn 0.9743 -0.0583 -0.2177
vn -0.7304 0.3503 -0.5864
vn -0.9878 -0.0661 -0.1408
vn 0.7269 -0.2396 0.6436
vn 0.9867 0.1566 -0.0426
vn 0.7727 -0.6193 -0.1396
vn -0.9315 0.0466 0.3608
vn -0.9255 -0.0450 -0.3761
vn -0.7600 0.0985 0.6424
vn -0.8936 0.2089 0.3973
vn 0.7200 -0.6767 -0.1538
vn -0.9936 0.0513 0.1006
vn -0.2943 -0.6048 -0.7400
vn 0.9359 -0.0063 -0.3521
vn 0.4402 -0.6291 0.6407
vn 0.1105 -0.2845 -0.9523
vn -0.1410 -0.5434 0.8275
vn -0.6096 0.0198 0.7925
vn -0.0359 -0.9833 0.1784
vn 0.0713 -0.9754 0.2087
vn 0.9928 -0.1180 0.0207
vn 0.1021 -0.6569 0.7470
vn 0.9866 -0.1374 0.0877
vn 0.9438 -0.3251 0.0599
vn 0.9817 -0.0091 -0.1904
vn -0.9871 0.1599 -0.0003
vn 0.9882 -0.1501 0.0305
vn 0.2214 -0.9685 0.1141
vn -0.0312 0.3439 0.9385
vn -0.4994 -0.5778 0.6455
vn 0.9918 -0.1270 0.0123
vn 0.7838 -0.3602 -0.5058
vn -0.9256 -0.1562 0.3446
vn -0.8758 -0.1683 0.4523
vn -0.8033 0.1304 0.5811
vn 0.5691 -0.8108 -0.1368
vn 0.9096 -0.1806 -0.3742
vn -0.2617 0.0454 0.9641
vn -0.0544 -0.5677 0.8214
vn -0.0161 0.2560 0.9665
vn 0.7597 0.1483 0.6332
vn 0.9171 -0.1840 -0.3537
vn 0.9453 -0.1273 -0.3005
vn 0.9797 -0.1707 -0.1051
vn -0.9519 0.0419 0.3035
vn 0.9868 -0.0878 -0.1359
vn 0.1441 -0.9472 0.2866
vn -0.9847 0.1723 0.0241
vn -0.8612 0.3376 -0.3800
vn -0.9158 -0.1387 -0.3770
vn 0.4875 -0.3440 0.8025
vn -0.0050 -0.2656 -0.9641
vn 0.6813 -0.2597 -0.6844
vn 0.9405 -0.1889 -0.2826
vn -0.5765 0.2701 0.7712
vn -0.9817 -0.1168 -0.1502
vn 0.8529 -0.0407 0.5205
vn -0.9870 -0.1259 -0.0998
vn 0.9818 -0.1840 -0.0459
vn 0.9499 -0.1787 -0.2564
vn -0.7188 -0.3027 -0.6258
vn 0.6532 0.3224 0.6851
vn 0.8561 -0.3230 0.4034
vn 0.9749 -0.2159 0.0537
vn 0.8773 0.2364 0.4177
vn 0.7955 0.1577 0.5850
vn 0.9625 -0.2703 0.0229
vn -0.2366 0.1351 0.9622
vn 0.9903 -0.1363 0.0273
vn 0.7249 0.4759 0.4979
vn -0.0230 -0.8749 -0.4838
vn -0.0222 -0.9103 -0.4134
vn -0.5999 0.0912 0.7949
vn 0.8257 -0.5635 -0.0249
vn 0.8232 -0.5584 -0.1024
vn -0.5687 -0.8175 -0.0912
vn -0.7630 -0.4720 0.4416
vn -0.6173 -0.5925 0.5176
vn 0.9136 -0.2058 -0.3507
vn -0.2087 -0.4592 -0.8635
vn -0.7185 -0.3550 -0.5981
vn 0.8820 -0.2481 0.4007
vn 0.9580 -0.2423 0.1536
vn 0.9698 -0.1507 -0.1919
vn -0.6569 -0.3168 -0.6842
vn 0.8110 -0.4474 -0.3769
vn -0.2161 -0.5584 0.8010
vn -0.9742 -0.1670 -0.1515
vn 0.9486 -0.2721 -0.1613
vn 0.2111 -0.9654 0.1533
vn 0.9198 -0.1875 -0.3448
vn 0.8025 -0.4609 0.3788
vn -0.8818 -0.2761 0.3824
vn -0.8172 -0.4888 0.3054
vn -0.9670 -0.2310 -0.1079
vn -0.7071 0.0416 -0.7059
vn -0.0790 0.4173 -0.9053
vn 0.9746 -0.2202 -0.0400
vn -0.1177 -0.0898 0.9890
vn -0.2292 -0.5617 0.7950
vn -0.9365 -0.1844 -0.2982
vn -0.0315 -0.9792 -0.2003
vn 0.9006 -0.2322 -0.3674
vn -0.0697 -0.9761 0.2058
vn -0.7825 -0.3299 -0.5281
vn 0.5206 -0.3373 -0.7844
vn -0.8637 -0.4166 -0.2838
vn 0.5065 -0.3028 -0.8073
vn -0.9748 -0.2173 -0.0510
vn 0.0843 -0.3397 -0.9367
vn -0.1565 -0.2379 -0.9586
vn -0.2270 -0.2676 -0.9364
vn 0.9494 -0.2554 -0.1827
vn -0.5142 0.1350 0.8470
vn 0.7844 -0.2081 -0.5843
vn -0.7850 -0.4571 -0.4180
vn -0.3250 -0.5327 -0.7814
vn 0.0985 -0.9642 -0.2461
vn 0.0680 -0.9810 -0.1818
vn -0.9742 -0.2179 -0.0591
vn 0.3321 -0.3625 -0.8708
vn 0.9823 -0.1869 -0.0082
vn -0.0287 -0.8003 -0.5989
vn -0.0338 -0.8304 -0.5561
vn -0.9575 -0.2884 0.0096
vn -0.9528 -0.2512 -0.1703
vn 0.9744 -0.0055 -0.2246
vn 0.8868 -0.1232 -0.4455
vn -0.9775 -0.0777 0.1959
vn 0.9472 -0.1811 -0.2645
vn -0.9615 0.2178 0.1674
vn -0.9648 0.0989 -0.2437
vn 0.1680 -0.2381 -0.9566
vn -0.2618 -0.1785 -0.9485
vn 0.2332 -0.8867 0.3993
vn 0.1909 -0.8858 0.4230
vn -0.9045 -0.0615 -0.4221
vn 0.8047 -0.5108 -0.3026
vn 0.9072 -0.2502 -0.3382
vn 0.4009 0.2451 0.8827
vn -0.9789 -0.1474 -0.1412
vn -0.5668 -0.4603 -0.6833
vn -0.6238 -0.2777 -0.7306
vn -0.9251 -0.3262 -0.1944
vn 0.9285 -0.3402 -0.1489
vn 0.8115 -0.4868 0.3232
vn -0.9375 -0.2649 -0.2258
vn 0.8687 -0.3953 -0.2986
vn 0.3229 -0.8586 0.3982
vn -0.1834 -0.9748 -0.1267
vn -0.4414 0.2282 0.8678
vn -0.0332 -0.3531 0.9350
vn 0.8696 -0.3597 -0.3383
vn 0.3325 -0.9383 0.0945
vn 0.1251 -0.9690 0.2132
vn 0.6431 -0.7561 0.1212
vn -0.1472 -0.9861 -0.0765
vn 0.0294 0.1916 0.9810
vn -0.8570 -0.3748 -0.3537
vn -0.9425 -0.3045 -0.1376
vn -0.9415 -0.3313 -0.0617
vn 0.9172 -0.2686 -0.2943
vn 0.9011 -0.2995 -0.3136
vn 0.7512 -0.2286 0.6193
vn 0.4891 -0.3771 0.7865
vn -0.2263 -0.5106 0.8295
vn 0.9734 -0.0909 -0.2105
vn 0.2021 -0.9367 0.2859
vn 0.1802 -0.9176 0.3544
vn -0.2703 -0.0255 0.9624
vn -0.1317 -0.9712 -0.1987
vn -0.3914 -0.9199 -0.0247
vn -0.0095 -0.7675 0.6409
vn 0.8417 -0.1476 -0.5195
vn 0.8792 -0.1949 -0.4347
vn 0.9328 0.1354 0.3339
vn 0.9690 0.0713 0.2365
vn -0.0035 -0.7979 0.6028
vn 0.7160 -0.4008 0.5716
vn -0.3192 -0.4991 0.8056
vn 0.0781 -0.9968 0.0180
vn 0.9973 0.0385 0.0623
vn 0.3943 -0.8693 0.2981
vn 0.4745 -0.8142 0.3345
vn 0.3935 -0.9089 -0.1382
vn 0.4053 -0.7486 0.5247
vn 0.2941 -0.9064 0.3030
vn 0.2991 -0.9207 0.2506
vn -0.3388 -0.9408 -0.0129
vn -0.1871 -0.9673 0.1715
vn -0.1536 -0.9595 0.2362
vn -0.0961 -0.8165 0.5692
vn -0.9138 -0.3824 -0.1372
vn -0.9999 -0.0123 0.0008
vn 0.9401 -0.2442 0.2378
vn -0.8969 -0.4134 0.1567
vn 0.2384 -0.9711 0.0089
vn -0.2597 -0.7678 0.5856
vn 0.9044 -0.0560 0.4231
vn 0.6870 0.0722 -0.7230
vn 0.9014 0.0558 -0.4295
vn -0.6381 -0.6105 0.4693
vn -0.6247 -0.3319 -0.7068
vn -0.9337 -0.1380 0.3303
vn 0.8883 -0.3740 -0.2666
vn 0.5654 -0.7620 0.3157
vn 0.0190 -0.9954 -0.0938
vn 0.7115 -0.6330 0.3051
vn 0.9558 -0.2034 -0.2122
vn 0.8829 -0.2915 -0.3680
vn -0.7737 -0.2815 -0.5676
vn -0.8880 -0.4556 -0.0633
vn -0.8922 -0.4134 -0.1821
vn -0.8542 -0.5116 -0.0928
vn -0.4807 -0.7931 0.3740
vn 0.8472 0.0761 0.5258
vn -0.1507 -0.9875 -0.0452
vn 0.6882 -0.7255 -0.0012
vn -0.5945 -0.8039 0.0190
vn -0.8067 -0.0078 0.5908
vn 0.9933 0.0697 0.0927
vn 0.0192 -0.9890 -0.1470
vn 0.0534 -0.9938 0.0978
vn 0.1273 -0.9817 -0.1414
vn -0.7228 0.2344 0.6501
vn -0.0076 -0.8259 0.5638
vn -0.0928 -0.4718 -0.8768
vn 0.1056 -0.8533 0.5106
vn -0.9924 0.0054 0.1229
vn -0.0469 -0.8179 0.5734
vn 0.1215 -0.9613 -0.2474
vn 0.8290 -0.1760 -0.5308
vn -0.9668 0.0348 0.2533
vn -0.9935 0.0200 -0.1122
vn -0.0518 -0.9966 -0.0639
vn -0.7767 -0.2178 0.5911
vn -0.9625 -0.2591 0.0801
vn -0.0751 -0.8091 0.5828
vn 0.8628 -0.3772 -0.3366
vn 0.5623 0.4182 -0.7134
vn -0.8243 -0.2756 0.4946
vn -0.7296 -0.1594 -0.6650
vn 0.8937 0.1113 0.4347
vn 0.3535 -0.9343 -0.0470
vn 0.3852 -0.0471 -0.9216
vn 0.9638 0.1864 -0.1905
vn 0.0226 -0.7362 -0.6764
vn 0.9896 -0.1336 0.0533
vn -0.1398 0.4477 0.8832
vn -0.9621 -0.2541 -0.0992
vn -0.2201 -0.7378 -0.6382
vn -0.3350 -0.5729 -0.7480
vn -0.0166 -0.9990 -0.0409
vn -0.0617 -0.6938 -0.7175
vn -0.0406 -0.7745 -0.6312
vn -0.2265 -0.7387 0.6348
vn 0.9748 -0.1279 0.1828
vn -0.5374 -0.3763 0.7547
vn 0.9992 0.0129 -0.0377
vn 0.9837 0.0022 0.1797
vn -0.9178 -0.1683 0.3595
vn -0.8714 -0.3502 0.3436
vn -0.4055 -0.4497 0.7958
vn -0.8384 -0.5133 -0.1837
vn -0.8238 -0.4065 -0.3951
vn -0.2507 -0.6184 -0.7448
vn 0.0258 -0.2775 -0.9604
vn -0.5425 -0.2783 -0.7926
vn -0.4920 -0.5382 -0.6844
vn 0.8889 -0.1333 -0.4382
vn -0.0825 -0.5743 -0.8145
vn -0.8335 -0.0955 -0.5443
vn 0.9563 -0.2369 -0.1714
vn 0.2601 -0.3100 0.9145
vn 0.1937 -0.5163 -0.8342
vn -0.3296 -0.3802 -0.8642
vn 0.4659 -0.3812 -0.7985
vn 0.1681 -0.8978 0.4071
vn 0.1128 -0.6150 -0.7804
vn 0.6356 -0.0589 0.7697
vn 0.0743 -0.8349 0.5453
vn -0.9967 0.0699 0.0416
vn -0.3723 -0.6229 -0.6881
vn 0.1445 -0.6249 -0.7673
vn -0.0653 -0.7756 -0.6279
vn -0.0870 -0.6215 -0.7785
vn 0.9950 0.0204 0.0976
vn 0.7293 -0.2461 0.6384
vn 0.3278 0.0067 -0.9447
vn -0.8481 0.3919 0.3566
vn 0.2099 -0.5038 -0.8379
vn 0.7810 -0.4080 -0.4729
vn 0.9765 0.2098 -0.0499
vn 0.7726 -0.1877 -0.6066
vn 0.9678 -0.0823 -0.2380
vn -0.8144 -0.3634 0.4524
vn -0.4576 -0.4979 -0.7367
vn -0.6185 0.1608 -0.7692
vn 0.4986 0.4660 -0.7309
vn 0.9499 0.0152 -0.3123
vn 0.4807 -0.6054 -0.6344
vn -0.9247 0.2977 0.2373
vn 0.8244 -0.0459 -0.5641
vn 0.9789 -0.1886 -0.0781
vn 0.8823 -0.3189 -0.3462
vn 0.6478 -0.1277 -0.7511
vn -0.0344 -0.2511 -0.9674
vn 0.3972 -0.6250 -0.6720
vn 0.1672 -0.8726 0.4588
vn -0.9004 -0.2489 -0.3569
vn -0.9532 -0.2416 0.1819
vn -0.0523 -0.9980 -0.0343
vn 0.1379 -0.9602 0.2431
vn -0.2815 -0.8048 -0.5225
vn -0.7415 0.1023 0.6632
vn 0.6337 -0.0438 -0.7723
vn 0.4421 -0.8935 -0.0789
vn 0.0531 -0.9983 -0.0225
vn -0.0296 -0.9988 -0.0388
vn 0.2203 -0.9474 0.2320
vn 0.9613 0.1054 0.2544
vn 0.8523 -0.3181 -0.4153
vn 0.0665 -0.9931 -0.0966
vn -0.0423 -0.9911 -0.1263
vn -0.9774 -0.0440 -0.2067
vn -0.9927 0.0627 -0.1032
vn -0.0620 -0.9881 -0.1406
vn -0.0392 -0.9972 -0.0634
vn 0.5687 -0.4902 -0.6606
vn -0.0862 -0.9954 -0.0420
vn 0.4700 0.6686 0.5763
vn 0.5988 -0.2505 -0.7607
vn -0.6012 -0.4515 0.6594
vn -0.5341 -0.5559 0.6370
vn -0.2833 0.6779 0.6783
vn 0.6910 0.0241 -0.7225
vn 0.6581 -0.0204 -0.7527
vn -0.8436 0.2836 0.4560
vn -0.9495 -0.2308 -0.2127
vn -0.9979 0.0398 0.0508
vn 0.9946 -0.0967 -0.0385
vn 0.5784 0.0864 -0.8112
vn -0.7773 0.3999 -0.4856
vn 0.9440 0.1690 -0.2832
vn 0.3381 0.2383 -0.9105
vn -0.2395 0.3128 0.9191
vn -0.1143 -0.4234 -0.8987
vn -0.8686 -0.2894 -0.4022
vn -0.0798 -0.3353 -0.9387
vn 0.8165 -0.2214 0.5332
vn 0.9394 -0.1232 -0.3200
vn 0.0029 0.3645 -0.9312
vn 0.3267 0.3251 -0.8874
vn -0.1428 -0.1592 0.9769
s 1
f 1/1/1 2/2/2 3/3/3
f 4/4/4 5/5/5 6/6/6
f 7/7/7 8/8/8 9/9/9
f 10/10/10 11/11/11 12/12/12
f 13/13/13 14/14/14 15/15/15
f 16/16/16 17/17/17 18/18/18
f 19/19/19 20/20/20 21/21/21
f 22/22/22 23/23/23 24/24/24
f 25/25/25 26/26/26 27/27/27
f 28/28/28 29/29/29 30/30/30
f 31/31/31 32/32/32 33/33/33
f 34/34/34 35/35/35 36/36/36
f 37/37/37 30/30/30 38/38/38
f 39/39/39 40/40/40 41/41/41
f 42/42/42 43/43/43 44/44/44
f 45/45/45 46/46/46 47/47/47
f 48/48/48 49/49/49 50/50/50
f 51/51/51 52/52/52 53/53/53
f 54/54/54 55/55/55 56/56/56
f 57/57/57 58/58/58 59/59/59
f 60/60/60 61/61/61 62/62/62
f 63/63/63 64/64/64 65/65/65
f 66/66/66 67/67/67 68/68/68
f 69/69/69 70/70/70 71/71/71
f 72/72/72 73/73/73 74/74/74
f 75/75/75 76/76/76 77/77/77
f 78/78/78 79/79/79 80/80/80
f 81/81/81 82/82/82 83/83/83
f 84/84/84 85/85/85 86/86/86
f 2/2/2 1/1/1 87/87/87
f 88/88/88 89/89/89 90/90/90
f 91/91/91 92/92/92 93/93/93
f 94/94/94 95/95/95 96/96/96
f 97/97/97 98/98/98 99/99/99
f 98/98/98 100/100/100 99/99/99
f 100/100/100 101/101/101 102/102/102
f 103/103/103 104/104/104 105/105/105
f 106/106/106 107/107/107 108/108/108
f 109/109/109 110/110/110 111/111/111
f 46/46/46 45/45/45 112/112/112
f 113/113/113 114/114/114 115/115/115
f 116/116/116 117/117/117 118/118/118
f 119/119/119 120/120/120 121/121/121
f 122/122/122 123/123/123 87/87/87
f 124/124/124 125/125/125 126/126/126
f 127/127/127 128/128/128 129/129/129
f 130/130/130 131/131/131 132/132/132
f 133/133/133 134/134/134 135/135/135
f 136/136/136 137/137/137 138/138/138
f 139/139/139 140/140/140 141/141/141
f 142/142/142 143/143/143 144/144/144
f 145/145/145 146/146/146 147/147/147
f 148/148/148 149/149/149 150/150/150
f 151/151/151 152/152/152 153/153/153
f 154/154/154 144/144/144 143/143/143
f 155/155/155 156/156/156 157/157/157
f 158/158/158 159/159/159 160/160/160
f 106/161/106 161/162/161 162/163/162
f 163/164/163 164/165/164 165/166/165
f 166/167/166 167/168/167 168/169/168
f 169/170/169 170/171/170 171/172/171
f 172/173/172 173/174/173 174/175/174
f 142/142/142 112/112/112 143/143/143
f 142/142/142 144/144/144 175/176/175
f 176/177/176 177/178/177 178/179/178
f 179/180/179 180/181/180 181/182/181
f 182/183/182 183/184/183 184/185/184
f 185/186/185 186/187/186 187/188/187
f 188/189/188 134/134/134 154/154/154
f 101/101/101 100/100/100 189/190/189
f 190/191/190 191/192/191 192/193/192
f 193/194/193 194/195/194 195/196/195
f 196/197/196 197/198/197 198/199/198
f 90/90/90 89/89/89 173/174/173
f 199/200/199 200/201/200 201/202/201
f 202/203/202 203/204/203 204/205/204
f 176/177/176 205/206/205 116/116/116
f 206/207/206 92/92/92 207/208/207
f 208/209/208 188/189/188 209/210/209
f 210/211/210 211/212/211 212/213/212
f 213/214/213 214/215/214 215/216/215
f 216/217/216 217/218/217 218/219/218
f 219/220/219 220/221/220 114/114/114
f 221/222/221 222/223/222 223/224/223
f 224/225/224 225/226/225 226/227/226
f 124/124/124 227/228/227 228/229/228
f 229/230/229 118/118/118 117/117/117
f 230/231/230 231/232/231 232/233/232
f 233/234/233 234/235/234 235/236/235
f 236/237/236 232/238/232 231/239/231
f 237/240/237 238/241/238 239/242/239
f 240/243/240 241/244/241 242/245/242
f 231/246/231 230/247/230 236/248/236
f 243/249/243 244/250/244 245/251/245
f 107/107/107 246/252/246 108/108/108
f 247/253/247 248/254/248 249/255/249
f 250/256/250 251/257/251 252/258/252
f 253/259/253 254/260/254 255/261/255
f 256/262/256 257/263/257 258/264/258
f 259/265/259 260/266/260 261/267/261
f 262/268/262 263/269/263 264/270/264
f 265/271/265 266/272/266 267/273/267
f 268/274/268 119/119/119 269/275/269
f 230/276/230 232/277/232 270/278/270
f 271/279/271 272/280/272 273/281/273
f 274/282/274 275/283/275 276/284/276
f 277/285/277 278/286/278 279/287/279
f 280/288/280 281/289/281 282/290/282
f 283/291/283 248/292/248 284/293/284
f 285/294/285 286/295/286 287/296/287
f 288/297/288 289/298/289 290/299/290
f 291/300/291 247/253/247 249/255/249
f 292/301/292 291/300/291 249/255/249
f 293/302/293 294/303/294 295/304/295
f 230/276/230 270/278/270 296/305/296
f 297/306/297 298/307/298 299/308/299
f 247/309/247 291/310/291 292/311/292
f 300/312/300 301/313/301 302/314/302
f 303/315/303 232/238/232 236/237/236
f 236/316/236 230/317/230 304/318/304
f 270/319/270 232/320/232 305/321/305
f 306/322/306 307/323/307 308/324/308
f 309/325/309 249/255/249 283/326/283
f 310/327/310 292/301/292 249/255/249
f 311/328/311 312/329/312 313/330/313
f 314/331/314 315/332/315 316/333/316
f 317/334/317 318/335/318 319/336/319
f 320/337/320 321/338/321 322/339/322
f 323/340/323 324/341/324 325/342/325
f 326/343/326 327/344/327 328/345/328
f 303/315/303 236/237/236 304/346/304
f 329/347/329 330/348/330 331/349/331
f 230/350/230 332/351/332 304/352/304
f 270/278/270 333/353/333 296/305/296
f 270/319/270 305/321/305 333/354/333
f 334/355/334 335/356/335 336/357/336
f 337/358/337 338/359/338 339/360/339
f 340/361/340 341/362/341 342/363/342
f 332/364/332 296/305/296 340/361/340
f 303/315/303 305/365/305 232/238/232
f 343/366/343 155/155/155 344/367/344
f 310/368/310 345/369/345 284/370/284
f 346/371/346 347/372/347 348/373/348
f 333/374/333 305/375/305 349/376/349
f 350/377/350 351/378/351 352/379/352
f 349/380/349 305/381/305 353/382/353
f 354/383/354 355/384/355 356/385/356
f 333/353/333 357/386/357 341/362/341
f 353/387/353 305/365/305 358/388/358
f 359/389/359 360/390/360 361/391/361
f 362/392/362 363/393/363 284/293/284
f 364/394/364 365/395/365 366/396/366
f 367/397/367 368/398/368 369/399/369
f 370/400/370 371/401/371 372/402/372
f 220/221/220 373/403/373 114/114/114
f 374/404/374 375/405/375 376/406/376
f 304/346/304 377/407/377 378/408/378
f 379/409/379 380/410/380 381/411/381
f 382/412/382 383/413/383 384/414/384
f 385/415/385 386/416/386 387/417/387
f 341/362/341 340/361/340 296/305/296
f 113/113/113 388/418/388 389/419/389
f 390/420/390 391/421/391 392/422/392
f 393/423/393 394/424/394 395/425/395
f 396/426/396 397/427/397 398/428/398
f 399/429/399 400/430/400 401/431/401
f 402/432/402 403/433/403 404/434/404
f 405/435/405 406/436/406 407/437/407
f 408/438/408 409/439/409 410/440/410
f 411/441/411 412/442/412 413/443/413
f 414/444/414 415/445/415 416/446/416
f 417/447/417 418/448/418 419/449/419
f 420/450/420 421/451/421 422/452/422
f 423/453/423 424/454/424 425/455/425
f 426/456/426 427/457/427 428/458/428
f 429/459/429 430/460/430 431/461/431
f 357/462/357 349/380/349 432/463/432
f 433/464/433 434/465/434 435/466/435
f 436/467/436 437/468/437 438/469/438
f 439/470/439 440/471/440 441/472/441
f 304/473/304 332/474/332 340/475/340
f 442/476/442 443/477/443 444/478/444
f 305/365/305 303/315/303 358/388/358
f 197/198/197 445/479/445 198/199/198
f 446/480/446 447/481/447 448/482/448
f 269/275/269 449/483/449 450/484/450
f 451/485/451 452/486/452 453/487/453
f 357/386/357 432/488/432 342/363/342
f 454/489/454 455/490/455 456/491/456
f 457/492/457 458/493/458 459/494/459
f 458/495/458 460/496/460 461/497/461
f 462/498/462 463/499/463 464/500/464
f 465/501/465 466/502/466 467/503/467
f 468/504/468 469/505/469 470/506/470
f 345/507/345 471/508/471 284/293/284
f 472/509/472 473/510/473 474/511/474
f 475/512/475 476/513/476 477/514/477
f 478/515/478 479/516/479 480/517/480
f 72/72/72 481/518/481 482/519/482
f 483/520/483 484/521/484 485/522/485
f 486/523/486 487/524/487 488/525/488
f 489/526/489 490/527/490 491/528/491
f 492/529/492 493/530/493 494/531/494
f 495/532/495 496/533/496 497/534/497
f 498/535/498 499/536/499 500/537/500
f 501/538/501 502/539/502 503/540/503
f 504/541/504 344/367/344 505/542/505
f 506/543/506 507/544/507 508/545/508
f 509/546/509 510/547/510 511/548/511
f 475/549/475 459/494/459 458/493/458
f 333/550/333 349/380/349 357/462/357
f 512/551/512 513/552/513 514/553/514
f 515/554/515 516/555/516 517/556/517
f 518/557/518 519/558/519 520/559/520
f 521/560/521 480/517/480 479/516/479
f 459/494/459 475/549/475 522/561/522
f 475/549/475 477/562/477 522/561/522
f 190/191/190 523/563/523 191/192/191
f 524/564/524 525/565/525 526/566/526
f 141/141/141 527/567/527 528/568/528
f 529/569/529 530/570/530 531/571/531
f 532/572/532 533/573/533 534/574/534
f 535/575/535 536/576/536 537/577/537
f 372/402/372 538/578/538 370/400/370
f 539/579/539 540/580/540 541/581/541
f 62/582/62 542/583/542 543/584/543
f 544/585/544 545/586/545 546/587/546
f 547/588/547 548/589/548 549/590/549
f 550/591/550 551/592/551 552/593/552
f 553/594/553 201/202/201 554/595/554
f 555/596/555 556/597/556 557/598/557
f 558/599/558 559/600/559 560/601/560
f 561/602/561 562/603/562 563/604/563
f 564/605/564 565/606/565 566/607/566
f 567/608/567 568/609/568 569/610/569
f 17/17/17 16/16/16 570/611/570
f 571/612/571 572/613/572 573/614/573
f 574/615/574 575/616/575 576/617/576
f 577/618/577 578/619/578 579/620/579
f 580/621/580 581/622/581 572/623/572
f 247/624/247 284/293/284 248/292/248
f 582/625/582 583/626/583 584/627/584
f 585/628/585 586/629/586 587/630/587
f 588/631/588 589/632/589 590/633/590
f 591/634/591 592/635/592 593/636/593
f 594/637/594 567/608/567 476/513/476
f 580/621/580 572/623/572 595/638/595
f 596/639/596 597/640/597 598/641/598
f 599/642/599 600/643/600 601/644/601
f 602/645/602 581/622/581 603/646/603
f 457/492/457 459/494/459 604/647/604
f 605/648/605 606/649/606 607/650/607
f 608/651/608 609/652/609 610/653/610
f 611/654/611 612/655/612 342/363/342
f 613/656/613 614/657/614 615/658/615
f 616/659/616 617/660/617 618/661/618
f 143/143/143 45/45/45 619/662/619
f 620/663/620 621/664/621 622/665/622
f 127/127/127 623/666/623 624/667/624
f 625/668/625 626/669/626 627/670/627
f 628/671/628 353/672/353 629/673/629
f 630/674/630 461/497/461 631/675/631
f 632/676/632 255/261/255 633/677/633
f 634/678/634 635/679/635 636/680/636
f 580/621/580 637/681/637 581/622/581
f 417/447/417 638/682/638 639/683/639
f 640/684/640 641/685/641 642/686/642
f 458/495/458 643/687/643 476/513/476
f 644/688/644 645/689/645 646/690/646
f 647/691/647 648/692/648 649/693/649
f 595/694/595 571/612/571 650/695/650
f 651/696/651 201/202/201 652/697/652
f 653/698/653 654/699/654 655/700/655
f 656/701/656 657/702/657 658/703/658
f 659/704/659 660/705/660 661/706/661
f 662/707/662 663/708/663 664/709/664
f 665/710/665 666/711/666 667/712/667
f 668/713/668 669/714/669 522/561/522
f 315/332/315 670/715/670 671/716/671
f 604/647/604 672/717/672 573/614/573
f 673/718/673 674/719/674 675/720/675
f 676/721/676 496/533/496 677/722/677
f 678/723/678 679/724/679 680/725/680
f 681/726/681 682/727/682 611/654/611
f 567/608/567 594/637/594 568/609/568
f 683/728/683 684/729/684 468/504/468
f 580/621/580 595/638/595 685/730/685
f 686/731/686 687/732/687 688/733/688
f 571/612/571 573/614/573 689/734/689
f 690/735/690 691/736/691 692/737/692
f 693/738/693 694/739/694 695/740/695
f 696/741/696 697/742/697 650/695/650
f 681/743/681 611/744/611 594/637/594
f 595/694/595 697/742/697 685/745/685
f 698/746/698 699/747/699 700/748/700
f 701/749/701 702/750/702 703/751/703
f 704/752/704 705/753/705 706/754/706
f 707/755/707 697/742/697 708/756/708
f 709/757/709 710/758/710 648/692/648
f 571/612/571 689/734/689 650/695/650
f 711/759/711 712/760/712 713/761/713
f 714/762/714 715/763/715 716/764/716
f 717/765/717 718/766/718 719/767/719
f 720/768/720 681/743/681 630/674/630
f 721/769/721 722/770/722 723/771/723
f 724/772/724 725/773/725 726/774/726
f 727/775/727 728/776/728 729/777/729
f 730/778/730 731/779/731 732/780/732
f 595/694/595 650/695/650 697/742/697
f 733/781/733 694/739/694 693/738/693
f 725/782/725 637/681/637 685/730/685
f 734/783/734 735/784/735 736/785/736
f 737/786/737 738/787/738 739/788/739
f 740/789/740 741/790/741 742/791/742
f 743/792/743 744/793/744 745/794/745
f 746/795/746 747/796/747 748/797/748
f 749/798/749 750/799/750 751/800/751
f 683/801/683 468/802/468 752/803/752
f 461/497/461 460/496/460 631/675/631
f 744/793/744 743/792/743 753/804/753
f 377/805/377 754/806/754 755/807/755
f 756/808/756 668/713/668 471/809/471
f 669/714/669 668/713/668 723/771/723
f 684/729/684 683/728/683 757/810/757
f 758/811/758 759/812/759 629/813/629
f 760/814/760 761/815/761 762/816/762
f 763/817/763 764/818/764 765/819/765
f 766/820/766 631/675/631 767/821/767
f 696/741/696 650/695/650 490/527/490
f 768/822/768 769/823/769 770/824/770
f 771/825/771 772/826/772 773/827/773
f 707/828/707 725/782/725 685/730/685
f 490/527/490 650/695/650 689/734/689
f 774/829/774 775/830/775 463/499/463
f 721/769/721 776/831/776 722/770/722
f 497/534/497 534/574/534 533/573/533
f 777/832/777 778/833/778 779/834/779
f 682/835/682 780/836/780 612/837/612
f 722/770/722 776/831/776 689/734/689
f 781/838/781 782/839/782 783/840/783
f 784/841/784 785/842/785 786/843/786
f 787/844/787 788/845/788 789/846/789
f 790/847/790 767/821/767 791/848/791
f 792/849/792 793/850/793 794/851/794
f 795/852/795 796/853/796 797/854/797
f 798/855/798 677/722/677 177/856/177
f 799/857/799 682/727/682 800/858/800
f 801/859/801 802/860/802 803/861/803
f 741/790/741 804/862/804 805/863/805
f 806/864/806 807/865/807 808/866/808
f 809/867/809 810/868/810 811/869/811
f 812/870/812 639/683/639 813/871/813
f 814/872/814 815/873/815 816/874/816
f 615/875/615 817/876/817 818/877/818
f 707/878/707 726/774/726 725/773/725
f 819/879/819 820/880/820 821/881/821
f 822/882/822 823/883/823 824/884/824
f 631/675/631 766/820/766 630/674/630
f 697/742/697 696/741/696 708/756/708
f 825/885/825 826/886/826 827/887/827
f 828/888/828 708/756/708 829/889/829
f 830/890/830 831/891/831 832/892/832
f 833/893/833 771/825/771 834/894/834
f 835/895/835 836/896/836 837/897/837
f 428/458/428 427/457/427 838/898/838
f 839/899/839 840/900/840 841/901/841
f 842/902/842 843/903/843 844/904/844
f 726/774/726 707/878/707 828/905/828
f 845/906/845 846/907/846 847/908/847
f 848/909/848 728/776/728 849/910/849
f 850/911/850 851/912/851 852/913/852
f 739/788/739 853/914/853 737/786/737
f 854/915/854 855/916/855 618/661/618
f 696/741/696 490/527/490 489/526/489
f 856/917/856 800/918/800 766/919/766
f 857/920/857 858/921/858 859/922/859
f 845/906/845 637/681/637 846/907/846
f 257/263/257 179/180/179 258/264/258
f 802/860/802 860/923/860 803/861/803
f 33/33/33 861/924/861 31/31/31
f 862/925/862 863/926/863 864/927/864
f 865/928/865 866/929/866 867/930/867
f 868/931/868 752/803/752 860/932/860
f 869/933/869 870/934/870 871/935/871
f 828/888/828 829/889/829 872/936/872
f 873/937/873 590/938/590 589/939/589
f 874/940/874 758/811/758 875/941/875
f 876/942/876 877/943/877 878/944/878
f 879/945/879 880/946/880 881/947/881
f 882/948/882 883/949/883 884/950/884
f 885/951/885 886/952/886 887/953/887
f 888/954/888 723/771/723 668/713/668
f 889/955/889 890/956/890 841/957/841
f 891/958/891 801/859/801 892/959/892
f 893/960/893 888/954/888 894/961/894
f 895/962/895 896/963/896 897/964/897
f 726/774/726 898/965/898 863/926/863
f 899/966/899 900/967/900 901/968/901
f 721/769/721 723/771/723 902/969/902
f 903/970/903 904/971/904 905/972/905
f 906/973/906 907/974/907 908/975/908
f 756/808/756 894/961/894 888/954/888
f 909/976/909 910/977/910 911/978/911
f 912/979/912 811/869/811 810/868/810
f 872/980/872 913/981/913 914/982/914
f 915/983/915 916/984/916 917/985/917
f 918/986/918 919/987/919 920/988/920
f 829/889/829 708/756/708 907/974/907
f 921/989/921 894/961/894 922/990/922
f 766/820/766 720/768/720 630/674/630
f 866/929/866 923/991/923 924/992/924
f 925/993/925 926/994/926 927/995/927
f 393/423/393 906/973/906 908/975/908
f 928/996/928 929/997/929 930/998/930
f 931/999/931 932/1000/932 933/1001/933
f 934/1002/934 935/1003/935 165/166/165
f 846/907/846 936/1004/936 937/1005/937
f 938/1006/938 939/1007/939 940/1008/940
f 941/1009/941 942/1010/942 943/1011/943
f 944/1012/944 945/1013/945 946/1014/946
f 947/1015/947 948/1016/948 949/1017/949
f 568/609/568 470/1018/470 569/610/569
f 950/1019/950 951/1020/951 952/1021/952
f 953/1022/953 563/604/563 562/603/562
f 954/1023/954 955/1024/955 956/1025/956
f 957/1026/957 958/1027/958 959/1028/959
f 907/974/907 906/973/906 829/889/829
f 960/1029/960 961/1030/961 962/1031/962
f 963/1032/963 874/940/874 964/1033/964
f 783/840/783 965/1034/965 966/1035/966
f 967/1036/967 968/1037/968 969/1038/969
f 970/1039/970 810/868/810 809/867/809
f 874/940/874 971/1040/971 964/1033/964
f 868/931/868 860/932/860 972/1041/972
f 514/553/514 973/1042/973 512/551/512
f 974/1043/974 975/1044/975 976/1045/976
f 896/963/896 977/1046/977 978/1047/978
f 282/290/282 979/1048/979 980/1049/980
f 981/1050/981 982/1051/982 983/1052/983
f 984/1053/984 985/1054/985 986/1055/986
f 987/1056/987 988/1057/988 989/1058/989
f 990/1059/990 991/1060/991 992/1061/992
f 993/1062/993 994/1063/994 995/1064/995
f 996/1065/996 997/1066/997 998/1067/998
f 891/958/891 999/1068/999 801/859/801
f 1000/1069/1000 1001/1070/1001 1002/1071/1002
f 800/918/800 856/917/856 1003/1072/1003
f 1004/1073/1004 1005/1074/1005 1006/1075/1006
f 1007/1076/1007 1008/1077/1008 1009/1078/1009
f 1010/1079/1010 1011/1080/1011 1012/1081/1012
f 800/858/800 1013/1082/1013 799/857/799
f 1014/1083/1014 1015/1084/1015 1016/1085/1016
f 1017/1086/1017 1018/1087/1018 712/1088/712
f 1019/1089/1019 1020/1090/1020 1021/1091/1021
f 1022/1092/1022 1023/1093/1023 1024/1094/1024
f 1025/1095/1025 1026/1096/1026 397/427/397
f 1027/1097/1027 802/860/802 999/1068/999
f 592/635/592 1028/1098/1028 1029/1099/1029
f 865/928/865 394/424/394 923/991/923
f 1030/1100/1030 1031/1101/1031 1032/1102/1032
f 1033/1103/1033 1034/1104/1034 1035/1105/1035
f 141/141/141 528/568/528 1036/1106/1036
f 908/975/908 489/526/489 393/423/393
f 862/925/862 724/772/724 863/926/863
f 1037/1107/1037 36/36/36 1038/1108/1038
f 1039/1109/1039 1040/1110/1040 1041/1111/1041
f 1042/1112/1042 937/1113/937 1043/1114/1043
f 696/741/696 489/526/489 908/975/908
f 1044/1115/1044 1045/1116/1045 913/981/913
f 1046/1117/1046 1047/1118/1047 1048/1119/1048
f 891/958/891 1049/1120/1049 999/1068/999
f 1050/1121/1050 1051/1122/1051 1052/1123/1052
f 393/423/393 1053/1124/1053 442/476/442
f 1054/1125/1054 1055/1126/1055 1056/1127/1056
f 888/954/888 893/960/893 1057/1128/1057
f 1058/1129/1058 1059/1130/1059 1060/1131/1060
f 1061/1132/1061 1062/1133/1062 1063/1134/1063
f 1064/1135/1064 1065/1136/1065 972/1041/972
f 1066/1137/1066 1067/1138/1067 1068/1139/1068
f 1069/1140/1069 1070/1141/1070 7/7/7
f 817/876/817 1071/1142/1071 1072/1143/1072
f 1073/1144/1073 1074/1145/1074 1075/1146/1075
f 1027/1097/1027 999/1068/999 1076/1147/1076
f 1077/1148/1077 1078/1149/1078 1079/1150/1079
f 1080/1151/1080 1081/1152/1081 94/94/94
f 1082/1153/1082 1083/1154/1083 1084/1155/1084
f 1085/1156/1085 1086/1157/1086 1087/1158/1087
f 1088/1159/1088 1089/1160/1089 1090/1161/1090
f 1091/1162/1091 1092/1163/1092 1047/1118/1047
f 790/847/790 1093/1164/1093 1094/1165/1094
f 1095/1166/1095 1096/1167/1096 1097/1168/1097
f 49/49/49 1098/1169/1098 1099/1170/1099
f 1100/1171/1100 964/1033/964 1101/1172/1101
f 297/306/297 299/308/299 409/439/409
f 802/860/802 801/859/801 999/1068/999
f 1102/1173/1102 1060/1174/1060 1103/1175/1103
f 898/965/898 864/927/864 863/926/863
f 1104/1176/1104 1105/1177/1105 1106/1178/1106
f 1107/1179/1107 1108/1180/1108 1109/1181/1109
f 1110/1182/1110 1111/1183/1111 1112/1184/1112
f 1113/1185/1113 1114/1186/1114 1115/1187/1115
f 491/528/491 776/831/776 1116/1188/1116
f 393/423/393 1117/1189/1117 394/424/394
f 1118/1190/1118 1119/1191/1119 1120/1192/1120
f 707/755/707 685/745/685 697/742/697
f 1121/1193/1121 424/454/424 1122/1194/1122
f 1123/1195/1123 686/731/686 688/733/688
f 862/925/862 864/927/864 1124/1196/1124
f 1045/1116/1045 1044/1115/1044 1125/1197/1125
f 1126/1198/1126 1127/1199/1127 1128/1200/1128
f 1129/1201/1129 1130/1202/1130 1131/1203/1131
f 1132/1204/1132 1133/1205/1133 1134/1206/1134
f 1135/1207/1135 1136/1208/1136 1137/1209/1137
f 914/982/914 1045/1116/1045 1138/1210/1138
f 1139/1211/1139 444/478/444 1140/1212/1140
f 1141/1213/1141 1142/1214/1142 1143/1215/1143
f 1144/1216/1144 1145/1217/1145 1146/1218/1146
f 1147/1219/1147 1101/1220/1101 1148/1221/1148
f 1149/1222/1149 1150/1223/1150 1151/1224/1151
f 1152/1225/1152 1153/1226/1153 1154/1227/1154
f 395/425/395 1053/1124/1053 393/423/393
f 1155/1228/1155 972/1041/972 1065/1136/1065
f 773/827/773 1136/1208/1136 834/894/834
f 1156/1229/1156 1062/1133/1062 1157/1230/1157
f 1158/1231/1158 1159/1232/1159 1160/1233/1160
f 1057/1128/1057 893/960/893 1092/1163/1092
f 1161/1234/1161 1162/1235/1162 183/184/183
f 1163/1236/1163 1164/1237/1164 1165/1238/1165
f 1166/1239/1166 1167/1240/1167 1168/1241/1168
f 776/831/776 491/528/491 689/734/689
f 1169/1242/1169 472/509/472 1170/1243/1170
f 1125/1197/1125 1044/1115/1044 1154/1227/1154
f 1171/1244/1171 1172/1245/1172 1173/1246/1173
f 460/496/460 457/1247/457 603/646/603
f 1174/1248/1174 871/1249/871 1175/1250/1175
f 1176/1251/1176 419/449/419 418/448/418
f 1177/1252/1177 1178/1253/1178 1179/1254/1179
f 1180/1255/1180 1181/1256/1181 1182/1257/1182
f 893/960/893 894/961/894 921/989/921
f 1183/1258/1183 1184/1259/1184 1111/1183/1111
f 1057/1128/1057 1091/1162/1091 1185/1260/1185
f 1186/1261/1186 1187/1262/1187 1188/1263/1188
f 784/841/784 1189/1264/1189 1190/1265/1190
f 1191/1266/1191 1192/1267/1192 1116/1188/1116
f 1193/1268/1193 1194/1269/1194 640/684/640
f 1195/1270/1195 1196/1271/1196 1197/1272/1197
f 1198/1273/1198 999/1068/999 901/968/901
f 1199/1274/1199 1200/1275/1200 1201/1276/1201
f 544/585/544 675/720/675 674/719/674
f 701/749/701 1202/1277/1202 702/750/702
f 1203/1278/1203 443/477/443 1053/1124/1053
f 1204/1279/1204 1205/1280/1205 1206/1281/1206
f 1207/1282/1207 269/275/269 121/121/121
f 482/519/482 73/73/73 72/72/72
f 1208/1283/1208 1209/1284/1209 1210/1285/1210
f 1211/1286/1211 1212/1287/1212 1213/1288/1213
f 1214/1289/1214 1215/1290/1215 1216/1291/1216
f 1217/1292/1217 1218/1293/1218 1219/1294/1219
f 1220/1295/1220 1221/1296/1221 1222/1297/1222
f 1223/1298/1223 1224/1299/1224 1225/1300/1225
f 1226/1301/1226 1227/1302/1227 1228/1303/1228
f 1229/1304/1229 1230/1305/1230 1231/1306/1231
f 1232/1307/1232 1233/1308/1233 1234/1309/1234
f 1235/1310/1235 1131/1203/1131 1130/1202/1130
f 1236/1311/1236 1237/1312/1237 1238/1313/1238
f 1239/1314/1239 559/600/559 1240/1315/1240
f 8/8/8 1241/1316/1241 9/9/9
f 769/1317/769 768/1318/768 1242/1319/1242
f 1243/1320/1243 1227/1302/1227 1140/1212/1140
f 1244/1321/1244 1240/1315/1240 1245/1322/1245
f 979/1048/979 1097/1323/1097 1246/1324/1246
f 921/989/921 1083/1154/1083 1082/1153/1082
f 691/736/691 690/735/690 1247/1325/1247
f 865/928/865 923/991/923 866/929/866
f 757/1326/757 972/1041/972 922/990/922
f 69/69/69 1248/1327/1248 70/70/70
f 1249/1328/1249 1250/1329/1250 1251/1330/1251
f 1227/1302/1227 1226/1301/1226 1154/1331/1154
f 1252/1332/1252 1253/1333/1253 1254/1334/1254
f 1255/1335/1255 1256/1336/1256 1257/1337/1257
f 1158/1231/1158 1258/1338/1258 1259/1339/1259
f 1260/1340/1260 1261/1341/1261 1262/1342/1262
f 1263/1343/1263 1264/1344/1264 1265/1345/1265
f 149/149/149 1266/1346/1266 150/150/150
f 1267/1347/1267 1268/1348/1268 1269/1349/1269
f 1125/1197/1125 1154/1227/1154 1153/1226/1153
f 1270/1350/1270 443/477/443 1203/1278/1203
f 1271/1351/1271 1272/1352/1272 1273/1353/1273
f 1274/1354/1274 1275/1355/1275 1276/1356/1276
f 1277/1357/1277 1278/1358/1278 1279/1359/1279
f 1280/1360/1280 1224/1361/1224 145/145/145
f 1281/1362/1281 1282/1363/1282 195/196/195
f 1100/1171/1100 1283/1364/1283 1284/1365/1284
f 936/1366/936 1043/1114/1043 937/1113/937
f 1285/1367/1285 1286/1368/1286 1287/1369/1287
f 1138/1210/1138 1288/1370/1288 864/927/864
f 1289/1371/1289 1290/1372/1290 1291/1373/1291
f 1292/1374/1292 1293/1375/1293 1294/1376/1294
f 1295/1377/1295 1082/1153/1082 1047/1118/1047
f 1296/1378/1296 1297/1379/1297 1298/1380/1298
f 1299/1381/1299 1300/1382/1300 1301/1383/1301
f 1302/1384/1302 1303/1385/1303 1304/1386/1304
f 897/964/897 1305/1387/1305 1306/1388/1306
f 1307/1389/1307 1308/1390/1308 1309/1391/1309
f 1310/1392/1310 1311/1393/1311 1312/1394/1312
f 971/1395/971 1148/1221/1148 1101/1220/1101
f 1313/1396/1313 1314/1397/1314 1315/1398/1315
f 1316/1399/1316 1317/1400/1317 1318/1401/1318
f 1319/1402/1319 1320/1403/1320 1091/1162/1091
f 1321/1404/1321 1322/1405/1322 1323/1406/1323
f 1152/1225/1152 1324/1407/1324 1153/1226/1153
f 1325/1408/1325 1326/1409/1326 519/558/519
f 1327/1410/1327 1268/1348/1268 1328/1411/1328
f 1237/1312/1237 1329/1412/1329 1330/1413/1330
f 1331/1414/1331 1332/1415/1332 1333/1416/1333
f 1334/1417/1334 1320/1403/1320 1335/1418/1335
f 1336/1419/1336 1337/1420/1337 1338/1421/1338
f 1046/1422/1046 1091/1423/1091 1047/1424/1047
f 1339/1425/1339 1340/1426/1340 1341/1427/1341
f 1342/1428/1342 1343/1429/1343 1344/1430/1344
f 902/969/902 723/771/723 888/954/888
f 862/925/862 1124/1196/1124 1287/1369/1287
f 1076/1147/1076 1345/1431/1345 1346/1432/1346
f 1347/1433/1347 1348/1434/1348 1349/1435/1349
f 1350/1436/1350 1351/1437/1351 1352/1438/1352
f 1353/1439/1353 561/602/561 1212/1287/1212
f 1354/1440/1354 1355/1441/1355 1356/1442/1356
f 28/28/28 30/30/30 1357/1443/1357
f 1358/1444/1358 1100/1171/1100 1101/1172/1101
f 1359/1445/1359 1082/1153/1082 1084/1155/1084
f 1360/1446/1360 1361/1447/1361 1362/1448/1362
f 1363/1449/1363 1364/1450/1364 116/1451/116
f 1365/1452/1365 1366/1453/1366 1367/1454/1367
f 923/991/923 1191/1266/1191 1368/1455/1368
f 1369/1456/1369 1152/1457/1152 1370/1458/1370
f 1076/1147/1076 170/171/170 1345/1431/1345
f 1371/1459/1371 1372/1460/1372 1373/1461/1373
f 1283/1364/1283 1100/1171/1100 1358/1444/1358
f 1374/1462/1374 1375/1463/1375 855/916/855
f 1376/1464/1376 834/894/834 1377/1465/1377
f 1378/1466/1378 1345/1431/1345 170/171/170
f 1379/1467/1379 1380/1468/1380 1381/1469/1381
f 1382/1470/1382 1243/1320/1243 1270/1350/1270
f 1351/1437/1351 1350/1436/1350 1042/1471/1042
f 1383/1472/1383 1384/1473/1384 1287/1369/1287
f 1385/1474/1385 1129/1475/1129 1386/1476/1386
f 1387/1477/1387 239/1478/239 1388/1479/1388
f 1389/1480/1389 384/414/384 1390/1481/1390
f 1391/1482/1391 1392/1483/1392 1147/1219/1147
f 596/639/596 1393/1484/1393 597/640/597
f 1394/1485/1394 1337/1420/1337 1395/1486/1395
f 1396/1487/1396 1397/1488/1397 1398/1489/1398
f 1399/1490/1399 1058/1129/1058 1400/1491/1400
f 1401/1492/1401 1308/1390/1308 1402/1493/1402
f 1403/1494/1403 1404/1495/1404 1405/1496/1405
f 1360/1446/1360 1362/1448/1362 1406/1497/1406
f 748/797/748 747/796/747 1407/1498/1407
f 1408/1499/1408 1409/1500/1409 747/796/747
f 1410/1501/1410 1411/1502/1411 1412/1503/1412
f 1413/1504/1413 1414/1505/1414 1415/1506/1415
f 1416/1507/1416 1370/1458/1370 1382/1470/1382
f 925/993/925 1417/1508/1417 926/994/926
f 1418/1509/1418 1419/1510/1419 1420/1511/1420
f 732/780/732 731/779/731 1421/1512/1421
f 1422/1513/1422 1394/1485/1394 1395/1486/1395
f 798/1514/798 1364/1450/1364 1423/1515/1423
f 1424/1516/1424 1163/1517/1163 1425/1518/1425
f 1170/1243/1170 1426/1519/1426 1427/1520/1427
f 1345/1521/1345 1378/1522/1378 1428/1523/1428
f 1429/1524/1429 1388/1479/1388 239/1478/239
f 515/554/515 1430/1525/1430 1431/1526/1431
f 982/1051/982 1432/1527/1432 1433/1528/1433
f 1434/1529/1434 1435/1530/1435 1436/1531/1436
f 1389/1480/1389 1437/1532/1437 1438/1533/1438
f 1439/1534/1439 1440/1535/1440 1441/1536/1441
f 1442/1537/1442 1443/1538/1443 1444/1539/1444
f 1445/1540/1445 1446/1541/1446 1447/1542/1447
f 1285/1367/1285 1384/1473/1384 1448/1543/1448
f 1152/1457/1152 1369/1456/1369 1324/1544/1324
f 1153/1226/1153 1324/1407/1324 1449/1545/1449
f 129/129/129 128/128/128 1450/1546/1450
f 1451/1547/1451 1452/1548/1452 1453/1549/1453
f 1454/1550/1454 1351/1437/1351 1455/1551/1455
f 1359/1445/1359 1048/1119/1048 1047/1118/1047
f 1015/1084/1015 1456/1552/1456 1457/1553/1457
f 1458/1554/1458 1459/1555/1459 1307/1389/1307
f 1460/1556/1460 1461/1557/1461 1462/1558/1462
f 1463/1559/1463 504/541/504 1464/1560/1464
f 698/1561/698 1465/1562/1465 1466/1563/1466
f 1284/1365/1284 1283/1364/1283 1467/1564/1467
f 1468/1565/1468 1469/1566/1469 1470/1567/1470
f 1471/1568/1471 1472/1569/1472 352/379/352
f 1473/1570/1473 171/172/171 170/171/170
f 1139/1211/1139 872/936/872 829/889/829
f 854/915/854 1474/1571/1474 509/1572/509
f 1475/1573/1475 1476/1574/1476 1449/1545/1449
f 1477/1575/1477 1478/1576/1478 1467/1564/1467
f 1479/1577/1479 1480/1578/1480 1481/1579/1481
f 1482/1580/1482 1483/1581/1483 1484/1582/1484
f 1485/1583/1485 1486/1584/1486 1487/1585/1487
f 1285/1586/1285 1448/1587/1448 1488/1588/1488
f 169/170/169 1378/1466/1378 170/171/170
f 1489/1589/1489 865/928/865 867/930/867
f 1490/1590/1490 1491/1591/1491 1492/1592/1492
f 524/1593/524 526/1594/526 1493/1595/1493
f 1494/1596/1494 1495/1597/1495 299/308/299
f 1370/1458/1370 1416/1507/1416 1369/1456/1369
f 373/1598/373 1237/1599/1237 1496/1600/1496
f 1497/1601/1497 1498/1602/1498 1499/1603/1499
f 1500/1604/1500 1501/1605/1501 822/882/822
f 1502/1606/1502 1503/1607/1503 1504/1608/1504
f 1505/1609/1505 1506/1610/1506 1507/1611/1507
f 979/1048/979 1508/1612/1508 1097/1323/1097
f 1509/1613/1509 1510/1614/1510 104/104/104
f 1511/1615/1511 1512/1616/1512 1513/1617/1513
f 1514/1618/1514 1515/1619/1515 1516/1620/1516
f 1517/1621/1517 1518/1622/1518 1519/1623/1519
f 532/1624/532 1520/1625/1520 688/733/688
f 1521/1626/1521 1522/1627/1522 360/1628/360
f 1283/1629/1283 1445/1540/1445 1477/1630/1477
f 1383/1472/1383 1498/1602/1498 1384/1473/1384
f 710/758/710 649/693/649 648/692/648
f 1523/1631/1523 1248/1327/1248 1524/1632/1524
f 1525/1633/1525 1526/1634/1526 1378/1522/1378
f 1527/1635/1527 593/636/593 592/635/592
f 1446/1541/1446 1392/1483/1392 1528/1636/1528
f 924/992/924 867/930/867 866/929/866
f 1529/1637/1529 1530/1638/1530 1531/1639/1531
f 1532/1640/1532 1533/1641/1533 1534/1642/1534
f 1336/1419/1336 1535/1643/1535 1160/1233/1160
f 625/668/625 917/1644/917 1325/1408/1325
f 1536/1645/1536 1537/1646/1537 1538/1647/1538
f 169/170/169 171/172/171 1539/1648/1539
f 1540/1649/1540 1193/1268/1193 1541/1650/1541
f 1542/1651/1542 1145/1217/1145 1543/1652/1543
f 541/581/541 1544/1653/1544 539/579/539
f 1545/1654/1545 1546/1655/1546 1547/1656/1547
f 1548/1657/1548 1549/1658/1549 1550/1659/1550
f 1551/1660/1551 1552/1661/1552 1553/1662/1553
f 1448/1543/1448 1384/1473/1384 1554/1663/1554
f 1555/1664/1555 1324/1544/1324 1369/1456/1369
f 1556/1665/1556 66/66/66 1557/1666/1557
f 1095/1667/1095 1097/1323/1097 1508/1612/1508
f 204/205/204 1303/1385/1303 1558/1668/1558
f 1559/1669/1559 924/992/924 1560/1670/1560
f 390/420/390 1561/1671/1561 1562/1672/1562
f 1563/1673/1563 1564/1674/1564 1565/1675/1565
f 240/243/240 242/245/242 1566/1676/1566
f 56/1677/56 806/864/806 808/866/808
f 1478/1576/1478 749/798/749 1567/1678/1567
f 1568/1679/1568 27/27/27 1569/1680/1569
f 1570/1681/1570 1571/1682/1571 1572/1683/1572
f 900/967/900 1573/1684/1573 901/968/901
f 174/1685/174 1112/1184/1112 1574/1686/1574
f 1575/1687/1575 1351/1437/1351 1454/1550/1454
f 1109/1181/1109 1576/1688/1576 1577/1689/1577
f 1578/1690/1578 1579/1691/1579 1497/1601/1497
f 1369/1456/1369 1416/1507/1416 1580/1692/1580
f 189/190/189 191/192/191 523/563/523
f 1581/1693/1581 1582/1694/1582 1583/1695/1583
f 1535/1643/1535 1584/1696/1584 1258/1338/1258
f 1445/1540/1445 1585/1697/1585 1477/1630/1477
f 746/795/746 1408/1499/1408 747/796/747
f 1586/1698/1586 1587/1699/1587 1588/1700/1588
f 519/558/519 626/669/626 625/668/625
f 440/471/440 1589/1701/1589 1590/1702/1590
f 1591/1703/1591 1592/1704/1592 1593/1705/1593
f 1594/1706/1594 1595/1707/1595 1596/1708/1596
f 1597/1709/1597 1367/1454/1367 1366/1453/1366
f 1359/1445/1359 1598/1710/1598 1048/1119/1048
f 1581/1693/1581 1599/1711/1599 1499/1603/1499
f 1600/1712/1600 1444/1713/1444 1443/1714/1443
f 1601/1715/1601 1602/1716/1602 1270/1350/1270
f 1603/1717/1603 25/1718/25 1604/1719/1604
f 1444/1713/1444 1600/1712/1600 414/444/414
f 1605/1720/1605 1606/1721/1606 1607/1722/1607
f 1449/1545/1449 1476/1574/1476 1608/1723/1608
f 1609/1724/1609 1610/1725/1610 465/501/465
f 1611/1726/1611 294/303/294 1612/1727/1612
f 40/40/40 1613/1728/1613 1614/1729/1614
f 935/1003/935 311/328/311 1615/1730/1615
f 1498/1602/1498 1554/1663/1554 1384/1473/1384
f 1046/1117/1046 1048/1119/1048 1616/1731/1616
f 1617/1732/1617 1106/1733/1106 1618/1734/1618
f 1619/1735/1619 1620/1736/1620 1455/1551/1455
f 1621/1737/1621 938/1006/938 1622/1738/1622
f 1598/1710/1598 1623/1739/1623 1048/1119/1048
f 1624/1740/1624 1584/1696/1584 1336/1419/1336
f 1625/1741/1625 1626/1742/1626 1627/1743/1627
f 1628/1744/1628 1629/1745/1629 90/1746/90
f 1630/1747/1630 1631/1748/1631 705/1749/705
f 1632/1750/1632 1633/1751/1633 1634/1752/1634
f 1635/1753/1635 1636/1754/1636 1637/1755/1637
f 1638/1756/1638 1639/1757/1639 1640/1758/1640
f 1084/1155/1084 1641/1759/1641 1642/1760/1642
f 1416/1507/1416 1382/1470/1382 1643/1761/1643
f 724/772/724 1043/1114/1043 936/1366/936
f 1644/1762/1644 1645/1763/1645 1646/1764/1646
f 1647/1765/1647 1648/1766/1648 1649/1767/1649
f 1650/1768/1650 1651/1769/1651 1652/1770/1652
f 31/31/31 1302/1384/1302 1653/1771/1653
f 439/470/439 1447/1542/1447 1446/1541/1446
f 340/475/340 754/806/754 377/805/377
f 1654/1772/1654 1655/1773/1655 1656/1774/1656
f 1657/1775/1657 1525/1633/1525 1658/1776/1658
f 1575/1687/1575 1454/1550/1454 746/795/746
f 1659/1777/1659 1660/1778/1660 1661/1779/1661
f 1662/1780/1662 1663/1781/1663 1664/1782/1664
f 1665/1783/1665 1666/1784/1666 1667/1785/1667
f 1668/1786/1668 1669/1787/1669 1670/1788/1670
f 1671/1789/1671 1672/1790/1672 1673/1791/1673
f 1674/1792/1674 1619/1735/1619 1455/1551/1455
f 1675/1793/1675 1676/1794/1676 147/1795/147
f 1272/1352/1272 1677/1796/1677 1678/1797/1678
f 1679/1798/1679 1680/1799/1680 1681/1800/1681
f 128/128/128 1682/1801/1682 1602/1716/1602
f 1683/1802/1683 1684/1803/1684 1685/1804/1685
f 1686/1805/1686 1687/1806/1687 1688/1807/1688
f 749/1808/749 1477/1809/1477 1585/1810/1585
f 440/471/440 439/470/439 1528/1636/1528
f 268/274/268 1689/1811/1689 1690/1812/1690
f 1691/1813/1691 1692/1814/1692 135/1815/135
f 1693/1816/1693 1051/1122/1051 1694/1817/1694
f 1695/1818/1695 1696/1819/1696 1697/1820/1697
f 1698/1821/1698 1699/1822/1699 1700/1823/1700
f 1701/1824/1701 1702/1825/1702 95/1826/95
f 1578/1690/1578 1703/1827/1703 1704/1828/1704
f 1705/1829/1705 1706/1830/1706 1423/1831/1423
f 1488/1588/1488 1448/1587/1448 1455/1551/1455
f 1707/1832/1707 1708/1833/1708 1709/1834/1709
f 1710/1835/1710 1711/1836/1711 1712/1837/1712
f 1713/1838/1713 1714/1839/1714 1715/1840/1715
f 1716/1841/1716 867/930/867 924/992/924
f 1717/1842/1717 1718/1843/1718 1719/1844/1719
f 1368/1455/1368 1638/1756/1638 1560/1670/1560
f 1720/1845/1720 1721/1846/1721 1722/1847/1722
f 1723/1848/1723 1724/1849/1724 1277/1357/1277
f 1725/1850/1725 1726/1851/1726 1727/1852/1727
f 280/288/280 1728/1853/1728 1729/1854/1729
f 1730/1855/1730 1731/1856/1731 1732/1857/1732
f 1733/1858/1733 1734/1859/1734 1077/1860/1077
f 1735/1861/1735 1718/1862/1718 1736/1863/1736
f 1737/1864/1737 1738/1865/1738 1739/1866/1739
f 1488/1588/1488 1455/1551/1455 1351/1437/1351
f 1740/1867/1740 1741/1868/1741 529/1869/529
f 771/825/771 1742/1870/1742 772/826/772
f 867/930/867 1743/1871/1743 1489/1589/1489
f 1182/1257/1182 1744/1872/1744 1745/1873/1745
f 1109/1181/1109 1475/1573/1475 1107/1179/1107
f 1746/1874/1746 1747/1875/1747 1748/1876/1748
f 1749/1877/1749 1750/1878/1750 1751/1879/1751
f 1752/1880/1752 1393/1484/1393 1172/1245/1172
f 1753/1881/1753 1660/1778/1660 806/864/806
f 44/44/44 1754/1882/1754 1755/1883/1755
f 1756/1884/1756 1757/1885/1757 1758/1886/1758
f 1184/1259/1184 1759/1887/1759 1574/1686/1574
f 709/757/709 910/977/910 1596/1708/1596
f 1499/1603/1499 1599/1711/1599 1703/1827/1703
f 1559/1669/1559 1716/1841/1716 924/992/924
f 1555/1664/1555 642/686/642 641/685/641
f 1760/1888/1760 1761/1889/1761 1762/1890/1762
f 658/703/658 1763/1891/1763 1764/1892/1764
f 169/1893/169 1525/1633/1525 1378/1522/1378
f 1765/1894/1765 1766/1895/1766 1767/1896/1767
f 1447/1542/1447 1768/1897/1768 1445/1540/1445
f 209/210/209 1769/1898/1769 1770/1899/1770
f 1771/1900/1771 1772/1901/1772 1773/1902/1773
f 1774/1903/1774 1775/1904/1775 1776/1905/1776
f 1498/1602/1498 1579/1691/1579 1554/1663/1554
f 260/266/260 1777/1906/1777 261/267/261
f 1778/1907/1778 1729/1908/1729 1779/1909/1779
f 1581/1693/1581 1499/1603/1499 1780/1910/1780
f 662/1911/662 1781/1912/1781 1782/1913/1782
f 1783/1914/1783 1784/1915/1784 1240/1315/1240
f 1241/1316/1241 1785/1916/1785 1786/1917/1786
f 1787/1918/1787 1788/1919/1788 1789/1920/1789
f 1790/1921/1790 1791/1922/1791 1792/1923/1792
f 1793/1924/1793 1794/1925/1794 1795/1926/1795
f 1796/1927/1796 1797/1928/1797 1798/1929/1798
f 1799/1930/1799 1800/1931/1800 1801/1932/1801
f 1716/1841/1716 1743/1871/1743 867/930/867
f 752/1933/752 803/861/803 860/923/860
f 1802/1934/1802 1583/1695/1583 1608/1723/1608
f 1789/1920/1789 1803/1935/1803 1804/1936/1804
f 477/514/477 476/513/476 567/608/567
f 1805/1937/1805 1175/1938/1175 1806/1939/1806
f 1807/1940/1807 1808/1941/1808 1809/1942/1809
f 1810/1943/1810 1811/1944/1811 1812/1945/1812
f 1813/1946/1813 619/662/619 45/45/45
f 1814/1947/1814 1815/1948/1815 1816/1949/1816
f 1817/1950/1817 1818/1951/1818 1802/1934/1802
f 749/1952/749 1585/1697/1585 750/1953/750
f 1682/1801/1682 1479/1577/1479 1643/1761/1643
f 1819/1954/1819 1820/1955/1820 1821/1956/1821
f 1244/1321/1244 1245/1322/1245 1640/1957/1640
f 1559/1669/1559 1638/1756/1638 1245/1958/1245
f 1338/1421/1338 1822/1959/1822 1624/1740/1624
f 1823/1960/1823 1824/1961/1824 1825/1962/1825
f 1817/1950/1817 1802/1934/1802 1608/1723/1608
f 1584/1696/1584 1792/1923/1792 1590/1702/1590
f 1826/1963/1826 1827/1964/1827 1828/1965/1828
f 1829/1966/1829 1206/1281/1206 1830/1967/1830
f 1624/1740/1624 1792/1923/1792 1584/1696/1584
f 1616/1731/1616 1831/1968/1831 1832/1969/1832
f 1003/1072/1003 1395/1486/1395 1337/1420/1337
f 1833/1970/1833 1428/1523/1428 1526/1634/1526
f 1834/1971/1834 1835/1972/1835 1836/1973/1836
f 1731/1974/1731 1837/1975/1837 1838/1976/1838
f 1147/1219/1147 1392/1483/1392 1101/1220/1101
f 839/899/839 1275/1355/1275 1839/1977/1839
f 1840/1978/1840 1326/1979/1326 1841/1980/1841
f 1624/1740/1624 1790/1921/1790 1792/1923/1792
f 1842/1981/1842 1843/1982/1843 1844/1983/1844
f 1845/1984/1845 1846/1985/1846 1847/1986/1847
f 1848/1987/1848 1623/1739/1623 1849/1988/1849
f 1850/1989/1850 1851/1990/1851 1852/1991/1852
f 1475/1573/1475 1853/1992/1853 1854/1993/1854
f 1855/1994/1855 1856/1995/1856 1857/1996/1857
f 1123/1997/1123 1858/1998/1858 1859/1999/1859
f 1860/2000/1860 1640/2001/1640 1832/2002/1832
f 1861/2003/1861 1862/2004/1862 1839/1977/1839
f 1863/2005/1863 1864/2006/1864 1865/2007/1865
f 1866/2008/1866 1867/2009/1867 1868/2010/1868
f 1869/2011/1869 1870/2012/1870 1871/2013/1871
f 1872/2014/1872 1873/2015/1873 1874/2016/1874
f 1875/2017/1875 1876/2018/1876 1877/2019/1877
f 1878/2020/1878 1879/2021/1879 1880/2022/1880
f 1109/1181/1109 1853/1992/1853 1475/1573/1475
f 1245/1322/1245 1240/1315/1240 1784/1915/1784
f 1802/1934/1802 1881/2023/1881 1882/2024/1882
f 1109/1181/1109 1577/1689/1577 1853/1992/1853
f 1883/2025/1883 1884/2026/1884 1844/2027/1844
f 1811/1944/1811 1810/1943/1810 1807/1940/1807
f 1822/1959/1822 1885/2028/1885 1809/1942/1809
f 1886/2029/1886 616/659/616 1375/1463/1375
f 796/853/796 1887/2030/1887 797/854/797
f 1888/2031/1888 1889/2032/1889 1890/2033/1890
f 1891/2034/1891 1892/2035/1892 1893/2036/1893
f 1501/1605/1501 1500/1604/1500 1894/2037/1894
f 1895/2038/1895 1896/2039/1896 1897/2040/1897
f 441/472/441 1447/1542/1447 439/470/439
f 1898/2041/1898 1899/2042/1899 738/2043/738
f 1848/1987/1848 1831/1968/1831 1623/1739/1623
f 1900/2044/1900 1901/2045/1901 543/584/543
f 1902/2046/1902 1790/1921/1790 1903/2047/1903
f 1904/2048/1904 1905/2049/1905 1578/2050/1578
f 1906/2051/1906 1907/2052/1907 1458/1554/1458
f 1908/2053/1908 1658/1776/1658 1909/2054/1909
f 1445/1540/1445 1768/1897/1768 1585/1697/1585
f 1716/1841/1716 1559/1669/1559 1784/2055/1784
f 1910/2056/1910 1911/2057/1911 1912/2058/1912
f 1860/2059/1860 1244/1321/1244 1640/1957/1640
f 52/52/52 1913/2060/1913 1914/2061/1914
f 1885/2028/1885 1822/1959/1822 1338/1421/1338
f 1585/1697/1585 1768/1897/1768 1915/2062/1915
f 1916/2063/1916 1917/2064/1917 1918/2065/1918
f 1919/2066/1919 1920/2067/1920 1921/2068/1921
f 1760/1888/1760 1922/2069/1922 1923/2070/1923
f 1638/1756/1638 1640/1758/1640 1245/1958/1245
f 1119/1191/1119 1924/2071/1924 1120/1192/1120
f 1925/2072/1925 1926/2073/1926 1927/2074/1927
f 1928/2075/1928 1929/2076/1929 811/869/811
f 1854/1993/1854 1930/2077/1930 1817/1950/1817
f 125/125/125 1931/2078/1931 126/126/126
f 1932/2079/1932 1933/2080/1933 1934/2081/1934
f 1935/2082/1935 1503/1607/1503 1502/1606/1502
f 1936/2083/1936 1937/2084/1937 1938/2085/1938
f 1839/1977/1839 1939/2086/1939 840/900/840
f 1940/2087/1940 1941/2088/1941 449/483/449
f 1942/2089/1942 1943/2090/1943 1944/2091/1944
f 1945/2092/1945 1946/2093/1946 1947/2094/1947
f 1948/2095/1948 1949/2096/1949 1950/2097/1950
f 1951/2098/1951 1716/2099/1716 1783/1914/1783
f 1791/1922/1791 1790/1921/1790 1902/2046/1902
f 1129/1201/1129 428/2100/428 1952/2101/1952
f 1953/2102/1953 1954/2103/1954 1955/2104/1955
f 1956/2105/1956 1957/2106/1957 1958/2107/1958
f 1959/2108/1959 1854/1993/1854 1853/1992/1853
f 1404/1495/1404 1403/1494/1403 623/666/623
f 1960/2109/1960 1961/2110/1961 1962/2111/1962
f 1963/2112/1963 1157/1230/1157 1061/1132/1061
f 1964/2113/1964 1674/1792/1674 1905/2049/1905
f 1965/2114/1965 1849/1988/1849 1966/2115/1966
f 1967/2116/1967 1968/2117/1968 1969/2118/1969
f 1970/2119/1970 1971/2120/1971 1972/2121/1972
f 1973/2122/1973 1974/2123/1974 1975/2124/1975
f 1976/2125/1976 1977/2126/1977 517/556/517
f 102/102/102 1978/2127/1978 1252/1332/1252
f 415/445/415 414/444/414 1979/2128/1979
f 1964/2113/1964 1619/1735/1619 1674/1792/1674
f 1743/1871/1743 1716/1841/1716 1980/2129/1980
f 1981/2130/1981 1982/2131/1982 1983/2132/1983
f 1792/1923/1792 1791/1922/1791 1984/2133/1984
f 764/2134/764 1985/2135/1985 1986/2136/1986
f 1987/2137/1987 1577/1689/1577 1892/2035/1892
f 1988/2138/1988 1989/2139/1989 1990/2140/1990
f 848/2141/848 1991/2142/1991 1992/2143/1992
f 1489/1589/1489 1743/1871/1743 1404/1495/1404
f 1993/2144/1993 1994/2145/1994 1995/2146/1995
f 1996/2147/1996 1434/1529/1434 1436/1531/1436
f 1542/1651/1542 1272/1352/1272 1271/1351/1271
f 1997/2148/1997 1620/1736/1620 1998/2149/1998
f 163/164/163 1999/2150/1999 2000/2151/2000
f 1540/1649/1540 2001/2152/2001 1193/1268/1193
f 1861/2003/1861 2002/2153/2002 1909/2154/1909
f 2003/2155/2003 926/994/926 2004/2156/2004
f 2005/2157/2005 2006/2158/2006 2007/2159/2007
f 2008/2160/2008 2009/2161/2009 2010/2162/2010
f 1447/1542/1447 441/472/441 1768/1897/1768
f 1905/2049/1905 1554/2163/1554 1579/2164/1579
f 1594/2165/1594 2011/2166/2011 1642/2167/1642
f 559/600/559 1951/2098/1951 1783/1914/1783
f 1620/1736/1620 1619/1735/1619 1993/2144/1993
f 2012/2168/2012 1893/2169/1893 1194/1269/1194
f 2013/2170/2013 485/522/485 2014/2171/2014
f 1577/1689/1577 1987/2137/1987 1853/1992/1853
f 2015/2172/2015 2016/2173/2016 2017/2174/2017
f 1985/2135/1985 764/2134/764 1704/1828/1704
f 714/762/714 331/349/331 2018/2175/2018
f 378/408/378 358/388/358 303/315/303
f 2019/2176/2019 2020/2177/2020 1219/1294/1219
f 2021/2178/2021 2022/2179/2022 2023/2180/2023
f 2024/2181/2024 2025/2182/2025 2026/2183/2026
f 1062/1133/1062 1061/1132/1061 1157/1230/1157
f 1619/1735/1619 1964/2113/1964 2027/2184/2027
f 2028/2185/2028 2029/2186/2029 2030/2187/2030
f 2002/2153/2002 1861/2003/1861 2031/2188/2031
f 1743/1871/1743 1980/2129/1980 1404/1495/1404
f 2012/2168/2012 2018/2175/2018 2032/2189/2032
f 1808/1941/1808 1810/1943/1810 2033/2190/2033
f 2034/2191/2034 2035/2192/2035 2036/2193/2036
f 1590/1702/1590 387/417/387 440/471/440
f 1060/1131/1060 2037/2194/2037 1058/1129/1058
f 1984/2133/1984 387/417/387 1590/1702/1590
f 1854/1993/1854 1959/2108/1959 1930/2077/1930
f 2038/2195/2038 2039/2196/2039 2040/2197/2040
f 2041/2198/2041 1248/1327/1248 1523/1631/1523
f 1590/1702/1590 1792/1923/1792 1984/2133/1984
f 2042/2199/2042 2043/2200/2043 1276/1356/1276
f 2044/2201/2044 2045/2202/2045 1526/1634/1526
f 2046/2203/2046 1789/1920/1789 1788/1919/1788
f 2047/2204/2047 1915/2062/1915 2048/2205/2048
f 2049/2206/2049 2050/2207/2050 2051/2208/2051
f 440/471/440 387/417/387 386/416/386
f 2052/2209/2052 2053/2210/2053 2054/2211/2054
f 2055/2212/2055 2056/2213/2056 2057/2214/2057
f 2058/2215/2058 1239/1314/1239 1240/1315/1240
f 2059/2216/2059 2060/2217/2060 2061/2218/2061
f 1734/1859/1734 2062/2219/2062 2063/2220/2063
f 1146/1218/1146 1145/1217/1145 1542/1651/1542
f 2064/2221/2064 2065/2222/2065 392/422/392
f 280/288/280 2066/2223/2066 281/289/281
f 1860/2224/1860 1832/1969/1832 2067/2225/2067
f 1788/1919/1788 1540/1649/1540 1481/1579/1481
f 2068/2226/2068 2069/2227/2069 2070/2228/2070
f 2071/2229/2071 478/515/478 2072/2230/2072
f 385/415/385 2073/2231/2073 386/416/386
f 2074/2232/2074 2075/2233/2075 2076/2234/2076
f 1853/1992/1853 1987/2137/1987 1959/2108/1959
f 996/2235/996 998/2236/998 941/1009/941
f 1802/1934/1802 1818/1951/1818 1881/2023/1881
f 1244/2237/1244 1860/2224/1860 2058/2238/2058
f 2077/2239/2077 2078/2240/2078 2079/2241/2079
f 2080/2242/2080 1304/1386/1304 203/204/203
f 1405/2243/1405 1980/2244/1980 1951/2098/1951
f 2081/2245/2081 2082/2246/2082 1086/1157/1086
f 1784/1915/1784 1783/1914/1783 1716/2099/1716
f 2083/2247/2083 2084/2248/2084 1651/1769/1651
f 2085/2249/2085 2086/2250/2086 2087/2251/2087
f 1831/1968/1831 2088/2252/2088 2067/2225/2067
f 2089/2253/2089 1998/2149/1998 1995/2146/1995
f 2090/2254/2090 2091/2255/2091 2092/2256/2092
f 2093/2257/2093 2094/2258/2094 2095/2259/2095
f 483/520/483 53/53/53 52/52/52
f 2096/2260/2096 2097/2261/2097 2098/2262/2098
f 31/31/31 1653/1771/1653 2002/2263/2002
f 1881/2023/1881 1818/1951/1818 120/120/120
f 2099/2264/2099 1831/1968/1831 1848/1987/1848
f 1980/2129/1980 1405/1496/1405 1404/1495/1404
f 2100/2265/2100 1904/2048/1904 2101/2266/2101
f 2102/2267/2102 2103/2268/2103 1814/1947/1814
f 2104/2269/2104 1649/1767/1649 2105/2270/2105
f 1860/2271/1860 2067/2272/2067 2106/2273/2106
f 2107/2274/2107 2108/2275/2108 2109/2276/2109
f 1893/2169/1893 2012/2168/2012 2032/2189/2032
f 1561/1671/1561 2110/2277/2110 927/2278/927
f 1930/2077/1930 2111/2279/2111 2112/2280/2112
f 2113/2281/2113 1501/1605/1501 2114/2282/2114
f 2115/2283/2115 1072/1143/1072 1071/1142/1071
f 2116/2284/2116 2117/2285/2117 1054/1125/1054
f 840/900/840 839/899/839 1839/1977/1839
f 2118/2286/2118 2119/2287/2119 988/1057/988
f 1284/1365/1284 899/966/899 1008/1077/1008
f 2120/2288/2120 2121/2289/2121 2122/2290/2122
f 2123/2291/2123 1113/1185/1113 2124/2292/2124
f 2125/2293/2125 2126/2294/2126 2127/2295/2127
f 2027/2184/2027 1964/2113/1964 2100/2265/2100
f 2128/2296/2128 2129/2297/2129 2130/2298/2130
f 2131/2299/2131 2132/2300/2132 365/2301/365
f 2133/2302/2133 2134/2303/2134 2135/2304/2135
f 2136/2305/2136 2137/2306/2137 2138/2307/2138
f 655/700/655 2139/2308/2139 1865/2007/1865
f 807/865/807 2140/2309/2140 2141/2310/2141
f 2142/2311/2142 2143/2312/2143 943/1011/943
f 2144/2313/2144 2145/2314/2145 1984/2133/1984
f 2146/2315/2146 1464/1560/1464 504/541/504
f 2147/2316/2147 2148/2317/2148 2149/2318/2149
f 2150/2319/2150 2151/2320/2151 2152/2321/2152
f 1667/2322/1667 1769/2323/1769 619/2324/619
f 2153/2325/2153 34/2326/34 2154/2327/2154
f 1589/1701/1589 1528/1636/1528 1391/1482/1391
f 911/978/911 2155/2328/2155 2156/2329/2156
f 2157/2330/2157 68/68/68 67/67/67
f 1984/2133/1984 2145/2314/2145 387/417/387
f 2158/2331/2158 2159/2332/2159 2160/2333/2160
f 2088/2252/2088 1831/1968/1831 2099/2264/2099
f 1620/1736/1620 1993/2144/1993 1995/2146/1995
f 2161/2334/2161 2162/2335/2162 2163/2336/2163
f 2164/2337/2164 2165/2338/2165 2166/2339/2166
f 2167/2340/2167 266/272/266 2168/2341/2168
f 2169/2342/2169 1290/1372/1290 2170/2343/2170
f 1959/2108/1959 2171/2344/2171 2111/2279/2111
f 1850/1989/1850 171/172/171 1851/1990/1851
f 1480/1578/1480 1682/1801/1682 2046/2203/2046
f 2090/2254/2090 2092/2256/2092 2172/2345/2172
f 1986/2136/1986 1881/2023/1881 2173/2346/2173
f 1791/1922/1791 1902/2046/1902 2174/2347/2174
f 2175/2348/2175 2176/2349/2176 2177/2350/2177
f 2178/2351/2178 2179/2352/2179 916/984/916
f 2180/2353/2180 2181/2354/2181 2182/2355/2182
f 465/501/465 1610/1725/1610 466/502/466
f 2183/2356/2183 1965/2114/1965 2184/2357/2184
f 441/472/441 386/416/386 2073/2231/2073
f 1998/2149/1998 1620/1736/1620 1995/2146/1995
f 1405/1496/1405 2185/2358/2185 1403/1494/1403
f 2186/2359/2186 836/896/836 997/2360/997
f 1817/1950/1817 1930/2077/1930 1818/1951/1818
f 94/94/94 2187/2361/2187 122/122/122
f 2188/2362/2188 2189/2363/2189 2190/2364/2190
f 621/664/621 620/663/620 2191/2365/2191
f 2192/2366/2192 2193/2367/2193 645/689/645
f 2194/2368/2194 2195/2369/2195 2196/2370/2196
f 1959/2108/1959 2111/2279/2111 1930/2077/1930
f 2197/2371/2197 2012/2168/2012 2001/2152/2001
f 123/123/123 2198/2372/2198 2199/2373/2199
f 2171/2344/2171 1987/2137/1987 1613/1728/1613
f 2200/2374/2200 2201/2375/2201 2202/2376/2202
f 1791/1922/1791 2144/2313/2144 1984/2133/1984
f 387/417/387 2145/2314/2145 385/415/385
f 2203/2377/2203 1004/1073/1004 1006/1075/1006
f 2204/2378/2204 2205/2379/2205 2206/2380/2206
f 733/781/733 2046/2203/2046 2207/2381/2207
f 2208/2382/2208 2209/2383/2209 2210/2384/2210
f 839/899/839 1276/1356/1276 1275/1355/1275
f 1930/2077/1930 2112/2280/2112 1818/1951/1818
f 2211/2385/2211 1810/1943/1810 1812/1945/1812
f 2212/2386/2212 2213/2387/2213 2214/2388/2214
f 141/141/141 2215/2389/2215 527/567/527
f 2216/2390/2216 477/514/477 569/610/569
f 2217/2391/2217 852/2392/852 994/1063/994
f 2218/2393/2218 607/650/607 2174/2347/2174
f 2219/2394/2219 2220/2395/2220 2099/2264/2099
f 2221/2396/2221 1676/1794/1676 2222/2397/2222
f 2223/2398/2223 343/366/343 2224/2399/2224
f 2225/2400/2225 2226/2401/2226 1482/1580/1482
f 2227/2402/2227 2228/2403/2228 1655/1773/1655
f 1403/1494/1403 2185/2358/2185 624/667/624
f 2229/2404/2229 2230/2405/2230 2231/2406/2231
f 2232/2407/2232 1823/1960/1823 2233/2408/2233
f 2234/2409/2234 951/1020/951 2235/2410/2235
f 1848/1987/1848 1965/2114/1965 2099/2264/2099
f 2236/2411/2236 161/162/161 2237/2412/2237
f 1000/1069/1000 2238/2413/2238 1001/1070/1001
f 2201/2414/2201 2200/2415/2200 2239/2416/2239
f 2240/2417/2240 330/2418/330 2241/2419/2241
f 2242/2420/2242 2243/2421/2243 2244/2422/2244
f 2245/2423/2245 2215/2389/2215 2242/2420/2242
f 2246/2424/2246 2247/2425/2247 2248/2426/2248
f 2249/2427/2249 2250/2428/2250 2251/2429/2251
f 644/688/644 2252/2430/2252 2089/2253/2089
f 2253/2431/2253 2254/2432/2254 838/2433/838
f 2255/2434/2255 2256/2435/2256 2257/2436/2257
f 2258/2437/2258 2259/2438/2259 2260/2439/2260
f 2261/2440/2261 1892/2035/1892 1891/2034/1891
f 2262/2441/2262 2207/2381/2207 624/667/624
f 2029/2186/2029 2263/2442/2263 1669/1787/1669
f 2264/2443/2264 687/732/687 2265/2444/2265
f 2266/2445/2266 2267/2446/2267 2268/2447/2268
f 1959/2108/1959 1987/2137/1987 2171/2344/2171
f 2269/2448/2269 2270/2449/2270 2271/2450/2271
f 2272/2451/2272 2273/2452/2273 2274/2453/2274
f 2145/2314/2145 2144/2313/2144 606/649/606
f 2275/2454/2275 2276/2455/2276 2277/2456/2277
f 334/2457/334 2278/2458/2278 1465/1562/1465
f 1259/1339/1259 755/807/755 780/836/780
f 2279/2459/2279 2280/2460/2280 2281/2461/2281
f 411/441/411 2282/2462/2282 412/442/412
f 2171/2344/2171 39/39/39 2283/2463/2283
f 2145/2314/2145 2284/2464/2284 385/415/385
f 1789/1920/1789 2046/2203/2046 733/781/733
f 2285/2465/2285 2286/2466/2286 2283/2463/2283
f 164/165/164 2287/2467/2287 2288/2468/2288
f 1789/1920/1789 1804/1936/1804 1787/1918/1787
f 31/31/31 2002/2263/2002 2289/2469/2289
f 937/1113/937 1042/1112/1042 1350/2470/1350
f 2290/2471/2290 2291/2472/2291 1757/2473/1757
f 2292/2474/2292 131/131/131 130/130/130
f 119/119/119 268/274/268 2173/2346/2173
f 2293/2475/2293 2294/2476/2294 703/2477/703
f 716/764/716 329/347/329 331/349/331
f 2295/2478/2295 2296/2479/2296 2297/2480/2297
f 2298/2481/2298 2299/2482/2299 2300/2483/2300
f 2112/2280/2112 121/121/121 120/120/120
f 40/40/40 39/39/39 1613/1728/1613
f 2301/2484/2301 2302/2485/2302 1282/1363/1282
f 2088/2252/2088 2099/2264/2099 2220/2395/2220
f 2303/2486/2303 2304/2487/2304 2305/2488/2305
f 2306/2489/2306 2307/2490/2307 2308/2491/2308
f 2183/2356/2183 2219/2394/2219 2099/2264/2099
f 2088/2252/2088 2309/2492/2309 2067/2225/2067
f 2100/2265/2100 2101/2266/2101 2027/2184/2027
f 2310/2493/2310 2311/2494/2311 2312/2495/2312
f 2313/2496/2313 2314/2497/2314 2315/2498/2315
f 2316/2499/2316 1396/1487/1396 2317/2500/2317
f 2318/2501/2318 385/415/385 2284/2464/2284
f 2319/2502/2319 2320/2503/2320 2321/2504/2321
f 2322/2505/2322 2323/2506/2323 2324/2507/2324
f 2048/2205/2048 2073/2231/2073 2318/2501/2318
f 1029/1099/1029 1527/1635/1527 592/635/592
f 676/721/676 1423/1831/1423 1706/1830/1706
f 132/132/132 2325/2508/2325 2326/2509/2326
f 2288/2468/2288 889/955/889 2327/2510/2327
f 2073/2231/2073 2048/2205/2048 1915/2062/1915
f 2033/2190/2033 646/690/646 2328/2511/2328
f 644/688/644 2329/2512/2329 2330/2513/2330
f 2106/2514/2106 2309/2492/2309 2058/2238/2058
f 21/21/21 2331/2515/2331 2332/2516/2332
f 331/349/331 330/348/330 2333/2517/2333
f 2334/2518/2334 2335/2519/2335 2336/2520/2336
f 2337/2521/2337 2338/2522/2338 149/149/149
f 1161/1234/1161 182/183/182 1775/2523/1775
f 2027/2184/2027 2339/2524/2339 2340/2525/2340
f 2341/2526/2341 2342/2527/2342 1251/1330/1251
f 195/196/195 160/160/160 1281/1362/1281
f 2343/2528/2343 1675/1793/1675 147/1795/147
f 2344/2529/2344 2345/2530/2345 2346/2531/2346
f 2347/2532/2347 2183/2356/2183 2184/2357/2184
f 805/863/805 2082/2246/2082 2081/2245/2081
f 2348/2533/2348 2349/2534/2349 2350/2535/2350
f 329/347/329 2351/2536/2351 2352/2537/2352
f 2353/2538/2353 2354/2539/2354 2355/2540/2355
f 2356/2541/2356 320/337/320 1937/2084/1937
f 1946/2093/1946 2357/2542/2357 1947/2094/1947
f 203/204/203 1303/1385/1303 204/205/204
f 2111/2279/2111 2283/2463/2283 2286/2466/2286
f 2358/2543/2358 500/537/500 2359/2544/2359
f 2311/2494/2311 2360/2545/2360 2361/2546/2361
f 2362/2547/2362 2021/2178/2021 324/2548/324
f 2363/2549/2363 2364/2550/2364 2365/2551/2365
f 558/2552/558 2366/2553/2366 1405/1496/1405
f 2367/2554/2367 33/33/33 32/32/32
f 922/990/922 972/1041/972 1155/1228/1155
f 2368/2555/2368 1423/1515/1423 1364/1450/1364
f 1646/1764/1646 2369/2556/2369 2370/2557/2370
f 2277/2456/2277 2371/2558/2371 551/592/551
f 694/739/694 733/781/733 2207/2381/2207
f 2139/2308/2139 2372/2559/2372 1328/1411/1328
f 2373/2560/2373 2292/2474/2292 2374/2561/2374
f 2031/2188/2031 1275/1355/1275 2375/2562/2375
f 1533/1641/1533 2376/2563/2376 2377/2564/2377
f 2378/2565/2378 2307/2490/2307 2101/2266/2101
f 2379/2566/2379 1277/1357/1277 2380/2567/2380
f 2006/2568/2006 2005/2569/2005 435/466/435
f 2347/2532/2347 2184/2357/2184 2326/2509/2326
f 2308/2491/2308 2378/2565/2378 765/819/765
f 2381/2570/2381 2382/2571/2382 2383/2572/2383
f 2384/2573/2384 2385/2574/2385 2386/2575/2386
f 2387/2576/2387 2388/2577/2388 2325/2508/2325
f 2145/2314/2145 606/649/606 2284/2464/2284
f 1884/2578/1884 2255/2579/2255 2389/2580/2389
f 2282/2581/2282 2390/2582/2390 2391/2583/2391
f 1281/1362/1281 160/160/160 187/188/187
f 923/991/923 1368/1455/1368 1560/1670/1560
f 2392/2584/2392 1220/1295/1220 2393/2585/2393
f 2088/2252/2088 2220/2395/2220 2394/2586/2394
f 2395/2587/2395 2341/2526/2341 2396/2588/2396
f 2328/2511/2328 2397/2589/2397 2398/2590/2398
f 2399/2591/2399 41/41/41 40/40/40
f 1425/1518/1425 2400/2592/2400 2401/2593/2401
f 1813/1946/1813 45/45/45 47/47/47
f 1530/2594/1530 2309/2492/2309 2402/2595/2402
f 385/415/385 2318/2501/2318 2073/2231/2073
f 2318/2501/2318 2403/2596/2403 2404/2597/2404
f 2185/2358/2185 1405/1496/1405 2405/2598/2405
f 2406/2599/2406 2407/2600/2407 2408/2601/2408
f 1804/1936/1804 1803/1935/1803 793/850/793
f 2409/2602/2409 2410/2603/2410 2411/2604/2411
f 2347/2532/2347 2219/2394/2219 2183/2356/2183
f 1116/1188/1116 1334/1417/1334 1335/1418/1335
f 734/783/734 2412/2605/2412 2413/2606/2413
f 2414/2607/2414 2415/2608/2415 2416/2609/2416
f 2326/2509/2326 2325/2508/2325 2388/2577/2388
f 2262/2441/2262 2185/2358/2185 2417/2610/2417
f 560/601/560 1239/1314/1239 2418/2611/2418
f 39/39/39 2419/2612/2419 2283/2463/2283
f 2366/2613/2366 558/599/558 2420/2614/2420
f 2421/2615/2421 33/33/33 2422/2616/2422
f 2423/2617/2423 2424/2618/2424 2425/2619/2425
f 169/170/169 1539/1648/1539 1525/2620/1525
f 1729/1908/1729 1032/1102/1032 2163/2336/2163
f 2426/2621/2426 2257/2436/2257 1219/2622/1219
f 1614/1729/1614 1613/1728/1613 2261/2440/2261
f 1535/1643/1535 1336/1419/1336 1584/1696/1584
f 2219/2394/2219 2347/2532/2347 2427/2623/2427
f 1558/1668/1558 861/924/861 2421/2615/2421
f 328/345/328 2428/2624/2428 2429/2625/2429
f 2430/2626/2430 2431/2627/2431 2432/2628/2432
f 2433/2629/2433 2434/2630/2434 2384/2573/2384
f 2435/2631/2435 2340/2525/2340 2436/2632/2436
f 2173/2346/2173 2437/2633/2437 1986/2136/1986
f 2438/2634/2438 2439/2635/2439 2440/2636/2440
f 2441/2637/2441 2442/2638/2442 715/763/715
f 2443/2639/2443 2444/2640/2444 2330/2513/2330
f 2445/2641/2445 151/151/151 2405/2598/2405
f 202/203/202 204/205/204 1174/1248/1174
f 2309/2642/2309 2088/2643/2088 2394/2644/2394
f 2446/2645/2446 2447/2646/2447 2448/2647/2448
f 2449/2648/2449 2155/2328/2155 202/203/202
f 630/674/630 681/743/681 2450/2649/2450
f 733/781/733 693/738/693 1803/1935/1803
f 1690/1812/1690 2451/2650/2451 268/274/268
f 2452/2651/2452 191/192/191 98/98/98
f 2453/2652/2453 2454/2653/2454 2455/2654/2455
f 1106/2655/1106 2456/2656/2456 2457/2657/2457
f 2318/2501/2318 2284/2464/2284 2458/2658/2458
f 2459/2659/2459 606/649/606 605/648/605
f 1790/1921/1790 1624/1740/1624 1822/1959/1822
f 2171/2344/2171 2283/2463/2283 2111/2279/2111
f 2436/2632/2436 2307/2490/2307 2460/2660/2460
f 2461/2661/2461 1164/1237/1164 2462/2662/2462
f 2463/2663/2463 537/577/537 536/576/536
f 2045/2202/2045 2080/2242/2080 911/978/911
f 2464/2664/2464 2465/2665/2465 2466/2666/2466
f 1371/1459/1371 1373/1461/1373 2467/2667/2467
f 2468/2668/2468 1493/1595/1493 526/1594/526
f 2469/2669/2469 2470/2670/2470 492/2671/492
f 2471/2672/2471 2472/2673/2472 2473/2674/2473
f 2474/2675/2474 2475/2676/2475 2476/2677/2476
f 2477/2678/2477 2478/2679/2478 2479/2680/2479
f 2480/2681/2480 2481/2682/2481 2482/2683/2482
f 2483/2684/2483 2319/2502/2319 2484/2685/2484
f 2219/2394/2219 2427/2623/2427 2220/2395/2220
f 493/530/493 2485/2686/2485 2486/2687/2486
f 775/830/775 1725/2688/1725 2487/2689/2487
f 2488/2690/2488 2489/2691/2489 2175/2348/2175
f 2340/2525/2340 2435/2631/2435 2443/2639/2443
f 2490/2692/2490 2491/2693/2491 1421/1512/1421
f 981/1050/981 2492/2694/2492 2493/2695/2493
f 2494/2696/2494 2495/2697/2495 2496/2698/2496
f 2497/2699/2497 2498/2700/2498 2499/2701/2499
f 292/2702/292 284/293/284 247/624/247
f 2500/2703/2500 2501/2704/2501 2502/2705/2502
f 131/131/131 2503/2706/2503 2504/2707/2504
f 2505/2708/2505 2506/2709/2506 1420/2710/1420
f 2261/2440/2261 2507/2711/2507 2508/2712/2508
f 2420/2614/2420 560/601/560 2509/2713/2509
f 865/928/865 395/425/395 394/424/394
f 151/151/151 153/153/153 2417/2610/2417
f 312/329/312 2403/2596/2403 2458/2658/2458
f 663/708/663 2510/2714/2510 664/709/664
f 694/739/694 2262/2441/2262 2511/2715/2511
f 2512/2716/2512 2513/2717/2513 2514/2718/2514
f 2437/2633/2437 2451/2650/2451 2515/2719/2515
f 765/819/765 2516/2720/2516 2308/2491/2308
f 2517/2721/2517 2518/2722/2518 2519/2723/2519
f 577/618/577 579/620/579 2520/2724/2520
f 2521/2725/2521 1396/1487/1396 2522/2726/2522
f 2508/2712/2508 2507/2711/2507 2523/2727/2523
f 2516/2720/2516 765/819/765 2515/2728/2515
f 2524/2729/2524 2525/2730/2525 2526/2731/2526
f 2307/2490/2307 2436/2632/2436 2339/2524/2339
f 2527/2732/2527 2352/2733/2352 2528/2734/2528
f 2529/2735/2529 2530/2736/2530 2531/2737/2531
f 129/129/129 1489/1589/1489 1404/1495/1404
f 606/649/606 2459/2659/2459 2284/2464/2284
f 2476/2677/2476 2532/2738/2532 2533/2739/2533
f 2534/2740/2534 2535/2741/2535 2536/2742/2536
f 644/688/644 2537/2743/2537 2538/2744/2538
f 2539/2745/2539 2427/2623/2427 2347/2532/2347
f 1274/1354/1274 1276/1356/1276 2043/2200/2043
f 2540/2746/2540 2541/2747/2541 727/775/727
f 2508/2712/2508 2399/2591/2399 1614/1729/1614
f 693/738/693 794/851/794 1803/1935/1803
f 1975/2124/1975 962/2748/962 338/359/338
f 2542/2749/2542 2543/2750/2543 2544/2751/2544
f 1276/1356/1276 839/899/839 2545/2752/2545
f 2532/2738/2532 2476/2677/2476 2475/2676/2475
f 2546/2753/2546 2547/2754/2547 2548/2755/2548
f 2285/2465/2285 2549/2756/2549 1207/1282/1207
f 2171/2344/2171 1613/1728/1613 39/39/39
f 2394/2644/2394 2220/2757/2220 2550/2758/2550
f 2551/2759/2551 2552/2760/2552 983/1052/983
f 2553/2761/2553 2554/2762/2554 1843/1982/1843
f 1983/2132/1983 2555/2763/2555 1981/2130/1981
f 2556/2764/2556 2064/2221/2064 391/421/391
f 2038/2195/2038 2557/2765/2557 2558/2766/2558
f 2422/2616/2422 2367/2554/2367 2559/2767/2559
f 1960/2109/1960 1962/2111/1962 2560/2768/2560
f 2561/2769/2561 2192/2366/2192 2562/2770/2562
f 2367/2554/2367 2422/2616/2422 33/33/33
f 2563/2771/2563 2445/2772/2445 2420/2614/2420
f 1265/1345/1265 1264/1344/1264 793/850/793
f 2134/2303/2134 2133/2302/2133 1587/1699/1587
f 645/689/645 2538/2744/2538 2562/2770/2562
f 41/41/41 2564/2773/2564 2419/2612/2419
f 660/705/660 2565/2774/2565 2566/2775/2566
f 2567/2776/2567 2568/2777/2568 2192/2366/2192
f 1074/1145/1074 2569/2778/2569 2570/2779/2570
f 2307/2490/2307 2306/2489/2306 2460/2660/2460
f 2571/2780/2571 949/1017/949 2572/2781/2572
f 1803/1935/1803 794/851/794 793/850/793
f 2573/2782/2573 1529/2783/1529 2574/2784/2574
f 2575/2785/2575 2576/2786/2576 1945/2092/1945
f 256/262/256 2577/2787/2577 2578/2788/2578
f 2579/2789/2579 2580/2790/2580 2581/2791/2581
f 1827/1964/1827 2582/2792/2582 2583/2793/2583
f 2584/2794/2584 2585/2795/2585 2586/2796/2586
f 645/689/645 2562/2770/2562 2192/2366/2192
f 1274/1354/1274 2043/2200/2043 2533/2739/2533
f 2528/2734/2528 2587/2797/2587 2523/2727/2523
f 2588/2798/2588 2510/2714/2510 2180/2353/2180
f 2589/2799/2589 2590/2800/2590 23/23/23
f 2591/2801/2591 1438/1533/1438 2592/2802/2592
f 316/2803/316 2593/2804/2593 2594/2805/2594
f 2595/2806/2595 2596/2807/2596 2597/2808/2597
f 1150/1223/1150 2598/2809/2598 1151/1224/1151
f 2568/2777/2568 2599/2810/2599 2193/2367/2193
f 2516/2720/2516 2600/2811/2600 2306/2489/2306
f 2508/2712/2508 2523/2727/2523 2601/2812/2601
f 2602/2813/2602 162/163/162 161/162/161
f 1021/2814/1021 670/2815/670 2603/2816/2603
f 2274/2453/2274 2604/2817/2604 1025/1095/1025
f 2605/2818/2605 1696/1819/1696 1695/1818/1695
f 2427/2819/2427 2550/2758/2550 2220/2757/2220
f 2606/2820/2606 2607/2821/2607 2608/2822/2608
f 2537/2743/2537 2330/2513/2330 2444/2640/2444
f 792/849/792 1265/1345/1265 793/850/793
f 2418/2611/2418 2509/2713/2509 560/601/560
f 2545/2823/2545 2287/2467/2287 1276/2824/1276
f 2609/2825/2609 2610/2826/2610 2611/2827/2611
f 2612/2828/2612 2613/2829/2613 1569/1680/1569
f 2614/2830/2614 2615/2831/2615 2616/2832/2616
f 1705/2833/1705 2617/2834/2617 2618/2835/2618
f 2508/2712/2508 2601/2812/2601 2399/2591/2399
f 2607/2821/2607 2444/2640/2444 2435/2631/2435
f 693/738/693 610/653/610 794/851/794
f 759/812/759 2619/2836/2619 628/2837/628
f 2620/2838/2620 2563/2771/2563 2509/2713/2509
f 2621/2839/2621 2622/2840/2622 2623/2841/2623
f 2624/2842/2624 2625/2843/2625 1213/1288/1213
f 153/153/153 2626/2844/2626 2511/2715/2511
f 2627/2845/2627 2628/2846/2628 2629/2847/2629
f 2547/2754/2547 2630/2848/2630 2631/2849/2631
f 2363/2549/2363 2632/2850/2632 2364/2550/2364
f 2387/2851/2387 2633/2852/2633 2388/2853/2388
f 661/706/661 2634/2854/2634 2635/2855/2635
f 2636/2856/2636 968/2857/968 967/2858/967
f 1518/1622/1518 2460/2660/2460 2600/2811/2600
f 711/759/711 2637/2859/2637 2638/2860/2638
f 695/740/695 610/653/610 693/738/693
f 2639/2861/2639 2640/2862/2640 2641/2863/2641
f 1476/1574/1476 1854/1993/1854 1817/1950/1817
f 2452/2651/2452 2642/2864/2642 192/193/192
f 2252/2430/2252 2033/2190/2033 1810/1943/1810
f 954/1023/954 956/1025/956 2643/2865/2643
f 2644/2866/2644 276/284/276 301/313/301
f 2645/2867/2645 496/2868/496 2646/2869/2646
f 1200/1275/1200 716/764/716 715/763/715
f 1436/2870/1436 2647/2871/2647 2648/2872/2648
f 2568/2777/2568 2332/2516/2332 2599/2810/2599
f 2649/2873/2649 2650/2874/2650 2651/2875/2651
f 2373/2876/2373 2652/2877/2652 2503/2878/2503
f 2653/2879/2653 2654/2880/2654 2655/2881/2655
f 1133/1205/1133 2656/2882/2656 1134/1206/1134
f 1525/1633/1525 1657/1775/1657 1526/1634/1526
f 2657/2883/2657 2658/2884/2658 2043/2200/2043
f 2659/2885/2659 2660/2886/2660 3/3/3
f 2661/2887/2661 2662/2888/2662 2663/2889/2663
f 608/651/608 610/653/610 695/740/695
f 2664/2890/2664 2665/2891/2665 2666/2892/2666
f 2667/2893/2667 2668/2894/2668 2669/2895/2669
f 41/41/41 2670/2896/2670 2564/2773/2564
f 2671/2897/2671 2672/2898/2672 1065/1136/1065
f 2350/2899/2350 2673/2900/2673 2674/2901/2674
f 2675/2902/2675 945/2903/945 944/2904/944
f 2676/2905/2676 2677/2906/2677 2678/2907/2678
f 2679/2908/2679 1797/2909/1797 700/748/700
f 1542/1651/1542 1271/1351/1271 1146/1218/1146
f 2680/2910/2680 2681/2911/2681 2682/2912/2682
f 2683/2913/2683 2684/2914/2684 2685/2915/2685
f 1900/2044/1900 2686/2916/2686 1901/2045/1901
f 869/2917/869 2687/2918/2687 2688/2919/2688
f 2528/2734/2528 2523/2727/2523 2507/2711/2507
f 921/989/921 922/990/922 1083/1154/1083
f 2559/2920/2559 2475/2676/2475 2689/2921/2689
f 2690/2922/2690 312/329/312 2458/2658/2458
f 695/740/695 2511/2715/2511 2626/2844/2626
f 93/2923/93 1869/2924/1869 1941/2088/1941
f 1706/1830/1706 1705/1829/1705 2618/2925/2618
f 2691/2926/2691 2685/2915/2685 2684/2914/2684
f 2692/2927/2692 2693/2928/2693 2694/2929/2694
f 2695/2930/2695 2696/2931/2696 2689/2932/2689
f 794/851/794 610/653/610 792/849/792
f 249/255/249 684/729/684 310/327/310
f 2587/2797/2587 2697/2933/2697 2523/2727/2523
f 1851/1990/1851 1567/1678/1567 1852/1991/1852
f 2135/2304/2135 2625/2843/2625 2698/2934/2698
f 2699/2935/2699 2700/2936/2700 2701/2937/2701
f 2420/2614/2420 2509/2713/2509 2563/2771/2563
f 2702/2938/2702 2703/2939/2703 13/13/13
f 2704/2940/2704 1298/1380/1298 2705/2941/2705
f 1603/1717/1603 2706/2942/2706 25/1718/25
f 95/1826/95 2707/2943/2707 96/2944/96
f 2703/2939/2703 2708/2945/2708 2709/2946/2709
f 2710/2947/2710 1212/1287/1212 561/602/561
f 2711/2948/2711 2712/2949/2712 2194/2950/2194
f 2713/2951/2713 258/264/258 2714/2952/2714
f 144/144/144 134/134/134 175/176/175
f 190/191/190 206/207/206 523/563/523
f 2523/2727/2523 2697/2933/2697 2601/2812/2601
f 568/609/568 2715/2953/2715 470/1018/470
f 2716/2954/2716 2662/2955/2662 2717/2956/2717
f 2668/2894/2668 2718/2957/2718 2669/2895/2669
f 2719/2958/2719 2720/2959/2720 2721/2960/2721
f 2722/2961/2722 2389/2580/2389 2723/2962/2723
f 2724/2963/2724 2613/2829/2613 2725/2964/2725
f 2601/2812/2601 2697/2933/2697 2726/2965/2726
f 2727/2966/2727 2728/2967/2728 977/1046/977
f 487/524/487 2688/2919/2688 2422/2616/2422
f 2729/2968/2729 2730/2969/2730 2620/2838/2620
f 229/230/229 2731/2970/2731 118/118/118
f 1562/1672/1562 1561/1671/1561 927/2278/927
f 2476/2677/2476 2658/2884/2658 2474/2675/2474
f 1266/1346/1266 2732/2971/2732 2733/2972/2733
f 857/920/857 2734/2973/2734 2735/2974/2735
f 2633/2852/2633 2504/2975/2504 2736/2976/2736
f 2737/2977/2737 2738/2978/2738 1022/2979/1022
f 1067/1138/1067 2541/2747/2541 1068/1139/1068
f 1703/1827/1703 1578/1690/1578 1497/1601/1497
f 871/1249/871 1174/1248/1174 2687/2918/2687
f 2739/2980/2739 2509/2981/2509 2574/2784/2574
f 2657/2883/2657 2043/2200/2043 2042/2199/2042
f 2740/2982/2740 2741/2983/2741 2742/2984/2742
f 329/347/329 2669/2895/2669 2351/2536/2351
f 2743/2985/2743 2744/2986/2744 2745/2987/2745
f 2193/2367/2193 2192/2366/2192 2568/2777/2568
f 2549/2756/2549 449/483/449 1207/1282/1207
f 2638/2988/2638 1017/2989/1017 712/2990/712
f 628/2837/628 568/609/568 432/2991/432
f 121/121/121 2286/2466/2286 1207/1282/1207
f 2746/2992/2746 438/469/438 2562/2770/2562
f 187/188/187 160/160/160 159/159/159
f 2747/2993/2747 228/229/228 227/228/227
f 2620/2994/2620 2509/2981/2509 2739/2980/2739
f 2748/2995/2748 1759/2996/1759 172/173/172
f 2626/2844/2626 153/153/153 152/152/152
f 2749/2997/2749 2750/2998/2750 2587/2797/2587
f 1542/1651/1542 1543/1652/1543 1677/1796/1677
f 2751/2999/2751 2539/3000/2539 2388/2853/2388
f 2752/3001/2752 2749/2997/2749 2753/3002/2753
f 1947/2094/1947 2357/2542/2357 2754/3003/2754
f 1278/1358/1278 1724/1849/1724 2755/3004/2755
f 2427/2819/2427 2539/3000/2539 2756/3005/2756
f 2757/3006/2757 2758/3007/2758 2759/3008/2759
f 2652/2877/2652 2736/2976/2736 2503/2878/2503
f 2516/2720/2516 2760/3009/2760 2600/2811/2600
f 541/581/541 540/580/540 2761/3010/2761
f 2306/2489/2306 2600/2811/2600 2460/2660/2460
f 2762/3011/2762 2577/3012/2577 2763/3013/2763
f 2422/2616/2422 2696/2931/2696 2764/3014/2764
f 1541/1650/1541 1580/1692/1580 1481/1579/1481
f 2765/3015/2765 2766/3016/2766 2549/2756/2549
f 2767/3017/2767 2714/2952/2714 2768/3018/2768
f 2399/2591/2399 2670/2896/2670 41/41/41
f 2769/3019/2769 19/19/19 2567/2776/2567
f 2770/3020/2770 2294/2476/2294 2376/2563/2376
f 2503/2878/2503 2736/2976/2736 2504/2975/2504
f 2419/2612/2419 2765/3015/2765 2549/2756/2549
f 1201/1276/1201 1200/1275/1200 1263/1343/1263
f 2402/3021/2402 1531/1639/1531 1530/1638/1530
f 2771/3022/2771 2772/3023/2772 1225/1300/1225
f 2332/2516/2332 2568/2777/2568 19/19/19
f 24/24/24 23/23/23 2590/2800/2590
f 2773/3024/2773 2774/3025/2774 2775/3026/2775
f 2776/3027/2776 2777/3028/2777 2778/3029/2778
f 438/469/438 2746/2992/2746 1694/1817/1694
f 478/515/478 2779/3030/2779 2780/3031/2780
f 1255/1335/1255 2550/2758/2550 2781/3032/2781
f 2782/3033/2782 1292/3034/1292 2783/3035/2783
f 1690/3036/1690 2784/3037/2784 2785/3038/2785
f 1231/1306/1231 2786/3039/2786 1326/1979/1326
f 2785/3038/2785 2760/3009/2760 2515/2728/2515
f 2394/2644/2394 2402/3021/2402 2309/2642/2309
f 39/39/39 41/41/41 2419/2612/2419
f 2574/2784/2574 1529/2783/1529 2739/2980/2739
f 2787/3040/2787 2788/3041/2788 2789/3042/2789
f 2427/2819/2427 2756/3005/2756 2781/3032/2781
f 1806/1939/1806 1175/1938/1175 871/935/871
f 1693/1816/1693 2444/2640/2444 1052/1123/1052
f 2790/3043/2790 293/302/293 295/304/295
f 2600/2811/2600 1519/1623/1519 1518/1622/1518
f 2791/3044/2791 2090/2254/2090 2792/3045/2792
f 2793/3046/2793 2610/2826/2610 2794/3047/2794
f 2795/3048/2795 933/1001/933 2796/3049/2796
f 605/648/605 2797/3050/2797 2459/2659/2459
f 251/257/251 2798/3051/2798 2730/2969/2730
f 2799/3052/2799 905/972/905 884/950/884
f 2487/2689/2487 2800/3053/2800 2801/3054/2801
f 695/740/695 2626/2844/2626 608/651/608
f 2802/3055/2802 2803/3056/2803 2804/3057/2804
f 2332/2516/2332 19/19/19 21/21/21
f 2422/2616/2422 2764/3014/2764 487/524/487
f 2805/3058/2805 2806/3059/2806 2807/3060/2807
f 605/648/605 2331/2515/2331 2797/3050/2797
f 2666/2892/2666 1721/1846/1721 2664/2890/2664
f 2756/3005/2756 2539/3000/2539 2751/2999/2751
f 2263/2442/2263 2808/3061/2808 1669/1787/1669
f 313/330/313 1615/1730/1615 311/328/311
f 1204/1279/1204 1829/1966/1829 1740/3062/1740
f 1693/1816/1693 1052/1123/1052 1051/1122/1051
f 2528/2734/2528 2749/2997/2749 2587/2797/2587
f 2809/3063/2809 2810/3064/2810 2561/2769/2561
f 1126/1198/1126 253/259/253 2811/3065/2811
f 2812/3066/2812 2813/3067/2813 2814/3068/2814
f 2718/2957/2718 2668/2894/2668 2815/3069/2815
f 2816/3070/2816 2817/3071/2817 2818/3072/2818
f 2736/2976/2736 2819/3073/2819 2633/2852/2633
f 2820/3074/2820 2821/3075/2821 2520/2724/2520
f 2822/3076/2822 2667/2893/2667 1199/1274/1199
f 2823/3077/2823 1005/3078/1005 1004/3079/1004
f 2824/3080/2824 2825/3081/2825 1029/1099/1029
f 2729/2968/2729 2324/2507/2324 252/258/252
f 2427/2819/2427 2781/3032/2781 2550/2758/2550
f 2826/3082/2826 1362/1448/1362 1361/1447/1361
f 1059/1130/1059 1103/3083/1103 1060/1131/1060
f 2670/2896/2670 2827/3084/2827 2564/2773/2564
f 1483/1581/1483 2248/2426/2248 2828/3085/2828
f 1955/2104/1955 1727/1852/1727 804/3086/804
f 2829/3087/2829 2830/3088/2830 2831/3089/2831
f 1808/1941/1808 2033/2190/2033 2328/2511/2328
f 796/853/796 2832/3090/2832 2833/3091/2833
f 544/585/544 2755/3004/2755 2834/3092/2834
f 679/724/679 678/723/678 2658/3093/2658
f 594/637/594 2450/2649/2450 681/743/681
f 2835/3094/2835 2836/3095/2836 2837/3096/2837
f 2838/3097/2838 2839/3098/2839 2840/3099/2840
f 1265/1345/1265 792/849/792 2189/2363/2189
f 2672/2898/2672 2841/3100/2841 1065/1136/1065
f 423/3101/423 2842/3102/2842 2843/3103/2843
f 2537/2743/2537 1693/1816/1693 2746/2992/2746
f 2844/3104/2844 1058/1129/1058 2845/3105/2845
f 2846/3106/2846 1209/1284/1209 2847/3107/2847
f 2848/3108/2848 1063/1134/1063 1062/1133/1062
f 679/724/679 2657/3109/2657 2849/3110/2849
f 1460/3111/1460 2850/3112/2850 2851/3113/2851
f 2852/3114/2852 20/20/20 2853/3115/2853
f 2751/2999/2751 2854/3116/2854 2756/3005/2756
f 1298/1380/1298 2855/3117/2855 735/784/735
f 240/243/240 1566/1676/1566 657/702/657
f 2484/2685/2484 2319/2502/2319 2321/2504/2321
f 2344/2529/2344 2856/3118/2856 638/682/638
f 2857/3119/2857 2831/3089/2831 2858/3120/2858
f 2419/2612/2419 2564/2773/2564 2765/3015/2765
f 2859/3121/2859 2815/3069/2815 2668/2894/2668
f 2751/2999/2751 2633/2852/2633 2860/3122/2860
f 2861/3123/2861 2862/3124/2862 2863/3125/2863
f 2733/2972/2733 2864/3126/2864 1266/1346/1266
f 2005/2157/2005 2007/2159/2007 2021/3127/2021
f 1263/1343/1263 2442/2638/2442 1264/1344/1264
f 2865/3128/2865 2866/3129/2866 2867/3130/2867
f 2868/3131/2868 2815/3132/2815 2869/3133/2869
f 609/652/609 2870/3134/2870 792/849/792
f 2871/3135/2871 2872/3136/2872 2873/3137/2873
f 2874/3138/2874 2781/3032/2781 2756/3005/2756
f 2587/2797/2587 2750/2998/2750 2875/3139/2875
f 2876/3140/2876 2877/3141/2877 313/330/313
f 2878/3142/2878 2879/3143/2879 2880/3144/2880
f 756/3145/756 471/508/471 345/507/345
f 1127/3146/1127 1694/1817/1694 1051/1122/1051
f 1839/1977/1839 2031/2188/2031 1861/2003/1861
f 2797/3050/2797 21/21/21 2881/3147/2881
f 1880/2022/1880 2592/2802/2592 2882/3148/2882
f 2746/2992/2746 1693/1816/1693 1694/1817/1694
f 2036/2193/2036 2883/3149/2883 2884/3150/2884
f 2399/2591/2399 2601/2812/2601 2670/2896/2670
f 2885/3151/2885 2886/3152/2886 1720/1845/1720
f 2669/2895/2669 329/347/329 2667/2893/2667
f 2887/3153/2887 2888/3154/2888 2889/3155/2889
f 2378/2565/2378 2101/2266/2101 1904/2048/1904
f 276/284/276 2644/2866/2644 274/282/274
f 2890/3156/2890 2891/3157/2891 2506/3158/2506
f 24/24/24 2590/2800/2590 1386/3159/1386
f 2892/3160/2892 2893/3161/2893 2894/3162/2894
f 1263/1343/1263 2895/3163/2895 1201/1276/1201
f 1894/2037/1894 2896/3164/2896 2897/3165/2897
f 2724/3166/2724 2725/3167/2725 2695/3168/2695
f 2898/3169/2898 2899/3170/2899 2900/3171/2900
f 2901/3172/2901 2902/3173/2902 2903/3174/2903
f 2904/3175/2904 2905/3176/2905 2200/3177/2200
f 2860/3122/2860 2633/2852/2633 2819/3073/2819
f 859/922/859 2906/3178/2906 1514/1618/1514
f 1517/1621/1517 2606/2820/2606 1518/1622/1518
f 2907/3179/2907 1941/2088/1941 1940/2087/1940
f 859/922/859 1514/1618/1514 857/920/857
f 1334/1417/1334 1116/1188/1116 776/831/776
f 2117/2285/2117 2536/2742/2536 2908/3180/2908
f 2335/3181/2335 2465/3182/2465 2740/2982/2740
f 2819/3073/2819 2736/2976/2736 2909/3183/2909
f 345/3184/345 310/3185/310 757/3186/757
f 1261/1341/1261 279/287/279 1262/1342/1262
f 2305/2488/2305 2910/3187/2910 2303/2486/2303
f 2562/2770/2562 438/469/438 2561/2769/2561
f 2112/2280/2112 120/120/120 1818/1951/1818
f 486/523/486 869/2917/869 487/524/487
f 112/112/112 2911/3188/2911 2912/3189/2912
f 2874/3138/2874 2756/3005/2756 2854/3116/2854
f 2913/3190/2913 2781/3032/2781 2874/3138/2874
f 2914/3191/2914 2915/3192/2915 2916/3193/2916
f 2917/3194/2917 430/460/430 2918/3195/2918
f 20/3196/20 2877/3197/2877 2881/3198/2881
f 2822/3076/2822 1199/1274/1199 1177/1252/1177
f 1513/1617/1513 955/1024/955 954/1023/954
f 346/371/346 2919/3199/2919 2920/3200/2920
f 2921/3201/2921 1934/2081/1934 2922/3202/2922
f 2061/2218/2061 2854/3116/2854 2059/2216/2059
f 2923/3203/2923 1380/1468/1380 1379/1467/1379
f 1313/1396/1313 1411/1502/1411 2924/3204/2924
f 1899/2042/1899 2925/3205/2925 2432/3206/2432
f 2764/3014/2764 2696/2931/2696 2926/3207/2926
f 2926/3207/2926 2696/2931/2696 2725/3208/2725
f 2927/3209/2927 6/6/6 5/5/5
f 2928/3210/2928 2929/3211/2929 2930/3212/2930
f 2587/2797/2587 2875/3139/2875 2697/2933/2697
f 2874/3138/2874 2854/3116/2854 2915/3192/2915
f 2931/3213/2931 2932/3214/2932 2461/2661/2461
f 2564/2773/2564 2827/3084/2827 2933/3215/2933
f 2607/2821/2607 1052/1123/1052 2444/2640/2444
f 2652/2877/2652 1805/1937/1805 2909/3183/2909
f 2934/3216/2934 2769/3019/2769 2810/3064/2810
f 2935/3217/2935 2936/3218/2936 1615/3219/1615
f 1568/3220/1568 2724/3221/2724 2937/3222/2937
f 2026/2183/2026 2938/3223/2938 2939/3224/2939
f 2940/3225/2940 1451/1547/1451 2941/3226/2941
f 2942/3227/2942 2943/3228/2943 2720/3229/2720
f 2944/3230/2944 2302/2485/2302 2440/3231/2440
f 2945/3232/2945 2126/2294/2126 2125/2293/2125
f 2946/3233/2946 2947/3234/2947 2948/3235/2948
f 2949/3236/2949 2897/3165/2897 2950/3237/2950
f 19/19/19 2769/3019/2769 2853/3115/2853
f 2951/3238/2951 2952/3239/2952 553/594/553
f 2567/2776/2567 2810/3064/2810 2769/3019/2769
f 659/704/659 2953/3240/2953 1800/3241/1800
f 2827/3084/2827 2804/3057/2804 2933/3215/2933
f 2954/3242/2954 1452/1548/1452 2955/3243/2955
f 510/3244/510 2956/3245/2956 2957/3246/2957
f 2390/2582/2390 2958/3247/2958 2959/3248/2959
f 355/384/355 2960/3249/2960 356/385/356
f 2522/2726/2522 1396/1487/1396 1398/1489/1398
f 1265/1345/1265 2188/2362/2188 1263/1343/1263
f 2765/3015/2765 2564/2773/2564 2933/3215/2933
f 2961/3250/2961 1157/1230/1157 1963/2112/1963
f 2962/3251/2962 2963/3252/2963 2964/3253/2964
f 2965/3254/2965 2199/2373/2199 2823/3077/2823
f 920/988/920 2376/2563/2376 2294/2476/2294
f 2966/3255/2966 1453/1549/1453 2238/2413/2238
f 1654/1772/1654 397/427/397 396/426/396
f 1519/1623/1519 2920/3200/2920 1517/1621/1517
f 2967/3256/2967 2623/2841/2623 2968/3257/2968
f 189/190/189 2969/3258/2969 101/101/101
f 2970/3259/2970 2054/2211/2054 2053/2210/2053
f 2971/3260/2971 918/986/918 2293/2475/2293
f 1127/1199/1127 1126/1198/1126 436/3261/436
f 746/795/746 1997/2148/1997 2972/3262/2972
f 2973/3263/2973 2959/3248/2959 2958/3247/2958
f 1652/1770/1652 1767/1896/1767 1650/1768/1650
f 449/483/449 2766/3016/2766 1940/2087/1940
f 1713/1838/1713 2974/3264/2974 2975/3265/2975
f 2976/3266/2976 2977/3267/2977 2978/3268/2978
f 2316/3269/2316 2979/3270/2979 456/491/456
f 2980/3271/2980 2981/3272/2981 2982/3273/2982
f 838/898/838 2983/3274/2983 2253/3275/2253
f 2984/3276/2984 2985/3277/2985 64/64/64
f 2852/3278/2852 2986/3279/2986 2987/3280/2987
f 2739/3281/2739 1126/1198/1126 2811/3065/2811
f 2697/2933/2697 2875/3139/2875 2988/3282/2988
f 2989/3283/2989 2990/3284/2990 2991/3285/2991
f 2992/3286/2992 2993/3287/2993 2994/3288/2994
f 2995/3289/2995 2868/3131/2868 2869/3133/2869
f 2996/3290/2996 263/3291/263 2997/3292/2997
f 2914/3191/2914 2998/3293/2998 2874/3138/2874
f 2766/3016/2766 2765/3015/2765 2999/3294/2999
f 1836/1973/1836 2899/3170/2899 1834/1971/1834
f 746/795/746 748/797/748 1575/1687/1575
f 163/164/163 2000/2151/2000 164/165/164
f 2695/3168/2695 2475/2676/2475 2474/2675/2474
f 3000/3295/3000 3001/3296/3001 2909/3183/2909
f 1941/2088/1941 3002/3297/3002 450/484/450
f 3003/3298/3003 3004/3299/3004 2941/3226/2941
f 3005/3300/3005 3006/3301/3006 2429/2625/2429
f 1957/3302/1957 1956/3303/1956 1374/1462/1374
f 2600/2811/2600 2760/3009/2760 2929/3211/2929
f 2913/3190/2913 2874/3138/2874 2998/3293/2998
f 2973/3304/2973 3007/3305/3007 3008/3306/3008
f 2817/3071/2817 3009/3307/3009 3010/3308/3010
f 3011/3309/3011 852/2392/852 2217/2391/2217
f 3012/3310/3012 1435/1530/1435 3013/3311/3013
f 1700/1823/1700 3014/3312/3014 1698/1821/1698
f 3015/3313/3015 67/67/67 3016/3314/3016
f 809/867/809 811/869/811 1929/2076/1929
f 2809/3315/2809 437/3316/437 2934/3317/2934
f 3001/3296/3001 3000/3295/3000 2994/3288/2994
f 3017/3318/3017 414/444/414 1600/1712/1600
f 1480/1578/1480 1479/1577/1479 1682/1801/1682
f 2118/3319/2118 1121/1193/1121 3018/3320/3018
f 491/528/491 1117/1189/1117 489/526/489
f 1253/1333/1253 1252/1332/1252 1978/2127/1978
f 3019/3321/3019 3020/3322/3020 3021/3323/3021
f 2739/3324/2739 436/3325/436 1126/3326/1126
f 3022/3327/3022 2237/3328/2237 161/3329/161
f 2915/3192/2915 2061/2218/2061 2916/3193/2916
f 1383/1472/1383 1287/1369/1287 1124/1196/1124
f 1179/1254/1179 3023/3330/3023 2822/3076/2822
f 3024/3331/3024 2986/3279/2986 2916/3193/2916
f 3025/3332/3025 1073/1144/1073 3026/3333/3026
f 3027/3334/3027 2670/2896/2670 2726/2965/2726
f 1170/1243/1170 472/509/472 1426/1519/1426
f 3028/3335/3028 1745/1873/1745 1744/1872/1744
f 3029/3336/3029 422/3337/422 3030/3338/3030
f 2670/2896/2670 3027/3334/3027 2827/3084/2827
f 3031/3339/3031 3032/3340/3032 3033/3341/3033
f 3034/3342/3034 2934/3317/2934 3035/3343/3035
f 3036/3344/3036 3037/3345/3037 3038/3346/3038
f 208/209/208 209/210/209 3039/3347/3039
f 3040/3348/3040 3041/3349/3041 2999/3294/2999
f 573/614/573 457/492/457 604/647/604
f 3042/3350/3042 3043/3351/3043 1564/1674/1564
f 1255/1335/1255 2998/3293/2998 3035/3343/3035
f 1127/1199/1127 436/3261/436 1694/3352/1694
f 2895/3163/2895 1263/1343/1263 3044/3353/3044
f 2600/2811/2600 2929/3211/2929 1519/1623/1519
f 2549/2756/2549 2766/3016/2766 449/483/449
f 3045/3354/3045 2000/3355/2000 1999/3356/1999
f 911/978/911 2156/2329/2156 909/976/909
f 633/3357/633 254/3358/254 3046/3359/3046
f 3047/3360/3047 2190/2364/2190 2870/3134/2870
f 3048/3361/3048 3049/3362/3049 1419/3363/1419
f 3050/3364/3050 3051/3365/3051 3052/3366/3052
f 3053/3367/3053 3054/3368/3054 2830/3369/2830
f 3034/3342/3034 2998/3293/2998 2914/3191/2914
f 1256/1336/1256 1255/1335/1255 3035/3343/3035
f 3055/3370/3055 1982/2131/1982 3056/3371/3056
f 2853/3372/2853 2769/3373/2769 3057/3374/3057
f 3058/3375/3058 3059/3376/3059 3060/3377/3060
f 870/934/870 306/322/306 3061/3378/3061
f 2919/3199/2919 1052/1123/1052 2606/2820/2606
f 3062/3379/3062 16/16/16 636/680/636
f 2371/2558/2371 3063/3380/3063 2734/2973/2734
f 3064/3381/3064 3065/3382/3065 1820/1955/1820
f 3066/3383/3066 3067/3384/3067 3068/3385/3068
f 3069/3386/3069 3070/3387/3070 1974/2123/1974
f 2916/3193/2916 2852/3278/2852 3057/3374/3057
f 3071/3388/3071 2991/3285/2991 3072/3389/3072
f 2591/2801/2591 3073/3390/3073 3074/3391/3074
f 3075/3392/3075 480/517/480 521/560/521
f 3076/3393/3076 3077/3394/3077 2859/3121/2859
f 3078/3395/3078 1409/1500/1409 1395/1486/1395
f 2607/2821/2607 2606/2820/2606 1052/1123/1052
f 3079/3396/3079 2779/3030/2779 3080/3397/3080
f 1994/2145/1994 2330/2513/2330 2329/2512/2329
f 3081/3398/3081 3082/3399/3082 3083/3400/3083
f 3041/3349/3041 2907/3179/2907 1940/2087/1940
f 3084/3401/3084 3085/3402/3085 3086/3403/3086
f 608/651/608 2626/2844/2626 3087/3404/3087
f 613/656/613 3088/3405/3088 2225/2400/2225
f 2760/3009/2760 2930/3212/2930 2929/3211/2929
f 3089/3406/3089 3090/3407/3090 1305/3408/1305
f 3091/3409/3091 3092/3410/3092 3093/3411/3093
f 3094/3412/3094 3095/3413/3095 3096/3414/3096
f 3097/3415/3097 1206/1281/1206 3098/3416/3098
f 2612/3417/2612 2926/3207/2926 2613/3418/2613
f 3099/3419/3099 3018/3320/3018 1121/1193/1121
f 2477/2678/2477 2479/2680/2479 3100/3420/3100
f 3101/3421/3101 3102/3422/3102 3103/3423/3103
f 3104/3424/3104 1557/1666/1557 3105/3425/3105
f 1942/2089/1942 1944/2091/1944 3106/3426/3106
f 3107/3427/3107 3108/3428/3108 3109/3429/3109
f 608/651/608 3047/3360/3047 609/652/609
f 3103/3423/3103 3110/3430/3110 2750/2998/2750
f 3111/3431/3111 3045/3354/3045 2994/3288/2994
f 3081/3432/3081 3112/3433/3112 3113/3434/3113
f 454/489/454 76/76/76 1456/1552/1456
f 2776/3027/2776 3114/3435/3114 3115/3436/3115
f 2542/2749/2542 3116/3437/3116 3117/3438/3117
f 3118/3439/3118 3119/3440/3119 3120/3441/3120
f 3121/3442/3121 613/656/613 3122/3443/3122
f 2809/3063/2809 2561/2769/2561 438/469/438
f 3123/3444/3123 3124/3445/3124 3125/3446/3125
f 3126/3447/3126 3023/3330/3023 3127/3448/3127
f 3047/3360/3047 608/651/608 3087/3404/3087
f 3128/3449/3128 3129/3450/3129 3130/3451/3130
f 1311/1393/1311 3131/3452/3131 3132/3453/3132
f 3133/3454/3133 3134/3455/3134 3135/3456/3135
f 2031/2188/2031 2289/3457/2289 2002/2153/2002
f 3044/3353/3044 2939/3224/2939 2895/3163/2895
f 3136/3458/3136 3137/3459/3137 3138/3460/3138
f 3139/3461/3139 3140/3462/3140 2109/2276/2109
f 313/330/313 312/329/312 2690/2922/2690
f 3141/3463/3141 3142/3464/3142 1588/1700/1588
f 2929/3211/2929 2928/3210/2928 3143/3465/3143
f 3077/3394/3077 3144/3466/3144 2869/3467/2869
f 2188/2362/2188 3145/3468/3145 3044/3353/3044
f 3146/3469/3146 3147/3470/3147 2398/2590/2398
f 263/3291/263 262/3471/262 2997/3292/2997
f 1552/1661/1552 3148/3472/3148 2977/3267/2977
f 2870/3134/2870 2190/2364/2190 2189/2363/2189
f 3149/3473/3149 2995/3289/2995 3144/3474/3144
f 1256/1336/1256 437/3316/437 3150/3475/3150
f 3151/3476/3151 3152/3477/3152 3153/3478/3153
f 3154/3479/3154 1906/2051/1906 1458/1554/1458
f 93/2923/93 1941/2088/1941 2907/3179/2907
f 3155/3480/3155 3080/3397/3080 1024/1094/1024
f 3111/3431/3111 3156/3481/3156 3157/3482/3157
f 1052/1123/1052 2919/3199/2919 1050/1121/1050
f 637/681/637 725/782/725 3158/3483/3158
f 2719/2958/2719 3159/3484/3159 2494/3485/2494
f 3160/3486/3160 3161/3487/3161 237/240/237
f 3162/3488/3162 3163/3489/3163 3164/3490/3164
f 2000/3355/2000 3045/3354/3045 3165/3491/3165
f 3061/3378/3061 3166/3492/3166 3165/3491/3165
f 2919/3199/2919 346/371/346 3046/3359/3046
f 3157/3482/3157 3061/3378/3061 3111/3431/3111
f 2875/3139/2875 3167/3493/3167 2988/3282/2988
f 1189/1264/1189 3168/3494/3168 3169/3495/3169
f 1178/1253/1178 3170/3496/3170 1179/1254/1179
f 2869/3133/2869 3144/3474/3144 2995/3289/2995
f 1649/3497/1649 3171/3498/3171 3172/3499/3172
f 1284/1365/1284 1007/1076/1007 1100/1171/1100
f 3173/3500/3173 801/859/801 803/861/803
f 2764/3014/2764 3174/3501/3174 488/525/488
f 2811/3065/2811 3175/3502/3175 2620/2838/2620
f 2924/3204/2924 1410/1501/1410 3176/3503/3176
f 2495/3504/2495 844/3505/844 3177/3506/3177
f 3178/3507/3178 3153/3478/3153 3152/3477/3152
f 3179/3508/3179 3025/3332/3025 2164/2337/2164
f 2190/2364/2190 2065/2222/2065 2188/2362/2188
f 2988/3282/2988 3180/3509/3180 3027/3334/3027
f 1492/1592/1492 3181/3510/3181 3182/3511/3182
f 3183/3512/3183 3184/3513/3184 3185/3514/3185
f 1654/1772/1654 1656/1774/1656 3186/3515/3186
f 2494/3516/2494 844/3517/844 2495/3518/2495
f 3187/3519/3187 3188/3520/3188 1728/3521/1728
f 2977/3267/2977 3189/3522/3189 1552/1661/1552
f 3190/3523/3190 2920/3200/2920 3143/3465/3143
f 3191/3524/3191 3192/3525/3192 1591/1703/1591
f 2764/3014/2764 2926/3207/2926 3174/3501/3174
f 3193/3526/3193 3144/3466/3144 3077/3394/3077
f 3194/3527/3194 3195/3528/3195 3196/3529/3196
f 2334/2518/2334 2466/3530/2466 3197/3531/3197
f 680/725/680 1603/1717/1603 3198/3532/3198
f 3199/3533/3199 3200/3534/3200 3201/3535/3201
f 3202/3536/3202 2415/2608/2415 2414/2607/2414
f 1591/1703/1591 1593/1705/1593 3203/3537/3203
f 3204/3538/3204 3201/3535/3201 3205/3539/3205
f 3175/3502/3175 2811/3065/2811 3206/3540/3206
f 2135/2304/2135 2698/2934/2698 3207/3541/3207
f 3205/3539/3205 3208/3542/3208 3204/3538/3204
f 2962/3251/2962 3209/3543/3209 2158/2331/2158
f 3210/3544/3210 2495/2697/2495 2083/2247/2083
f 1576/1688/1576 1109/1181/1109 1108/1180/1108
f 1320/1403/1320 1185/1260/1185 1091/1162/1091
f 2944/3230/2944 3211/3545/3211 193/194/193
f 3196/3529/3196 1720/1845/1720 2886/3152/2886
f 3212/3546/3212 3213/3547/3213 3208/3542/3208
f 3214/3548/3214 3215/3549/3215 3216/3550/3216
f 3217/3551/3217 1865/2007/1865 2139/2308/2139
f 2725/3208/2725 2613/3418/2613 2926/3207/2926
f 3200/3534/3200 3199/3533/3199 2182/2355/2182
f 2789/3042/2789 1913/2060/1913 3218/3552/3218
f 3175/3502/3175 2324/2507/2324 2729/2968/2729
f 842/3553/842 3219/3554/3219 3220/3555/3220
f 3221/3556/3221 1896/2039/1896 2518/2722/2518
f 3222/3557/3222 3212/3546/3212 3208/3542/3208
f 2773/3024/2773 3223/3558/3223 1625/1741/1625
f 2608/2822/2608 1518/1622/1518 2606/2820/2606
f 3224/3559/3224 2070/2228/2070 3225/3560/3225
f 3226/3561/3226 3227/3562/3227 3228/3563/3228
f 721/769/721 1185/1260/1185 1334/1417/1334
f 1214/1289/1214 1216/1291/1216 948/1016/948
f 1722/1847/1722 1721/1846/1721 789/846/789
f 3229/3564/3229 110/110/110 3230/3565/3230
f 3144/3474/3144 3231/3566/3231 3232/3567/3232
f 3233/3568/3233 3208/3542/3208 3205/3539/3205
f 783/840/783 2553/3569/2553 965/1034/965
f 3234/3570/3234 3235/3571/3235 1451/1547/1451
f 590/3572/590 427/3573/427 3236/3574/3236
f 3212/3546/3212 3237/3575/3237 3213/3547/3213
f 3238/3576/3238 30/30/30 37/37/37
f 3239/3577/3239 2137/3578/2137 2250/3579/2250
f 3200/3534/3200 3240/3580/3240 3241/3581/3241
f 1205/1280/1205 1204/1279/1204 3242/3582/3242
f 2921/3201/2921 2922/3202/2922 1931/2078/1931
f 1808/1941/1808 1807/1940/1807 1810/1943/1810
f 306/322/306 2087/3583/2087 3061/3378/3061
f 2875/3139/2875 2750/2998/2750 3110/3430/3110
f 1428/3584/1428 647/3585/647 1345/1431/1345
f 3243/3586/3243 3244/3587/3244 3245/3588/3245
f 2638/2860/2638 3246/3589/3246 1017/3590/1017
f 3247/3591/3247 1081/3592/1081 3248/3593/3248
f 3249/3594/3249 3250/3595/3250 3251/3596/3251
f 3252/3597/3252 2678/2907/2678 2410/2603/2410
f 3253/3598/3253 2213/2387/2213 3254/3599/3254
f 2086/2250/2086 680/725/680 679/724/679
f 2844/3104/2844 1400/1491/1400 1058/1129/1058
f 3255/3600/3255 3256/3601/3256 2116/2284/2116
f 3124/3445/3124 3257/3602/3257 1040/3603/1040
f 2778/3029/2778 2995/3289/2995 3149/3473/3149
f 3240/3580/3240 1415/1506/1415 3241/3581/3241
f 1761/1889/1761 3258/3604/3258 1762/1890/1762
f 827/887/827 3259/3605/3259 2075/2233/2075
f 195/196/195 194/195/194 3260/3606/3260
f 3110/3430/3110 3261/3607/3261 3167/3493/3167
f 3110/3430/3110 3167/3493/3167 2875/3139/2875
f 3262/3608/3262 3263/3609/3263 3264/3610/3264
f 433/464/433 3265/3611/3265 3266/3612/3266
f 3212/3546/3212 3222/3557/3222 3267/3613/3267
f 3268/3614/3268 3205/3539/3205 3241/3581/3241
f 290/299/290 2180/2353/2180 3269/3615/3269
f 3270/3616/3270 3271/3617/3271 3272/3618/3272
f 259/265/259 3065/3382/3065 3064/3381/3064
f 3180/3509/3180 3167/3493/3167 3273/3619/3273
f 3269/3615/3269 2886/3152/2886 2885/3151/2885
f 3274/3620/3274 251/257/251 250/256/250
f 48/48/48 3275/3621/3275 3276/3622/3276
f 3277/3623/3277 3102/3422/3102 3278/3624/3278
f 3279/3625/3279 1217/1292/1217 3280/3626/3280
f 3233/3568/3233 3222/3557/3222 3208/3542/3208
f 2290/3627/2290 1564/3628/1564 3281/3629/3281
f 2262/2441/2262 624/667/624 2185/2358/2185
f 3282/3630/3282 2962/3251/2962 2964/3253/2964
f 3283/3631/3283 1413/1504/1413 1415/1506/1415
f 3284/3632/3284 3285/3633/3285 3286/3634/3286
f 3267/3613/3267 3270/3616/3270 3237/3575/3237
f 3287/3635/3287 3268/3614/3268 1414/1505/1414
f 97/97/97 1041/1111/1041 3190/3523/3190
f 3288/3636/3288 3289/3637/3289 3130/3451/3130
f 935/1003/935 934/1002/934 311/328/311
f 2113/2281/2113 823/883/823 822/882/822
f 1187/1262/1187 3290/3638/3290 3291/3639/3291
f 3292/3640/3292 3293/3641/3293 706/754/706
f 3205/3539/3205 3268/3614/3268 3233/3568/3233
f 3294/3642/3294 2521/2725/2521 2522/2726/2522
f 2041/2198/2041 3081/3398/3081 3083/3400/3083
f 662/1911/662 1618/3643/1618 3295/3644/3295
f 1814/1947/1814 2479/2680/2479 3296/3645/3296
f 621/664/621 1737/1864/1737 1739/1866/1739
f 555/3646/555 3297/3647/3297 3298/3648/3298
f 3299/3649/3299 29/3650/29 3300/3651/3300
f 2776/3027/2776 2778/3029/2778 3149/3473/3149
f 3301/3652/3301 2753/3002/2753 2351/3653/2351
f 1318/1401/1318 298/307/298 3302/3654/3302
f 3303/3655/3303 2665/2891/2665 2522/2726/2522
f 3303/3655/3303 2666/2892/2666 2665/2891/2665
f 3267/3613/3267 3304/3656/3304 3270/3616/3270
f 1391/1482/1391 1584/1696/1584 1589/1701/1589
f 662/1911/662 3305/3657/3305 1781/1912/1781
f 3249/3594/3249 2135/2304/2135 3250/3595/3250
f 3306/3658/3306 3307/3659/3307 3308/3660/3308
f 3309/3661/3309 3310/3662/3310 3311/3663/3311
f 3193/3526/3193 3231/3664/3231 3144/3466/3144
f 165/166/165 935/1003/935 163/164/163
f 3303/3655/3303 787/844/787 2666/2892/2666
f 789/846/789 2666/2892/2666 787/844/787
f 3312/3665/3312 3313/3666/3313 3267/3613/3267
f 2125/3667/2125 3314/3668/3314 2945/3669/2945
f 3271/3617/3271 3270/3616/3270 3315/3670/3315
f 1179/1254/1179 3127/3448/3127 3023/3330/3023
f 2637/2859/2637 1797/1928/1797 1796/1927/1796
f 2317/2500/2317 1396/1487/1396 2521/2725/2521
f 3316/3671/3316 3317/3672/3317 3318/3673/3318
f 3222/3557/3222 3319/3674/3319 3320/3675/3320
f 442/476/442 444/478/444 3321/3676/3321
f 2232/2407/2232 3322/3677/3322 3323/3678/3323
f 1132/1204/1132 3324/3679/3324 3325/3680/3325
f 3326/3681/3326 3327/3682/3327 3328/3683/3328
f 739/788/739 1371/1459/1371 2467/2667/2467
f 3076/3393/3076 3126/3447/3126 3329/3684/3329
f 2204/2378/2204 932/1000/932 3330/3685/3330
f 3304/3656/3304 3267/3613/3267 3313/3666/3313
f 3331/3686/3331 1954/2103/1954 3332/3687/3332
f 3333/3688/3333 3334/3689/3334 1462/1558/1462
f 3335/3690/3335 1758/1886/1758 1757/1885/1757
f 1456/1552/1456 3336/3691/3336 454/489/454
f 1423/1831/1423 676/721/676 798/855/798
f 576/617/576 3337/3692/3337 3026/3333/3026
f 1757/1885/1757 1756/1884/1756 1564/1674/1564
f 2159/2332/2159 3338/3693/3338 3339/3694/3339
f 3151/3695/3151 3166/3492/3166 3061/3378/3061
f 3340/3696/3340 1070/1141/1070 2878/3142/2878
f 2426/2621/2426 1218/3697/1218 3341/3698/3341
f 3271/3617/3271 3315/3670/3315 2317/2500/2317
f 3342/3699/3342 3304/3656/3304 3313/3666/3313
f 787/844/787 3303/3655/3303 3343/3700/3343
f 3222/3557/3222 3233/3568/3233 3319/3674/3319
f 185/186/185 3344/3701/3344 2701/2937/2701
f 3149/3473/3149 3144/3474/3144 3232/3567/3232
f 2510/2714/2510 2588/2798/2588 664/709/664
f 1193/1268/1193 2001/2152/2001 1194/1269/1194
f 3345/3702/3345 1633/1751/1633 2970/3259/2970
f 3343/3700/3343 3303/3655/3303 2522/2726/2522
f 3233/3568/3233 3268/3614/3268 3346/3703/3346
f 2938/3223/2938 2895/3163/2895 2939/3224/2939
f 594/637/594 476/513/476 2450/2649/2450
f 3347/3704/3347 3002/3705/3002 3348/3706/3348
f 66/66/66 68/68/68 3105/3425/3105
f 2864/3126/2864 150/150/150 1266/1346/1266
f 2180/2353/2180 290/299/290 2588/2798/2588
f 346/371/346 348/373/348 3046/3359/3046
f 3315/3670/3315 3304/3656/3304 3349/3707/3349
f 854/915/854 509/1572/509 3350/3708/3350
f 3351/3709/3351 2759/3710/2759 3352/3711/3352
f 2729/2968/2729 252/258/252 251/257/251
f 3319/3674/3319 3233/3568/3233 3346/3703/3346
f 2988/3282/2988 3167/3493/3167 3180/3509/3180
f 3079/3396/3079 2780/3031/2780 2779/3030/2779
f 3353/3712/3353 3176/3503/3176 499/536/499
f 1179/1254/1179 3170/3496/3170 3127/3448/3127
f 3354/3713/3354 3355/3714/3355 2712/3715/2712
f 3356/3716/3356 1524/1632/1524 3357/3717/3357
f 3035/3343/3035 2934/3317/2934 1256/1336/1256
f 3358/3718/3358 3359/3719/3359 3360/3720/3360
f 3159/3721/3159 3361/3722/3361 3362/3723/3362
f 2603/3724/2603 314/331/314 3363/3725/3363
f 2962/3251/2962 2169/2342/2169 3364/3726/3364
f 2804/3057/2804 2827/3084/2827 2802/3055/2802
f 3252/3597/3252 1677/1796/1677 1543/1652/1543
f 2317/2500/2317 3315/3670/3315 3365/3727/3365
f 3366/3728/3366 2127/2295/2127 2126/2294/2126
f 3367/3729/3367 3041/3349/3041 3368/3730/3368
f 3369/3731/3369 2140/2309/2140 2004/2156/2004
f 3179/3508/3179 3312/3665/3312 3320/3675/3320
f 3370/3732/3370 2776/3027/2776 3232/3567/3232
f 3342/3699/3342 3349/3707/3349 3304/3656/3304
f 3313/3666/3313 3312/3665/3312 2164/2337/2164
f 1414/1505/1414 3371/3733/3371 3372/3734/3372
f 3273/3619/3273 3373/3735/3373 3374/3736/3374
f 686/731/686 3375/3737/3375 3376/3738/3376
f 3377/3739/3377 3378/3740/3378 3379/3741/3379
f 3380/3742/3380 1298/1380/1298 1297/1379/1297
f 3381/3743/3381 3086/3403/3086 3382/3744/3382
f 3383/3745/3383 3384/3746/3384 787/3747/787
f 2365/2551/2365 3385/3748/3385 1816/1949/1816
f 3386/3749/3386 3093/3750/3093 3092/3751/3092
f 2110/2277/2110 3274/3752/3274 250/3753/250
f 3387/3754/3387 3388/3755/3388 2691/2926/2691
f 1110/1182/1110 3389/3756/3389 3390/3757/3390
f 1327/1410/1327 3343/3758/3343 1398/3759/1398
f 3391/3760/3391 3352/3711/3352 3392/3761/3392
f 2703/2939/2703 3393/3762/3393 2115/2283/2115
f 3343/3700/3343 2522/2726/2522 1398/1489/1398
f 2936/3218/2936 2986/3279/2986 2060/2217/2060
f 1074/1145/1074 3319/3674/3319 2569/2778/2569
f 3394/3763/3394 2510/2714/2510 663/708/663
f 1072/1143/1072 3393/3762/3393 525/3764/525
f 3351/3709/3351 3352/3711/3352 3391/3760/3391
f 3395/3765/3395 3396/3766/3396 701/749/701
f 3395/3765/3395 3231/3664/3231 3193/3526/3193
f 3319/3674/3319 1074/1145/1074 3397/3767/3397
f 3391/3760/3391 3392/3761/3392 3398/3768/3398
f 787/3747/787 3384/3746/3384 788/3769/788
f 2166/2339/2166 294/303/294 3399/3770/3399
f 981/1050/981 3400/3771/3400 2492/2694/2492
f 3401/3772/3401 1709/3773/1709 1708/3774/1708
f 3402/3775/3402 2707/2943/2707 1702/1825/1702
f 3403/3776/3403 1740/1867/1740 529/1869/529
f 99/99/99 1254/1334/1254 1039/1109/1039
f 3404/3777/3404 181/182/181 1180/1255/1180
f 375/405/375 730/3778/730 761/815/761
f 3342/3699/3342 3313/3666/3313 2166/2339/2166
f 3405/3779/3405 1412/1503/1412 1411/1502/1411
f 696/741/696 908/975/908 907/974/907
f 403/433/403 210/3780/210 578/619/578
f 176/3781/176 1364/1450/1364 798/1514/798
f 1932/2079/1932 3406/3782/3406 1933/2080/1933
f 3407/3783/3407 3229/3564/3229 3408/3784/3408
f 2316/2499/2316 2317/2500/2317 2979/3785/2979
f 2569/2778/2569 3346/3703/3346 3287/3635/3287
f 3346/3703/3346 2569/2778/2569 3319/3674/3319
f 3232/3567/3232 3231/3566/3231 3409/3786/3409
f 3071/3388/3071 2747/2993/2747 227/228/227
f 289/298/289 3398/3768/3398 3410/3787/3410
f 3411/3788/3411 3221/3556/3221 3412/3789/3412
f 2025/2182/2025 3413/3790/3413 2026/2183/2026
f 3365/3727/3365 3414/3791/3414 2979/3785/2979
f 1396/1487/1396 2316/2499/2316 1397/1488/1397
f 2775/3026/2775 3223/3558/3223 2773/3024/2773
f 456/3792/456 2979/3785/2979 976/3793/976
f 3415/3794/3415 3416/3795/3416 2996/3290/2996
f 2569/2778/2569 3287/3635/3287 3372/3734/3372
f 3417/3796/3417 2759/3710/2759 2758/3797/2758
f 2933/3215/2933 2804/3057/2804 3040/3348/3040
f 3110/3430/3110 3102/3422/3102 3261/3607/3261
f 788/845/788 2759/3710/2759 3351/3709/3351
f 1327/1410/1327 1398/3759/1398 3418/3798/3418
f 3419/3799/3419 3420/3800/3420 2401/3801/2401
f 2512/2716/2512 2165/2338/2165 2513/2717/2513
f 2612/3417/2612 3421/3802/3421 2926/3207/2926
f 3273/3619/3273 3167/3493/3167 225/226/225
f 3422/3803/3422 3126/3447/3126 3423/3804/3423
f 288/297/288 3398/3768/3398 289/298/289
f 3424/3805/3424 1137/1209/1137 1136/1208/1136
f 3425/3806/3425 2639/2861/2639 3426/3807/3426
f 3417/3796/3417 3352/3711/3352 2759/3710/2759
f 2938/3223/2938 2026/2183/2026 3413/3790/3413
f 3352/3711/3352 3417/3796/3417 3427/3808/3427
f 3428/3809/3428 3429/3810/3429 3430/3811/3430
f 3399/3770/3399 293/302/293 3431/3812/3431
f 1397/3813/1397 2316/3269/2316 455/490/455
f 1397/3813/1397 3418/3798/3418 1398/3759/1398
f 3365/3727/3365 3349/3707/3349 3431/3812/3431
f 3432/3814/3432 2026/2183/2026 2939/3224/2939
f 1996/3815/1996 2648/2872/2648 3433/3816/3433
f 925/3817/925 927/2278/927 2110/2277/2110
f 406/436/406 400/430/400 537/577/537
f 565/606/565 272/280/272 3434/3818/3434
f 3040/3348/3040 2804/3057/2804 2803/3056/2803
f 3435/3819/3435 881/947/881 880/946/880
f 1998/2149/1998 2211/2385/2211 2972/3262/2972
f 3436/3820/3436 3437/3821/3437 3438/3822/3438
f 3384/3746/3384 3383/3745/3383 2372/2559/2372
f 3439/3823/3439 1225/3824/1225 3440/3825/3440
f 1189/1264/1189 3169/3495/3169 1167/1240/1167
f 3343/3758/3343 1328/1411/1328 3383/3745/3383
f 3441/3826/3441 3395/3765/3395 3329/3684/3329
f 1668/1786/1668 1670/1788/1670 3442/3827/3442
f 1327/1410/1327 1328/1411/1328 3343/3758/3343
f 3062/3379/3062 570/611/570 16/16/16
f 2706/3828/2706 3443/3829/3443 3421/3830/3421
f 2190/2364/2190 3047/3360/3047 390/420/390
f 663/708/663 3444/3831/3444 3445/3832/3445
f 3439/3823/3439 38/38/38 3299/3833/3299
f 3217/3551/3217 2139/2308/2139 1328/1411/1328
f 2618/2925/2618 1520/3834/1520 534/574/534
f 21/21/21 2797/3050/2797 2331/2515/2331
f 3446/3835/3446 2049/2206/2049 3447/3836/3447
f 218/219/218 3448/3837/3448 216/217/216
f 2086/2250/2086 1603/1717/1603 680/725/680
f 2707/2943/2707 95/1826/95 1702/1825/1702
f 3188/3520/3188 3449/3838/3449 3450/3839/3450
f 2017/2174/2017 3451/3840/3451 3452/3841/3452
f 1209/1284/1209 3453/3842/3453 3454/3843/3454
f 2166/2339/2166 3313/3666/3313 2164/2337/2164
f 2612/2828/2612 1569/1680/1569 26/26/26
f 544/585/544 546/587/546 2755/3004/2755
f 3188/3520/3188 3450/3839/3450 1778/1907/1778
f 3215/3549/3215 3455/3844/3455 3456/3845/3456
f 3457/3846/3457 3458/3847/3458 1038/1108/1038
f 3277/3623/3277 3261/3607/3261 3102/3422/3102
f 2570/2779/2570 3459/3848/3459 3460/3849/3460
f 2757/3006/2757 1294/3850/1294 2758/3007/2758
f 3461/3851/3461 2372/2559/2372 654/699/654
f 2089/2253/2089 1995/2146/1995 2329/2512/2329
f 2786/3852/2786 3462/3853/3462 3463/3854/3463
f 665/710/665 2304/2487/2304 3464/3855/3464
f 3441/3826/3441 3422/3803/3422 2799/3052/2799
f 3262/3608/3262 945/2903/945 586/3856/586
f 1505/1609/1505 3465/3857/3465 3091/3409/3091
f 3392/3858/3392 3466/3859/3466 3410/3860/3410
f 3467/3861/3467 582/625/582 584/627/584
f 1612/1727/1612 2166/2339/2166 2165/2338/2165
f 2025/2182/2025 2024/2181/2024 3468/3862/3468
f 1732/1857/1732 3469/3863/3469 1344/1430/1344
f 3311/3663/3311 55/55/55 3470/3864/3470
f 294/303/294 2166/2339/2166 1612/1727/1612
f 3471/3865/3471 3472/3866/3472 3473/3867/3473
f 3474/3868/3474 1233/1308/1233 2245/2423/2245
f 1074/1145/1074 2570/2779/2570 1075/1146/1075
f 1327/1410/1327 3418/3798/3418 1268/1348/1268
f 3475/3869/3475 3384/3746/3384 3476/3870/3476
f 3477/3871/3477 3478/3872/3478 216/3873/216
f 1294/1376/1294 1293/1375/1293 2758/3874/2758
f 1041/1111/1041 348/373/348 347/372/347
f 3479/3875/3479 2246/2424/2246 3412/3789/3412
f 3277/3623/3277 3480/3876/3480 3261/3607/3261
f 455/490/455 454/489/454 3481/3877/3481
f 1974/2123/1974 1973/2122/1973 1950/2097/1950
f 3482/3878/3482 3371/3733/3371 3382/3744/3382
f 2628/2846/2628 3423/3804/3423 3170/3496/3170
f 2190/2364/2190 392/422/392 2065/2222/2065
f 528/568/528 1309/3879/1309 3483/3880/3483
f 3466/3859/3466 3484/3881/3484 3410/3860/3410
f 2928/3210/2928 192/193/192 2642/2864/2642
f 152/152/152 3274/3752/3274 2626/2844/2626
f 3217/3551/3217 1268/1348/1268 1865/2007/1865
f 3170/3496/3170 1178/1253/1178 3468/3862/3468
f 3485/3882/3485 1714/1839/1714 3275/3883/3275
f 1994/2145/1994 2329/2512/2329 1995/2146/1995
f 3486/3884/3486 3487/3885/3487 3488/3886/3488
f 3489/3887/3489 3490/3888/3490 3491/3889/3491
f 3492/3890/3492 1719/3891/1719 3493/3892/3493
f 3494/3893/3494 2124/2292/2124 3495/3894/3495
f 2452/2651/2452 3190/3523/3190 2642/2864/2642
f 3496/3895/3496 3497/3896/3497 3498/3897/3498
f 3219/3554/3219 3499/3898/3499 3500/3899/3500
f 3231/3664/3231 3395/3765/3395 3409/3900/3409
f 3418/3798/3418 1269/1349/1269 1268/1348/1268
f 2664/2890/2664 3501/3901/3501 2665/2891/2665
f 3502/3902/3502 2968/3903/2968 3428/3904/3428
f 3503/3905/3503 1352/1438/1352 748/797/748
f 3504/3906/3504 3505/3907/3505 973/3908/973
f 3506/3909/3506 3507/3910/3507 3508/3911/3508
f 1517/1621/1517 2920/3200/2920 2919/3199/2919
f 2992/3286/2992 935/3912/935 1615/3219/1615
f 837/897/837 836/896/836 2186/2359/2186
f 3295/3913/3295 3509/3914/3509 3444/3831/3444
f 3466/3859/3466 3392/3858/3392 3427/3915/3427
f 3459/3848/3459 3371/3733/3371 3085/3402/3085
f 1976/2125/1976 2861/3123/2861 1977/2126/1977
f 3510/3916/3510 1266/1346/1266 2338/2522/2338
f 3345/3702/3345 1634/1752/1634 1633/1751/1633
f 3511/3917/3511 3370/3732/3370 3409/3786/3409
f 3151/3476/3151 2087/2251/2087 3512/3918/3512
f 2419/2612/2419 2285/2465/2285 2283/2463/2283
f 3513/3919/3513 2194/3920/2194 2712/3715/2712
f 3514/3921/3514 3515/3922/3515 3516/3923/3516
f 3498/3897/3498 3517/3924/3517 3518/3925/3518
f 3519/3926/3519 2745/2987/2745 2744/2986/2744
f 2512/2716/2512 3520/3927/3520 1611/1726/1611
f 1317/1400/1317 3521/3928/3521 3522/3929/3522
f 3511/3917/3511 3409/3786/3409 703/2477/703
f 1590/1702/1590 1589/1701/1589 1584/1696/1584
f 1413/1504/1413 3523/3930/3523 1414/1505/1414
f 3524/3931/3524 3525/3932/3525 2777/3028/2777
f 1267/1347/1267 1865/2007/1865 1268/1348/1268
f 3526/3933/3526 2358/2543/2358 3527/3934/3527
f 456/491/456 975/1044/975 454/489/454
f 2316/3269/2316 456/491/456 455/490/455
f 3417/3935/3417 1293/1375/1293 3528/3936/3528
f 3529/3937/3529 3530/3938/3530 3531/3939/3531
f 3532/3940/3532 8/8/8 3434/3818/3434
f 1556/1665/1556 952/1021/952 3016/3314/3016
f 3475/3869/3475 788/3769/788 3384/3746/3384
f 2776/3027/2776 3115/3436/3115 2777/3028/2777
f 1232/1307/1232 528/568/528 527/567/527
f 2139/2308/2139 654/699/654 2372/2559/2372
f 3533/3941/3533 2251/3942/2251 2136/2305/2136
f 346/371/346 2920/3200/2920 347/372/347
f 3525/3932/3525 3534/3943/3534 3278/3624/3278
f 975/1044/975 456/491/456 976/1045/976
f 535/575/535 399/429/399 3226/3561/3226
f 1575/1687/1575 1352/1438/1352 1351/1437/1351
f 2923/3203/2923 3528/3936/3528 1293/1375/1293
f 3535/3944/3535 1016/1085/1016 1015/1084/1015
f 1764/1892/1764 3536/3945/3536 658/703/658
f 2017/2174/2017 2883/3149/2883 2015/2172/2015
f 2757/3006/2757 3475/3869/3475 3476/3870/3476
f 3537/3946/3537 3538/3947/3538 1825/1962/1825
f 1003/1072/1003 3078/3395/3078 1395/1486/1395
f 2628/2846/2628 3170/3496/3170 3468/3862/3468
f 3539/3948/3539 3540/3949/3540 1879/2021/1879
f 3541/3950/3541 2246/2424/2246 1482/1580/1482
f 2076/2234/2076 3542/3951/3542 3543/3952/3543
f 2311/2494/2311 2361/2546/2361 3544/3953/3544
f 1722/1847/1722 789/846/789 3351/3709/3351
f 3545/3954/3545 821/881/821 3546/3955/3546
f 1073/1144/1073 1075/1146/1075 3026/3333/3026
f 3547/3956/3547 3548/3957/3548 3549/3958/3549
f 1775/1904/1775 3550/3959/3550 1776/1905/1776
f 3551/3960/3551 2892/3961/2892 2894/3962/2894
f 1413/1504/1413 2016/2173/2016 3523/3930/3523
f 2065/2222/2065 2064/2221/2064 2299/3963/2299
f 1329/3964/1329 1237/1599/1237 3552/3965/3552
f 3553/3966/3553 3554/3967/3554 2390/2582/2390
f 1064/1135/1064 972/1041/972 860/932/860
f 3261/3607/3261 226/227/226 225/226/225
f 3540/3949/3540 2244/2422/2244 2243/2421/2243
f 505/542/505 155/155/155 326/343/326
f 3555/3968/3555 3556/3969/3556 3557/3970/3557
f 1780/1910/1780 864/927/864 1288/1370/1288
f 3367/3729/3367 3558/3971/3558 2907/3179/2907
f 2015/2172/2015 3382/3744/3382 2016/2173/2016
f 2011/3972/2011 910/977/910 3559/3973/3559
f 1594/1706/1594 1642/1760/1642 1641/1759/1641
f 3382/3744/3382 2015/2172/2015 3381/3743/3381
f 2445/2772/2445 2730/2969/2730 2798/3051/2798
f 3528/3936/3528 2923/3203/2923 3466/3859/3466
f 616/659/616 855/916/855 1375/1463/1375
f 3556/3969/3556 3560/3974/3560 3508/3911/3508
f 1257/1337/1257 2402/3021/2402 1255/1335/1255
f 1341/3975/1341 1340/3976/1340 1546/1655/1546
f 3491/3977/3491 3561/3978/3561 3489/3979/3489
f 3432/3814/3432 3562/3980/3562 3563/3981/3563
f 1733/1858/1733 3564/3982/3564 2334/2518/2334
f 3565/3983/3565 678/723/678 2937/3984/2937
f 2290/3985/2290 2416/2609/2416 2291/3986/2291
f 1827/1964/1827 1968/2117/1968 671/716/671
f 3566/3987/3566 2202/3988/2202 1842/3989/1842
f 3567/3990/3567 3568/3991/3568 3569/3992/3569
f 3570/3993/3570 3085/3402/3085 3084/3401/3084
f 3571/3994/3571 553/594/553 554/595/554
f 3572/3995/3572 3573/3996/3573 3574/3997/3574
f 3575/3998/3575 1870/2012/1870 190/191/190
f 1917/2064/1917 2103/2268/2103 2102/2267/2102
f 1454/1550/1454 1620/1736/1620 1997/2148/1997
f 3085/3402/3085 3371/3733/3371 3482/3878/3482
f 3576/3999/3576 1342/1428/1342 3526/3933/3526
f 3577/4000/3577 2883/3149/2883 3452/3841/3452
f 2238/2413/2238 3578/4001/3578 1001/1070/1001
f 3480/3876/3480 3277/3623/3277 3534/3943/3534
f 882/948/882 3579/4002/3579 3580/4003/3580
f 2931/4004/2931 3581/4005/3581 3582/4006/3582
f 3162/3488/3162 445/479/445 3583/4007/3583
f 3000/3295/3000 2909/3183/2909 1805/1937/1805
f 2773/3024/2773 451/485/451 2774/3025/2774
f 3584/4008/3584 3585/4009/3585 3586/4010/3586
f 3587/4011/3587 3117/3438/3117 3588/4012/3588
f 3387/3754/3387 3589/4013/3589 3388/3755/3388
f 633/677/633 255/261/255 254/260/254
f 2584/2794/2584 3590/4014/3590 2585/2795/2585
f 1917/2064/1917 2102/2267/2102 1918/2065/1918
f 3422/3803/3422 3423/3804/3423 2799/3052/2799
f 2560/2768/2560 258/264/258 179/180/179
f 83/83/83 2552/2760/2552 2551/2759/2551
f 2206/2380/2206 3591/4015/3591 2204/2378/2204
f 3484/3881/3484 3592/4016/3592 3593/4017/3593
f 3594/4018/3594 3595/4019/3595 3596/4020/3596
f 3597/4021/3597 3476/3870/3476 3598/4022/3598
f 3599/4023/3599 3010/3308/3010 3009/3307/3009
f 828/905/828 872/980/872 898/965/898
f 59/59/59 3029/3336/3029 3030/3338/3030
f 2483/2684/2483 1097/1168/1097 1096/1167/1096
f 3600/4024/3600 3601/4025/3601 3602/4026/3602
f 3441/3826/3441 884/950/884 3396/3766/3396
f 2846/3106/2846 3578/4001/3578 3453/3842/3453
f 3525/3932/3525 3524/3931/3524 3534/3943/3534
f 974/1043/974 3603/4027/3603 76/76/76
f 2627/2845/2627 3423/3804/3423 2628/2846/2628
f 3604/4028/3604 2794/4029/2794 1924/2071/1924
f 875/4030/875 378/408/378 755/4031/755
f 3605/4032/3605 3606/4033/3606 3607/4034/3607
f 3368/3730/3368 1990/2140/1990 3416/3795/3416
f 1267/1347/1267 3608/4035/3608 1865/2007/1865
f 3609/4036/3609 561/602/561 1016/1085/1016
f 226/227/226 3261/3607/3261 3480/3876/3480
f 3610/4037/3610 2362/4038/2362 3611/4039/3611
f 3221/3556/3221 3612/4040/3612 1897/2040/1897
f 2801/3054/2801 464/500/464 463/499/463
f 2790/4041/2790 3613/4042/3613 3614/4043/3614
f 701/749/701 703/751/703 3409/3900/3409
f 124/124/124 3615/4044/3615 125/125/125
f 3441/3826/3441 2799/3052/2799 884/950/884
f 1645/1763/1645 3616/4045/3616 1646/1764/1646
f 3617/4046/3617 2646/2869/2646 2265/4047/2265
f 1611/1726/1611 3520/3927/3520 3618/4048/3618
f 3619/4049/3619 3620/4050/3620 3360/3720/3360
f 1726/1851/1726 3621/4051/3621 1727/1852/1727
f 1919/2066/1919 3622/4052/3622 3623/4053/3623
f 2197/2371/2197 2001/2152/2001 1787/1918/1787
f 3624/4054/3624 934/1002/934 2403/2596/2403
f 3625/4055/3625 3626/4056/3626 3627/4057/3627
f 3386/4058/3386 3628/4059/3628 3629/4060/3629
f 3317/3672/3317 1504/1608/1504 3318/3673/3318
f 2024/2181/2024 3630/4061/3630 3631/4062/3631
f 3632/4063/3632 3633/4064/3633 1348/4065/1348
f 2024/2181/2024 3563/3981/3563 3630/4061/3630
f 1010/1079/1010 3634/4066/3634 1122/1194/1122
f 3635/4067/3635 3636/4068/3636 295/304/295
f 1967/4069/1967 1969/4070/1969 3637/4071/3637
f 3638/4072/3638 1801/1932/1801 3639/4073/3639
f 3267/3613/3267 3237/3575/3237 3212/3546/3212
f 75/75/75 1456/1552/1456 76/76/76
f 2082/2246/2082 805/863/805 2530/2736/2530
f 916/984/916 3640/4074/3640 1841/1980/1841
f 778/833/778 3593/4017/3593 3592/4016/3592
f 574/615/574 3641/4075/3641 3642/4076/3642
f 2864/3126/2864 2763/3013/2763 2577/3012/2577
f 306/322/306 3643/4077/3643 3443/3829/3443
f 3644/4078/3644 1914/2061/1914 1913/2060/1913
f 3026/3333/3026 3645/4079/3645 3025/3332/3025
f 125/125/125 3357/3717/3357 1931/2078/1931
f 3646/4080/3646 3647/4081/3647 3648/4082/3648
f 237/240/237 3649/4083/3649 3650/4084/3650
f 3651/4085/3651 717/765/717 3652/4086/3652
f 3414/4087/3414 974/1043/974 976/1045/976
f 454/489/454 975/1044/975 76/76/76
f 1834/1971/1834 3480/3876/3480 1835/1972/1835
f 2608/2822/2608 2460/2660/2460 1518/1622/1518
f 2338/2522/2338 3458/3847/3458 3510/3916/3510
f 3653/4088/3653 2499/2701/2499 2498/2700/2498
f 3571/3994/3571 3654/4089/3654 760/814/760
f 2173/2346/2173 268/274/268 2437/2633/2437
f 3511/3917/3511 2294/2476/2294 2770/3020/2770
f 1533/1641/1533 3115/3436/3115 3114/3435/3114
f 653/698/653 3461/3851/3461 654/699/654
f 3655/4090/3655 3419/3799/3419 770/4091/770
f 3656/4092/3656 3657/4093/3657 3658/4094/3658
f 3659/4095/3659 3645/4079/3645 3026/3333/3026
f 3635/4067/3635 1611/1726/1611 3618/4048/3618
f 1781/1912/1781 3305/3657/3305 3660/4096/3660
f 2434/2630/2434 3661/4097/3661 3469/4098/3469
f 1180/1255/1180 1182/1257/1182 3662/4099/3662
f 2683/2913/2683 1026/1096/1026 2684/2914/2684
f 3663/4100/3663 3291/4101/3291 2903/3174/2903
f 3664/4102/3664 3/3/3 2/2/2
f 3665/4103/3665 3666/4104/3666 105/105/105
f 3443/3829/3443 3643/4077/3643 3421/3830/3421
f 1806/1939/1806 871/935/871 3667/4105/3667
f 3660/4096/3660 2102/2267/2102 1816/1949/1816
f 2134/2303/2134 1587/1699/1587 3379/3741/3379
f 3668/4106/3668 3669/4107/3669 3520/3927/3520
f 1309/3879/1309 1401/4108/1401 3483/3880/3483
f 2850/3112/2850 3670/4109/3670 3485/3882/3485
f 1645/4110/1645 2396/2588/2396 1250/1329/1250
f 3660/4096/3660 1816/1949/1816 3385/3748/3385
f 2024/2181/2024 2026/2183/2026 3563/3981/3563
f 3671/4111/3671 1699/1822/1699 371/401/371
f 2917/3194/2917 77/77/77 3672/4112/3672
f 3673/4113/3673 1354/1440/1354 1522/1627/1522
f 3342/3699/3342 3399/3770/3399 3349/3707/3349
f 206/207/206 1870/2012/1870 92/92/92
f 97/97/97 3190/3523/3190 2452/2651/2452
f 2177/2350/2177 2176/2349/2176 183/184/183
f 576/617/576 3026/3333/3026 3641/4075/3641
f 1814/1947/1814 1816/1949/1816 2102/2267/2102
f 3659/4095/3659 3026/3333/3026 3337/3692/3337
f 1040/3603/1040 3257/3602/3257 632/676/632
f 765/819/765 764/818/764 2437/4114/2437
f 2141/2310/2141 2140/2309/2140 3369/3731/3369
f 3674/4115/3674 2416/2609/2416 2290/3985/2290
f 962/2748/962 339/360/339 338/359/338
f 1902/2046/1902 1903/2047/1903 3146/3469/3146
f 3675/4116/3675 3676/4117/3676 2947/3234/2947
f 3457/3846/3457 1038/1108/1038 36/36/36
f 3273/3619/3273 224/225/224 3373/3735/3373
f 1080/1151/1080 3677/4118/3677 1081/1152/1081
f 1241/1316/1241 2579/2789/2579 1785/1916/1785
f 404/434/404 809/867/809 3678/4119/3678
f 1105/1177/1105 3577/4000/3577 3509/3914/3509
f 884/950/884 883/949/883 3396/3766/3396
f 3679/4120/3679 3673/4113/3673 653/698/653
f 3592/4016/3592 3466/3859/3466 2923/3203/2923
f 3524/3931/3524 1835/1972/1835 3534/3943/3534
f 3680/4121/3680 989/1058/989 1685/4122/1685
f 3603/4027/3603 974/1043/974 599/642/599
f 347/372/347 3190/3523/3190 1041/1111/1041
f 2647/2871/2647 3681/4123/3681 2648/2872/2648
f 3563/3981/3563 2026/2183/2026 3432/3814/3432
f 3181/3510/3181 3682/4124/3682 3683/4125/3683
f 3597/4021/3597 3598/4022/3598 1522/1627/1522
f 778/833/778 777/832/777 3593/4017/3593
f 417/447/417 419/449/419 3684/4126/3684
f 1272/1352/1272 1542/1651/1542 1677/1796/1677
f 3685/4127/3685 3657/4093/3657 3686/4128/3686
f 3597/4021/3597 2783/3035/2783 3687/4129/3687
f 956/1025/956 3688/4130/3688 3689/4131/3689
f 2884/3150/2884 2883/3149/2883 1104/1176/1104
f 3690/4132/3690 2947/3234/2947 3691/4133/3691
f 3692/4134/3692 3693/4135/3693 3694/4136/3694
f 3695/4137/3695 1897/2040/1897 3612/4040/3612
f 3696/4138/3696 3692/4134/3692 3694/4136/3694
f 2531/4139/2531 2416/2609/2416 2415/2608/2415
f 3697/4140/3697 3698/4141/3698 3699/4142/3699
f 1739/1866/1739 3700/4143/3700 3701/4144/3701
f 574/615/574 3702/4145/3702 575/616/575
f 2211/2385/2211 2089/2253/2089 2252/2430/2252
f 576/617/576 575/616/575 3337/3692/3337
f 2036/2193/2036 2015/2172/2015 2883/3149/2883
f 701/749/701 3409/3900/3409 3395/3765/3395
f 3673/4113/3673 1522/1627/1522 3598/4022/3598
f 3703/4146/3703 1966/2115/1966 3704/4147/3704
f 1381/1469/1381 779/834/779 778/833/778
f 599/642/599 974/1043/974 3705/4148/3705
f 3084/3401/3084 3706/4149/3706 3570/3993/3570
f 1345/1431/1345 647/3585/647 1346/1432/1346
f 2777/3028/2777 3115/3436/3115 3524/3931/3524
f 3707/4150/3707 3570/3993/3570 3706/4149/3706
f 3708/4151/3708 91/91/91 3558/4152/3558
f 2923/3203/2923 3709/4153/3709 1380/1468/1380
f 3710/4154/3710 2473/2674/2473 2472/2673/2472
f 2448/4155/2448 1971/4156/1971 3711/4157/3711
f 3707/4150/3707 3702/4145/3702 3570/3993/3570
f 3712/4158/3712 3338/3693/3338 3258/4159/3258
f 224/225/224 3273/3619/3273 225/226/225
f 3713/4160/3713 904/971/904 2627/2845/2627
f 2799/3052/2799 3423/3804/3423 903/970/903
f 3714/4161/3714 3715/4162/3715 3589/4013/3589
f 1041/1111/1041 97/97/97 99/99/99
f 2782/4163/2782 3709/4153/3709 1292/1374/1292
f 3460/3849/3460 3085/3402/3085 3716/4164/3716
f 3618/4048/3618 3717/4165/3717 3718/4166/3718
f 3593/4017/3593 777/832/777 2103/2268/2103
f 718/766/718 3651/4085/3651 3719/4167/3719
f 295/304/295 3636/4068/3636 3613/4168/3613
f 3720/4169/3720 1509/1613/1509 3721/4170/3721
f 998/2236/998 836/896/836 942/1010/942
f 3620/4050/3620 3721/4170/3721 3722/4171/3722
f 3723/4172/3723 3724/4173/3724 3369/3731/3369
f 3563/3981/3563 3725/4174/3725 3630/4061/3630
f 2512/2716/2512 2514/2718/2514 3726/4175/3726
f 3432/4176/3432 2298/2481/2298 3562/4177/3562
f 3727/4178/3727 3728/4179/3728 3729/4180/3729
f 2160/4181/2160 1952/2101/1952 2963/4182/2963
f 3730/4183/3730 3731/4184/3731 3516/3923/3516
f 3732/4185/3732 3493/3892/3493 1719/3891/1719
f 3733/4186/3733 956/1025/956 955/1024/955
f 1865/2007/1865 3608/4035/3608 1863/2005/1863
f 3734/4187/3734 1651/1769/1651 1650/1768/1650
f 1834/1971/1834 226/227/226 3480/3876/3480
f 2123/4188/2123 1702/1825/1702 1701/1824/1701
f 75/75/75 1457/1553/1457 1456/1552/1456
f 3534/3943/3534 1835/1972/1835 3480/3876/3480
f 3735/4189/3735 3736/4190/3736 3737/4191/3737
f 3738/4192/3738 3645/4079/3645 3739/4193/3739
f 3373/3735/3373 224/225/224 3740/4194/3740
f 468/504/468 684/729/684 309/325/309
f 2799/3052/2799 903/970/903 905/972/905
f 2468/2668/2468 3741/4195/3741 3228/3563/3228
f 875/941/875 755/4196/755 874/940/874
f 3702/4145/3702 3707/4150/3707 3742/4197/3742
f 3341/3698/3341 3743/4198/3743 2426/2621/2426
f 2419/2612/2419 2549/2756/2549 2285/2465/2285
f 3744/4199/3744 1673/1791/1673 3631/4062/3631
f 1006/4200/1006 1005/3078/1005 3745/4201/3745
f 3045/3354/3045 1999/3356/1999 2992/3286/2992
f 3052/3366/3052 3062/3379/3062 635/679/635
f 3563/3981/3563 3562/3980/3562 3725/4174/3725
f 3358/3718/3358 3746/4202/3746 3747/4203/3747
f 3630/4061/3630 3748/4204/3748 3744/4199/3744
f 3749/4205/3749 3750/4206/3750 3751/4207/3751
f 3752/4208/3752 3753/4209/3753 3707/4150/3707
f 3558/3971/3558 3367/3729/3367 3708/4210/3708
f 2169/2342/2169 2170/2343/2170 2353/4211/2353
f 2309/2492/2309 2106/2514/2106 2067/2225/2067
f 3738/4192/3738 3668/4106/3668 3726/4175/3726
f 3720/4169/3720 3721/4170/3721 3752/4208/3752
f 2527/4212/2527 330/348/330 2352/2537/2352
f 1204/1279/1204 3754/4213/3754 3242/3582/3242
f 1533/1641/1533 1532/1640/1532 3755/4214/3755
f 3730/4183/3730 3516/3923/3516 3756/4215/3756
f 3757/4216/3757 3758/4217/3758 3759/4218/3759
f 3577/4000/3577 1104/1176/1104 2883/3149/2883
f 883/949/883 3203/3537/3203 1593/1705/1593
f 72/4219/72 3760/4220/3760 3761/4221/3761
f 1187/1262/1187 1186/1261/1186 3762/4222/3762
f 3706/4149/3706 3720/4169/3720 3752/4208/3752
f 2376/2563/2376 3114/3435/3114 2770/3020/2770
f 3703/4146/3703 3763/4223/3763 1966/2115/1966
f 3764/4224/3764 3678/4119/3678 1929/2076/1929
f 2898/3169/2898 226/227/226 1834/1971/1834
f 3765/4225/3765 3766/4226/3766 3767/4227/3767
f 308/324/308 3643/4077/3643 306/322/306
f 3633/4064/3633 3768/4228/3768 3769/4229/3769
f 3770/4230/3770 2123/4188/2123 1926/2073/1926
f 1354/1440/1354 3673/4113/3673 1355/1441/1355
f 2745/4231/2745 433/464/433 3771/4232/3771
f 3268/3614/3268 3287/3635/3287 3346/3703/3346
f 3772/4233/3772 3610/4234/3610 3611/4235/3611
f 3773/4236/3773 2627/2845/2627 2629/2847/2629
f 2179/2352/2179 3774/4237/3774 3775/4238/3775
f 2849/3110/2849 3152/3477/3152 679/724/679
f 3776/4239/3776 3777/4240/3777 3778/4241/3778
f 3094/3412/3094 3096/3414/3096 3779/4242/3779
f 2567/2776/2567 2192/2366/2192 2810/3064/2810
f 2803/3056/2803 2802/3055/2802 1988/2138/1988
f 1604/1719/1604 27/4243/27 2937/3984/2937
f 3668/4106/3668 3738/4192/3738 3780/4244/3780
f 3679/4120/3679 655/700/655 3781/4245/3781
f 854/915/854 618/661/618 1474/1571/1474
f 3782/4246/3782 1143/1215/1143 1142/1214/1142
f 468/4247/468 470/1018/470 2715/2953/2715
f 3124/4248/3124 1254/1334/1254 1253/1333/1253
f 3783/4249/3783 2855/3117/2855 3380/3742/3380
f 1709/1834/1709 3784/4250/3784 1707/1832/1707
f 3086/3403/3086 3665/4103/3665 3084/3401/3084
f 3068/3385/3068 2320/2503/2320 3785/4251/3785
f 1840/1978/1840 3640/4074/3640 3786/4252/3786
f 91/91/91 3787/4253/3787 207/208/207
f 3788/4254/3788 3709/4153/3709 2782/4163/2782
f 1105/4255/1105 1618/3643/1618 1106/2655/1106
f 1863/2005/1863 3608/4035/3608 953/1022/953
f 484/521/484 3789/4256/3789 2014/2171/2014
f 1226/1301/1226 1228/1303/1228 1370/1458/1370
f 3790/4257/3790 3791/4258/3791 548/589/548
f 2396/4259/2396 1644/1762/1644 3792/4260/3792
f 147/1795/147 1676/1794/1676 3793/4261/3793
f 1648/4262/1648 2682/4263/2682 3171/3498/3171
f 3794/4264/3794 3795/4265/3795 1023/1093/1023
f 763/817/763 1704/4266/1704 764/818/764
f 3796/4267/3796 3797/4268/3797 515/554/515
f 2141/2310/2141 3369/3731/3369 3724/4173/3724
f 3337/3692/3337 575/616/575 1785/1916/1785
f 3798/4269/3798 3636/4068/3636 3718/4166/3718
f 2842/3102/2842 3799/4270/3799 3800/4271/3800
f 253/259/253 1128/1200/1128 254/260/254
f 3801/4272/3801 3130/3451/3130 3289/3637/3289
f 1864/2006/1864 1863/2005/1863 3802/4273/3802
f 3515/3922/3515 221/222/221 223/224/223
f 3738/4192/3738 3739/4193/3739 3780/4244/3780
f 3583/4007/3583 3803/4274/3803 80/80/80
f 1521/1626/1521 2782/3033/2782 2783/3035/2783
f 2918/3195/2918 1457/1553/1457 75/75/75
f 3120/4275/3120 3804/4276/3804 3415/3794/3415
f 1355/1441/1355 3679/4120/3679 620/663/620
f 1533/1641/1533 2377/2564/2377 1534/1642/1534
f 2581/2791/2581 3739/4193/3739 3805/4277/3805
f 3709/4153/3709 3788/4254/3788 3779/4242/3779
f 2400/2592/2400 1425/1518/1425 3806/4278/3806
f 1617/4279/1617 1618/3643/1618 3807/4280/3807
f 3808/4281/3808 3809/4282/3809 513/552/513
f 303/315/303 304/346/304 378/408/378
f 1125/1197/1125 1301/1383/1301 1045/1116/1045
f 3810/4283/3810 354/4284/354 3811/4285/3811
f 3720/4169/3720 3084/3401/3084 1510/1614/1510
f 3812/4286/3812 1879/2021/1879 1878/2020/1878
f 3813/4287/3813 3814/4288/3814 3815/4289/3815
f 3788/4254/3788 2782/4163/2782 3816/4290/3816
f 3701/4144/3701 3817/4291/3817 621/664/621
f 1368/1455/1368 1335/1418/1335 1319/1402/1319
f 3620/4050/3620 3619/4049/3619 3752/4208/3752
f 2162/4292/2162 3818/4293/3818 2066/2223/2066
f 3819/4294/3819 43/43/43 3820/4295/3820
f 2603/3724/2603 3821/4296/3821 1021/4297/1021
f 882/948/882 1372/1460/1372 3822/4298/3822
f 3659/4095/3659 3739/4193/3739 3645/4079/3645
f 971/1040/971 1101/1172/1101 964/1033/964
f 157/157/157 1855/1994/1855 2484/2685/2484
f 1785/1916/1785 2579/2789/2579 2581/2791/2581
f 1257/1337/1257 1531/1639/1531 2402/3021/2402
f 3823/4299/3823 3282/3630/3282 3824/4300/3824
f 3114/3435/3114 2776/3027/2776 3370/3732/3370
f 903/970/903 2627/2845/2627 904/971/904
f 2241/2419/2241 2527/2732/2527 2507/2711/2507
f 3825/4301/3825 7/7/7 3826/4302/3826
f 3135/3456/3135 3134/3455/3134 3827/4303/3827
f 498/535/498 3828/4304/3828 3353/3712/3353
f 2941/3226/2941 2359/2544/2359 2940/3225/2940
f 2080/2242/2080 2044/2201/2044 1304/1386/1304
f 918/986/918 920/988/920 2294/2476/2294
f 1712/1837/1712 3063/3380/3063 3829/4305/3829
f 2629/2847/2629 3631/4062/3631 1673/1791/1673
f 3830/4306/3830 3831/4307/3831 3832/4308/3832
f 2294/2476/2294 2293/2475/2293 918/986/918
f 2203/2377/2203 3833/4309/3833 2296/2479/2296
f 196/197/196 3834/4310/3834 3803/4274/3803
f 1400/1491/1400 1971/4156/1971 3835/4311/3835
f 3836/4312/3836 3051/3365/3051 3050/3364/3050
f 363/4313/363 2216/2390/2216 469/4314/469
f 3562/4177/3562 2298/2481/2298 3837/4315/3837
f 2973/3263/2973 3293/3641/3293 2959/3248/2959
f 2293/4316/2293 1591/1703/1591 3838/4317/3838
f 2364/2550/2364 3807/4280/3807 1782/1913/1782
f 224/225/224 226/227/226 2898/3169/2898
f 1782/1913/1782 3807/4280/3807 1618/3643/1618
f 2597/2808/2597 3839/4318/3839 2268/2447/2268
f 3840/4319/3840 9/9/9 1786/1917/1786
f 3337/3692/3337 1785/1916/1785 3805/4277/3805
f 319/336/319 3722/4171/3722 3721/4170/3721
f 338/359/338 337/358/337 3490/3888/3490
f 3841/4320/3841 3842/4321/3842 3843/4322/3843
f 3781/4245/3781 3802/4273/3802 1737/1864/1737
f 613/656/613 3121/3442/3121 3844/4323/3844
f 1546/1655/1546 3717/4165/3717 3669/4107/3669
f 3845/4324/3845 3802/4273/3802 562/603/562
f 3720/4169/3720 1510/1614/1510 1509/1613/1509
f 3486/3884/3486 3846/4325/3846 3847/4326/3847
f 3619/4049/3619 3360/3720/3360 3359/3719/3359
f 3739/4193/3739 2581/2791/2581 3848/4327/3848
f 3763/4223/3763 2184/2357/2184 1966/2115/1966
f 599/642/599 601/644/601 3603/4027/3603
f 3849/4328/3849 3850/4329/3850 745/794/745
f 3851/4330/3851 3852/4331/3852 2034/2191/2034
f 1208/1283/1208 1210/1285/1210 3853/4332/3853
f 402/432/402 2472/2673/2472 3854/4333/3854
f 2831/4334/2831 2830/4335/2830 2858/4336/2858
f 3447/3836/3447 3562/3980/3562 3837/4337/3837
f 2651/2875/2651 3855/4338/3855 2649/2873/2649
f 2048/2205/2048 2404/2597/2404 889/955/889
f 692/737/692 3119/3440/3119 3118/3439/3118
f 3837/4315/3837 2300/2483/2300 3446/4339/3446
f 3385/3748/3385 2365/2551/2365 2364/2550/2364
f 3119/3440/3119 3787/4253/3787 3708/4151/3708
f 3720/4169/3720 3706/4149/3706 3084/3401/3084
f 875/4030/875 358/388/358 378/408/378
f 3654/4089/3654 938/1006/938 760/814/760
f 3284/3632/3284 3856/4340/3856 3285/3633/3285
f 2290/3985/2290 3281/4341/3281 3674/4115/3674
f 3857/4342/3857 3546/3955/3546 3858/4343/3858
f 3739/4193/3739 3848/4327/3848 3780/4244/3780
f 2244/2422/2244 3540/3949/3540 3859/4344/3859
f 2034/2191/2034 3666/4104/3666 3665/4103/3665
f 465/501/465 1474/1571/1474 617/660/617
f 3528/3936/3528 3466/3859/3466 3427/3915/3427
f 3860/4345/3860 2519/2723/2519 3808/4281/3808
f 3463/3854/3463 3861/4346/3861 3862/4347/3862
f 3863/4348/3863 481/4349/481 3761/4350/3761
f 723/771/723 604/647/604 669/714/669
f 223/224/223 3756/4215/3756 3516/3923/3516
f 2383/4351/2383 2971/4352/2971 3838/4317/3838
f 3095/3413/3095 3094/3412/3094 1316/1399/1316
f 779/834/779 3100/3420/3100 777/832/777
f 1522/4353/1522 1354/4354/1354 360/390/360
f 3708/4210/3708 3804/4276/3804 3120/4275/3120
f 2293/4316/2293 3838/4317/3838 2971/4352/2971
f 2362/2547/2362 3864/4355/3864 2021/2178/2021
f 1835/1972/1835 3865/4356/3865 1836/1973/1836
f 3866/4357/3866 3867/4358/3867 369/399/369
f 3868/4359/3868 1069/1140/1069 3359/3719/3359
f 3869/4360/3869 1208/1283/1208 3870/4361/3870
f 3008/3306/3008 3007/3305/3007 3871/4362/3871
f 621/664/621 2191/2365/2191 1737/1864/1737
f 3435/3819/3435 880/946/880 3872/4363/3872
f 1510/1614/1510 105/105/105 104/104/104
f 3613/4042/3613 3798/4364/3798 3873/4365/3873
f 1324/1407/1324 1107/1179/1107 1475/1573/1475
f 473/510/473 3614/4043/3614 3873/4365/3873
f 3874/4366/3874 3404/3777/3404 1180/1255/1180
f 749/1808/749 1478/4367/1478 1477/1809/1477
f 3856/4368/3856 3284/4369/3284 3875/4370/3875
f 1123/1195/1123 3876/4371/3876 3877/4372/3877
f 3773/4236/3773 3713/4160/3713 2627/2845/2627
f 3878/4373/3878 3798/4269/3798 3718/4166/3718
f 3717/4165/3717 1546/1655/1546 3878/4373/3878
f 3746/4202/3746 3360/3720/3360 3722/4171/3722
f 1645/4110/1645 1250/1329/1250 3879/4374/3879
f 2412/2605/2412 734/783/734 736/785/736
f 3203/3537/3203 883/949/883 3822/4298/3822
f 1793/4375/1793 1795/4376/1795 1186/1261/1186
f 3191/3524/3191 1591/1703/1591 3203/3537/3203
f 3748/4204/3748 3630/4061/3630 3725/4174/3725
f 3880/4377/3880 3881/4378/3881 2227/2402/2227
f 3555/3968/3555 2710/2947/2710 3556/3969/3556
f 317/334/317 319/336/319 1509/1613/1509
f 3725/4174/3725 3562/3980/3562 3447/3836/3447
f 1950/4379/1950 965/1034/965 1948/4380/1948
f 350/377/350 3882/4381/3882 3883/4382/3883
f 904/971/904 3579/4002/3579 905/972/905
f 1567/1678/1567 751/800/751 1939/2086/1939
f 889/955/889 2288/2468/2288 890/956/890
f 3551/3960/3551 3884/4383/3884 3885/4384/3885
f 3878/4373/3878 1708/4385/1708 1707/4386/1707
f 3691/4387/3691 3886/4388/3886 3887/4389/3887
f 3888/4390/3888 1836/1973/1836 3865/4356/3865
f 3773/4236/3773 1672/1790/1672 3713/4160/3713
f 2328/2511/2328 3147/3470/3147 1808/1941/1808
f 3889/4391/3889 1470/1567/1470 3890/4392/3890
f 953/1022/953 3802/4273/3802 1863/2005/1863
f 168/169/168 3677/4118/3677 1080/1151/1080
f 189/190/189 98/98/98 191/192/191
f 1069/1140/1069 9/9/9 3840/4319/3840
f 953/1022/953 562/603/562 3802/4273/3802
f 413/443/413 1377/1465/1377 3891/4393/3891
f 3892/4394/3892 3893/4395/3893 3816/4290/3816
f 1902/2046/1902 3146/3469/3146 2218/2393/2218
f 1605/4396/1605 3894/4397/3894 2833/3091/2833
f 601/644/601 600/643/600 472/509/472
f 3356/3716/3356 1680/1799/1680 1679/1798/1679
f 91/91/91 3708/4151/3708 3787/4253/3787
f 3873/4365/3873 3798/4364/3798 1707/1832/1707
f 3725/4174/3725 3447/3836/3447 2051/2208/2051
f 1325/4398/1325 1841/1980/1841 1326/1979/1326
f 3895/4399/3895 3896/4400/3896 3897/4401/3897
f 2300/2483/2300 2299/2482/2299 3898/4402/3898
f 1230/1305/1230 1028/1098/1028 3899/4403/3899
f 2322/2505/2322 3257/3602/3257 3123/3444/3123
f 3781/4245/3781 1737/1864/1737 2191/2365/2191
f 1372/1460/1372 3900/4404/3900 3822/4298/3822
f 3901/4405/3901 3902/4406/3902 3903/4407/3903
f 3904/4408/3904 3905/4409/3905 2654/2880/2654
f 271/279/271 2580/2790/2580 272/280/272
f 2898/3169/2898 1834/1971/1834 2899/3170/2899
f 3845/4324/3845 1738/1865/1738 3802/4273/3802
f 3487/4410/3487 264/270/264 263/269/263
f 3906/4411/3906 3013/3311/3013 1435/1530/1435
f 3907/4412/3907 1652/1770/1652 2084/2248/2084
f 3436/3820/3436 3438/3822/3438 3908/4413/3908
f 2884/3150/2884 3909/4414/3909 3851/4330/3851
f 3838/4317/3838 1591/1703/1591 3192/3525/3192
f 2334/2518/2334 3564/3982/3564 2466/3530/2466
f 371/401/371 1698/1821/1698 3910/4415/3910
f 3597/4021/3597 3687/4129/3687 1294/3850/1294
f 3603/4027/3603 3672/4112/3672 77/77/77
f 3796/4267/3796 3911/4416/3911 3912/4417/3912
f 2492/2694/2492 317/334/317 3913/4418/3913
f 3685/4127/3685 3914/4419/3914 3915/4420/3915
f 390/420/390 1562/1672/1562 391/421/391
f 3230/4421/3230 15/15/15 14/14/14
f 1715/1840/1715 1714/1839/1714 3485/3882/3485
f 561/602/561 1353/1439/1353 562/603/562
f 1737/1864/1737 3802/4273/3802 1738/1865/1738
f 317/334/317 3400/3771/3400 318/335/318
f 207/208/207 3787/4253/3787 3916/4422/3916
f 3917/4423/3917 3918/4424/3918 17/17/17
f 3919/4425/3919 3579/4002/3579 904/971/904
f 1069/1140/1069 3868/4359/3868 1070/1141/1070
f 3920/4426/3920 1545/1654/1545 3921/4427/3921
f 3374/3736/3374 3847/4326/3847 1988/2138/1988
f 3669/4107/3669 3668/4106/3668 1546/1655/1546
f 3321/3676/3321 829/889/829 906/973/906
f 3922/4428/3922 3192/3525/3192 2430/2626/2430
f 3358/3718/3358 3360/3720/3360 3746/4202/3746
f 3923/4429/3923 3924/4430/3924 3925/4431/3925
f 2898/3169/2898 3912/4417/3912 3740/4194/3740
f 1346/4432/1346 1065/1136/1065 1064/1135/1064
f 2782/3033/2782 1521/1626/1521 3816/4433/3816
f 3788/4254/3788 3816/4290/3816 3926/4434/3926
f 3927/4435/3927 3928/4436/3928 3921/4427/3921
f 3748/4204/3748 2051/2208/2051 2121/2289/2121
f 3102/3422/3102 3101/3421/3101 3278/3624/3278
f 147/147/147 3793/4437/3793 1686/1805/1686
f 3748/4204/3748 3725/4174/3725 2051/2208/2051
f 3929/4438/3929 667/712/667 2383/2572/2383
f 179/180/179 181/182/181 3930/4439/3930
f 1332/4440/1332 3543/4441/3543 3542/4442/3542
f 3336/3691/3336 1014/1083/1014 3931/4443/3931
f 3747/4203/3747 83/83/83 82/82/82
f 3932/4444/3932 1242/4445/1242 768/4446/768
f 3933/4447/3933 831/891/831 1973/4448/1973
f 3191/3524/3191 3203/3537/3203 3900/4404/3900
f 3934/4449/3934 3935/4450/3935 887/953/887
f 314/4451/314 316/2803/316 3936/4452/3936
f 1054/1125/1054 2117/2285/2117 1055/1126/1055
f 2581/2791/2581 2580/2790/2580 3848/4327/3848
f 3937/4453/3937 2168/2341/2168 266/272/266
f 1912/4454/1912 3938/4455/3938 1910/4456/1910
f 3939/4457/3939 3799/4270/3799 3940/4458/3940
f 3941/4459/3941 3942/4460/3942 2839/3098/2839
f 1545/1654/1545 1341/3975/1341 1546/1655/1546
f 2381/2570/2381 2383/2572/2383 3943/4461/3943
f 3944/4462/3944 2808/3061/2808 779/834/779
f 2808/3061/2808 3100/3420/3100 779/834/779
f 2971/3260/2971 2383/4463/2383 667/4464/667
f 441/472/441 2073/2231/2073 1768/1897/1768
f 3816/4290/3816 3893/4395/3893 3926/4434/3926
f 1576/1688/1576 1893/2036/1893 1892/2035/1892
f 3848/4327/3848 3927/4435/3927 3780/4244/3780
f 1176/1251/1176 3945/4465/3945 419/449/419
f 3946/4466/3946 1671/1789/1671 2121/2289/2121
f 3947/4467/3947 3948/4468/3948 1562/1672/1562
f 1814/1947/1814 3296/3645/3296 1815/1948/1815
f 3545/3954/3545 3949/4469/3949 821/881/821
f 3358/3718/3358 82/82/82 3950/4470/3950
f 664/709/664 2588/2798/2588 3305/4471/3305
f 3951/4472/3951 3787/4253/3787 3119/3440/3119
f 3952/4473/3952 3246/3589/3246 3953/4474/3953
f 3954/4475/3954 2363/2549/2363 2365/2551/2365
f 3358/3718/3358 3950/4470/3950 3868/4359/3868
f 1793/4375/1793 3955/4476/3955 3956/4477/3956
f 2080/2242/2080 2045/2202/2045 2044/2201/2044
f 3957/4478/3957 2773/3024/2773 1627/1743/1627
f 3594/4018/3594 105/105/105 3666/4104/3666
f 3402/4479/3402 3958/4480/3958 3959/4481/3959
f 3779/4242/3779 3788/4254/3788 3094/3412/3094
f 2631/2849/2631 2548/2755/2548 2547/2754/2547
f 3960/4482/3960 2517/2721/2517 2519/2723/2519
f 3737/4191/3737 3033/3341/3033 3961/4483/3961
f 821/881/821 3962/4484/3962 3963/4485/3963
f 1211/1286/1211 3845/4324/3845 1353/1439/1353
f 1301/1383/1301 1288/1370/1288 1138/1210/1138
f 1704/4266/1704 763/817/763 1578/2050/1578
f 478/515/478 2071/2229/2071 2779/3030/2779
f 7/7/7 1070/1141/1070 3826/4302/3826
f 3535/3944/3535 3308/3660/3308 1016/1085/1016
f 3964/4486/3964 920/988/920 919/987/919
f 20/20/20 2881/3147/2881 21/21/21
f 2965/3254/2965 2823/3077/2823 2295/4487/2295
f 3965/4488/3965 3646/4080/3646 3648/4082/3648
f 3966/4489/3966 2828/3085/2828 2248/2426/2248
f 1271/1351/1271 3168/3494/3168 1146/1218/1146
f 1190/1265/1190 2377/2564/2377 784/841/784
f 2429/2625/2429 2028/2185/2028 328/345/328
f 739/788/739 2431/2627/2431 1371/1459/1371
f 3191/3524/3191 2430/2626/2430 3192/3525/3192
f 170/171/170 1076/1147/1076 1198/1273/1198
f 2878/3142/2878 2880/3144/2880 3340/3696/3340
f 1280/1360/1280 3440/3825/3440 1225/3824/1225
f 3950/4470/3950 81/81/81 3967/4490/3967
f 3151/3695/3151 3061/3378/3061 2087/3583/2087
f 3027/3334/3027 2802/3055/2802 2827/3084/2827
f 1168/1241/1168 3169/3495/3169 2862/3124/2862
f 3950/4470/3950 3967/4490/3967 2878/3142/2878
f 206/207/206 207/208/207 3916/4422/3916
f 3968/4491/3968 3387/3754/3387 2272/2451/2272
f 3969/4492/3969 3185/4493/3185 3970/4494/3970
f 3747/4203/3747 3746/4202/3746 2552/2760/2552
f 1088/1159/1088 3971/4495/3971 3972/4496/3972
f 669/714/669 604/647/604 459/494/459
f 3838/4317/3838 3192/3525/3192 3943/4497/3943
f 3973/4498/3973 3652/4086/3652 717/765/717
f 1711/1836/1711 2471/2672/2471 3974/4499/3974
f 3975/4500/3975 3852/4331/3852 3851/4330/3851
f 2913/3190/2913 2998/3293/2998 1255/1335/1255
f 3964/4486/3964 2377/2564/2377 2376/2563/2376
f 3976/4501/3976 1856/1995/1856 343/366/343
f 2614/4502/2614 3977/4503/3977 3823/4299/3823
f 3978/4504/3978 2381/2570/2381 3979/4505/3979
f 2466/4506/2466 819/4507/819 1921/4508/1921
f 1340/3976/1340 3980/4509/3980 3878/4373/3878
f 2731/2970/2731 3285/3633/3285 3856/4340/3856
f 3823/4510/3823 3824/4511/3824 3981/4512/3981
f 3878/4373/3878 1546/1655/1546 1340/3976/1340
f 3982/4513/3982 1119/4514/1119 3248/4515/3248
f 3696/4138/3696 1672/1790/1672 3692/4134/3692
f 3825/4301/3825 1312/1394/1312 3434/3818/3434
f 1547/1656/1547 3780/4244/3780 3921/4427/3921
f 1381/1469/1381 3944/4462/3944 779/834/779
f 3868/4359/3868 3950/4470/3950 2878/3142/2878
f 1317/1400/1317 1316/1399/1316 3893/4395/3893
f 1672/1790/1672 1671/1789/1671 3692/4134/3692
f 774/829/774 1758/1886/1758 775/830/775
f 3707/4150/3707 3706/4149/3706 3752/4208/3752
f 3407/3783/3407 3408/3784/3408 1444/1713/1444
f 3209/3543/3209 3364/3726/3364 1762/4516/1762
f 2305/2488/2305 2382/2571/2382 2910/3187/2910
f 2910/3187/2910 3978/4504/3978 3967/4490/3967
f 1622/1738/1622 938/1006/938 376/406/376
f 3983/4517/3983 1469/4518/1469 1468/4519/1468
f 2841/3100/2841 1084/1155/1084 1083/1154/1083
f 2874/3138/2874 2915/3192/2915 2914/3191/2914
f 2292/2474/2292 2156/2329/2156 2449/2648/2449
f 3984/4520/3984 3218/4521/3218 3985/4522/3985
f 3978/4504/3978 2879/3143/2879 3967/4490/3967
f 2703/2939/2703 2709/2946/2709 3393/3762/3393
f 3986/4523/3986 3987/4524/3987 2501/4525/2501
f 367/397/367 3867/4358/3867 2423/2617/2423
f 3807/4280/3807 2364/2550/2364 2632/2850/2632
f 2878/3142/2878 3967/4490/3967 2879/3143/2879
f 3988/4526/3988 3442/3827/3442 3989/4527/3989
f 1617/4279/1617 3807/4280/3807 3990/4528/3990
f 3991/4529/3991 3092/3410/3092 3992/4530/3992
f 1458/1554/1458 1307/1389/1307 3993/4531/3993
f 3994/4532/3994 101/101/101 2969/3258/2969
f 552/593/552 857/920/857 3995/4533/3995
f 3532/3940/3532 3434/3818/3434 272/280/272
f 2808/3061/2808 3944/4462/3944 1670/1788/1670
f 3835/4311/3835 1399/1490/1399 1400/1491/1400
f 3907/4534/3907 2084/4535/2084 3996/4536/3996
f 1354/1440/1354 1356/1442/1356 361/4537/361
f 1317/1400/1317 298/307/298 1318/1401/1318
f 3997/4538/3997 3979/4505/3979 3922/4539/3922
f 989/1058/989 2119/2287/2119 3998/4540/3998
f 278/286/278 3999/4541/3999 279/287/279
f 3847/4326/3847 1777/1906/1777 3486/3884/3486
f 3848/4327/3848 271/279/271 3927/4435/3927
f 2200/4542/2200 2202/4543/2202 2904/4544/2904
f 3997/4538/3997 2879/3143/2879 3979/4505/3979
f 4000/4545/4000 2711/4546/2711 3545/4547/3545
f 3487/3885/3487 3486/3884/3486 260/266/260
f 4001/4548/4001 2814/4549/2814 4002/4550/4002
f 2921/3201/2921 4003/4551/4003 69/69/69
f 4004/4552/4004 3424/4553/3424 1142/1214/1142
f 4005/4554/4005 1516/1620/1516 2640/2862/2640
f 4006/4555/4006 546/587/546 545/586/545
f 3633/4556/3633 1349/1435/1349 1348/1434/1348
f 1564/1674/1564 1563/1673/1563 3281/4557/3281
f 3306/3658/3306 3535/3944/3535 431/461/431
f 1552/1661/1552 3189/3522/3189 4007/4558/4007
f 2263/2442/2263 3006/3301/3006 2477/2678/2477
f 2430/2626/2430 3191/3524/3191 2431/2627/2431
f 3690/4132/3690 2948/3235/2948 2947/3234/2947
f 1967/2116/1967 2593/4559/2593 1968/2117/1968
f 4008/4560/4008 1144/1216/1144 785/842/785
f 3997/4538/3997 2880/3144/2880 2879/3143/2879
f 2794/3047/2794 2610/2826/2610 4009/4561/4009
f 2611/2827/2611 4010/4562/4010 4011/4563/4011
f 721/769/721 1334/1417/1334 776/831/776
f 3118/3439/3118 690/735/690 692/737/692
f 3984/4520/3984 3985/4522/3985 3223/3558/3223
f 360/1628/360 3892/4564/3892 1521/1626/1521
f 4012/4565/4012 930/4566/930 929/4567/929
f 3740/4194/3740 3912/4417/3912 3911/4416/3911
f 4013/4568/4013 4014/4569/4014 4015/4570/4015
f 3997/4538/3997 2925/3205/2925 4016/4571/4016
f 2786/3852/2786 3463/3854/3463 518/557/518
f 3898/4402/3898 4017/4572/4017 2300/2483/2300
f 2011/3972/2011 3559/3973/3559 3703/4146/3703
f 3888/4390/3888 517/556/517 516/555/516
f 3194/3527/3194 2886/3152/2886 3199/3533/3199
f 4018/4573/4018 74/4574/74 1759/4575/1759
f 3328/3683/3328 3327/3682/3327 4019/4576/4019
f 176/177/176 178/179/178 205/206/205
f 2654/2880/2654 4020/4577/4020 3904/4408/3904
f 1312/1394/1312 3826/4302/3826 1310/1392/1310
f 870/934/870 3061/3378/3061 3157/3482/3157
f 728/776/728 727/775/727 2541/2747/2541
f 4021/4578/4021 2014/2171/2014 3789/4256/3789
f 3723/4172/3723 3369/3731/3369 2004/2156/2004
f 3512/3918/3512 2087/2251/2087 2086/2250/2086
f 4022/4579/4022 3100/3420/3100 2479/2680/2479
f 2457/4580/2457 4023/4581/4023 2884/3150/2884
f 4024/4582/4024 1373/1461/1373 3580/4003/3580
f 3609/4036/3609 3308/3660/3308 3307/3659/3307
f 2793/3046/2793 4025/4583/4025 4026/4584/4026
f 3892/4564/3892 360/1628/360 359/4585/359
f 3527/3934/3527 4027/4586/4027 3576/3999/3576
f 2382/2571/2382 2305/2488/2305 3929/4438/3929
f 2880/3144/2880 3132/3453/3132 3131/3452/3131
f 430/460/430 2917/3194/2917 3318/3673/3318
f 3970/4494/3970 881/947/881 3435/3819/3435
f 892/959/892 3173/3500/3173 759/812/759
f 3580/4003/3580 1372/1460/1372 882/948/882
f 4028/4587/4028 4029/4588/4029 4030/4589/4030
f 3780/4244/3780 3927/4435/3927 3921/4427/3921
f 3826/4302/3826 3340/3696/3340 1310/1392/1310
f 909/976/909 130/130/130 910/977/910
f 4031/4590/4031 4032/4591/4032 950/1019/950
f 3694/4136/3694 1928/2075/1928 3696/4138/3696
f 3331/4592/3331 3492/3890/3492 2800/3053/2800
f 3921/4427/3921 4033/4593/4033 3920/4426/3920
f 967/4594/967 2828/3085/2828 2636/4595/2636
f 2348/4596/2348 3948/4468/3948 3947/4467/3947
f 3976/4501/3976 4034/4597/4034 1856/1995/1856
f 2551/2759/2551 4035/4598/4035 4036/4599/4036
f 2116/2284/2116 2536/2742/2536 2117/2285/2117
f 3533/3941/3533 4037/4600/4037 2251/3942/2251
f 2851/3113/2851 2850/3112/2850 50/4601/50
f 4038/4602/4038 1221/1296/1221 4039/4603/4039
f 2680/2910/2680 1066/4604/1066 1068/4605/1068
f 3596/4020/3596 3913/4418/3913 103/103/103
f 111/4606/111 2498/4607/2498 4040/4608/4040
f 4041/4609/4041 2224/2399/2224 344/367/344
f 2528/2734/2528 2507/2711/2507 2527/2732/2527
f 665/710/665 3464/3855/3464 666/711/666
f 3066/3383/3066 2363/2549/2363 3954/4475/3954
f 4042/4610/4042 3596/4611/3596 3595/4612/3595
f 849/910/849 4043/4613/4043 1035/4614/1035
f 1708/4385/1708 3878/4373/3878 3980/4509/3980
f 4044/4615/4044 2667/2893/2667 329/347/329
f 3009/3307/3009 3031/3339/3031 4045/4616/4045
f 4046/4617/4046 1184/1259/1184 1183/1258/1183
f 2058/2215/2058 1240/1315/1240 1244/1321/1244
f 1190/1265/1190 1534/1642/1534 2377/2564/2377
f 3269/3615/3269 2180/2353/2180 2182/2355/2182
f 2045/2202/2045 911/978/911 1833/1970/1833
f 3338/3693/3338 2159/2332/2159 2158/2331/2158
f 2061/2218/2061 2915/3192/2915 2854/3116/2854
f 1064/1135/1064 860/932/860 1027/4618/1027
f 3196/3529/3196 2664/2890/2664 1721/1846/1721
f 4047/4619/4047 1763/1891/1763 1566/1676/1566
f 4048/4620/4048 2424/2618/2424 4023/4621/4023
f 104/104/104 3913/4418/3913 317/334/317
f 2144/2313/2144 2174/2347/2174 607/650/607
f 3455/3844/3455 3327/3682/3327 4049/4622/4049
f 2422/2616/2422 2689/2932/2689 2696/2931/2696
f 707/755/707 708/756/708 828/888/828
f 1534/1642/1534 1167/1240/1167 1166/1239/1166
f 2051/2208/2051 3447/3836/3447 2049/2206/2049
f 983/1052/983 3400/3771/3400 981/1050/981
f 601/644/601 472/509/472 1169/1242/1169
f 3362/4623/3362 2494/3485/2494 3159/3484/3159
f 3448/4624/3448 3477/3871/3477 216/3873/216
f 3261/3607/3261 225/226/225 3167/3493/3167
f 2551/2759/2551 983/1052/983 4035/4598/4035
f 565/606/565 564/605/564 272/280/272
f 1736/1863/1736 3279/3625/3279 1735/1861/1735
f 1356/1442/1356 1355/1441/1355 620/663/620
f 4050/4625/4050 4051/4626/4051 2303/2486/2303
f 1019/1089/1019 4052/4627/4052 3616/4628/3616
f 2407/4629/2407 549/590/549 2408/4630/2408
f 2624/2842/2624 1213/1288/1213 1212/1287/1212
f 3989/4527/3989 1670/1788/1670 3096/3414/3096
f 3796/4267/3796 3912/4417/3912 3797/4268/3797
f 4053/4631/4053 4054/4632/4054 4055/4633/4055
f 1190/1265/1190 1167/1240/1167 1534/1642/1534
f 784/841/784 3964/4486/3964 919/987/919
f 2812/3066/2812 4056/4634/4056 2813/3067/2813
f 1616/1731/1616 4057/4635/4057 1046/1117/1046
f 1558/1668/1558 2421/2615/2421 2688/2919/2688
f 4036/4599/4036 4050/4625/4050 4058/4636/4058
f 2652/2877/2652 2909/3183/2909 2736/2976/2736
f 4059/4637/4059 2982/3273/2982 2981/3272/2981
f 4060/4638/4060 2468/2668/2468 3228/3563/3228
f 3608/4035/3608 1267/1347/1267 1014/1083/1014
f 4061/4639/4061 4062/4640/4062 3715/4162/3715
f 882/948/882 905/972/905 3579/4002/3579
f 1672/1790/1672 3696/4138/3696 3713/4160/3713
f 2424/2618/2424 3975/4641/3975 3909/4642/3909
f 4051/4626/4051 3464/3855/3464 2304/2487/2304
f 252/258/252 1417/1508/1417 250/256/250
f 739/788/739 738/787/738 2432/2628/2432
f 4063/4643/4063 4051/4626/4051 4050/4625/4050
f 1420/4644/1420 1419/4645/1419 2505/4646/2505
f 3886/4388/3886 3691/4387/3691 3676/4647/3676
f 2118/3319/2118 3018/3320/3018 2119/4648/2119
f 4064/4649/4064 565/606/565 1312/1394/1312
f 1776/1905/1776 4065/4650/4065 4066/4651/4066
f 3132/3453/3132 4067/4652/4067 1311/1393/1311
f 3913/4418/3913 4068/4653/4068 4069/4654/4069
f 2908/3180/2908 2572/2781/2572 949/1017/949
f 2153/2325/2153 3062/3379/3062 3052/3366/3052
f 2340/2525/2340 2443/2639/2443 1994/2145/1994
f 3928/4436/3928 4033/4593/4033 3921/4427/3921
f 208/4655/208 267/4656/267 1691/1813/1691
f 4070/4657/4070 4071/4658/4071 4072/4659/4072
f 683/801/683 752/803/752 868/931/868
f 3919/4425/3919 4073/4660/4073 912/979/912
f 1800/1931/1800 2953/4661/2953 407/437/407
f 3795/4265/3795 3155/3480/3155 1023/1093/1023
f 3964/4486/3964 784/841/784 2377/2564/2377
f 3919/4425/3919 2871/3135/2871 4024/4582/4024
f 3580/4003/3580 1373/1461/1373 1372/1460/1372
f 2326/2509/2326 3763/4223/3763 132/132/132
f 3078/3395/3078 1407/1498/1407 1409/1500/1409
f 4074/4662/4074 2147/2316/2147 3060/3377/3060
f 1671/1789/1671 3946/4466/3946 3692/4134/3692
f 4075/4663/4075 3266/3612/3266 4076/4664/4076
f 3900/4404/3900 1371/1459/1371 2431/2627/2431
f 561/602/561 3609/4036/3609 2710/2947/2710
f 4069/4654/4069 2493/2695/2493 2492/2694/2492
f 1057/1128/1057 902/969/902 888/954/888
f 1019/1089/1019 4077/4665/4077 4052/4627/4052
f 932/1000/932 2204/2378/2204 3591/4015/3591
f 3898/4402/3898 2556/4666/2556 2674/2901/2674
f 2656/2882/2656 4078/4667/4078 4079/4668/4079
f 4035/4598/4035 1433/1528/1433 4036/4599/4036
f 3716/4164/3716 3570/3993/3570 3702/4145/3702
f 1213/1288/1213 4080/4669/4080 1211/1286/1211
f 3467/3861/3467 2691/2926/2691 3388/3755/3388
f 4081/4670/4081 3693/4135/3693 2120/2288/2120
f 2845/3105/2845 4082/4671/4082 3711/4157/3711
f 1205/1280/1205 2632/2850/2632 3785/4251/3785
f 3804/4276/3804 3708/4210/3708 3367/3729/3367
f 3878/4373/3878 3718/4166/3718 3717/4165/3717
f 3038/3346/3038 2312/2495/2312 3036/3344/3036
f 3076/3393/3076 2859/3121/2859 3023/3330/3023
f 3903/4407/3903 2235/2410/2235 951/1020/951
f 1311/1393/1311 4067/4652/4067 4083/4672/4083
f 3928/4436/3928 3927/4435/3927 273/281/273
f 3701/4144/3701 621/664/621 1739/1866/1739
f 4084/4673/4084 1710/1835/1710 3829/4305/3829
f 2031/2188/2031 1839/1977/1839 1275/1355/1275
f 1169/1242/1169 3316/3671/3316 3672/4112/3672
f 599/642/599 3614/4043/3614 600/643/600
f 4085/4674/4085 582/625/582 4062/4640/4062
f 2871/3135/2871 2873/3137/2873 4024/4582/4024
f 2906/3178/2906 2122/2290/2122 1515/1619/1515
f 2749/2997/2749 2752/3001/2752 2750/2998/2750
f 3118/3439/3118 262/4675/262 4086/4676/4086
f 4087/4677/4087 427/457/427 873/4678/873
f 2361/2546/2361 4088/4679/4088 3544/3953/3544
f 4089/4680/4089 1426/1519/1426 474/511/474
f 2263/2442/2263 3100/3420/3100 2808/3061/2808
f 3942/4460/3942 4090/4681/4090 3911/4416/3911
f 1990/2140/1990 3368/3730/3368 3040/3348/3040
f 3846/4325/3846 1989/2139/1989 1988/2138/1988
f 2479/2680/2479 2478/2679/2478 3296/3645/3296
f 2681/4682/2681 2826/3082/2826 1361/1447/1361
f 3605/4032/3605 3607/4034/3607 4091/4683/4091
f 1106/2655/1106 3990/4528/3990 2456/2656/2456
f 3143/3465/3143 2642/2864/2642 3190/3523/3190
f 20/20/20 2852/3114/2852 2877/3141/2877
f 4024/4582/4024 2873/3137/2873 1373/1461/1373
f 2557/2765/2557 4064/4649/4064 4083/4672/4083
f 998/2236/998 942/1010/942 941/1009/941
f 405/435/405 2953/4661/2953 3757/4684/3757
f 2137/3578/2137 3239/3577/3239 4092/4685/4092
f 622/665/622 621/664/621 3817/4291/3817
f 4093/4686/4093 4094/4687/4094 4095/4688/4095
f 2809/3315/2809 438/4689/438 437/3316/437
f 4096/4690/4096 2789/3042/2789 3218/3552/3218
f 3610/4037/3610 4097/4691/4097 2362/4038/2362
f 564/605/564 2040/2197/2040 4098/4692/4098
f 2519/2723/2519 3809/4282/3809 3808/4281/3808
f 1342/1428/1342 4099/4693/4099 4100/4694/4100
f 4101/4695/4101 4102/4696/4102 3478/3872/3478
f 3464/3855/3464 4051/4626/4051 4008/4697/4008
f 474/511/474 1426/1519/1426 472/509/472
f 3951/4472/3951 3903/4407/3903 3902/4406/3902
f 1339/1425/1339 3980/4698/3980 1340/1426/1340
f 4063/4643/4063 4103/4699/4103 4051/4626/4051
f 1433/1528/1433 4035/4598/4035 982/1051/982
f 264/270/264 3487/4410/3487 1537/1646/1537
f 3130/3451/3130 4072/4659/4072 4104/4700/4104
f 3916/4422/3916 3902/4406/3902 206/207/206
f 1336/1419/1336 1160/1233/1160 1337/1420/1337
f 1405/1496/1405 1951/4701/1951 558/2552/558
f 1898/2041/1898 3132/3453/3132 1899/2042/1899
f 4103/4699/4103 1144/4702/1144 4008/4697/4008
f 3946/4466/3946 2121/2289/2121 2120/2288/2120
f 2122/2290/2122 2121/2289/2121 2050/2207/2050
f 515/554/515 517/556/517 1430/1525/1430
f 2641/2863/2641 2049/2206/2049 3426/3807/3426
f 516/555/516 515/554/515 3797/4268/3797
f 1782/1913/1782 1618/3643/1618 662/1911/662
f 4036/4599/4036 1433/1528/1433 4063/4643/4063
f 2808/3061/2808 1670/1788/1670 1669/1787/1669
f 3911/4416/3911 3796/4267/3796 4105/4703/4105
f 901/968/901 999/1068/999 1049/1120/1049
f 2245/2423/2245 2242/2420/2242 2950/3237/2950
f 3807/4280/3807 2632/2850/2632 1205/1280/1205
f 4033/4704/4033 4106/4705/4106 3920/4706/3920
f 4107/4707/4107 946/1014/946 3264/4708/3264
f 1341/3975/1341 1545/1654/1545 3920/4426/3920
f 564/605/564 4098/4692/4098 273/281/273
f 4083/4672/4083 4067/4652/4067 4108/4709/4108
f 4067/4652/4067 3132/3453/3132 1898/2041/1898
f 1305/1387/1305 897/964/897 4109/4710/4109
f 3312/3665/3312 3267/3613/3267 3320/3675/3320
f 3875/4370/3875 3375/4711/3375 928/4712/928
f 1978/2127/1978 808/4713/808 1253/1333/1253
f 4086/4714/4086 262/268/262 1536/1645/1536
f 4110/4715/4110 483/520/483 1914/2061/1914
f 3560/3974/3560 3307/3659/3307 3306/3658/3306
f 4111/4716/4111 4112/4717/4112 4113/4718/4113
f 833/4719/833 873/937/873 589/939/589
f 4064/4649/4064 2557/2765/2557 566/607/566
f 2906/3178/2906 4081/4670/4081 2120/2288/2120
f 2121/2289/2121 2051/2208/2051 2050/2207/2050
f 3928/4436/3928 4098/4692/4098 4114/4720/4114
f 4068/4721/4068 3048/3361/3048 4115/4722/4115
f 172/173/172 74/74/74 73/73/73
f 3355/4723/3355 2985/4724/2985 1610/4725/1610
f 1686/1805/1686 1688/1807/1688 1280/1360/1280
f 4116/4726/4116 4117/4727/4117 1430/1525/1430
f 786/843/786 785/842/785 1144/1216/1144
f 1179/1254/1179 2822/3076/2822 1177/1252/1177
f 3966/4489/3966 2247/2425/2247 4118/4728/4118
f 3679/4120/3679 1355/1441/1355 3673/4113/3673
f 2306/2489/2306 2308/2491/2308 2516/2720/2516
f 263/269/263 3488/4729/3488 3487/4410/3487
f 896/963/896 978/1047/978 4119/4730/4119
f 259/265/259 261/267/261 3941/4459/3941
f 3867/4358/3867 4042/4610/4042 3595/4612/3595
f 2530/4731/2530 2291/3986/2291 2531/4139/2531
f 4103/4699/4103 4008/4697/4008 4051/4626/4051
f 2040/2197/2040 564/605/564 566/607/566
f 688/733/688 3876/4371/3876 1123/1195/1123
f 431/461/431 797/854/797 3560/3974/3560
f 4120/4732/4120 3069/3386/3069 1949/2096/1949
f 3314/3668/3314 239/1478/239 238/4733/238
f 121/121/121 2112/2280/2112 2286/2466/2286
f 3724/4173/3724 3723/4172/3723 2323/2506/2323
f 3932/4734/3932 4121/4735/4121 1242/4736/1242
f 3954/4475/3954 1815/1948/1815 3296/3645/3296
f 3902/4406/3902 3901/4405/3901 3994/4532/3994
f 3596/4611/3596 4122/4737/4122 4068/4721/4068
f 831/891/831 3280/3626/3280 1217/1292/1217
f 1529/1637/1529 1531/1639/1531 3150/3475/3150
f 4123/4738/4123 4124/4739/4124 4125/4740/4125
f 3928/4741/3928 4114/4742/4114 4126/4743/4126
f 3358/3718/3358 3868/4359/3868 3359/3719/3359
f 758/811/758 629/813/629 875/941/875
f 4067/4652/4067 1898/2041/1898 4108/4709/4108
f 1915/2062/1915 750/1953/750 1585/1697/1585
f 1189/1264/1189 1146/1218/1146 3168/3494/3168
f 1479/1577/1479 1481/1579/1481 1580/1692/1580
f 1425/1518/1425 2401/2593/2401 1424/1516/1424
f 4127/4744/4127 2893/3161/2893 4128/4745/4128
f 120/120/120 119/119/119 2173/2346/2173
f 3893/4395/3893 4129/4746/4129 4130/4747/4130
f 1168/1241/1168 2861/3123/2861 1166/1239/1166
f 2049/2206/2049 4131/4748/4131 2050/2207/2050
f 3644/4078/3644 4132/4749/4132 4133/4750/4133
f 3446/3835/3446 3426/3807/3426 2049/2206/2049
f 3587/4011/3587 2013/2170/2013 2014/2171/2014
f 4062/4640/4062 3388/3755/3388 3715/4162/3715
f 3419/3799/3419 2401/3801/2401 770/4091/770
f 3072/3389/3072 4134/4751/4134 4135/4752/4135
f 1339/1425/1339 1341/1427/1341 4106/4753/4106
f 1124/1196/1124 4136/4754/4136 1383/1472/1383
f 1857/1996/1857 4034/4597/4034 1246/4755/1246
f 271/279/271 3848/4327/3848 2580/2790/2580
f 4137/4756/4137 2210/2384/2210 2945/3669/2945
f 1432/1527/1432 4138/4757/4138 1433/1528/1433
f 2487/2689/2487 2801/3054/2801 775/830/775
f 1318/1401/1318 3095/3413/3095 1316/1399/1316
f 4136/4754/4136 1780/1910/1780 1499/1603/1499
f 4139/4758/4139 815/873/815 814/872/814
f 4140/4759/4140 3694/4136/3694 3693/4135/3693
f 4103/4699/4103 4063/4643/4063 4141/4760/4141
f 2614/2830/2614 3823/4510/3823 2615/2831/2615
f 1898/2041/1898 738/2043/738 4142/4761/4142
f 1529/2783/1529 2573/2782/2573 1530/2594/1530
f 2557/2765/2557 4083/4672/4083 2558/2766/2558
f 4042/4610/4042 3866/4357/3866 4122/4737/4122
f 3328/3683/3328 4019/4576/4019 4143/4762/4143
f 4144/4763/4144 2391/2583/2391 2390/2582/2390
f 3066/3383/3066 3785/4251/3785 2632/2850/2632
f 4145/4764/4145 1505/4765/1505 3091/4766/3091
f 4146/4767/4146 3661/4097/3661 2433/2629/2433
f 4090/4681/4090 3942/4460/3942 261/267/261
f 2467/2667/2467 4147/4768/4147 853/914/853
f 3761/4350/3761 3760/4769/3760 4148/4770/4148
f 1647/1765/1647 1066/4771/1066 1648/1766/1648
f 4149/4772/4149 4150/4773/4150 4151/4774/4151
f 2183/2356/2183 2099/2264/2099 1965/2114/1965
f 4152/4775/4152 1924/2071/1924 2794/4029/2794
f 3421/3830/3421 3643/4077/3643 3174/4776/3174
f 4107/4707/4107 4153/4777/4153 946/1014/946
f 3727/4178/3727 3729/4180/3729 656/701/656
f 2596/2807/2596 3910/4415/3910 4154/4778/4154
f 3461/3851/3461 653/698/653 3598/4022/3598
f 4155/4779/4155 3789/4256/3789 4156/4780/4156
f 3965/4488/3965 4157/4781/4157 3646/4080/3646
f 2622/2840/2622 3601/4025/3601 2951/3238/2951
f 4048/4782/4048 2456/4783/2456 3403/3776/3403
f 4125/4740/4125 506/543/506 4158/4784/4158
f 4157/4781/4157 3965/4488/3965 2140/2309/2140
f 858/921/858 3063/3380/3063 1712/1837/1712
f 2039/2196/2039 4114/4720/4114 2040/2197/2040
f 51/4785/51 53/4786/53 2057/2214/2057
f 3941/4459/3941 261/267/261 3942/4460/3942
f 3318/3673/3318 1504/1608/1504 1503/1607/1503
f 4159/4787/4159 1420/4788/1420 2506/3158/2506
f 4160/4789/4160 1426/4790/1426 4089/4791/4089
f 3484/3881/3484 1916/2063/1916 3410/3860/3410
f 1862/2004/1862 1658/4792/1658 1850/1989/1850
f 4033/4593/4033 3928/4436/3928 4126/4793/4126
f 3975/4641/3975 2424/2618/2424 2423/2617/2423
f 84/4794/84 86/4795/86 2905/3176/2905
f 1433/1528/1433 4138/4757/4138 4063/4643/4063
f 4138/4757/4138 4161/4796/4161 4141/4760/4141
f 1619/1735/1619 2027/2184/2027 1993/2144/1993
f 2820/3074/2820 507/4797/507 4162/4798/4162
f 862/925/862 1287/1369/1287 1286/1368/1286
f 672/717/672 604/647/604 722/770/722
f 1297/1379/1297 1296/1378/1296 4163/4799/4163
f 3522/3929/3522 355/384/355 4164/4800/4164
f 106/106/106 3850/4801/3850 107/107/107
f 4108/4709/4108 4125/4740/4125 4124/4739/4124
f 4098/4692/4098 2040/2197/2040 4114/4720/4114
f 2422/2616/2422 2559/2767/2559 2689/2932/2689
f 2641/2863/2641 4131/4748/4131 2049/2206/2049
f 4165/4802/4165 1504/1608/1504 4166/4803/4166
f 1193/1268/1193 640/684/640 642/686/642
f 3070/3387/3070 962/2748/962 1975/2124/1975
f 1392/1483/1392 1391/1482/1391 1528/1636/1528
f 846/907/846 4167/4804/4167 847/908/847
f 2575/2785/2575 4168/4805/4168 3325/3680/3325
f 1962/2111/1962 1961/2110/1961 4169/4806/4169
f 4170/4807/4170 1771/1900/1771 2699/2935/2699
f 4171/4808/4171 2821/3075/2821 2873/3137/2873
f 862/925/862 1043/1114/1043 724/772/724
f 4172/4809/4172 4173/4810/4173 3324/3679/3324
f 1739/1866/1739 4080/4669/4080 3700/4143/3700
f 4174/4811/4174 4175/4812/4175 4101/4813/4101
f 4176/4814/4176 3454/3843/3454 4029/4588/4029
f 3063/3380/3063 2735/2974/2735 2734/2973/2734
f 2436/2632/2436 2460/2660/2460 2608/2822/2608
f 3456/3845/3456 4177/4815/4177 4178/4816/4178
f 4126/4743/4126 2052/2209/2052 2054/2211/2054
f 486/4817/486 307/323/307 869/933/869
f 2273/2452/2273 2684/2914/2684 2604/2817/2604
f 2479/2680/2479 1814/1947/1814 4022/4579/4022
f 271/279/271 273/281/273 3927/4435/3927
f 1819/1954/1819 1537/4818/1537 3064/3381/3064
f 3777/4240/3777 2453/2652/2453 4179/4819/4179
f 4165/4802/4165 1502/1606/1502 1504/1608/1504
f 507/544/507 506/543/506 737/4820/737
f 3903/4407/3903 692/737/692 2235/2410/2235
f 1516/1620/1516 1515/1619/1515 2640/2862/2640
f 3316/3671/3316 1169/1242/1169 3317/3672/3317
f 2085/4821/2085 2087/3583/2087 3443/3829/3443
f 951/1020/951 4032/4591/4032 3903/4407/3903
f 4180/4822/4180 3178/3507/3178 2849/3110/2849
f 1094/4823/1094 3078/3395/3078 856/917/856
f 3066/3383/3066 3068/3385/3068 3785/4251/3785
f 4181/4824/4181 3425/3806/3425 2673/4825/2673
f 2338/2522/2338 3139/3461/3139 3458/3847/3458
f 2477/2678/2477 3006/3301/3006 2478/2679/2478
f 2038/2195/2038 2040/2197/2040 2557/2765/2557
f 4182/4826/4182 4183/4827/4183 4184/4828/4184
f 1418/1509/1418 2493/2695/2493 4115/4829/4115
f 4185/4830/4185 4141/4760/4141 4161/4796/4161
f 4073/4660/4073 1928/2075/1928 912/979/912
f 1144/1216/1144 1146/1218/1146 786/843/786
f 482/519/482 85/4831/85 84/4832/84
f 1470/1567/1470 1469/1566/1469 3890/4392/3890
f 4186/4833/4186 3557/3970/3557 3556/3969/3556
f 519/558/519 518/557/518 3021/3323/3021
f 386/416/386 441/472/441 440/471/440
f 3048/3361/3048 4122/4737/4122 3216/3550/3216
f 2566/4834/2566 2634/4835/2634 661/4836/661
f 14/14/14 13/13/13 4187/4837/4187
f 3124/4248/3124 1040/1110/1040 1039/1109/1039
f 1432/1527/1432 4159/4838/4159 2677/4839/2677
f 4115/4722/4115 3048/3361/3048 1419/3363/1419
f 1418/1509/1418 4115/4829/4115 1419/1510/1419
f 1373/1461/1373 2873/3137/2873 4147/4768/4147
f 4125/4740/4125 1898/2041/1898 4142/4761/4142
f 4188/4840/4188 3728/4841/3728 4189/4842/4189
f 2881/3147/2881 2876/3140/2876 2797/3050/2797
f 1431/1526/1431 3796/4267/3796 515/554/515
f 1412/1503/1412 948/1016/948 1216/1291/1216
f 2424/2618/2424 4048/4620/4048 2425/2619/2425
f 4124/4739/4124 4190/4843/4190 2558/2766/2558
f 102/102/102 101/101/101 3311/3663/3311
f 1426/4790/1426 4160/4789/4160 3874/4366/3874
f 2510/2714/2510 3283/3631/3283 2181/2354/2181
f 108/108/108 3022/3327/3022 161/3329/161
f 4191/4844/4191 2138/2307/2138 3646/4080/3646
f 4100/4694/4100 4192/4845/4192 1342/1428/1342
f 2228/2403/2228 1181/1256/1181 180/181/180
f 4193/4846/4193 3064/3381/3064 1537/4818/1537
f 4114/4742/4114 4194/4847/4194 2052/2209/2052
f 4195/4848/4195 200/201/200 547/588/547
f 3214/3548/3214 3455/3844/3455 3215/3549/3215
f 4171/4808/4171 2873/3137/2873 2872/3136/2872
f 4161/4849/4161 4138/4850/4138 2676/4851/2676
f 2496/2698/2496 4196/4852/4196 1697/1820/1697
f 2042/4853/2042 1276/2824/1276 2287/2467/2287
f 4081/4670/4081 4140/4759/4140 3693/4135/3693
f 1594/1706/1594 1596/1708/1596 2011/3972/2011
f 506/543/506 508/545/508 4158/4784/4158
f 3572/3995/3572 1669/1787/1669 1668/1786/1668
f 1408/1499/1408 1812/1945/1812 1811/1944/1811
f 464/500/464 2800/3053/2800 4197/4854/4197
f 3922/4539/3922 2430/4855/2430 2925/3205/2925
f 4198/4856/4198 4199/4857/4199 2038/4858/2038
f 2517/2721/2517 3960/4482/3960 3479/3875/3479
f 2300/2483/2300 3837/4315/3837 2298/2481/2298
f 4004/4552/4004 4200/4859/4200 4201/4860/4201
f 3005/3300/3005 3068/3385/3068 3067/3384/3067
f 4202/4861/4202 1339/1425/1339 4203/4862/4203
f 1084/1155/1084 1598/1710/1598 1359/1445/1359
f 4080/4669/4080 1213/1288/1213 2625/2843/2625
f 1828/1965/1828 670/715/670 4204/4863/4204
f 136/4864/136 138/4865/138 4015/4866/4015
f 465/501/465 617/660/617 1609/1724/1609
f 4205/4867/4205 3463/3854/3463 3462/3853/3462
f 4105/4703/4105 3796/4267/3796 4206/4868/4206
f 3521/3928/3521 3893/4395/3893 4130/4747/4130
f 1925/2072/1925 4207/4869/4207 3770/4230/3770
f 1394/1485/1394 1338/1421/1338 1337/1420/1337
f 426/456/426 1385/1474/1385 3236/4870/3236
f 3459/3848/3459 2570/2779/2570 2569/2778/2569
f 3989/4527/3989 3442/3827/3442 1670/1788/1670
f 4178/4816/4178 3049/3362/3049 3216/3550/3216
f 1442/4871/1442 4208/4872/4208 815/873/815
f 1038/1108/1038 3917/4873/3917 1037/1107/1037
f 3472/4874/3472 4209/4875/4209 4210/4876/4210
f 3978/4504/3978 2910/3187/2910 2382/2571/2382
f 2097/2261/2097 3411/3788/3411 2098/2262/2098
f 4123/4738/4123 4125/4740/4125 4158/4784/4158
f 2832/3090/2832 795/852/795 1503/1607/1503
f 3874/4366/3874 1427/4877/1427 1426/4790/1426
f 4211/4878/4211 4212/4879/4212 3817/4291/3817
f 2891/4880/2891 2678/4881/2678 2677/4839/2677
f 4213/4882/4213 2698/2934/2698 4214/4883/4214
f 4215/4884/4215 3530/3938/3530 3529/3937/3529
f 2429/2625/2429 2428/2624/2428 3005/3300/3005
f 4216/4885/4216 4186/4833/4186 3508/3911/3508
f 152/152/152 151/151/151 2798/4886/2798
f 4217/4887/4217 2694/4888/2694 4218/4889/4218
f 4219/4890/4219 4220/4891/4220 4221/4892/4221
f 3671/4111/3671 3682/4124/3682 1699/1822/1699
f 1981/2130/1981 740/789/740 1982/2131/1982
f 2362/2547/2362 324/2548/324 3611/4235/3611
f 1494/1596/1494 4164/4800/4164 1495/1597/1495
f 3226/3561/3226 399/429/399 4222/4893/4222
f 3198/4894/3198 2937/4895/2937 678/4896/678
f 2178/2351/2178 916/984/916 915/983/915
f 3148/4897/3148 4223/4898/4223 4190/4843/4190
f 3064/3381/3064 4193/4846/4193 259/265/259
f 2054/2211/2054 4224/4899/4224 4203/4900/4203
f 3432/3814/3432 4225/4901/4225 2298/4902/2298
f 4126/4743/4126 4114/4742/4114 2052/2209/2052
f 712/1088/712 1018/1087/1018 2617/4903/2617
f 4226/4904/4226 807/865/807 806/864/806
f 4227/4905/4227 2178/2351/2178 4228/4906/4228
f 3322/3677/3322 3588/4907/3588 3116/4908/3116
f 3573/3996/3573 3442/3827/3442 297/306/297
f 3302/3654/3302 297/306/297 3988/4526/3988
f 4229/4909/4229 2053/2210/2053 4199/4857/4199
f 849/910/849 1035/4614/1035 848/909/848
f 4230/4910/4230 3710/4154/3710 4081/4670/4081
f 4131/4748/4131 2640/2862/2640 1515/1619/1515
f 1921/4911/1921 821/881/821 3949/4469/3949
f 4171/4808/4171 577/618/577 2821/3075/2821
f 780/836/780 682/835/682 799/4912/799
f 3377/4913/3377 4231/4914/4231 4211/4915/4211
f 2403/2596/2403 2327/2510/2327 2404/2597/2404
f 3594/4018/3594 103/103/103 105/105/105
f 4106/4705/4106 4033/4704/4033 4203/4900/4203
f 2039/4916/2039 4194/4847/4194 4114/4742/4114
f 2187/2361/2187 4232/4917/4232 4233/4918/4233
f 3557/3970/3557 4214/4883/4214 3555/3968/3555
f 3557/3970/3557 4186/4833/4186 4213/4882/4213
f 109/4919/109 4040/4608/4040 3281/4341/3281
f 1079/4920/1079 4234/4921/4234 1077/1860/1077
f 1382/1470/1382 1270/1350/1270 1602/1716/1602
f 1887/2030/1887 3508/3911/3508 3560/3974/3560
f 2235/2410/2235 692/737/692 691/736/691
f 1494/1596/1494 299/308/299 298/307/298
f 4235/4922/4235 2142/2311/2142 4236/4923/4236
f 3901/4405/3901 3903/4407/3903 4032/4591/4032
f 4198/4856/4198 2038/4858/2038 4223/4924/4223
f 3270/3616/3270 3272/3618/3272 3237/3575/3237
f 3582/4006/3582 3363/3725/3363 314/331/314
f 3554/3967/3554 3937/4925/3937 2616/2832/2616
f 3483/3880/3483 2206/2380/2206 1036/1106/1036
f 4237/4926/4237 4238/4927/4238 1837/1975/1837
f 2639/2861/2639 2641/2863/2641 3426/3807/3426
f 2288/2468/2288 165/166/165 164/165/164
f 4166/4803/4166 1427/1520/1427 3662/4928/3662
f 4239/4929/4239 4240/4930/4240 1313/1396/1313
f 3846/4325/3846 3488/3886/3488 1989/2139/1989
f 4241/4931/4241 1751/1879/1751 1262/1342/1262
f 4211/4915/4211 3817/4932/3817 3378/4933/3378
f 851/912/851 850/911/850 579/620/579
f 4190/4843/4190 4124/4739/4124 4242/4934/4242
f 102/102/102 3470/3864/3470 1978/2127/1978
f 4243/4935/4243 4244/4936/4244 3495/3894/3495
f 4190/4843/4190 4223/4898/4223 2558/2766/2558
f 2625/2843/2625 2135/2304/2135 2134/2303/2134
f 2619/2836/2619 2715/2953/2715 568/609/568
f 1217/1292/1217 3279/3625/3279 1218/1293/1218
f 4245/4937/4245 4246/4938/4246 257/263/257
f 1960/2109/1960 4160/4789/4160 4089/4791/4089
f 1810/1943/1810 2211/2385/2211 2252/2430/2252
f 3979/4505/3979 2381/2570/2381 3943/4461/3943
f 4106/4939/4106 4203/4940/4203 1339/4941/1339
f 2054/2211/2054 4203/4900/4203 4033/4704/4033
f 244/250/244 1821/1956/1821 1820/1955/1820
f 2659/2885/2659 3906/4942/3906 2660/2886/2660
f 4191/4844/4191 4157/4781/4157 4226/4904/4226
f 780/836/780 755/807/755 754/806/754
f 603/646/603 457/1247/457 602/645/602
f 3354/3713/3354 4247/4943/4247 65/65/65
f 2977/4944/2977 3148/4897/3148 2978/4945/2978
f 90/90/90 173/174/173 73/73/73
f 1317/1400/1317 1494/1596/1494 298/307/298
f 4194/4847/4194 2039/4916/2039 4199/4857/4199
f 297/306/297 3302/3654/3302 298/307/298
f 970/1039/970 4171/4808/4171 810/868/810
f 2674/4946/2674 2556/2764/2556 3948/4468/3948
f 4248/4947/4248 356/4948/356 2960/4949/2960
f 4249/4950/4249 3652/4086/3652 3973/4498/3973
f 2768/3018/2768 2560/2768/2560 1962/2111/1962
f 727/4951/727 1348/4952/1348 1347/4953/1347
f 4250/4954/4250 3005/3300/3005 2428/2624/2428
f 127/127/127 1682/1801/1682 128/128/128
f 1512/1616/1512 2692/2927/2692 2379/2566/2379
f 4251/4955/4251 521/560/521 479/516/479
f 3889/4391/3889 634/678/634 4252/4956/4252
f 1331/1414/1331 4011/4957/4011 4010/4958/4010
f 4231/4959/4231 2598/4960/2598 4211/4961/4211
f 3425/4962/3425 4181/4963/4181 4253/4964/4253
f 1071/4965/1071 817/4966/817 1484/1582/1484
f 1278/1358/1278 2755/3004/2755 546/587/546
f 3293/3641/3293 3855/4338/3855 706/754/706
f 4254/4967/4254 1543/1652/1543 1145/1217/1145
f 1481/1579/1481 1540/1649/1540 1541/1650/1541
f 1819/4968/1819 1538/1647/1538 1537/1646/1537
f 3146/3469/3146 1903/2047/1903 3147/3470/3147
f 3556/3969/3556 3508/3911/3508 4186/4833/4186
f 4122/4737/4122 3596/4611/3596 4042/4610/4042
f 3453/3842/3453 2655/2881/2655 3905/4409/3905
f 283/291/283 284/293/284 363/393/363
f 2187/2361/2187 2198/2372/2198 122/122/122
f 2342/2527/2342 2341/2526/2341 3767/4227/3767
f 3056/3371/3056 1982/2131/1982 1847/1986/1847
f 1238/1313/1238 1406/1497/1406 4255/4969/4255
f 3731/4184/3731 1887/2030/1887 796/853/796
f 3982/4970/3982 3604/4028/3604 1119/1191/1119
f 824/884/824 2297/2480/2297 2296/2479/2296
f 4256/4971/4256 1374/4972/1374 1956/2105/1956
f 531/571/531 530/570/530 4257/4973/4257
f 4046/4617/4046 1183/1258/1183 3390/3757/3390
f 2435/2631/2435 2436/2632/2436 2608/2822/2608
f 1489/1589/1489 1450/1546/1450 865/928/865
f 2234/2409/2234 952/1021/952 951/1020/951
f 42/42/42 3629/4060/3629 4047/4619/4047
f 1150/1223/1150 1149/1222/1149 4258/4974/4258
f 2598/2809/2598 1150/1223/1150 2981/3272/2981
f 4259/4975/4259 2640/2862/2640 2639/2861/2639
f 3915/4420/3915 4260/4976/4260 4261/4977/4261
f 2820/3074/2820 4262/4978/4262 507/4797/507
f 2980/4979/2980 4211/4980/4211 2598/4981/2598
f 12/12/12 4263/4982/4263 2867/3130/2867
f 4181/4983/4181 4092/4685/4092 4264/4984/4264
f 4265/4985/4265 3366/3728/3366 4266/4986/4266
f 3689/4131/3689 3688/4130/3688 993/1062/993
f 3403/4987/3403 2456/2656/2456 1740/3062/1740
f 1976/2125/1976 4267/4988/4267 1166/1239/1166
f 2978/4945/2978 4158/4784/4158 2976/4989/2976
f 4123/4738/4123 4158/4784/4158 2978/4945/2978
f 3507/3910/3507 4213/4882/4213 4216/4885/4216
f 1551/1660/1551 4223/4924/4223 3148/3472/3148
f 94/94/94 122/122/122 1080/1151/1080
f 3343/3700/3343 3383/4990/3383 787/844/787
f 3687/4991/3687 2783/4992/2783 1292/1374/1292
f 3517/3924/3517 4268/4993/4268 3518/3925/3518
f 3553/3966/3553 2959/3248/2959 3292/3640/3292
f 1111/1183/1111 1574/1686/1574 1112/1184/1112
f 2354/2539/2354 4269/4994/4269 3782/4246/3782
f 2342/2527/2342 1115/1187/1115 1114/1186/1114
f 4032/4591/4032 4031/4590/4031 3309/3661/3309
f 1997/2148/1997 746/795/746 1454/1550/1454
f 3310/3662/3310 4270/4995/4270 55/55/55
f 4271/4996/4271 508/4997/508 4262/4998/4262
f 2138/2307/2138 2137/2306/2137 2349/2534/2349
f 4157/4781/4157 807/865/807 4226/4904/4226
f 1084/1155/1084 2841/3100/2841 1641/1759/1641
f 4194/4847/4194 4199/4857/4199 2053/2210/2053
f 360/390/360 1354/4354/1354 361/391/361
f 508/545/508 2976/4989/2976 4158/4784/4158
f 1317/1400/1317 3522/3929/3522 1494/1596/1494
f 2664/2890/2664 3195/3528/3195 3501/3901/3501
f 1929/2076/1929 4140/4759/4140 3764/4224/3764
f 4272/4999/4272 2030/2187/2030 3572/3995/3572
f 4162/4798/4162 4147/4768/4147 2820/3074/2820
f 3650/4084/3650 3649/4083/3649 23/23/23
f 2840/3099/2840 2839/3098/2839 4206/4868/4206
f 60/5000/60 4273/5001/4273 2470/5002/2470
f 1809/1942/1809 3147/3470/3147 1903/2047/1903
f 4274/5003/4274 1431/1526/1431 4117/4727/4117
f 4275/5004/4275 2964/5005/2964 2963/4182/2963
f 2676/5006/2676 4254/5007/4254 4161/4796/4161
f 4203/4900/4203 4276/5008/4276 4202/5009/4202
f 196/197/196 4277/5010/4277 2336/2520/2336
f 4278/5011/4278 4279/5012/4279 4280/5013/4280
f 2123/4188/2123 3770/4230/3770 1113/5014/1113
f 86/86/86 85/85/85 3863/4348/3863
f 4203/4900/4203 4224/4899/4224 4276/5008/4276
f 4281/5015/4281 587/630/587 586/629/586
f 2480/2681/2480 4282/5016/4282 2481/2682/2481
f 507/544/507 4262/5017/4262 508/545/508
f 3664/4102/3664 4283/5018/4283 2659/2885/2659
f 4284/5019/4284 2970/3259/2970 4229/4909/4229
f 1247/1325/1247 4086/4676/4086 1536/5020/1536
f 3081/3432/3081 4285/5021/4285 3112/3433/3112
f 2301/5022/2301 4286/5023/4286 4287/5024/4287
f 2976/3266/2976 4271/5025/4271 4288/5026/4288
f 4229/4909/4229 4198/4856/4198 4289/5027/4289
f 4289/5027/4289 4198/4856/4198 1553/1662/1553
f 3710/4154/3710 3764/4224/3764 4140/4759/4140
f 4216/4885/4216 3508/3911/3508 3507/3910/3507
f 4038/4602/4038 1222/1297/1222 1221/1296/1221
f 1887/2030/1887 3731/4184/3731 3506/3909/3506
f 3049/3362/3049 4178/4816/4178 2505/5028/2505
f 2264/5029/2264 533/573/533 532/572/532
f 2840/3099/2840 4290/5030/4290 2838/3097/2838
f 2425/2619/2425 4/4/4 367/397/367
f 3398/3768/3398 288/297/288 3391/3760/3391
f 196/197/196 2490/2692/2490 2062/2219/2062
f 2876/3140/2876 313/330/313 2690/2922/2690
f 2839/3098/2839 2838/3097/2838 3941/4459/3941
f 267/273/267 4291/5031/4291 1692/5032/1692
f 1377/1465/1377 4292/5033/4292 1376/1464/1376
f 663/708/663 3445/3832/3445 3394/3763/3394
f 4293/5034/4293 4271/5035/4271 4262/5036/4262
f 2349/2534/2349 2137/2306/2137 4092/5037/4092
f 846/907/846 4294/5038/4294 4167/4804/4167
f 4048/4620/4048 531/571/531 4257/4973/4257
f 4019/4576/4019 3214/3548/3214 369/399/369
f 3216/3550/3216 3866/4357/3866 3214/3548/3214
f 4293/5039/4293 4262/4978/4262 2520/2724/2520
f 4295/5040/4295 943/1011/943 2411/2604/2411
f 2243/2421/2243 141/141/141 140/140/140
f 1910/5041/1910 3183/5042/3183 4296/5043/4296
f 4297/5044/4297 4234/4921/4234 1079/4920/1079
f 4270/4995/4270 3310/3662/3310 4298/5045/4298
f 1427/4877/1427 3874/4366/3874 3662/4099/3662
f 3034/3342/3034 2769/3373/2769 2934/3317/2934
f 2872/3136/2872 810/868/810 4171/4808/4171
f 3533/3941/3533 2138/2307/2138 4191/4844/4191
f 4299/5046/4299 1607/1722/1607 4300/5047/4300
f 4271/5048/4271 2976/4989/2976 508/545/508
f 4301/5049/4301 173/174/173 89/89/89
f 1633/1751/1633 4224/4899/4224 2970/3259/2970
f 3567/3990/3567 1173/1246/1173 3568/3991/3568
f 3522/3929/3522 3521/3928/3521 2960/3249/2960
f 4047/4619/4047 4302/5050/4302 1763/1891/1763
f 1520/3834/1520 532/572/532 534/574/534
f 2517/2721/2517 3221/3556/3221 2518/2722/2518
f 577/618/577 2520/2724/2520 2821/3075/2821
f 3301/5051/3301 2718/2957/2718 2815/3069/2815
f 3734/4187/3734 4303/5052/4303 3499/5053/3499
f 1431/1526/1431 4274/5003/4274 4206/4868/4206
f 2676/2905/2676 3252/3597/3252 4254/4967/4254
f 3969/5054/3969 3435/5055/3435 4304/5056/4304
f 3391/3760/3391 1722/1847/1722 3351/3709/3351
f 2977/3267/2977 2976/3266/2976 4288/5026/4288
f 1201/1276/1201 3413/3790/3413 1199/1274/1199
f 1569/1680/1569 27/27/27 26/26/26
f 4271/5025/4271 4305/5057/4305 4288/5026/4288
f 4199/4857/4199 4198/4856/4198 4229/4909/4229
f 1887/2030/1887 3560/3974/3560 797/854/797
f 408/438/408 3574/3997/3574 3573/3996/3573
f 432/2991/432 568/609/568 594/637/594
f 2472/2673/2472 3764/4224/3764 3710/4154/3710
f 497/534/497 533/573/533 495/532/495
f 4306/5058/4306 4307/5059/4307 4308/5060/4308
f 4292/5033/4292 1377/1465/1377 413/443/413
f 4005/4554/4005 1514/1618/1514 1516/1620/1516
f 1033/1103/1033 4309/5061/4309 388/418/388
f 4310/5062/4310 2357/2542/2357 4311/5063/4311
f 2271/2450/2271 2270/2449/2270 4312/5064/4312
f 4293/5039/4293 4305/5057/4305 4271/5025/4271
f 3204/3538/3204 3208/3542/3208 3213/3547/3213
f 2421/2615/2421 861/924/861 33/33/33
f 3705/4148/3705 3431/5065/3431 2790/4041/2790
f 4043/4613/4043 849/910/849 4313/5066/4313
f 3001/3296/3001 2994/3288/2994 2993/3287/2993
f 4314/5067/4314 2231/5068/2231 4315/5069/4315
f 4316/5070/4316 2148/2317/2148 3207/3541/3207
f 2858/5071/2858 3054/3368/3054 4317/5072/4317
f 851/912/851 995/5073/995 994/5074/994
f 1247/1325/1247 2234/2409/2234 691/736/691
f 2239/2416/2239 86/86/86 3863/4348/3863
f 4318/5075/4318 2389/2580/2389 2255/2579/2255
f 4171/4808/4171 970/1039/970 577/618/577
f 477/514/477 2216/2390/2216 363/4313/363
f 1605/4396/1605 2833/3091/2833 1935/2082/1935
f 1189/1264/1189 1167/1240/1167 1190/1265/1190
f 58/5076/58 4319/5077/4319 774/829/774
f 1088/1159/1088 3972/4496/3972 3104/3424/3104
f 4320/5078/4320 4321/5079/4321 4322/5080/4322
f 165/166/165 2288/2468/2288 2327/2510/2327
f 4191/4844/4191 4226/4904/4226 1659/1777/1659
f 4323/5081/4323 1660/1778/1660 1753/1881/1753
f 2136/5082/2136 2250/3579/2250 2137/3578/2137
f 2977/3267/2977 1746/1874/1746 3189/3522/3189
f 4324/5083/4324 970/1039/970 404/434/404
f 3778/4241/3778 4325/5084/4325 3163/3489/3163
f 355/384/355 3522/3929/3522 2960/3249/2960
f 4326/5085/4326 1597/1709/1597 4119/4730/4119
f 4284/5019/4284 4229/4909/4229 4289/5027/4289
f 859/922/859 4230/4910/4230 2906/3178/2906
f 1491/1591/1491 1490/1590/1490 4094/4687/4094
f 4105/4703/4105 4206/4868/4206 2839/3098/2839
f 2598/2809/2598 4327/5086/4327 1151/1224/1151
f 4328/5087/4328 1820/1955/1820 3065/3382/3065
f 4329/5088/4329 1500/1604/1500 822/882/822
f 4330/5089/4330 4331/5090/4331 4332/5091/4332
f 1786/1917/1786 3742/4197/3742 3840/4319/3840
f 3700/4143/3700 3379/3741/3379 3378/3740/3378
f 3747/4203/3747 82/82/82 3358/3718/3358
f 448/482/448 2525/5092/2525 446/480/446
f 2746/2992/2746 2562/2770/2562 2538/2744/2538
f 3022/3327/3022 2469/5093/2469 4333/5094/4333
f 2038/4858/2038 4199/4857/4199 2039/4916/2039
f 1889/2032/1889 4297/5095/4297 1890/2033/1890
f 2120/2288/2120 3693/4135/3693 3946/4466/3946
f 1410/1501/1410 2924/3204/2924 1411/1502/1411
f 4334/5096/4334 1877/2019/1877 1247/1325/1247
f 3216/3550/3216 3215/3549/3215 4178/4816/4178
f 3730/4183/3730 3507/3910/3507 3506/3909/3506
f 2147/2316/2147 222/223/222 3883/4382/3883
f 4335/5097/4335 4336/5098/4336 4337/5099/4337
f 2840/3099/2840 4338/5100/4338 4290/5030/4290
f 1745/5101/1745 1502/1606/1502 4165/4802/4165
f 3097/3415/3097 3785/4251/3785 2320/2503/2320
f 4260/4976/4260 4259/5102/4259 4261/4977/4261
f 3249/3594/3249 1588/1700/1588 2133/2302/2133
f 1635/1753/1635 4339/5103/4339 4340/5104/4340
f 3426/3807/3426 2673/4825/2673 3425/3806/3425
f 402/432/402 404/434/404 3678/4119/3678
f 3840/4319/3840 3619/4049/3619 1069/1140/1069
f 4003/4551/4003 1524/1632/1524 1248/1327/1248
f 2551/2759/2551 4036/4599/4036 4058/4636/4058
f 3865/4356/3865 4267/4988/4267 3888/4390/3888
f 1382/1470/1382 1602/1716/1602 1643/1761/1643
f 411/441/411 4341/5105/4341 3871/4362/3871
f 369/399/369 3214/3548/3214 3866/4357/3866
f 2890/3156/2890 2506/3158/2506 2411/2604/2411
f 3638/4072/3638 3043/3351/3043 1801/1932/1801
f 2474/2675/2474 3565/5106/3565 2724/3166/2724
f 1552/1661/1552 1551/1660/1551 3148/3472/3148
f 3763/4223/3763 3559/3973/3559 132/132/132
f 3405/3779/3405 1313/1396/1313 4240/4930/4240
f 1556/1665/1556 1557/1666/1557 4298/5045/4298
f 4254/4967/4254 3252/3597/3252 1543/1652/1543
f 4202/5009/4202 4276/5008/4276 2767/5107/2767
f 56/1677/56 3971/5108/3971 1753/1881/1753
f 1738/1865/1738 1211/1286/1211 1739/1866/1739
f 3239/3577/3239 4342/5109/4342 4264/4984/4264
f 2138/2307/2138 3533/3941/3533 2136/2305/2136
f 4191/4844/4191 1659/1777/1659 3533/3941/3533
f 4343/5110/4343 4342/5111/4342 3239/5112/3239
f 558/599/558 560/601/560 2420/2614/2420
f 2053/2210/2053 4229/4909/4229 2970/3259/2970
f 4/4/4 6/6/6 367/397/367
f 2678/2907/2678 2890/3156/2890 2410/2603/2410
f 2741/5113/2741 2464/2664/2464 4344/5114/4344
f 2890/3156/2890 2678/2907/2678 2891/3157/2891
f 1514/1618/1514 2906/3178/2906 1515/1619/1515
f 4345/5115/4345 2234/2409/2234 1247/1325/1247
f 3541/3950/3541 3412/3789/3412 2246/2424/2246
f 4293/5039/4293 2520/2724/2520 579/620/579
f 4260/4976/4260 3995/5116/3995 4259/5102/4259
f 4346/5117/4346 3177/5118/3177 843/903/843
f 2937/3984/2937 3198/3532/3198 1604/1719/1604
f 1979/2128/1979 234/235/234 415/445/415
f 1116/1188/1116 1335/1418/1335 1191/1266/1191
f 4019/4576/4019 369/399/369 368/398/368
f 4347/5119/4347 4348/5120/4348 1876/2018/1876
f 61/61/61 2469/2669/2469 3022/5121/3022
f 578/619/578 577/618/577 4324/5083/4324
f 1786/1917/1786 575/616/575 3742/4197/3742
f 4276/5008/4276 4224/4899/4224 2313/2496/2313
f 2789/3042/2789 4349/5122/4349 2787/3040/2787
f 4350/5123/4350 4351/5124/4351 3169/3495/3169
f 551/5125/551 550/5126/550 3914/4419/3914
f 4213/4882/4213 2149/2318/2149 4316/5070/4316
f 3762/5127/3762 1795/5128/1795 3952/5129/3952
f 4291/5031/4291 266/272/266 2167/2340/2167
f 297/306/297 409/439/409 408/438/408
f 812/870/812 2866/3129/2866 2865/3128/2865
f 4284/5019/4284 4289/5027/4289 4335/5097/4335
f 4352/5130/4352 2233/2408/2233 1823/1960/1823
f 3926/4434/3926 3094/3412/3094 3788/4254/3788
f 4353/5131/4353 1527/1635/1527 2825/3081/2825
f 3764/4224/3764 2472/2673/2472 3678/4119/3678
f 3025/3332/3025 2514/2718/2514 2513/2717/2513
f 3894/4397/3894 3731/4184/3731 2833/3091/2833
f 328/345/328 327/344/327 2428/2624/2428
f 63/5132/63 3908/4413/3908 4354/5133/4354
f 1656/1774/1656 4355/5134/4355 3244/3587/3244
f 644/688/644 646/690/646 2252/2430/2252
f 976/3793/976 2979/3785/2979 3414/3791/3414
f 4356/5135/4356 4231/4914/4231 3377/4913/3377
f 831/891/831 2020/2177/2020 832/892/832
f 4192/4845/4192 4357/5136/4357 1342/1428/1342
f 1817/1950/1817 1608/1723/1608 1476/1574/1476
f 2162/4292/2162 530/5137/530 529/1869/529
f 4316/5070/4316 3207/3541/3207 2698/2934/2698
f 4358/5138/4358 4015/5139/4015 2814/5140/2814
f 4213/4882/4213 3507/3910/3507 4359/5141/4359
f 3905/4409/3905 3454/3843/3454 3453/3842/3453
f 2890/3156/2890 2411/2604/2411 2410/2603/2410
f 4360/5142/4360 4361/5143/4361 4362/5144/4362
f 1977/2126/1977 2863/3125/2863 1430/1525/1430
f 2037/2194/2037 2845/3105/2845 1058/1129/1058
f 4363/5145/4363 4188/4840/4188 3583/4007/3583
f 2573/2782/2573 1239/5146/1239 2058/2238/2058
f 3183/5147/3183 3185/5148/3185 2502/5149/2502
f 1659/1777/1659 4226/4904/4226 1660/1778/1660
f 4364/5150/4364 3330/3685/3330 4365/5151/4365
f 1538/5152/1538 1821/5153/1821 4334/5096/4334
f 409/439/409 299/308/299 4366/5154/4366
f 4366/5154/4366 299/308/299 1495/1597/1495
f 1802/1934/1802 1882/2024/1882 1583/1695/1583
f 4258/4974/4258 4367/5155/4367 356/4948/356
f 632/676/632 3257/3602/3257 2322/2505/2322
f 4305/5057/4305 4368/5156/4368 1747/1875/1747
f 4369/5157/4369 2589/5158/2589 1388/1479/1388
f 2410/2603/2410 4370/5159/4370 3252/3597/3252
f 258/264/258 2560/2768/2560 2768/3018/2768
f 3457/3846/3457 36/36/36 35/35/35
f 2358/2543/2358 2359/2544/2359 3004/3299/3004
f 473/510/473 472/509/472 600/643/600
f 2243/2421/2243 140/140/140 3540/3949/3540
f 830/890/830 832/892/832 782/839/782
f 3252/3597/3252 4370/5159/4370 4371/5160/4371
f 4274/5003/4274 4338/5100/4338 2840/3099/2840
f 4259/4975/4259 3995/4533/3995 2640/2862/2640
f 4356/5135/4356 4372/5161/4372 4231/4914/4231
f 1587/1699/1587 1586/1698/1586 3379/3741/3379
f 2027/2184/2027 2340/2525/2340 1993/2144/1993
f 4056/5162/4056 2974/3264/2974 3670/4109/3670
f 1741/1868/1741 1830/5163/1830 3818/4293/3818
f 3629/4060/3629 4218/4889/4218 3386/4058/3386
f 1827/1964/1827 1969/2118/1969 1968/2117/1968
f 4373/5164/4373 3168/3494/3168 1273/1353/1273
f 4374/5165/4374 540/580/540 2634/4835/2634
f 2545/2752/2545 839/899/839 890/5166/890
f 175/176/175 4002/5167/4002 142/142/142
f 3811/4285/3811 354/4284/354 4367/5168/4367
f 1882/2024/1882 1986/2136/1986 1985/2135/1985
f 4297/5044/4297 3962/4484/3962 4234/4921/4234
f 1158/1231/1158 1535/1643/1535 1258/1338/1258
f 3824/4300/3824 2964/3253/2964 4275/5169/4275
f 4/4/4 4257/4973/4257 530/570/530
f 3974/4499/3974 2473/2674/2473 4230/4910/4230
f 364/394/364 3082/3399/3082 365/395/365
f 239/1478/239 3314/3668/3314 1429/1524/1429
f 4005/4554/4005 857/920/857 1514/1618/1514
f 1820/1955/1820 4328/5087/4328 244/250/244
f 2635/2855/2635 2630/2848/2630 661/706/661
f 4253/4964/4253 4261/4977/4261 4259/5102/4259
f 1766/1895/1766 3908/4413/3908 3438/3822/3438
f 4342/5111/4342 4261/4977/4261 4253/4964/4253
f 2491/2693/2491 3934/4449/3934 4375/5170/4375
f 99/99/99 1252/1332/1252 1254/1334/1254
f 395/425/395 865/928/865 1450/1546/1450
f 2900/3171/2900 2899/3170/2899 3797/4268/3797
f 4376/5171/4376 4377/5172/4377 4378/5173/4378
f 437/3316/437 1256/1336/1256 2934/3317/2934
f 4359/5141/4359 3507/3910/3507 3756/4215/3756
f 1045/1116/1045 1301/1383/1301 1138/1210/1138
f 4019/4576/4019 3327/3682/3327 3455/3844/3455
f 1034/1104/1034 1991/5174/1991 1035/1105/1035
f 4379/5175/4379 3042/3350/3042 4319/5077/4319
f 4380/5176/4380 4381/5177/4381 4007/4558/4007
f 4382/5178/4382 1605/4396/1605 1935/2082/1935
f 3783/4249/3783 4116/4726/4116 2412/2605/2412
f 4376/5171/4376 521/560/521 4251/4955/4251
f 3825/4301/3825 3826/4302/3826 1312/1394/1312
f 4276/5008/4276 2313/2496/2313 2315/2498/2315
f 2202/5179/2202 2201/5180/2201 1842/1981/1842
f 4270/4995/4270 3104/3424/3104 3972/4496/3972
f 47/5181/47 3435/5055/3435 3872/5182/3872
f 4295/5040/4295 4177/4815/4177 2142/2311/2142
f 4383/5183/4383 410/440/410 409/439/409
f 553/594/553 2952/3239/2952 652/697/652
f 2970/3259/2970 4284/5019/4284 3345/3702/3345
f 1149/1222/1149 277/5184/277 4367/5155/4367
f 1180/1255/1180 181/182/181 1181/1256/1181
f 2560/2768/2560 179/180/179 3930/4439/3930
f 2717/2956/2717 4380/5176/4380 1748/1876/1748
f 4384/5185/4384 4338/5100/4338 4274/5003/4274
f 4385/5186/4385 4386/5187/4386 2956/5188/2956
f 4005/4554/4005 2640/2862/2640 3995/4533/3995
f 2716/2954/2716 2717/2956/2717 1748/1876/1748
f 4005/4554/4005 3995/4533/3995 857/920/857
f 4231/4914/4231 4327/5189/4327 2598/5190/2598
f 4107/4707/4107 4387/5191/4387 4153/4777/4153
f 4388/5192/4388 1830/5163/1830 1095/1667/1095
f 4389/5193/4389 1830/1967/1830 1206/1281/1206
f 4390/5194/4390 2093/2257/2093 3968/4491/3968
f 3253/3598/3253 2386/2575/2386 2385/2574/2385
f 1807/1940/1807 1409/1500/1409 1811/1944/1811
f 1452/1548/1452 4391/5195/4391 1215/1290/1215
f 4392/5196/4392 4393/5197/4393 4394/5198/4394
f 2123/2291/2123 2124/2292/2124 3494/3893/3494
f 1341/3975/1341 3920/4426/3920 4106/5199/4106
f 1711/1836/1711 3974/4499/3974 1712/1837/1712
f 3335/3690/3335 1725/2688/1725 1758/1886/1758
f 3309/3661/3309 3994/4532/3994 3901/4405/3901
f 598/641/598 4395/5200/4395 4396/5201/4396
f 2857/5202/2857 4397/5203/4397 4398/5204/4398
f 4399/5205/4399 4290/5030/4290 4338/5100/4338
f 4359/5141/4359 3756/4215/3756 222/223/222
f 1382/1470/1382 1228/1303/1228 1243/1320/1243
f 3894/4397/3894 3516/3923/3516 3731/4184/3731
f 1027/4618/1027 1346/4432/1346 1064/1135/1064
f 2012/2168/2012 1194/1269/1194 2001/2152/2001
f 4400/5206/4400 2882/3148/2882 2592/2802/2592
f 3667/4105/3667 3157/3482/3157 1806/1939/1806
f 813/871/813 638/682/638 2856/3118/2856
f 2838/3097/2838 4328/5087/4328 3065/3382/3065
f 4401/5207/4401 4328/5087/4328 4290/5030/4290
f 412/442/412 4292/5033/4292 413/443/413
f 4260/5208/4260 550/591/550 3995/4533/3995
f 4402/5209/4402 2114/2282/2114 2481/2682/2481
f 4403/5210/4403 4404/5211/4404 4405/5212/4405
f 4154/4778/4154 4406/5213/4406 2596/2807/2596
f 1350/1436/1350 1352/1438/1352 4294/5214/4294
f 3289/3637/3289 4394/5198/4394 3801/4272/3801
f 3269/3615/3269 288/297/288 290/299/290
f 2234/2409/2234 4345/5115/4345 4407/5215/4407
f 3734/4187/3734 4196/4852/4196 3210/3544/3210
f 4408/5216/4408 1724/1849/1724 1723/1848/1723
f 3455/3844/3455 4049/4622/4049 4236/4923/4236
f 4201/5217/4201 4409/5218/4409 4410/5219/4410
f 4364/5150/4364 4365/5151/4365 140/140/140
f 3252/3597/3252 4371/5160/4371 1677/1796/1677
f 2767/5107/2767 2315/2498/2315 2714/5220/2714
f 2767/5107/2767 4276/5008/4276 2315/2498/2315
f 2337/2521/2337 2315/2498/2315 2314/2497/2314
f 4293/5039/4293 579/620/579 850/911/850
f 4411/5221/4411 2655/2881/2655 3453/3842/3453
f 4412/5222/4412 4261/4977/4261 4342/5111/4342
f 2142/2311/2142 4177/4815/4177 3456/3845/3456
f 1659/1777/1659 1661/1779/1661 3533/3941/3533
f 4338/5100/4338 4163/4799/4163 4399/5205/4399
f 2250/5223/2250 2136/2305/2136 2251/3942/2251
f 3175/3502/3175 3206/3540/3206 2324/2507/2324
f 1087/1158/1087 2761/3010/2761 4413/5224/4413
f 4295/5040/4295 2142/2311/2142 943/1011/943
f 4164/4800/4164 959/1028/959 1495/1597/1495
f 3345/3702/3345 4284/5019/4284 4337/5099/4337
f 355/5225/355 354/5226/354 957/5227/957
f 2741/5113/2741 2465/2665/2465 2464/2664/2464
f 1500/1604/1500 4329/5088/4329 4414/5228/4414
f 4415/5229/4415 2406/5230/2406 4416/5231/4416
f 1877/2019/1877 4334/5096/4334 4417/5232/4417
f 172/173/172 73/73/73 173/174/173
f 2038/2195/2038 2558/2766/2558 4223/4898/4223
f 718/766/718 4418/5233/4418 719/767/719
f 368/398/368 4143/4762/4143 4019/4576/4019
f 2530/4731/2530 1726/1851/1726 2291/3986/2291
f 2524/5234/2524 2526/5235/2526 1060/1131/1060
f 4372/5161/4372 4327/5189/4327 4231/4914/4231
f 4368/5156/4368 2716/2954/2716 1747/1875/1747
f 2177/2350/2177 1162/1235/1162 4419/5236/4419
f 244/5237/244 4420/5238/4420 1821/5153/1821
f 477/5239/477 363/393/363 4421/5240/4421
f 4350/5123/4350 3168/3494/3168 4373/5164/4373
f 4422/5241/4422 4397/5203/4397 4423/5242/4423
f 1548/1657/1548 4424/5243/4424 4425/5244/4425
f 4417/5232/4417 1821/5153/1821 4420/5238/4420
f 2314/2497/2314 2313/2496/2313 1634/1752/1634
f 460/496/460 458/495/458 457/1247/457
f 1860/2224/1860 2106/2514/2106 2058/2238/2058
f 1247/1325/1247 1877/2019/1877 4345/5115/4345
f 3079/3396/3079 4426/5245/4426 2780/3031/2780
f 4335/5097/4335 4091/4683/4091 4336/5098/4336
f 2471/2672/2471 3854/4333/3854 2472/2673/2472
f 4427/5246/4427 277/5184/277 1149/1222/1149
f 2473/2674/2473 3974/4499/3974 2471/2672/2471
f 2028/2185/2028 4428/5247/4428 328/345/328
f 1017/1086/1017 1794/1925/1794 1018/1087/1018
f 4401/5207/4401 245/251/245 4328/5087/4328
f 326/343/326 157/157/157 2321/2504/2321
f 4429/5248/4429 4327/5249/4327 4372/5250/4372
f 243/5251/243 4420/5238/4420 244/5237/244
f 1857/1996/1857 2484/2685/2484 1855/1994/1855
f 791/848/791 4430/5252/4430 847/908/847
f 1586/5253/1586 4424/5243/4424 4356/5135/4356
f 3456/3845/3456 4236/4923/4236 2142/2311/2142
f 1661/1779/1661 4323/5081/4323 2384/2573/2384
f 4342/5111/4342 4343/5110/4343 4412/5222/4412
f 2948/3235/2948 1901/2045/1901 4431/5254/4431
f 2147/2316/2147 2149/2318/2149 222/223/222
f 1170/1243/1170 4432/5255/4432 1169/1242/1169
f 2138/2307/2138 2349/2534/2349 3647/4081/3647
f 4433/5256/4433 3684/4126/3684 4434/5257/4434
f 4370/5159/4370 2410/2603/2410 4435/5258/4435
f 1512/1616/1512 4436/5259/4436 1513/1617/1513
f 530/570/530 2161/2334/2161 5/5/5
f 3514/3921/3514 3516/3923/3516 3894/4397/3894
f 4437/5260/4437 4438/5261/4438 4439/5262/4439
f 4031/4590/4031 4298/5045/4298 3310/3662/3310
f 179/180/179 257/263/257 4246/4938/4246
f 2591/2801/2591 2592/2802/2592 3073/3390/3073
f 3785/4251/3785 3097/3415/3097 3098/3416/3098
f 4440/5263/4440 2071/2229/2071 2072/2230/2072
f 4384/5185/4384 3380/3742/3380 1297/1379/1297
f 4270/4995/4270 1557/1666/1557 3104/3424/3104
f 4441/5264/4441 4373/5164/4373 1273/1353/1273
f 56/56/56 3972/4496/3972 3971/4495/3971
f 850/911/850 4368/5156/4368 4305/5057/4305
f 3850/4801/3850 4442/5265/4442 107/107/107
f 4384/5185/4384 4163/4799/4163 4338/5100/4338
f 3697/4140/3697 4443/5266/4443 4235/4922/4235
f 4323/5081/4323 1661/1779/1661 1660/1778/1660
f 4351/5124/4351 4350/5123/4350 4444/5267/4444
f 2386/2575/2386 2251/3942/2251 4037/4600/4037
f 47/5181/47 4304/5056/4304 3435/5055/3435
f 1634/1752/1634 3345/3702/3345 3140/3462/3140
f 61/61/61 60/60/60 2469/2669/2469
f 3377/4913/3377 4211/4915/4211 3378/4933/3378
f 2409/2602/2409 943/1011/943 942/1010/942
f 3639/4073/3639 2806/3059/2806 3638/4072/3638
f 2164/2337/2164 2513/2717/2513 2165/2338/2165
f 3504/3906/3504 4445/5268/4445 2990/3284/2990
f 4345/5115/4345 1877/2019/1877 1876/2018/1876
f 4347/5119/4347 1876/2018/1876 1875/2017/1875
f 1261/1341/1261 3811/4285/3811 277/285/277
f 2233/2408/2233 3588/4907/3588 3322/3677/3322
f 252/258/252 2323/2506/2323 1417/1508/1417
f 3995/4533/3995 550/591/550 552/593/552
f 4446/5269/4446 3171/3498/3171 2682/4263/2682
f 3015/3313/3015 4348/5120/4348 4447/5270/4447
f 4448/5271/4448 1115/1187/1115 3767/4227/3767
f 4444/5267/4444 4373/5164/4373 2361/2546/2361
f 1196/1271/1196 3834/4310/3834 2336/2520/2336
f 1689/1811/1689 450/484/450 3002/3297/3002
f 1600/1712/1600 4139/5272/4139 3406/3782/3406
f 3298/3648/3298 4449/5273/4449 3827/5274/3827
f 2222/2397/2222 22/5275/22 2221/2396/2221
f 2932/3214/2932 4450/5276/4450 2461/2661/2461
f 264/270/264 1537/1646/1537 262/268/262
f 3237/3575/3237 3272/3618/3272 3213/3547/3213
f 4451/5277/4451 4443/5266/4443 4452/5278/4452
f 4383/5183/4383 4453/5279/4453 410/440/410
f 3323/3678/3323 3116/4908/3116 3810/4283/3810
f 3574/3997/3574 1868/2010/1868 4272/4999/4272
f 3220/5280/3220 4454/5281/4454 843/903/843
f 4359/5141/4359 222/223/222 2149/2318/2149
f 2343/5282/2343 147/147/147 146/146/146
f 3697/4140/3697 4236/4923/4236 4049/4622/4049
f 3915/4420/3915 550/5126/550 4260/4976/4260
f 372/402/372 371/401/371 3910/4415/3910
f 4343/5110/4343 2250/5223/2250 2249/5283/2249
f 1868/2010/1868 3574/3997/3574 4453/5279/4453
f 1875/2017/1875 1877/2019/1877 4417/5232/4417
f 4455/5284/4455 4456/5285/4456 2069/2227/2069
f 4457/5286/4457 4333/5287/4333 2469/2669/2469
f 2951/3238/2951 3600/4024/3600 2952/3239/2952
f 4458/5288/4458 4439/5262/4439 4039/4603/4039
f 51/4785/51 1626/1742/1626 1913/5289/1913
f 1365/1452/1365 4459/5290/4459 4460/5291/4460
f 3015/3313/3015 4407/5215/4407 4348/5120/4348
f 4138/4757/4138 4141/4760/4141 4063/4643/4063
f 1088/1159/1088 3104/3424/3104 1089/1160/1089
f 4461/5292/4461 2228/2403/2228 4246/4938/4246
f 4380/5176/4380 4462/5293/4462 4381/5177/4381
f 4181/4983/4181 2350/2899/2350 4092/4685/4092
f 3033/3341/3033 3737/4191/3737 3736/4190/3736
f 4323/5081/4323 3971/5108/3971 4463/5294/4463
f 4018/5295/4018 3760/4220/3760 74/5296/74
f 4261/4977/4261 4412/5222/4412 3915/4420/3915
f 251/257/251 3274/3620/3274 2798/3051/2798
f 3949/4469/3949 3545/3954/3545 2196/5297/2196
f 3639/4073/3639 1800/1931/1800 407/437/407
f 3374/3736/3374 1988/2138/1988 2802/3055/2802
f 3295/3644/3295 1618/3643/1618 1105/4255/1105
f 3660/4096/3660 3385/3748/3385 1781/1912/1781
f 4464/5298/4464 4465/5299/4465 323/5300/323
f 3404/3777/3404 3930/4439/3930 181/182/181
f 775/830/775 1758/1886/1758 1725/2688/1725
f 12/12/12 4466/5301/4466 4467/5302/4467
f 3974/4499/3974 859/922/859 858/921/858
f 4290/5030/4290 4399/5205/4399 4401/5207/4401
f 4181/4983/4181 2673/2900/2673 2350/2899/2350
f 180/181/180 4246/4938/4246 2228/2403/2228
f 4381/5177/4381 4091/4683/4091 4468/5303/4468
f 3773/4236/3773 1673/1791/1673 1672/1790/1672
f 4462/5293/4462 4380/5176/4380 2717/2956/2717
f 3180/3509/3180 3273/3619/3273 3374/3736/3374
f 1916/2063/1916 1918/2065/1918 4469/5304/4469
f 551/5125/551 3914/4419/3914 2454/2653/2454
f 847/908/847 4430/5252/4430 4470/5305/4470
f 1634/1752/1634 3140/3462/3140 4471/5306/4471
f 4472/5307/4472 3318/3673/3318 795/852/795
f 4383/5183/4383 4021/4578/4021 4453/5279/4453
f 1642/1760/1642 1598/1710/1598 1084/1155/1084
f 239/242/239 1387/5308/1387 3649/4083/3649
f 402/432/402 3854/4333/3854 403/433/403
f 4132/4749/4132 596/639/596 4133/4750/4133
f 404/434/404 403/433/403 4324/5083/4324
f 3280/3626/3280 4473/5309/4473 3490/5310/3490
f 4474/5311/4474 4049/4622/4049 3326/3681/3326
f 2066/5312/2066 2163/2336/2163 2162/2335/2162
f 4428/5247/4428 2028/2185/2028 4475/5313/4475
f 326/343/326 328/345/328 4428/5247/4428
f 4427/5314/4427 4327/5249/4327 4429/5248/4429
f 245/251/245 4476/5315/4476 243/249/243
f 1550/1659/1550 4372/5161/4372 4424/5243/4424
f 3710/4154/3710 4230/4910/4230 2473/2674/2473
f 4420/5238/4420 243/5251/243 4477/5316/4477
f 4253/4964/4253 4264/5317/4264 4342/5111/4342
f 3089/5318/3089 1771/1900/1771 1773/1902/1773
f 3850/4329/3850 3849/4328/3849 4442/5319/4442
f 4389/5193/4389 1096/1167/1096 1095/1166/1095
f 4146/4767/4146 2433/2629/2433 4463/5294/4463
f 3224/3559/3224 3033/3341/3033 3736/4190/3736
f 3952/4473/3952 3953/4474/3953 1570/5320/1570
f 2910/3187/2910 3967/4490/3967 81/81/81
f 4478/5321/4478 3326/3681/3326 3328/3683/3328
f 2227/2402/2227 3881/4378/3881 3028/3335/3028
f 109/5322/109 3281/4557/3281 1563/1673/1563
f 1144/4702/1144 4103/4699/4103 4185/4830/4185
f 3760/4220/3760 4479/5323/4479 4148/5324/4148
f 2960/3249/2960 3521/3928/3521 4130/4747/4130
f 835/895/835 1678/1797/1678 4371/5160/4371
f 4480/5325/4480 2717/2956/2717 2662/2955/2662
f 3011/5326/3011 2716/2954/2716 4368/5156/4368
f 2814/4549/2814 4001/4548/4001 4358/5327/4358
f 3971/4495/3971 1088/1159/1088 4463/5328/4463
f 3484/3881/3484 1917/2064/1917 1916/2063/1916
f 4366/5154/4366 2544/2751/2544 2543/2750/2543
f 2542/2749/2542 2544/2751/2544 959/1028/959
f 3753/4209/3753 3752/4208/3752 3619/4049/3619
f 4453/5279/4453 1866/2008/1866 1868/2010/1868
f 4481/5329/4481 35/35/35 34/34/34
f 4482/5330/4482 3256/3601/3256 4483/5331/4483
f 1655/1773/1655 2228/2403/2228 4461/5292/4461
f 2471/2672/2471 1506/1610/1506 3854/4333/3854
f 1040/3603/1040 632/676/632 633/677/633
f 4484/5332/4484 211/5333/211 403/433/403
f 4485/5334/4485 4486/5335/4486 2685/2915/2685
f 4308/5060/4308 4487/5336/4487 4399/5205/4399
f 4488/5337/4488 505/542/505 4428/5247/4428
f 1734/1859/1734 1733/1858/1733 4277/5010/4277
f 4427/5314/4427 4429/5248/4429 278/286/278
f 2398/2590/2398 2218/2393/2218 3146/3469/3146
f 603/646/603 4430/5252/4430 460/496/460
f 2625/2843/2625 2624/2842/2624 4214/4883/4214
f 2484/2685/2484 2321/2504/2321 157/157/157
f 148/148/148 2315/2498/2315 2337/2521/2337
f 4489/5338/4489 4490/5339/4490 4476/5315/4476
f 2716/2954/2716 3011/5326/3011 2662/2955/2662
f 4396/5201/4396 4395/5200/4395 4491/5340/4491
f 1804/1936/1804 1264/1344/1264 2441/2637/2441
f 4104/5341/4104 4419/5236/4419 1162/1235/1162
f 993/1062/993 995/1064/995 210/211/210
f 3345/3702/3345 2107/2274/2107 3140/3462/3140
f 3280/3626/3280 3933/4447/3933 4473/5309/4473
f 1649/1767/1649 2104/2269/2104 1647/1765/1647
f 403/433/403 3854/4333/3854 4484/5332/4484
f 459/494/459 522/561/522 669/714/669
f 1463/1559/1463 1464/1560/1464 597/640/597
f 2996/3290/2996 1989/2139/1989 3488/3886/3488
f 1935/2082/1935 2833/3091/2833 2832/3090/2832
f 4487/5336/4487 4401/5207/4401 4399/5205/4399
f 2693/2928/2693 2692/2927/2692 1511/1615/1511
f 4401/5207/4401 4476/5315/4476 245/251/245
f 2257/2436/2257 2019/5342/2019 1219/2622/1219
f 455/490/455 3418/3798/3418 1397/3813/1397
f 3204/3538/3204 3213/3547/3213 3195/3528/3195
f 2277/2456/2277 2276/2455/2276 2371/2558/2371
f 1315/1398/1315 4447/5270/4447 4347/5119/4347
f 3097/3415/3097 2319/2502/2319 1096/1167/1096
f 246/252/246 107/107/107 542/5343/542
f 1548/1657/1548 4425/5244/4425 2439/5344/2439
f 4343/5110/4343 3658/4094/3658 4412/5222/4412
f 3656/4092/3656 3658/4094/3658 4492/5345/4492
f 1939/2086/1939 1852/1991/1852 1567/1678/1567
f 32/5346/32 2289/3457/2289 2375/2562/2375
f 4235/4922/4235 4443/5266/4443 2142/2311/2142
f 203/204/203 202/203/202 2155/2328/2155
f 3421/3830/3421 26/5347/26 2706/3828/2706
f 2187/2361/2187 4233/4918/4233 2198/2372/2198
f 3211/3545/3211 3251/3596/3251 4493/5348/4493
f 3915/4420/3915 4412/5222/4412 3685/4127/3685
f 3880/4377/3880 1606/1721/1606 3881/4378/3881
f 2954/3242/2954 4391/5195/4391 1452/1548/1452
f 221/222/221 3883/4382/3883 222/223/222
f 4407/5215/4407 3015/3313/3015 3016/3314/3016
f 4494/5349/4494 3105/3425/3105 68/68/68
f 4295/5040/4295 2506/3158/2506 2505/5028/2505
f 4495/5350/4495 753/804/753 4465/5299/4465
f 2/2/2 87/87/87 123/123/123
f 3253/3598/3253 4492/5345/4492 2249/5283/2249
f 409/439/409 4366/5154/4366 4383/5183/4383
f 2233/2408/2233 3322/3677/3322 2232/2407/2232
f 1920/2067/1920 2464/2664/2464 1921/2068/1921
f 4272/4999/4272 1867/2009/1867 2030/2187/2030
f 3039/3347/3039 1143/5351/1143 1289/1371/1289
f 2034/2191/2034 3665/4103/3665 2035/2192/2035
f 2225/2400/2225 1484/1582/1484 614/657/614
f 2843/5352/2843 4496/5353/4496 4497/5354/4497
f 1711/1836/1711 3992/4530/3992 1507/1611/1507
f 4308/5060/4308 4399/5205/4399 4163/4799/4163
f 4197/4854/4197 4498/5355/4498 4499/5356/4499
f 3431/5065/3431 3705/4148/3705 3414/4087/3414
f 4401/5207/4401 4487/5336/4487 4476/5315/4476
f 223/224/223 3516/3923/3516 3515/3922/3515
f 4500/5357/4500 555/3646/555 557/5358/557
f 3514/3921/3514 1607/5359/1607 4299/5360/4299
f 152/152/152 2798/4886/2798 3274/3752/3274
f 4272/4999/4272 3572/3995/3572 3574/3997/3574
f 2942/5361/2942 4501/5362/4501 4331/5363/4331
f 4429/5364/4429 4372/5161/4372 4502/5365/4502
f 2483/2684/2483 2484/2685/2484 1857/1996/1857
f 3504/3906/3504 2989/3283/2989 3505/3907/3505
f 268/274/268 269/275/269 1689/1811/1689
f 1624/1740/1624 1336/1419/1336 1338/1421/1338
f 2314/2497/2314 2338/2522/2338 2337/2521/2337
f 3610/5366/3610 3887/5367/3887 3886/5368/3886
f 2338/2522/2338 2314/2497/2314 4471/5306/4471
f 1827/1964/1827 1826/1963/1826 2582/2792/2582
f 2360/2545/2360 2413/2606/2413 2412/2605/2412
f 4219/4890/4219 4221/4892/4221 1012/1081/1012
f 3359/3719/3359 1069/1140/1069 3619/4049/3619
f 611/744/611 432/2991/432 594/637/594
f 2542/2749/2542 4503/5369/4503 2543/2750/2543
f 4164/4800/4164 957/1026/957 959/1028/959
f 4503/5369/4503 4021/4578/4021 4383/5183/4383
f 1407/1498/1407 3078/3395/3078 1094/4823/1094
f 277/285/277 4427/5314/4427 278/286/278
f 3470/3864/3470 808/4713/808 1978/2127/1978
f 1556/1665/1556 3016/3314/3016 66/66/66
f 4291/5031/4291 267/273/267 266/272/266
f 193/194/193 3211/3545/3211 194/195/194
f 1025/1095/1025 397/427/397 3186/3515/3186
f 4504/5370/4504 2693/2928/2693 1511/1615/1511
f 363/393/363 362/392/362 4421/5240/4421
f 3689/4131/3689 2643/2865/2643 956/1025/956
f 3105/3425/3105 1557/1666/1557 66/66/66
f 4487/5336/4487 4489/5338/4489 4476/5315/4476
f 1108/1180/1108 640/5371/640 1576/1688/1576
f 4404/5211/4404 243/5251/243 4490/5372/4490
f 4505/5373/4505 3030/3338/3030 421/5374/421
f 3499/5053/3499 4196/4852/4196 3734/4187/3734
f 2655/2881/2655 2571/2780/2571 2653/2879/2653
f 4347/5119/4347 4447/5270/4447 4348/5120/4348
f 3697/4140/3697 3699/4142/3699 4443/5266/4443
f 3658/4094/3658 3685/4127/3685 4412/5222/4412
f 1592/1704/1592 702/750/702 1202/1277/1202
f 1026/1096/1026 398/428/398 397/427/397
f 1360/1446/1360 1406/1497/1406 4506/5375/4506
f 3713/4160/3713 4073/4660/4073 904/971/904
f 836/896/836 835/895/835 4370/5159/4370
f 100/100/100 102/102/102 1252/1332/1252
f 825/885/825 4507/5376/4507 4508/5377/4508
f 3923/4429/3923 383/413/383 3924/4430/3924
f 1038/1108/1038 2109/2276/2109 2108/2275/2108
f 2413/2606/2413 2311/2494/2311 2310/2493/2310
f 2261/2440/2261 1891/2034/1891 2241/2419/2241
f 4343/5110/4343 4492/5345/4492 3658/4094/3658
f 4509/5378/4509 1775/2523/1775 182/183/182
f 4336/5098/4336 4510/5379/4510 4337/5099/4337
f 4145/4764/4145 212/213/212 211/212/211
f 4511/5380/4511 2786/3039/2786 1230/1305/1230
f 3613/4168/3613 2790/3043/2790 295/304/295
f 4453/5279/4453 4021/4578/4021 4512/5381/4512
f 1875/2017/1875 4513/5382/4513 4347/5119/4347
f 4512/5381/4512 4514/5383/4514 1866/2008/1866
f 4429/5248/4429 4515/5384/4515 4516/5385/4516
f 4245/4937/4245 257/263/257 2578/2788/2578
f 4246/4938/4246 4245/4937/4245 4355/5134/4355
f 256/262/256 258/264/258 2713/2951/2713
f 4429/5364/4429 4502/5365/4502 4515/5386/4515
f 170/171/170 1198/1273/1198 1473/1570/1473
f 3186/3515/3186 3590/4014/3590 1025/1095/1025
f 1301/1383/1301 1300/1382/1300 1288/1370/1288
f 3679/4120/3679 3781/4245/3781 2191/2365/2191
f 2661/2887/2661 4480/5387/4480 2662/2888/2662
f 4417/5232/4417 4477/5316/4477 1875/2017/1875
f 2321/2504/2321 4250/4954/4250 327/344/327
f 3060/3377/3060 3059/3376/3059 4074/4662/4074
f 277/285/277 279/287/279 1261/1341/1261
f 4503/5369/4503 2542/2749/2542 3117/3438/3117
f 1781/1912/1781 2364/2550/2364 1782/1913/1782
f 4512/5381/4512 1866/2008/1866 4453/5279/4453
f 354/4284/354 3810/4283/3810 958/5388/958
f 4517/5389/4517 2904/3175/2904 4518/5390/4518
f 3647/4081/3647 2349/2534/2349 2348/2533/2348
f 4090/4681/4090 1777/1906/1777 3740/4194/3740
f 4488/5337/4488 4475/5313/4475 4519/5391/4519
f 306/322/306 870/934/870 307/323/307
f 1142/1214/1142 1141/1213/1141 4004/4552/4004
f 1862/2004/1862 1909/2154/1909 1658/4792/1658
f 1931/2078/1931 2922/3202/2922 4520/5392/4520
f 1274/1354/1274 2375/2562/2375 1275/1355/1275
f 4521/5393/4521 4522/5394/4522 3015/3313/3015
f 3915/4420/3915 3914/4419/3914 550/5126/550
f 3105/3425/3105 4494/5349/4494 3104/3424/3104
f 3685/4127/3685 3658/4094/3658 3657/4093/3657
f 2321/2504/2321 327/344/327 326/343/326
f 3075/3392/3075 521/560/521 4523/5395/4523
f 258/264/258 2768/3018/2768 2714/2952/2714
f 1088/1159/1088 1090/1161/1090 4463/5328/4463
f 1030/1100/1030 4478/5321/4478 2927/3209/2927
f 2433/2629/2433 2384/2573/2384 4323/5081/4323
f 1446/1541/1446 1528/1636/1528 439/470/439
f 2147/2316/2147 4074/4662/4074 2148/2317/2148
f 3672/4112/3672 3603/4027/3603 601/644/601
f 3703/4146/3703 3559/3973/3559 3763/4223/3763
f 1614/1729/1614 2261/2440/2261 2508/2712/2508
f 2386/2575/2386 1661/1779/1661 2384/2573/2384
f 837/5396/837 2186/5397/2186 1134/1206/1134
f 2217/2391/2217 994/1063/994 3688/4130/3688
f 4451/5277/4451 2143/2312/2143 4443/5266/4443
f 958/5388/958 3810/4283/3810 3116/4908/3116
f 4512/5381/4512 4021/4578/4021 3789/4256/3789
f 1428/1523/1428 648/692/648 647/691/647
f 3002/3297/3002 3347/5398/3347 1689/1811/1689
f 739/788/739 2432/2628/2432 2431/2627/2431
f 4435/5258/4435 942/1010/942 836/896/836
f 1617/4279/1617 3990/4528/3990 1106/2655/1106
f 660/705/660 2566/2775/2566 661/706/661
f 1172/1245/1172 1393/1484/1393 4132/4749/4132
f 1678/1797/1678 1487/1585/1487 4524/5399/4524
f 2614/4502/2614 2616/5400/2616 4525/5401/4525
f 281/289/281 4388/5192/4388 1508/1612/1508
f 1483/1581/1483 1482/1580/1482 2248/2426/2248
f 4480/5325/4480 4526/5402/4526 2717/2956/2717
f 551/5125/551 2454/2653/2454 2277/5403/2277
f 127/127/127 2046/2203/2046 1682/1801/1682
f 3652/5404/3652 3677/4118/3677 167/168/167
f 3275/3883/3275 1714/1839/1714 2094/5405/2094
f 4456/5285/4456 3786/4252/3786 4527/5406/4527
f 4528/5407/4528 2107/2274/2107 4510/5379/4510
f 4512/5381/4512 4155/4779/4155 4514/5383/4514
f 1712/1837/1712 3829/4305/3829 1710/1835/1710
f 3015/3313/3015 4447/5270/4447 4521/5393/4521
f 783/840/783 966/1035/966 781/838/781
f 283/326/283 469/505/469 309/325/309
f 2146/2315/2146 504/541/504 4488/5337/4488
f 1793/4375/1793 1186/1261/1186 4529/5408/4529
f 3087/3404/3087 1561/1671/1561 3047/3360/3047
f 4239/4929/4239 4530/5409/4530 4240/4930/4240
f 4438/5261/4438 1878/2020/1878 2882/3148/2882
f 3063/3380/3063 2371/2558/2371 985/1054/985
f 4502/5365/4502 4372/5161/4372 1550/1659/1550
f 3697/4140/3697 4474/5311/4474 3698/4141/3698
f 4531/5410/4531 3998/5411/3998 4532/5412/4532
f 3152/3477/3152 2849/3110/2849 3178/3507/3178
f 4533/5413/4533 2440/3231/2440 2439/5414/2439
f 720/5415/720 800/858/800 682/727/682
f 4534/5416/4534 4535/5417/4535 3326/3681/3326
f 2077/2239/2077 2807/3060/2807 2806/3059/2806
f 3326/3681/3326 4535/5417/4535 4474/5311/4474
f 660/705/660 1799/5418/1799 2565/2774/2565
f 3882/4381/3882 350/377/350 1472/1569/1472
f 1836/1973/1836 516/555/516 2899/3170/2899
f 1579/2164/1579 1578/2050/1578 1905/2049/1905
f 2449/2648/2449 2374/2561/2374 2292/2474/2292
f 4408/5419/4408 1754/5420/1754 4536/5421/4536
f 4166/4803/4166 1504/1608/1504 3317/3672/3317
f 3515/3922/3515 351/378/351 221/222/221
f 344/367/344 1463/1559/1463 4041/4609/4041
f 3317/3672/3317 1169/1242/1169 4432/5255/4432
f 1550/1659/1550 4424/5243/4424 1548/1657/1548
f 3699/4142/3699 4452/5278/4452 4443/5266/4443
f 300/312/300 302/314/302 585/628/585
f 4537/5422/4537 4538/5423/4538 3890/4392/3890
f 3396/3766/3396 1593/1705/1593 1202/1277/1202
f 1103/3083/1103 466/502/466 1610/1725/1610
f 4539/5424/4539 1236/1311/1236 1349/5425/1349
f 4431/5254/4431 2946/3233/2946 2948/3235/2948
f 1260/1340/1260 3811/4285/3811 1261/1341/1261
f 3918/4424/3918 4540/5426/4540 18/18/18
f 256/262/256 2578/2788/2578 257/263/257
f 2344/2529/2344 4496/5353/4496 2856/3118/2856
f 4541/5427/4541 4542/5428/4542 4543/5429/4543
f 1487/1585/1487 1678/1797/1678 835/895/835
f 4068/4653/4068 4115/4829/4115 4069/4654/4069
f 1199/1274/1199 3413/3790/3413 1177/1252/1177
f 4528/5407/4528 4510/5379/4510 4336/5098/4336
f 4490/5372/4490 4544/5430/4544 4483/5331/4483
f 3841/4320/3841 4502/5365/4502 1549/1658/1549
f 3653/4088/3653 2498/2700/2498 4545/5431/4545
f 3842/4321/3842 1549/1658/1549 2439/5344/2439
f 1511/1615/1511 1513/1617/1513 954/1023/954
f 3537/3946/3537 1825/1962/1825 1824/1961/1824
f 735/784/735 2705/2941/2705 1298/1380/1298
f 1030/1100/1030 1032/1102/1032 1778/1907/1778
f 3139/3461/3139 2109/2276/2109 3458/3847/3458
f 4224/4899/4224 1633/1751/1633 1632/1750/1632
f 4207/4869/4207 4546/5432/4546 4547/5433/4547
f 1622/1738/1622 761/815/761 1621/1737/1621
f 2992/3286/2992 1615/3219/1615 2993/3287/2993
f 1533/1641/1533 3114/3435/3114 2376/2563/2376
f 4478/5321/4478 4534/5416/4534 3326/3681/3326
f 1174/1248/1174 2374/2561/2374 202/203/202
f 3776/4239/3776 1321/1404/1321 3777/4240/3777
f 2446/5434/2446 4548/5435/4548 2447/5436/2447
f 4222/4893/4222 3227/3562/3227 3226/3561/3226
f 4549/5437/4549 3182/3511/3182 3683/4125/3683
f 4550/5438/4550 3074/3391/3074 4551/5439/4551
f 4552/5440/4552 2057/2214/2057 53/4786/53
f 1032/1102/1032 1729/1908/1729 1778/1907/1778
f 3230/3565/3230 110/110/110 2807/5441/2807
f 4553/5442/4553 4554/5443/4554 4489/5338/4489
f 3685/4127/3685 2455/2654/2455 3914/4419/3914
f 2944/3230/2944 4533/5413/4533 3141/3463/3141
f 2440/3231/2440 4533/5413/4533 2944/3230/2944
f 1646/1764/1646 3616/4045/3616 2369/2556/2369
f 4478/5321/4478 1030/1100/1030 4534/5416/4534
f 4555/5444/4555 4556/5445/4556 4534/5416/4534
f 2690/2922/2690 2797/3050/2797 2876/3140/2876
f 1565/1675/1565 2805/3058/2805 1563/1673/1563
f 1713/1838/1713 1715/1840/1715 2974/3264/2974
f 1623/1739/1623 1616/1731/1616 1048/1119/1048
f 926/994/926 1417/1508/1417 3723/4172/3723
f 3160/3486/3160 237/240/237 3650/4084/3650
f 3187/3519/3187 4467/5446/4467 3940/4458/3940
f 1869/2011/1869 93/93/93 92/92/92
f 3544/3953/3544 2312/2495/2312 2311/2494/2311
f 1953/2102/1953 740/5447/740 1981/5448/1981
f 4557/5449/4557 379/409/379 4558/5450/4558
f 1038/1108/1038 3458/3847/3458 2109/2276/2109
f 735/784/735 734/783/734 4377/5172/4377
f 4559/5451/4559 1631/1748/1631 2167/2340/2167
f 212/213/212 4145/4764/4145 3549/3958/3549
f 4021/4578/4021 4503/5369/4503 3587/4011/3587
f 3810/4283/3810 1260/1340/1260 3323/3678/3323
f 1298/1380/1298 2704/2940/2704 1296/1378/1296
f 3438/3822/3438 3437/3821/3437 2447/5436/2447
f 2487/5452/2487 1955/2104/1955 3331/3686/3331
f 1315/1398/1315 4347/5119/4347 4513/5382/4513
f 998/1067/998 997/1066/997 836/5453/836
f 2881/3147/2881 2877/3141/2877 2876/3140/2876
f 243/249/243 4476/5315/4476 4490/5339/4490
f 1452/1548/1452 1215/1290/1215 1453/1549/1453
f 2154/2327/2154 1037/5454/1037 570/611/570
f 2516/2720/2516 2515/2728/2515 2760/3009/2760
f 3730/4183/3730 3506/3909/3506 3731/4184/3731
f 3011/3309/3011 2663/2889/2663 2662/2888/2662
f 3881/4378/3881 4382/5455/4382 3028/3335/3028
f 3036/5456/3036 3544/5457/3544 1486/5458/1486
f 2635/2855/2635 2631/2849/2631 2630/2848/2630
f 993/1062/993 212/213/212 3689/4131/3689
f 430/460/430 797/854/797 431/461/431
f 358/5459/358 629/813/629 353/5460/353
f 4560/5461/4560 584/627/584 583/626/583
f 4561/5462/4561 735/784/735 4377/5172/4377
f 4483/5331/4483 4405/5212/4405 4404/5211/4404
f 3607/4034/3607 3531/5463/3531 4528/5407/4528
f 3587/4011/3587 4503/5369/4503 3117/3438/3117
f 1152/1457/1152 1154/1331/1154 1226/1301/1226
f 3491/3889/3491 3490/3888/3490 337/358/337
f 982/1051/982 4159/4838/4159 1432/1527/1432
f 1260/1340/1260 3810/4283/3810 3811/4285/3811
f 2934/3216/2934 2810/3064/2810 2809/3063/2809
f 4306/5058/4306 4562/5464/4562 4563/5465/4563
f 1461/1557/1461 1460/1556/1460 4564/5466/4564
f 3341/3698/3341 1983/5467/1983 3743/4198/3743
f 3058/3375/3058 3060/3377/3060 3882/4381/3882
f 2561/2769/2561 2810/3064/2810 2192/2366/2192
f 4565/5468/4565 3829/4305/3829 985/1054/985
f 4566/5469/4566 4192/4845/4192 4494/5349/4494
f 4567/5470/4567 2661/2887/2661 2663/2889/2663
f 4568/5471/4568 2663/2889/2663 4569/5472/4569
f 4146/5473/4146 1090/1161/1090 3661/5474/3661
f 673/718/673 4362/5144/4362 4361/5143/4361
f 4533/5413/4533 2439/5414/2439 4425/5475/4425
f 2240/2417/2240 2241/2419/2241 1891/2034/1891
f 4452/5278/4452 3699/4142/3699 4570/5476/4570
f 3689/4131/3689 212/213/212 3549/3958/3549
f 1992/5477/1992 1991/5174/1991 115/115/115
f 3122/3443/3122 3585/5478/3585 4571/5479/4571
f 2227/2402/2227 1744/1872/1744 2228/2403/2228
f 3625/4055/3625 2763/3013/2763 2733/2972/2733
f 4492/5345/4492 3254/3599/3254 3656/4092/3656
f 4572/5480/4572 4526/5481/4526 4480/5387/4480
f 1030/1100/1030 4555/5444/4555 4534/5416/4534
f 3253/3598/3253 3254/3599/3254 4492/5345/4492
f 3459/3848/3459 3372/3734/3372 3371/3733/3371
f 1030/1100/1030 1778/1907/1778 3450/3839/3450
f 774/829/774 1756/1884/1756 1758/1886/1758
f 3814/4288/3814 3813/4287/3813 4573/5482/4573
f 3196/3529/3196 1721/1846/1721 1720/1845/1720
f 916/984/916 3775/4238/3775 3640/4074/3640
f 263/3291/263 2996/3290/2996 3488/3886/3488
f 4553/5442/4553 4489/5338/4489 4487/5336/4487
f 4489/5338/4489 4554/5443/4554 4544/5483/4544
f 4459/5290/4459 1367/1454/1367 2728/2967/2728
f 3555/3968/3555 1212/1287/1212 2710/2947/2710
f 4451/5277/4451 996/2235/996 941/1009/941
f 735/784/735 4561/5462/4561 2705/2941/2705
f 873/937/873 833/4719/833 4087/5484/4087
f 234/235/234 4574/5485/4574 235/236/235
f 3676/4647/3676 3675/5486/3675 4575/5487/4575
f 1163/1517/1163 1165/5488/1165 1425/1518/1425
f 1346/4432/1346 647/691/647 2671/2897/2671
f 4576/5489/4576 3531/5463/3531 3530/5490/3530
f 3919/4425/3919 912/979/912 2871/3135/2871
f 1008/1077/1008 1049/1120/1049 1009/1078/1009
f 4577/5491/4577 3820/4295/3820 242/245/242
f 4578/5492/4578 3245/3588/3245 3244/3587/3244
f 1710/1835/1710 4084/4673/4084 3991/4529/3991
f 1478/1576/1478 1567/1678/1567 1851/1990/1851
f 4487/5336/4487 4308/5060/4308 4553/5442/4553
f 1512/1616/1512 1511/1615/1511 2692/2927/2692
f 3688/4130/3688 4579/5493/4579 4569/5472/4569
f 4502/5365/4502 3841/4320/3841 4580/5494/4580
f 3371/3733/3371 1414/1505/1414 3523/3930/3523
f 4581/5495/4581 4526/5481/4526 2887/3153/2887
f 2434/2630/2434 2433/2629/2433 3661/4097/3661
f 1607/5359/1607 3894/4397/3894 1605/4396/1605
f 4581/5495/4581 3529/3937/3529 3606/5496/3606
f 4148/4770/4148 4582/5497/4582 3863/4348/3863
f 3242/3582/3242 3990/4528/3990 3807/4280/3807
f 4485/5334/4485 4583/5498/4583 4486/5335/4486
f 4584/5499/4584 3428/3809/3428 3430/3811/3430
f 2107/2274/2107 4528/5407/4528 2108/2275/2108
f 4585/5500/4585 3436/3820/3436 63/5132/63
f 3793/4437/3793 1687/1806/1687 1686/1805/1686
f 1463/1559/1463 344/367/344 504/541/504
f 3999/4541/3999 4586/5501/4586 4241/4931/4241
f 4521/5393/4521 1314/1397/1314 4522/5394/4522
f 40/40/40 1614/1729/1614 2399/2591/2399
f 3607/4034/3607 3606/4033/3606 3531/5463/3531
f 1246/1324/1246 980/1049/980 979/1048/979
f 1089/1160/1089 4587/5502/4587 1090/1161/1090
f 194/195/194 3059/3376/3059 3260/3606/3260
f 4341/5105/4341 3891/4393/3891 2727/2966/2727
f 696/741/696 907/974/907 708/756/708
f 986/5503/986 2276/5504/2276 1322/1405/1322
f 2044/2201/2044 1526/1634/1526 1657/1775/1657
f 4587/5502/4587 4099/4693/4099 1090/1161/1090
f 1220/1295/1220 4220/4891/4220 1221/1296/1221
f 2438/5505/2438 3842/4321/3842 2439/5344/2439
f 3686/4128/3686 3657/4093/3657 3895/4399/3895
f 3656/4092/3656 3895/4399/3895 3657/4093/3657
f 59/59/59 3030/3338/3030 4588/5506/4588
f 1639/1757/1639 4057/4635/4057 1640/1758/1640
f 1418/1509/1418 4589/5507/4589 2493/2695/2493
f 4590/5508/4590 3430/3811/3430 3429/3810/3429
f 999/1068/999 1198/1273/1198 1076/1147/1076
f 3133/3454/3133 4591/5509/4591 4434/5257/4434
f 3698/4141/3698 4474/5311/4474 4592/5510/4592
f 4592/5510/4592 4593/5511/4593 3698/4141/3698
f 4378/5173/4378 2312/2495/2312 3038/3346/3038
f 990/1059/990 992/1061/992 351/378/351
f 2762/5512/2762 2578/2788/2578 2577/2787/2577
f 1348/5513/1348 1992/2143/1992 3632/5514/3632
f 1532/1640/1532 4267/4988/4267 3865/4356/3865
f 4594/5515/4594 996/2235/996 4451/5277/4451
f 4100/4694/4100 4587/5502/4587 4192/4845/4192
f 2793/3046/2793 4595/5516/4595 4025/4583/4025
f 3117/3438/3117 3116/3437/3116 3588/4012/3588
f 2704/2940/2704 2260/2439/2260 4596/5517/4596
f 569/610/569 470/1018/470 2216/2390/2216
f 3445/3832/3445 3452/3841/3452 3451/3840/3451
f 996/1065/996 3324/3679/3324 997/1066/997
f 4597/5518/4597 2621/2839/2621 2967/3256/2967
f 13/13/13 969/5519/969 968/2857/968
f 2214/2388/2214 1837/1975/1837 4238/4927/4238
f 2008/2160/2008 2157/2330/2157 4522/5394/4522
f 4306/5058/4306 3518/3925/3518 4307/5059/4307
f 4598/5520/4598 2268/2447/2268 3999/4541/3999
f 2017/2174/2017 2016/2173/2016 3451/3840/3451
f 3528/3936/3528 3427/3915/3427 3417/3935/3417
f 1308/1390/1308 4315/5069/4315 1402/1493/1402
f 4489/5338/4489 4544/5483/4544 4490/5339/4490
f 1510/1614/1510 3084/3401/3084 105/105/105
f 1654/1772/1654 3880/4377/3880 1655/1773/1655
f 2705/2941/2705 2260/2439/2260 2704/2940/2704
f 4504/5370/4504 3093/3750/3093 2693/2928/2693
f 1751/1879/1751 1750/1878/1750 1262/1342/1262
f 4155/4779/4155 4396/5201/4396 4491/5340/4491
f 2153/2325/2153 3051/3365/3051 4481/5521/4481
f 1260/1340/1260 1750/1878/1750 3323/3678/3323
f 2578/2788/2578 2762/5512/2762 4599/5522/4599
f 4600/5523/4600 557/598/557 3945/4465/3945
f 4553/5442/4553 4308/5060/4308 4307/5059/4307
f 4601/5524/4601 2069/2227/2069 4456/5285/4456
f 4555/5444/4555 1030/1100/1030 4602/5525/4602
f 4586/5501/4586 3999/4541/3999 2268/2447/2268
f 3992/4530/3992 1711/1836/1711 1710/1835/1710
f 1658/4792/1658 1539/1648/1539 1850/1989/1850
f 1855/1994/1855 156/156/156 1856/1995/1856
f 4580/5494/4580 4598/5526/4598 4515/5386/4515
f 3577/4000/3577 3452/3841/3452 3509/3914/3509
f 3053/5527/3053 2830/5528/2830 4603/5529/4603
f 662/707/662 3444/3831/3444 663/708/663
f 4568/5471/4568 2817/3071/2817 4567/5470/4567
f 1195/1270/1195 3834/4310/3834 1196/1271/1196
f 3841/4320/3841 1549/1658/1549 3842/4321/3842
f 4017/5530/4017 2673/4825/2673 3426/3807/3426
f 4588/5506/4588 57/57/57 59/59/59
f 4535/5417/4535 4534/5416/4534 4556/5445/4556
f 4592/5510/4592 4535/5417/4535 4604/5531/4604
f 4524/5399/4524 4088/4679/4088 4441/5264/4441
f 455/490/455 1269/1349/1269 3418/3798/3418
f 4605/5532/4605 992/1061/992 991/1060/991
f 2213/2387/2213 3253/3598/3253 1838/1976/1838
f 4606/5533/4606 4605/5534/4605 991/5535/991
f 3610/4037/3610 4279/5536/4279 4097/4691/4097
f 1236/1311/1236 1496/5537/1496 1237/1312/1237
f 4376/5171/4376 4561/5462/4561 4377/5172/4377
f 1342/1428/1342 1344/1430/1344 4099/4693/4099
f 1283/1629/1283 1446/1541/1446 1445/1540/1445
f 4287/5024/4287 4607/5538/4607 2438/2634/2438
f 1315/1398/1315 4521/5393/4521 4447/5270/4447
f 3554/3967/3554 4144/4763/4144 2390/2582/2390
f 764/2134/764 1986/2136/1986 2437/2633/2437
f 1314/1397/1314 4521/5393/4521 1315/1398/1315
f 3089/5318/3089 2700/2936/2700 2699/2935/2699
f 4166/4803/4166 3662/4928/3662 4165/4802/4165
f 2276/2455/2276 985/1054/985 2371/2558/2371
f 1927/2074/1927 4608/5539/4608 1925/2072/1925
f 1486/1584/1486 3544/3953/3544 4088/4679/4088
f 3107/3427/3107 4002/4550/4002 4609/5540/4609
f 3503/3905/3503 1407/1498/1407 1093/5541/1093
f 4074/4662/4074 4493/5348/4493 3251/3596/3251
f 3686/4128/3686 3895/4399/3895 4179/4819/4179
f 3457/3846/3457 3510/3916/3510 3458/3847/3458
f 543/584/543 1901/2045/1901 4273/5001/4273
f 3400/3771/3400 983/1052/983 2552/2760/2552
f 478/515/478 480/517/480 2072/2230/2072
f 3536/5542/3536 1322/1405/1322 1321/1404/1321
f 2705/2941/2705 4561/5462/4561 2258/2437/2258
f 11/11/11 10/10/10 1728/1853/1728
f 2851/5543/2851 50/50/50 49/49/49
f 4156/4780/4156 4396/5201/4396 4155/4779/4155
f 4576/5489/4576 4528/5407/4528 3531/5463/3531
f 1750/1878/1750 2232/2407/2232 3323/3678/3323
f 4610/5544/4610 3314/3668/3314 238/4733/238
f 4576/5489/4576 2108/2275/2108 4528/5407/4528
f 937/1113/937 1350/2470/1350 4294/5545/4294
f 4611/5546/4611 2836/3095/2836 4612/5547/4612
f 2801/3054/2801 2800/3053/2800 464/500/464
f 4602/5525/4602 3450/3839/3450 3449/3838/3449
f 1391/1482/1391 1258/1338/1258 1584/1696/1584
f 1487/1585/1487 4088/4679/4088 4524/5399/4524
f 4613/5548/4613 4556/5445/4556 4555/5444/4555
f 2266/2445/2266 2268/2447/2268 4598/5520/4598
f 4572/5480/4572 2887/3153/2887 4526/5481/4526
f 2080/2242/2080 203/204/203 2155/2328/2155
f 985/1054/985 984/1053/984 4565/5468/4565
f 3194/3527/3194 3199/3533/3199 3201/3535/3201
f 4535/5417/4535 4592/5510/4592 4474/5311/4474
f 4579/5493/4579 3733/4186/3733 4568/5471/4568
f 870/934/870 3667/4105/3667 871/935/871
f 3843/5549/3843 3842/5550/3842 2438/5551/2438
f 2275/5552/2275 2277/5403/2277 2453/2652/2453
f 2212/2386/2212 3896/4400/3896 3254/3599/3254
f 3656/4092/3656 3254/3599/3254 3896/4400/3896
f 12/12/12 4467/5302/4467 10/10/10
f 2204/2378/2204 3330/3685/3330 4364/5150/4364
f 3345/3702/3345 4510/5379/4510 2107/2274/2107
f 1134/5553/1134 1485/1583/1485 837/897/837
f 149/149/149 2338/2522/2338 1266/1346/1266
f 4118/4728/4118 3960/4482/3960 3860/4345/3860
f 2214/2388/2214 1838/1976/1838 1837/1975/1837
f 4556/5445/4556 4604/5531/4604 4535/5417/4535
f 351/378/351 992/1061/992 352/379/352
f 1654/1772/1654 396/426/396 3880/4377/3880
f 4592/5510/4592 4614/5554/4614 4593/5511/4593
f 4615/5555/4615 2497/5556/2497 4616/5557/4616
f 3699/4142/3699 4593/5511/4593 4570/5476/4570
f 4287/5558/4287 2440/3231/2440 2302/2485/2302
f 1093/5541/1093 4167/5559/4167 3503/3905/3503
f 991/1060/991 990/1059/990 4299/5360/4299
f 1730/5560/1730 1837/1975/1837 1731/1974/1731
f 4617/5561/4617 1698/1821/1698 3014/3312/3014
f 4544/5430/4544 4618/5562/4618 4482/5330/4482
f 2602/5563/2602 4543/5564/4543 743/5565/743
f 4386/5566/4386 3858/4343/3858 2957/5567/2957
f 3877/4372/3877 3956/4477/3956 3955/4476/3955
f 4452/5278/4452 4570/5476/4570 4619/5568/4619
f 3641/4075/3641 1075/1146/1075 3642/4076/3642
f 4405/5212/4405 3256/3601/3256 4530/5409/4530
f 2028/2185/2028 2030/2187/2030 4475/5313/4475
f 4400/5206/4400 1438/1533/1438 1437/1532/1437
f 4404/5211/4404 4403/5210/4403 4477/5316/4477
f 4620/5569/4620 4156/4780/4156 3789/4256/3789
f 2935/5570/2935 313/330/313 2877/3141/2877
f 4172/4809/4172 3324/3679/3324 4594/5571/4594
f 3975/4500/3975 3851/4330/3851 3909/4414/3909
f 2260/2439/2260 3496/3895/3496 4596/5517/4596
f 4621/5572/4621 1483/1581/1483 967/4594/967
f 3939/5573/3939 4622/5574/4622 3800/5575/3800
f 4623/5576/4623 4152/4775/4152 4624/5577/4624
f 682/727/682 681/726/681 720/5415/720
f 3118/5578/3118 2997/5579/2997 262/5580/262
f 2929/3211/2929 3143/3465/3143 1519/1623/1519
f 4580/5494/4580 3841/4320/3841 3938/4455/3938
f 2661/2887/2661 4567/5470/4567 4572/5480/4572
f 985/1054/985 2276/2455/2276 986/1055/986
f 1486/5458/1486 4625/5581/4625 3036/5456/3036
f 1486/5458/1486 213/214/213 4625/5581/4625
f 4052/5582/4052 216/3873/216 3478/3872/3478
f 3978/4504/3978 2382/2571/2382 2381/2570/2381
f 2658/2884/2658 2533/2739/2533 2043/2200/2043
f 2260/2439/2260 2705/2941/2705 2258/2437/2258
f 2108/2275/2108 3917/4873/3917 1038/1108/1038
f 2078/2240/2078 2806/3059/2806 407/437/407
f 3024/3331/3024 2061/2218/2061 2060/2217/2060
f 4586/5501/4586 3839/4318/3839 1751/1879/1751
f 3312/3665/3312 3179/3508/3179 2164/2337/2164
f 628/2837/628 2619/2836/2619 568/609/568
f 1140/1212/1140 444/478/444 1243/1320/1243
f 500/537/500 2940/3225/2940 2359/2544/2359
f 2157/2330/2157 2008/2160/2008 2010/2162/2010
f 2157/2330/2157 2010/2162/2010 4566/5469/4566
f 3976/4501/3976 4626/5583/4626 4034/4597/4034
f 3829/4305/3829 4565/5468/4565 4084/4673/4084
f 2518/2722/2518 4627/5584/4627 2489/2691/2489
f 3154/5585/3154 3276/3622/3276 3275/3621/3275
f 2455/2654/2455 4179/4819/4179 2453/2652/2453
f 571/612/571 595/694/595 572/613/572
f 3625/4055/3625 3627/4057/3627 2763/3013/2763
f 416/446/416 4545/5431/4545 3407/3783/3407
f 369/399/369 3867/4358/3867 367/397/367
f 1779/1909/1779 1728/3521/1728 3188/3520/3188
f 4555/5444/4555 4602/5525/4602 4628/5586/4628
f 3851/4330/3851 2034/2191/2034 2036/2193/2036
f 3148/4897/3148 4190/4843/4190 4242/4934/4242
f 992/1061/992 4629/5587/4629 352/379/352
f 4593/5511/4593 4614/5554/4614 4630/5588/4630
f 2195/5589/2195 1375/1463/1375 1374/1462/1374
f 4605/5534/4605 4606/5533/4606 4631/5590/4631
f 4578/5492/4578 2578/2788/2578 4599/5522/4599
f 4632/5591/4632 4633/5592/4633 4634/5593/4634
f 4159/4787/4159 2506/3158/2506 2891/3157/2891
f 3348/3706/3348 3575/3998/3575 2930/3212/2930
f 4573/5482/4573 3813/4287/3813 3923/4429/3923
f 2749/2997/2749 2528/2734/2528 2352/2733/2352
f 996/1065/996 4594/5571/4594 3324/3679/3324
f 1750/1878/1750 1824/1961/1824 2232/2407/2232
f 4351/5124/4351 2412/2605/2412 2862/3124/2862
f 4635/5594/4635 4172/4809/4172 4636/5595/4636
f 1485/5596/1485 213/214/213 1486/5458/1486
f 3665/4103/3665 3086/3403/3086 3381/3743/3381
f 2605/2818/2605 1695/1818/1695 4637/5597/4637
f 1385/1474/1385 2772/3023/2772 3236/4870/3236
f 3469/3863/3469 1732/1857/1732 1731/1856/1731
f 674/719/674 4361/5143/4361 2280/2460/2280
f 156/156/156 343/366/343 1856/1995/1856
f 4638/5598/4638 2889/3155/2889 2888/3154/2888
f 2325/2508/2325 132/132/132 131/131/131
f 4181/4963/4181 4264/5317/4264 4253/4964/4253
f 4553/5442/4553 4307/5059/4307 4554/5443/4554
f 97/97/97 2452/2651/2452 98/98/98
f 193/194/193 1282/1363/1282 2302/2485/2302
f 4544/5483/4544 4554/5443/4554 4618/5599/4618
f 2455/2654/2455 3686/4128/3686 4179/4819/4179
f 2614/4502/2614 4525/5401/4525 3977/4503/3977
f 3587/4011/3587 3588/4012/3588 2013/2170/2013
f 1317/1400/1317 3893/4395/3893 3521/3928/3521
f 4639/5600/4639 4396/5201/4396 4156/4780/4156
f 308/324/308 3174/4776/3174 3643/4077/3643
f 2214/2388/2214 2213/2387/2213 1838/1976/1838
f 3091/3409/3091 3465/3857/3465 3092/3410/3092
f 3628/4059/3628 3386/4058/3386 3092/3410/3092
f 4596/5517/4596 4640/5601/4640 4563/5465/4563
f 3401/3772/3401 1961/2110/1961 1709/3773/1709
f 4641/5602/4641 184/185/184 183/184/183
f 3999/4541/3999 4516/5385/4516 4515/5384/4515
f 833/4719/833 834/5603/834 4087/5484/4087
f 4084/4673/4084 4642/5604/4642 4302/5050/4302
f 4580/5605/4580 1912/5606/1912 2266/2445/2266
f 365/395/365 2132/5607/2132 366/396/366
f 2751/2999/2751 2388/2853/2388 2633/2852/2633
f 4192/4845/4192 4566/5469/4566 2010/2162/2010
f 3510/3916/3510 3457/3846/3457 2732/2971/2732
f 3676/4647/3676 4643/5608/4643 3886/4388/3886
f 4644/5609/4644 3875/4370/3875 4645/5610/4645
f 4614/5554/4614 1943/2090/1943 4630/5588/4630
f 3165/3491/3165 3111/3431/3111 3061/3378/3061
f 1654/1772/1654 3186/3515/3186 397/427/397
f 4599/5522/4599 2762/5512/2762 3627/5611/3627
f 1669/1787/1669 3572/3995/3572 2030/2187/2030
f 4641/5602/4641 183/184/183 4646/5612/4646
f 4127/4744/4127 2894/3162/2894 2893/3161/2893
f 340/475/340 612/837/612 754/806/754
f 4556/5445/4556 4613/5548/4613 4604/5531/4604
f 1214/1289/1214 947/1015/947 4411/5221/4411
f 1823/1960/1823 4552/5440/4552 4352/5130/4352
f 992/1061/992 4605/5532/4605 4629/5587/4629
f 3379/3741/3379 1586/1698/1586 3377/3739/3377
f 3226/3561/3226 3228/3563/3228 3741/4195/3741
f 3420/3800/3420 3290/3638/3290 1572/5613/1572
f 4647/5614/4647 4629/5587/4629 4605/5532/4605
f 2673/2900/2673 4017/4572/4017 2674/2901/2674
f 2310/2493/2310 4378/5173/4378 4377/5172/4377
f 4647/5615/4647 4605/5534/4605 4631/5590/4631
f 4513/5382/4513 4405/5212/4405 4239/4929/4239
f 1003/1072/1003 856/917/856 3078/3395/3078
f 721/769/721 902/969/902 1185/1260/1185
f 3447/3836/3447 3837/4337/3837 3446/3835/3446
f 778/833/778 1379/1467/1379 1381/1469/1381
f 4586/5501/4586 2268/2447/2268 3839/4318/3839
f 4642/5604/4642 4084/4673/4084 984/1053/984
f 3036/5456/3036 4625/5581/4625 3037/5616/3037
f 704/752/704 4648/5617/4648 705/753/705
f 790/847/790 791/848/791 1093/1164/1093
f 4268/5618/4268 3517/5619/3517 2534/2740/2534
f 3520/3927/3520 3726/4175/3726 3668/4106/3668
f 980/1049/980 1246/1324/1246 4649/5620/4649
f 4631/5590/4631 4486/5335/4486 4647/5615/4647
f 372/402/372 2595/2806/2595 4650/5621/4650
f 3653/4088/3653 4545/5431/4545 416/446/416
f 2744/2986/2744 4280/5013/4280 4643/5608/4643
f 443/477/443 1270/1350/1270 1243/1320/1243
f 2346/5622/2346 4433/5623/4433 2660/5624/2660
f 3272/3618/3272 3294/3642/3294 3501/3901/3501
f 2774/5625/2774 96/2944/96 2707/2943/2707
f 4530/5409/4530 4239/4929/4239 4405/5212/4405
f 4352/5130/4352 2013/5626/2013 2233/2408/2233
f 1732/1857/1732 1344/1430/1344 4651/5627/4651
f 3767/4227/3767 3766/4226/3766 4448/5271/4448
f 345/5628/345 757/1326/757 894/961/894
f 2108/2275/2108 4576/5489/4576 3917/4873/3917
f 4156/4780/4156 4620/5569/4620 4639/5600/4639
f 85/4831/85 482/519/482 481/518/481
f 3839/4318/3839 4652/5629/4652 1749/1877/1749
f 2597/2808/2597 4652/5629/4652 3839/4318/3839
f 4179/4819/4179 4183/4827/4183 4182/4826/4182
f 4581/5630/4581 3605/4032/3605 4526/5402/4526
f 4495/5350/4495 4464/5298/4464 2686/5631/2686
f 158/158/158 1472/1569/1472 4653/5632/4653
f 2324/2507/2324 3206/3540/3206 255/261/255
f 4573/5482/4573 4654/5633/4654 4655/5634/4655
f 4656/5635/4656 2223/2398/2223 2224/2399/2224
f 4607/5636/4607 3843/4322/3843 2438/5505/2438
f 1717/5637/1717 1719/5638/1719 3332/5639/3332
f 3900/4404/3900 2431/2627/2431 3191/3524/3191
f 4621/5572/4621 1071/4965/1071 1484/1582/1484
f 2858/5071/2858 2830/3369/2830 3054/3368/3054
f 4488/5337/4488 4519/5391/4519 2146/2315/2146
f 2453/2652/2453 3777/4240/3777 1323/1406/1323
f 3245/3588/3245 2585/2795/2585 3243/3586/3243
f 2334/2518/2334 3197/3531/3197 2335/2519/2335
f 1647/1765/1647 4657/5640/4657 1067/5641/1067
f 954/1023/954 3548/3957/3548 1511/1615/1511
f 375/405/375 1890/2033/1890 1078/1149/1078
f 3896/4400/3896 2212/2386/2212 3897/4401/3897
f 4594/5515/4594 4619/5568/4619 4172/5642/4172
f 4143/4762/4143 6/6/6 2927/3209/2927
f 963/1032/963 1009/1078/1009 758/811/758
f 4613/5548/4613 4658/5643/4658 4604/5531/4604
f 4364/5150/4364 140/140/140 139/139/139
f 4592/5510/4592 4604/5531/4604 4614/5554/4614
f 4570/5476/4570 4593/5511/4593 4630/5588/4630
f 555/3646/555 3567/3990/3567 4659/5644/4659
f 214/215/214 2656/2882/2656 4079/4668/4079
f 4570/5476/4570 4630/5588/4630 4660/5645/4660
f 4376/5171/4376 4523/5395/4523 521/560/521
f 398/5646/398 4606/5647/4606 4661/5648/4661
f 1061/1132/1061 1063/1134/1063 3924/4430/3924
f 4172/4809/4172 4635/5594/4635 4173/4810/4173
f 4426/5245/4426 2260/2439/2260 2259/2438/2259
f 213/214/213 215/216/215 4625/5581/4625
f 995/5073/995 851/912/851 579/620/579
f 4396/5201/4396 4639/5600/4639 598/641/598
f 1134/1206/1134 2186/5397/2186 1132/1204/1132
f 2146/2315/2146 4491/5340/4491 1464/1560/1464
f 1451/1547/1451 2940/3225/2940 2955/3243/2955
f 1246/4755/1246 4034/4597/4034 4626/5583/4626
f 4626/5583/4626 3976/4501/3976 4662/5649/4662
f 1912/4454/1912 4580/5494/4580 3938/4455/3938
f 3184/3513/3184 1910/4456/1910 3938/4455/3938
f 4378/5173/4378 3038/3346/3038 4523/5395/4523
f 3352/3711/3352 3427/3808/3427 3392/3761/3392
f 1450/1546/1450 1203/1278/1203 1053/1124/1053
f 4312/5064/4312 4537/5650/4537 1469/4518/1469
f 2989/3283/2989 4663/5651/4663 126/126/126
f 3991/4529/3991 3628/4059/3628 3092/3410/3092
f 2212/2386/2212 2214/2388/2214 4238/4927/4238
f 1566/1676/1566 42/42/42 4047/4619/4047
f 4482/5330/4482 2116/2284/2116 3256/3601/3256
f 561/602/561 563/604/563 1016/1085/1016
f 4076/4664/4076 3266/3612/3266 4664/5652/4664
f 1509/1613/1509 104/104/104 317/334/317
f 961/1030/961 3743/5653/3743 339/5654/339
f 1824/1961/1824 1750/1878/1750 1749/1877/1749
f 2532/2738/2532 2559/2920/2559 2367/5655/2367
f 2597/2808/2597 2268/2447/2268 2267/2446/2267
f 597/640/597 4041/4609/4041 1463/1559/1463
f 4139/5272/4139 1600/1712/1600 1443/1714/1443
f 452/486/452 4665/5656/4665 1490/1590/1490
f 4192/4845/4192 3828/4304/3828 4357/5136/4357
f 3843/4322/3843 4607/5636/4607 3184/3513/3184
f 4357/5136/4357 3828/4304/3828 3526/3933/3526
f 1471/1568/1471 4653/5632/4653 1472/1569/1472
f 4658/5643/4658 4666/5657/4666 4604/5531/4604
f 1303/1385/1303 1302/1384/1302 861/924/861
f 4614/5554/4614 4666/5657/4666 1943/2090/1943
f 1668/1786/1668 3442/3827/3442 3573/3996/3573
f 3548/3957/3548 2643/2865/2643 3549/3958/3549
f 1656/1774/1656 3243/3586/3243 3186/3515/3186
f 4168/4805/4168 1133/1205/1133 3325/3680/3325
f 3745/4201/3745 4233/4918/4233 453/5658/453
f 2454/2653/2454 2453/2652/2453 2277/5403/2277
f 4374/5165/4374 2634/4835/2634 2566/4834/2566
f 213/214/213 1485/5596/1485 2656/2882/2656
f 3974/4499/3974 4230/4910/4230 859/922/859
f 848/909/848 729/777/729 728/776/728
f 3449/3838/3449 2172/2345/2172 4628/5586/4628
f 2172/2345/2172 2092/2256/2092 4628/5586/4628
f 498/535/498 3353/3712/3353 499/536/499
f 615/658/615 614/657/614 817/4966/817
f 4314/5067/4314 3245/3588/3245 4599/5522/4599
f 35/35/35 2732/2971/2732 3457/3846/3457
f 4618/5562/4618 2116/2284/2116 4482/5330/4482
f 2864/3126/2864 2733/2972/2733 2763/3013/2763
f 4496/5353/4496 4667/5659/4667 2856/3118/2856
f 4296/5660/4296 2502/5661/2502 3987/5662/3987
f 4668/5663/4668 4669/5664/4669 2732/2971/2732
f 2905/3176/2905 4670/5665/4670 1629/5666/1629
f 2617/5667/2617 4012/5668/4012 713/761/713
f 1313/1396/1313 2924/3204/2924 1314/1397/1314
f 4210/5669/4210 3436/3820/3436 4585/5500/4585
f 1280/1360/1280 1225/3824/1225 1224/1361/1224
f 4568/5471/4568 4569/5472/4569 4579/5493/4579
f 2266/2445/2266 4598/5520/4598 4580/5605/4580
f 4251/4955/4251 2258/2437/2258 4376/5171/4376
f 4642/5604/4642 984/1053/984 1764/1892/1764
f 1628/5670/1628 90/90/90 482/519/482
f 3860/4345/3860 3808/4281/3808 4671/5671/4671
f 2344/2529/2344 638/682/638 2345/2530/2345
f 4672/5672/4672 4618/5562/4618 4268/5618/4268
f 3765/4225/3765 4011/4957/4011 3766/4226/3766
f 3588/4907/3588 2233/2408/2233 2013/5626/2013
f 2013/5626/2013 4352/5130/4352 485/5673/485
f 1824/1961/1824 1823/1960/1823 2232/2407/2232
f 4620/5569/4620 4110/4715/4110 4639/5600/4639
f 4110/4715/4110 4133/4750/4133 4639/5600/4639
f 4673/5674/4673 4330/5675/4330 4332/5676/4332
f 4110/4715/4110 4620/5569/4620 484/521/484
f 1749/1877/1749 3537/3946/3537 1824/1961/1824
f 3529/3937/3529 2889/3155/2889 4215/4884/4215
f 1314/1397/1314 2924/3204/2924 2008/2160/2008
f 3527/3934/3527 3576/3999/3576 3526/3933/3526
f 2954/3242/2954 1410/1501/1410 4391/5195/4391
f 2597/2808/2597 2267/2446/2267 2595/2806/2595
f 3734/4187/3734 3210/3544/3210 1651/1769/1651
f 4613/5548/4613 4628/5586/4628 2092/2256/2092
f 3623/5677/3623 4674/5678/4674 2675/5679/2675
f 2256/2435/2256 1883/2025/1883 4675/5680/4675
f 1561/1671/1561 3087/3404/3087 2110/2277/2110
f 4676/5681/4676 217/218/217 4077/4665/4077
f 788/845/788 3351/3709/3351 789/846/789
f 1246/4755/1246 4626/5583/4626 4649/5682/4649
f 3110/3430/3110 3103/3423/3103 3102/3422/3102
f 4604/5531/4604 4666/5657/4666 4614/5554/4614
f 210/211/210 403/5683/403 211/212/211
f 352/379/352 4629/5587/4629 1471/1568/1471
f 1776/1905/1776 3550/3959/3550 4065/4650/4065
f 215/216/215 4079/4668/4079 4677/5684/4677
f 751/800/751 840/900/840 1939/2086/1939
f 398/428/398 2683/2913/2683 4631/5590/4631
f 2683/2913/2683 398/428/398 1026/1096/1026
f 3037/5616/3037 4678/5685/4678 4679/5686/4679
f 4660/5645/4660 4619/5568/4619 4570/5476/4570
f 3765/4225/3765 2395/2587/2395 2609/5687/2609
f 4555/5444/4555 4628/5586/4628 4613/5548/4613
f 1471/1568/1471 4629/5587/4629 4680/5688/4680
f 4681/5689/4681 4630/5588/4630 1943/2090/1943
f 4557/5449/4557 3815/4289/3815 4682/5690/4682
f 4558/5450/4558 1390/1481/1390 3815/4289/3815
f 1896/2039/1896 1895/2038/1895 4627/5584/4627
f 4509/5378/4509 4531/5410/4531 3550/5691/3550
f 4599/5522/4599 2229/5692/2229 4314/5067/4314
f 219/5693/219 4683/5694/4683 3552/3965/3552
f 4669/5664/4669 3626/4056/3626 3625/4055/3625
f 813/871/813 4667/5659/4667 4466/5301/4466
f 1226/1301/1226 1370/1458/1370 1152/1457/1152
f 3783/4249/3783 3380/3742/3380 4117/4727/4117
f 4129/5695/4129 4248/4947/4248 4130/5696/4130
f 3109/3429/3109 370/400/370 3986/4523/3986
f 2266/2445/2266 1912/5606/1912 4650/5621/4650
f 2266/2445/2266 4650/5621/4650 2267/2446/2267
f 4679/5697/4679 4523/5395/4523 3038/3346/3038
f 4051/4626/4051 2304/2487/2304 2303/2486/2303
f 4642/5604/4642 1763/1891/1763 4302/5050/4302
f 423/3101/423 2843/3103/2843 4497/5698/4497
f 2223/2398/2223 4656/5635/4656 4662/5649/4662
f 2227/2402/2227 3028/3335/3028 1744/1872/1744
f 474/511/474 3873/4365/3873 3784/4250/3784
f 4263/4982/4263 4649/5620/4649 2867/3130/2867
f 4242/4934/4242 2978/4945/2978 3148/4897/3148
f 2534/2740/2534 2536/2742/2536 4672/5672/4672
f 1112/1184/1112 4684/5699/4684 1110/1182/1110
f 2326/2509/2326 2184/2357/2184 3763/4223/3763
f 1886/5700/1886 3513/5701/3513 1609/5702/1609
f 4685/5703/4685 3604/4028/3604 3982/4970/3982
f 4040/4608/4040 2414/2607/2414 3674/4115/3674
f 4686/5704/4686 485/5705/485 4352/5706/4352
f 4552/5440/4552 1823/1960/1823 1825/1962/1825
f 4687/5707/4687 1730/1855/1730 4651/5627/4651
f 3917/4423/3917 570/611/570 1037/5454/1037
f 4688/5708/4688 4689/5709/4689 4265/5710/4265
f 4367/5155/4367 4258/4974/4258 1149/1222/1149
f 2901/3172/2901 4690/5711/4690 4691/5712/4691
f 2702/2938/2702 3230/4421/3230 4692/5713/4692
f 3689/4131/3689 3549/3958/3549 2643/2865/2643
f 3048/3361/3048 3216/3550/3216 3049/3362/3049
f 3067/3384/3067 3066/3383/3066 3954/4475/3954
f 4693/5714/4693 4540/5426/4540 2889/3155/2889
f 3449/3838/3449 4628/5586/4628 4602/5525/4602
f 2223/2398/2223 4662/5649/4662 3976/4501/3976
f 4626/5583/4626 4662/5649/4662 4694/5715/4694
f 4638/5598/4638 4693/5714/4693 2889/3155/2889
f 3599/4023/3599 4638/5598/4638 2888/3154/2888
f 4626/5583/4626 4695/5716/4695 4649/5682/4649
f 3723/4172/3723 2004/2156/2004 926/994/926
f 4649/5620/4649 4695/5717/4695 2867/3130/2867
f 558/2552/558 1951/4701/1951 559/5718/559
f 4345/5115/4345 1876/2018/1876 4348/5120/4348
f 1363/1449/1363 2368/2555/2368 1364/1450/1364
f 2760/3009/2760 2784/3037/2784 2930/3212/2930
f 1085/1156/1085 4696/5719/4696 1086/1157/1086
f 4668/5663/4668 2732/2971/2732 35/35/35
f 1730/5560/1730 4237/4926/4237 1837/1975/1837
f 1020/1090/1020 4697/5720/4697 4204/5721/4204
f 4270/4995/4270 4298/5045/4298 1557/1666/1557
f 1804/1936/1804 793/850/793 1264/1344/1264
f 730/778/730 732/780/732 762/5722/762
f 4606/5647/4606 398/5646/398 4631/5723/4631
f 215/216/215 4678/5685/4678 4625/5581/4625
f 348/373/348 633/3357/633 3046/3359/3046
f 11/11/11 280/288/280 282/290/282
f 3449/3838/3449 4698/5724/4698 2172/2345/2172
f 4666/5657/4666 4658/5643/4658 4699/5725/4699
f 2231/5068/2231 4314/5067/4314 2229/5692/2229
f 3948/4468/3948 391/421/391 1562/1672/1562
f 4384/5185/4384 4117/4727/4117 3380/3742/3380
f 4583/5498/4583 4647/5615/4647 4486/5335/4486
f 2210/5726/2210 4700/5727/4700 4701/5728/4701
f 3255/3600/3255 1054/1125/1054 4240/4930/4240
f 4678/5685/4678 3037/5616/3037 4625/5581/4625
f 4702/5729/4702 4679/5697/4679 4571/5730/4571
f 4110/4715/4110 484/521/484 483/520/483
f 751/800/751 750/799/750 840/900/840
f 3386/3749/3386 4218/5731/4218 3093/3750/3093
f 4703/5732/4703 1610/5733/1610 2985/3277/2985
f 3186/3515/3186 3243/3586/3243 3590/4014/3590
f 3075/3392/3075 4523/5395/4523 4702/5729/4702
f 3131/3452/3131 1311/1393/1311 1310/1392/1310
f 1749/1877/1749 4652/5629/4652 3537/3946/3537
f 4634/5593/4634 2968/3903/2968 3502/3902/3502
f 963/1032/963 964/1033/964 1007/1076/1007
f 4704/5734/4704 4662/5649/4662 4656/5635/4656
f 3782/4246/3782 1142/1214/1142 4705/5735/4705
f 2918/3195/2918 77/77/77 2917/3194/2917
f 4607/5636/4607 3185/3514/3185 3184/3513/3184
f 1696/5736/1696 2719/2958/2719 2494/3485/2494
f 4572/5480/4572 4567/5470/4567 3010/3308/3010
f 2301/2484/2301 4287/5558/4287 2302/2485/2302
f 4706/5737/4706 3870/4361/3870 4707/5738/4707
f 4136/4754/4136 1498/1602/1498 1383/1472/1383
f 3777/4240/3777 4179/4819/4179 4182/4826/4182
f 4708/5739/4708 1282/1363/1282 1281/1362/1281
f 4092/4685/4092 2350/2899/2350 2349/5740/2349
f 4709/5741/4709 184/185/184 4710/5742/4710
f 4639/5600/4639 4133/4750/4133 598/641/598
f 485/522/485 484/521/484 2014/2171/2014
f 3596/4020/3596 4068/4653/4068 3913/4418/3913
f 3151/3476/3151 3153/3478/3153 3166/5743/3166
f 3906/4942/3906 4711/5744/4711 3013/5745/3013
f 3537/3946/3537 4652/5629/4652 4406/5213/4406
f 4482/5330/4482 4483/5331/4483 4544/5430/4544
f 2887/3153/2887 4572/5480/4572 2888/3154/2888
f 3800/4271/3800 2843/3103/2843 2842/3102/2842
f 2409/2602/2409 2411/2604/2411 943/1011/943
f 2358/2543/2358 3526/3933/3526 500/537/500
f 4572/5480/4572 3010/3308/3010 2888/3154/2888
f 4626/5583/4626 4694/5715/4694 4695/5716/4695
f 1621/1737/1621 760/814/760 938/1006/938
f 2207/2381/2207 127/127/127 624/667/624
f 1343/1429/1343 4651/5627/4651 1344/1430/1344
f 878/944/878 877/943/877 3137/5746/3137
f 4711/5744/4711 2659/2885/2659 4283/5018/4283
f 1730/5560/1730 4687/5747/4687 4237/4926/4237
f 671/716/671 1828/1965/1828 1827/1964/1827
f 434/465/434 4575/5748/4575 435/466/435
f 3682/4124/3682 3181/3510/3181 1700/1823/1700
f 2395/2587/2395 3765/4225/3765 2341/2526/2341
f 4183/4827/4183 3897/4401/3897 2152/2321/2152
f 4712/5749/4712 4713/5750/4713 3137/5746/3137
f 3107/3427/3107 2911/5751/2911 4002/4550/4002
f 4594/5515/4594 4451/5277/4451 4619/5568/4619
f 4714/5752/4714 4678/5685/4678 215/216/215
f 3477/5753/3477 4715/5754/4715 4716/5755/4716
f 4195/4848/4195 939/1007/939 938/1006/938
f 3845/4324/3845 1211/1286/1211 1738/1865/1738
f 2638/2860/2638 3953/4474/3953 3246/3589/3246
f 3940/4458/3940 4698/5724/4698 4717/5756/4717
f 479/516/479 2780/3031/2780 2259/2438/2259
f 4718/5757/4718 4658/5643/4658 2092/2256/2092
f 1471/1568/1471 4170/4807/4170 4653/5632/4653
f 2575/2785/2575 3325/3680/3325 2576/2786/2576
f 4618/5562/4618 4672/5672/4672 2116/2284/2116
f 4681/5689/4681 4719/5758/4719 4636/5759/4636
f 2683/2913/2683 2685/2915/2685 4486/5335/4486
f 3460/3849/3460 3716/4164/3716 3642/4076/3642
f 133/133/133 137/137/137 134/134/134
f 2230/2405/2230 3627/4057/3627 3626/4056/3626
f 774/829/774 4319/5077/4319 1756/1884/1756
f 485/5760/485 4686/5761/4686 483/5762/483
f 2860/3122/2860 2819/3073/2819 2059/2216/2059
f 4678/5685/4678 4714/5752/4714 4571/5479/4571
f 4086/4676/4086 1247/1325/1247 690/735/690
f 466/502/466 1103/3083/1103 1059/1130/1059
f 3555/3968/3555 2624/2842/2624 1212/1287/1212
f 2292/2474/2292 2503/2706/2503 131/131/131
f 3243/3586/3243 2585/2795/2585 3590/4014/3590
f 3245/3588/3245 4720/5763/4720 2585/2795/2585
f 3800/5575/3800 4667/5659/4667 2843/5352/2843
f 507/4797/507 737/786/737 4162/4798/4162
f 2793/3046/2793 4026/4584/4026 2611/2827/2611
f 2816/3070/2816 3009/3307/3009 2817/3071/2817
f 3435/3819/3435 3969/4492/3969 3970/4494/3970
f 2801/3054/2801 463/499/463 775/830/775
f 4501/5764/4501 2605/5765/2605 4637/5766/4637
f 2865/3128/2865 2867/3130/2867 4695/5717/4695
f 4650/5621/4650 1912/5606/1912 1911/5767/1911
f 3776/4239/3776 4189/4842/4189 1321/1404/1321
f 1282/1363/1282 4708/5739/4708 2301/2484/2301
f 3357/3717/3357 125/125/125 3356/3716/3356
f 199/200/199 201/202/201 651/696/651
f 2534/2740/2534 4672/5672/4672 4268/5618/4268
f 2152/2321/2152 4184/4828/4184 4183/4827/4183
f 12/12/12 2866/3129/2866 4466/5301/4466
f 3473/5768/3473 467/503/467 3471/5769/3471
f 4721/5770/4721 3827/4303/3827 3134/3455/3134
f 4367/5168/4367 277/285/277 3811/4285/3811
f 4531/5410/4531 4532/5412/4532 3550/5691/3550
f 106/161/106 162/163/162 745/5771/745
f 52/52/52 1914/2061/1914 483/520/483
f 4586/5501/4586 1751/1879/1751 4241/4931/4241
f 1313/1396/1313 3405/3779/3405 1411/1502/1411
f 4722/5772/4722 3538/3947/3538 4406/5213/4406
f 4180/4822/4180 2042/4853/2042 2287/2467/2287
f 4656/5635/4656 4041/4609/4041 1752/1880/1752
f 4693/5714/4693 4638/5598/4638 4723/5773/4723
f 4473/5774/4473 3933/5775/3933 1975/2124/1975
f 3159/3484/3159 2719/2958/2719 2721/2960/2721
f 3599/4023/3599 4723/5773/4723 4638/5598/4638
f 931/999/931 933/1001/933 4550/5438/4550
f 4045/4616/4045 3599/4023/3599 3009/3307/3009
f 4694/5715/4694 4724/5776/4724 4695/5716/4695
f 2816/3070/2816 3032/3340/3032 3031/3339/3031
f 2409/2602/2409 4435/5258/4435 2410/2603/2410
f 4718/5757/4718 4699/5725/4699 4658/5643/4658
f 2144/2313/2144 607/650/607 606/649/606
f 2301/5022/2301 3970/4494/3970 4286/5023/4286
f 3733/4186/3733 955/1024/955 3032/3340/3032
f 4597/5518/4597 4687/5707/4687 4651/5627/4651
f 1513/1617/1513 4436/5259/4436 955/1024/955
f 3777/4240/3777 4182/4826/4182 3778/4241/3778
f 3414/3791/3414 3365/3727/3365 3431/3812/3431
f 4720/5763/4720 3245/3588/3245 4314/5067/4314
f 2086/2250/2086 3152/3477/3152 3512/3918/3512
f 1956/2105/1956 1958/2107/1958 4725/5777/4725
f 148/148/148 2713/5778/2713 2714/5220/2714
f 3336/3691/3336 1015/1084/1015 1014/1083/1014
f 2743/5779/2743 4603/5780/4603 2830/5781/2830
f 2150/2319/2150 2152/2321/2152 3897/4401/3897
f 2896/3164/2896 1894/2037/1894 1500/1604/1500
f 4677/5684/4677 4079/4668/4079 4726/5782/4726
f 3627/4057/3627 2230/2405/2230 2229/2404/2229
f 372/402/372 4650/5621/4650 1911/5767/1911
f 2604/2817/2604 2684/2914/2684 1026/1096/1026
f 808/4713/808 54/54/54 56/56/56
f 2842/3102/2842 4727/5783/4727 3799/4270/3799
f 1943/2090/1943 1942/2089/1942 4681/5689/4681
f 4728/5784/4728 4668/5663/4668 4481/5329/4481
f 4680/5688/4680 4629/5587/4629 4647/5614/4647
f 3365/3727/3365 2979/3785/2979 2317/2500/2317
f 4681/5689/4681 1942/2089/1942 4719/5758/4719
f 4729/5785/4729 2231/5068/2231 2230/5786/2230
f 215/216/215 214/215/214 4079/4668/4079
f 4643/5608/4643 3519/3926/3519 2744/2986/2744
f 1148/1221/1148 1258/1338/1258 1391/1482/1391
f 4635/5594/4635 2576/2786/2576 4173/4810/4173
f 1056/1127/1056 1412/1503/1412 3405/3779/3405
f 2200/3177/2200 2905/3176/2905 86/4795/86
f 4693/5714/4693 4723/5773/4723 4730/5787/4730
f 379/409/379 381/411/381 1437/1532/1437
f 3180/3509/3180 3374/3736/3374 2802/3055/2802
f 3747/4203/3747 2552/2760/2552 83/83/83
f 4678/5685/4678 4571/5479/4571 4679/5686/4679
f 3075/3392/3075 3584/4008/3584 480/517/480
f 1666/5788/1666 1665/5789/1665 4459/5290/4459
f 2681/4682/2681 4731/5790/4731 4732/5791/4732
f 4047/4619/4047 3628/4059/3628 4302/5050/4302
f 2267/2446/2267 4650/5621/4650 2595/2806/2595
f 1763/1891/1763 658/703/658 657/702/657
f 4733/5792/4733 4724/5776/4724 4694/5715/4694
f 4027/4586/4027 1343/1429/1343 3576/3999/3576
f 1910/4456/1910 3184/3513/3184 3183/3512/3183
f 4281/5015/4281 4674/5678/4674 587/630/587
f 4734/5793/4734 2301/2484/2301 4708/5739/4708
f 4052/5582/4052 2369/2556/2369 3616/4045/3616
f 2452/2651/2452 192/193/192 191/192/191
f 436/3325/436 3150/3475/3150 437/3316/437
f 2671/2897/2671 1595/1707/1595 2672/2898/2672
f 1548/1657/1548 2439/5344/2439 1549/1658/1549
f 3641/4075/3641 3026/3333/3026 1075/1146/1075
f 3402/4479/3402 3494/3893/3494 3958/4480/3958
f 1987/2137/1987 1892/2035/1892 1613/1728/1613
f 4080/4669/4080 2625/2843/2625 2134/2303/2134
f 1637/1755/1637 1636/1754/1636 4538/5794/4538
f 3628/4059/3628 4047/4619/4047 3629/4060/3629
f 4698/5724/4698 3940/4458/3940 3799/4270/3799
f 4735/5795/4735 4406/5213/4406 4617/5561/4617
f 4718/5757/4718 2092/2256/2092 2091/2255/2091
f 2787/3040/2787 4349/5122/4349 3568/3991/3568
f 4662/5649/4662 4704/5734/4704 4694/5715/4694
f 2176/2349/2176 2175/2348/2175 4646/5612/4646
f 3969/5054/3969 2502/5796/2502 3185/5797/3185
f 4357/5136/4357 3526/3933/3526 1342/1428/1342
f 4695/5717/4695 4724/5798/4724 2865/3128/2865
f 4666/5657/4666 4699/5725/4699 1944/2091/1944
f 2387/2851/2387 2504/2975/2504 2633/2852/2633
f 2096/2260/2096 4677/5684/4677 4726/5782/4726
f 955/1024/955 3961/4483/3961 4736/5799/4736
f 4597/5518/4597 4633/5800/4633 4687/5707/4687
f 4315/5069/4315 4720/5763/4720 4314/5067/4314
f 4248/4947/4248 4129/5695/4129 4059/4637/4059
f 3585/4009/3585 3075/3392/3075 4702/5729/4702
f 1113/1185/1113 1115/1187/1115 2124/2292/2124
f 3817/4291/3817 4212/4879/4212 622/665/622
f 3799/4270/3799 4727/5783/4727 4698/5724/4698
f 3478/3872/3478 2369/2556/2369 4052/5582/4052
f 1394/1485/1394 1422/1513/1422 1338/1421/1338
f 4720/5763/4720 4315/5069/4315 3750/4206/3750
f 1073/1144/1073 3397/3767/3397 1074/1145/1074
f 1603/1717/1603 2086/2250/2086 2085/2249/2085
f 2116/2284/2116 4672/5672/4672 2536/2742/2536
f 4173/4810/4173 3325/3680/3325 3324/3679/3324
f 3884/4383/3884 4737/5801/4737 4416/5231/4416
f 3011/3309/3011 4569/5472/4569 2663/2889/2663
f 2096/2260/2096 3844/4323/3844 4738/5802/4738
f 1894/2037/1894 4739/5803/4739 1501/1605/1501
f 483/520/483 4686/5804/4686 53/53/53
f 885/951/885 887/953/887 4740/5805/4740
f 598/641/598 4133/4750/4133 596/639/596
f 4110/4715/4110 1914/2061/1914 4133/4750/4133
f 4444/5267/4444 2361/2546/2361 2360/2545/2360
f 4741/5806/4741 4411/5221/4411 3453/3842/3453
f 4742/5807/4742 1723/1848/1723 1277/1357/1277
f 195/196/195 3260/3606/3260 160/160/160
f 1541/1650/1541 642/686/642 1580/1692/1580
f 3795/4265/3795 3498/3897/3498 3497/3896/3497
f 3999/4541/3999 278/286/278 4516/5385/4516
f 2212/2386/2212 4238/4927/4238 3897/4401/3897
f 1239/1314/1239 560/601/560 559/600/559
f 4743/5808/4743 1453/1549/1453 1215/1290/1215
f 4715/5754/4715 1165/1238/1165 4450/5276/4450
f 1037/5454/1037 2154/2327/2154 36/5809/36
f 3344/3701/3344 187/188/187 159/159/159
f 2086/2250/2086 679/724/679 3152/3477/3152
f 3626/4056/3626 3136/3458/3136 3138/3460/3138
f 3629/4060/3629 4217/4887/4217 4218/4889/4218
f 1544/1653/1544 4744/5810/4744 2415/5811/2415
f 1471/1568/1471 1772/1901/1772 4170/4807/4170
f 4280/5013/4280 3886/4388/3886 4643/5608/4643
f 657/702/657 1566/1676/1566 1763/1891/1763
f 3527/3934/3527 4745/5812/4745 4027/4586/4027
f 2046/2203/2046 127/127/127 2207/2381/2207
f 4734/5813/4734 3970/4494/3970 2301/5022/2301
f 318/335/318 2552/2760/2552 3746/4202/3746
f 1056/1127/1056 4240/4930/4240 1054/1125/1054
f 4237/5814/4237 4687/5707/4687 4746/5815/4746
f 4633/5592/4633 4747/5816/4747 4746/5817/4746
f 4748/5818/4748 4719/5819/4719 1942/5820/1942
f 2334/2518/2334 2336/2520/2336 4277/5010/4277
f 4669/5664/4669 4668/5663/4668 4728/5784/4728
f 186/187/186 4749/5821/4749 1281/1362/1281
f 1804/1936/1804 2441/2637/2441 1787/1918/1787
f 215/216/215 4677/5684/4677 4738/5802/4738
f 2540/5822/2540 1347/5823/1347 1238/1313/1238
f 2770/3020/2770 3114/3435/3114 3511/3917/3511
f 4667/5659/4667 3800/5575/3800 4622/5574/4622
f 3750/4206/3750 3749/4205/3749 2586/2796/2586
f 2722/2961/2722 2723/2962/2723 4518/5824/4518
f 3939/4457/3939 3800/4271/3800 3799/4270/3799
f 2572/2781/2572 4750/5825/4750 2653/2879/2653
f 1595/1707/1595 649/693/649 710/758/710
f 2090/2254/2090 2172/2345/2172 2792/3045/2792
f 716/764/716 331/349/331 714/762/714
f 1944/2091/1944 4699/5725/4699 3680/4121/3680
f 1911/5767/1911 4296/5043/4296 3987/4524/3987
f 3136/3458/3136 4669/5664/4669 4728/5784/4728
f 644/688/644 2089/2253/2089 2329/2512/2329
f 158/158/158 4653/5632/4653 159/159/159
f 3335/5826/3335 1757/5827/1757 2291/3986/2291
f 4168/4805/4168 4078/4667/4078 1133/1205/1133
f 2261/2440/2261 2241/2419/2241 2507/2711/2507
f 4751/5828/4751 3637/4071/3637 4752/5829/4752
f 692/737/692 3951/4472/3951 3119/3440/3119
f 3062/3379/3062 2153/2325/2153 2154/2327/2154
f 4391/5195/4391 1410/1501/1410 1216/1291/1216
f 4709/5741/4709 4531/5410/4531 4509/5378/4509
f 4753/5830/4753 49/49/49 4754/5831/4754
f 4243/4935/4243 3766/4226/3766 1331/1414/1331
f 4074/4662/4074 3251/3596/3251 3250/3595/3250
f 443/477/443 1243/1320/1243 444/478/444
f 2724/3166/2724 2695/3168/2695 2474/2675/2474
f 2230/2405/2230 3138/3460/3138 877/5832/877
f 4755/5833/4755 18/18/18 4693/5714/4693
f 1675/1793/1675 4689/5709/4689 4756/5834/4756
f 1556/1665/1556 950/1019/950 952/1021/952
f 2339/2524/2339 2436/2632/2436 2340/2525/2340
f 2563/2771/2563 2730/2969/2730 2445/2772/2445
f 4704/5734/4704 4757/5835/4757 4733/5792/4733
f 4669/5664/4669 3136/3458/3136 3626/4056/3626
f 4597/5518/4597 4745/5812/4745 2621/2839/2621
f 3790/4257/3790 4758/5836/4758 4759/5837/4759
f 4335/5097/4335 4289/5027/4289 1553/1662/1553
f 2572/2781/2572 2908/3180/2908 2535/2741/2535
f 2784/3037/2784 3347/3704/3347 3348/3706/3348
f 4475/5313/4475 2030/2187/2030 1867/2009/1867
f 3364/3726/3364 2169/2342/2169 2353/4211/2353
f 4102/4696/4102 2370/2557/2370 2369/2556/2369
f 4552/5440/4552 53/4786/53 4686/5838/4686
f 4170/4807/4170 3344/3701/3344 4653/5632/4653
f 4406/5213/4406 4652/5629/4652 2596/2807/2596
f 4096/4690/4096 3218/3552/3218 3984/5839/3984
f 2954/3242/2954 3176/3503/3176 1410/1501/1410
f 4760/5840/4760 16/16/16 18/18/18
f 2954/3242/2954 2955/3243/2955 3176/3503/3176
f 4540/5426/4540 4693/5714/4693 18/18/18
f 2584/2794/2584 1025/1095/1025 3590/4014/3590
f 2340/2525/2340 1994/2145/1994 1993/2144/1993
f 4693/5714/4693 4730/5787/4730 4755/5833/4755
f 4761/5841/4761 4730/5787/4730 4723/5773/4723
f 498/535/498 500/537/500 3526/3933/3526
f 3599/4023/3599 4045/4616/4045 4723/5773/4723
f 3935/4450/3935 198/199/198 445/479/445
f 1900/5842/1900 4442/5319/4442 3849/4328/3849
f 4704/5734/4704 1752/1880/1752 4757/5835/4757
f 1943/2090/1943 4666/5657/4666 1944/2091/1944
f 1159/1232/1159 799/4912/799 1013/5843/1013
f 67/67/67 66/66/66 3016/3314/3016
f 885/951/885 4184/4828/4184 2152/2321/2152
f 885/951/885 2152/2321/2152 2151/2320/2151
f 3081/3432/3081 3113/3434/3113 3082/5844/3082
f 274/282/274 366/396/366 2132/5607/2132
f 1387/1477/1387 1388/1479/1388 2589/5158/2589
f 1891/2034/1891 1893/2036/1893 2032/5845/2032
f 1026/1096/1026 1025/1095/1025 2604/2817/2604
f 2542/2749/2542 959/1028/959 3116/3437/3116
f 4512/5381/4512 3789/4256/3789 4155/4779/4155
f 61/5846/61 108/108/108 246/252/246
f 2324/2507/2324 255/261/255 632/676/632
f 56/5847/56 1753/5848/1753 806/5849/806
f 4258/4974/4258 4248/4947/4248 1150/1223/1150
f 4718/5757/4718 987/1056/987 4699/5725/4699
f 2534/2740/2534 4762/5850/4762 4763/5851/4763
f 4560/5461/4560 4764/5852/4764 4485/5334/4485
f 949/1017/949 1055/1126/1055 2117/2285/2117
f 4748/5818/4748 1946/2093/1946 4765/5853/4765
f 488/5854/488 308/324/308 486/4817/486
f 3483/3880/3483 1036/1106/1036 528/568/528
f 2576/2786/2576 4635/5594/4635 4765/5853/4765
f 3768/4228/3768 114/114/114 373/403/373
f 4714/5752/4714 4738/5802/4738 3121/3442/3121
f 2584/2794/2584 2274/2453/2274 1025/1095/1025
f 18/18/18 4755/5833/4755 4760/5840/4760
f 3584/4008/3584 3075/3392/3075 3585/4009/3585
f 940/1008/940 2407/4629/2407 2356/2541/2356
f 4766/5855/4766 4684/5856/4684 4767/5857/4767
f 63/63/63 65/65/65 4247/4943/4247
f 4768/5858/4768 4769/5859/4769 1889/2032/1889
f 4694/5715/4694 4704/5734/4704 4733/5792/4733
f 746/795/746 2972/3262/2972 1408/1499/1408
f 4286/5023/4286 3970/4494/3970 3185/4493/3185
f 350/377/350 352/379/352 1472/1569/1472
f 3727/4178/3727 656/701/656 658/703/658
f 2536/2742/2536 2535/2741/2535 2908/3180/2908
f 1343/1429/1343 4027/4586/4027 4651/5627/4651
f 2739/3324/2739 3150/3475/3150 436/3325/436
f 4429/5248/4429 4516/5385/4516 278/286/278
f 4237/4926/4237 4747/5816/4747 2151/2320/2151
f 4708/5739/4708 4749/5821/4749 4734/5793/4734
f 4740/5805/4740 4184/4828/4184 885/951/885
f 3692/4134/3692 3946/4466/3946 3693/4135/3693
f 3201/3535/3201 3204/3538/3204 3194/3527/3194
f 1056/1127/1056 948/1016/948 1412/1503/1412
f 1412/1503/1412 1216/1291/1216 1410/1501/1410
f 3079/3396/3079 3497/3896/3497 4426/5245/4426
f 380/410/380 4770/5860/4770 4771/5861/4771
f 4411/5221/4411 4741/5806/4741 1214/1289/1214
f 4568/5471/4568 2818/3072/2818 2817/3071/2817
f 1857/1996/1857 1097/1168/1097 2483/2684/2483
f 3910/4415/3910 1698/1821/1698 4154/4778/4154
f 2941/3226/2941 3004/3299/3004 2359/2544/2359
f 3889/4391/3889 635/679/635 634/678/634
f 1003/1072/1003 1337/1420/1337 1013/5843/1013
f 1625/1741/1625 3985/4522/3985 1626/1742/1626
f 4761/5841/4761 4723/5773/4723 4045/4616/4045
f 2532/2738/2532 2367/5655/2367 32/5346/32
f 987/1056/987 4718/5757/4718 2091/2255/2091
f 4757/5835/4757 4600/5862/4600 4733/5792/4733
f 4027/4586/4027 4745/5812/4745 4597/5518/4597
f 3776/4239/3776 4772/5863/4772 4188/4840/4188
f 4654/5633/4654 3615/4044/3615 4655/5634/4655
f 3758/4217/3758 2953/3240/2953 659/704/659
f 4182/4826/4182 4184/4828/4184 4325/5084/4325
f 3356/3716/3356 1679/1798/1679 3861/4346/3861
f 4184/4828/4184 4740/5805/4740 4325/5084/4325
f 4466/5301/4466 2866/3129/2866 813/871/813
f 2331/2515/2331 4773/5864/4773 2332/2516/2332
f 4774/5865/4774 4726/5782/4726 4168/4805/4168
f 4384/5185/4384 1297/1379/1297 4163/4799/4163
f 2599/2810/2599 2398/2590/2398 2397/2589/2397
f 4708/5739/4708 1281/1362/1281 4749/5821/4749
f 2231/5068/2231 4729/5785/4729 1402/1493/1402
f 1249/1328/1249 4547/5866/4547 4775/5867/4775
f 185/186/185 2701/2937/2701 1366/1453/1366
f 185/186/185 187/188/187 3344/3701/3344
f 317/334/317 2492/2694/2492 3400/3771/3400
f 3079/3396/3079 3080/3397/3080 3155/3480/3155
f 987/1056/987 989/1058/989 3680/4121/3680
f 2534/2740/2534 4763/5851/4763 2535/2741/2535
f 3886/4388/3886 4280/5013/4280 4279/5012/4279
f 3334/3689/3334 3333/3688/3333 3682/4124/3682
f 2660/5868/2660 4433/5869/4433 4434/5870/4434
f 587/630/587 1956/2105/1956 4725/5777/4725
f 3209/3543/3209 2962/3251/2962 3364/3726/3364
f 310/5871/310 284/293/284 292/2702/292
f 2096/2260/2096 4738/5802/4738 4677/5684/4677
f 4635/5594/4635 4719/5819/4719 4765/5853/4765
f 2643/2865/2643 3548/3957/3548 954/1023/954
f 393/423/393 442/476/442 906/973/906
f 4562/5464/4562 1296/1378/1296 4563/5465/4563
f 4571/5479/4571 4714/5752/4714 3121/3442/3121
f 52/52/52 51/51/51 1913/2060/1913
f 2823/3077/2823 1004/3079/1004 2295/4487/2295
f 158/158/158 160/160/160 3260/3606/3260
f 4328/5087/4328 2838/3097/2838 4290/5030/4290
f 1356/1442/1356 620/663/620 622/665/622
f 4032/4591/4032 951/1020/951 950/1019/950
f 3040/3348/3040 3368/3730/3368 3041/3349/3041
f 1939/2086/1939 1839/1977/1839 1862/2004/1862
f 656/701/656 3729/4180/3729 240/243/240
f 678/723/678 2474/5872/2474 2658/3093/2658
f 2698/2934/2698 4213/4882/4213 4316/5070/4316
f 879/945/879 881/947/881 4734/5813/4734
f 1680/1799/1680 3356/3716/3356 125/125/125
f 4164/4800/4164 355/384/355 957/1026/957
f 3728/4841/3728 4188/4840/4188 4363/5145/4363
f 2583/2793/2583 4776/5873/4776 1969/2118/1969
f 3935/4450/3935 3164/3490/3164 4740/5805/4740
f 3283/3631/3283 3394/3763/3394 1413/1504/1413
f 2260/2439/2260 4426/5245/4426 3496/3895/3496
f 4017/4572/4017 3446/4339/3446 2300/2483/2300
f 88/88/88 90/90/90 1629/5874/1629
f 2057/2214/2057 4552/5440/4552 2055/2212/2055
f 4467/5302/4467 4466/5301/4466 4622/5574/4622
f 2279/2459/2279 4006/4555/4006 2280/2460/2280
f 4478/5321/4478 3328/3683/3328 4143/4762/4143
f 632/676/632 2322/2505/2322 2324/2507/2324
f 1850/1989/1850 1852/1991/1852 1862/2004/1862
f 4701/5728/4701 3366/3728/3366 2126/2294/2126
f 2940/3225/2940 500/537/500 499/536/499
f 4777/5875/4777 2635/5876/2635 4778/5877/4778
f 4015/4570/4015 4014/4569/4014 2814/5878/2814
f 2449/2648/2449 2156/2329/2156 2155/2328/2155
f 4676/5681/4676 4077/4665/4077 3363/5879/3363
f 3527/3934/3527 3602/4026/3602 4745/5812/4745
f 3225/3560/3225 4779/5880/4779 3224/3559/3224
f 4733/5792/4733 4780/5881/4780 4724/5776/4724
f 2090/2254/2090 4781/5882/4781 2091/2255/2091
f 4782/5883/4782 4045/4616/4045 3031/3339/3031
f 4500/5357/4500 4757/5835/4757 1173/1246/1173
f 79/5884/79 3729/4180/3729 3728/4179/3728
f 3033/3341/3033 3032/3340/3032 4736/5799/4736
f 1685/4122/1685 1944/2091/1944 3680/4121/3680
f 2905/3176/2905 1629/5666/1629 84/4794/84
f 2865/3128/2865 4783/5885/4783 812/870/812
f 4784/5886/4784 4039/4603/4039 1221/1296/1221
f 812/870/812 813/871/813 2866/3129/2866
f 4632/5591/4632 4747/5816/4747 4633/5592/4633
f 4740/5805/4740 3164/3490/3164 4325/5084/4325
f 4078/4667/4078 4726/5782/4726 4079/4668/4079
f 4402/5209/4402 4785/5887/4785 2297/2480/2297
f 4749/5821/4749 879/5888/879 4734/5793/4734
f 2685/2915/2685 3467/3861/3467 4485/5334/4485
f 1787/1918/1787 1540/1649/1540 1788/1919/1788
f 2957/5889/2957 4769/5859/4769 4768/5858/4768
f 2691/2926/2691 2273/2452/2273 3387/3754/3387
f 2501/4525/2501 3987/4524/3987 2502/5890/2502
f 3919/4425/3919 4024/4582/4024 3579/4002/3579
f 4170/4807/4170 1772/1901/1772 1771/1900/1771
f 891/958/891 1009/1078/1009 1049/1120/1049
f 248/254/248 283/326/283 249/255/249
f 4601/5524/4601 2070/2228/2070 2069/2227/2069
f 1224/1299/1224 1223/1298/1223 4786/5891/4786
f 2792/3045/2792 4727/5783/4727 2791/3044/2791
f 2526/5235/2526 4787/5892/4787 4082/4671/4082
f 3749/4205/3749 2274/2453/2274 2584/2794/2584
f 1374/1462/1374 855/916/855 1938/5893/1938
f 2636/2856/2636 4187/4837/4187 968/2857/968
f 3602/4026/3602 3601/4025/3601 4745/5812/4745
f 4750/5825/4750 2572/2781/2572 2535/2741/2535
f 4774/5865/4774 4788/5894/4788 2096/2260/2096
f 3335/5826/3335 1726/1851/1726 1725/1850/1725
f 2511/2715/2511 2262/2441/2262 153/153/153
f 2379/2566/2379 4436/5259/4436 1512/1616/1512
f 948/1016/948 1056/1127/1056 1055/1126/1055
f 3986/4523/3986 2501/4525/2501 2912/5895/2912
f 3121/3442/3121 4738/5802/4738 3844/4323/3844
f 2568/2777/2568 2567/2776/2567 19/19/19
f 3907/4534/3907 447/5896/447 1765/5897/1765
f 4789/5898/4789 4790/5899/4790 2835/3094/2835
f 3986/4523/3986 538/578/538 3987/4524/3987
f 2272/2451/2272 2274/2453/2274 3749/4205/3749
f 3122/3443/3122 3586/5900/3586 3585/5478/3585
f 4379/5175/4379 1801/1932/1801 3043/3351/3043
f 2288/2468/2288 2287/2467/2287 890/956/890
f 538/578/538 3986/4523/3986 370/400/370
f 2292/2474/2292 130/130/130 2156/2329/2156
f 3249/3594/3249 3251/3596/3251 3141/3463/3141
f 2955/3243/2955 499/536/499 3176/3503/3176
f 4472/5307/4472 430/460/430 3318/3673/3318
f 1161/5901/1161 4791/5902/4791 1162/5903/1162
f 3970/4494/3970 4734/5813/4734 881/947/881
f 3136/3458/3136 4712/5904/4712 3137/3459/3137
f 4728/5784/4728 3836/5905/3836 3136/3458/3136
f 3162/3488/3162 4772/5863/4772 3163/3489/3163
f 4792/5906/4792 4322/5080/4322 4321/5079/4321
f 3986/4523/3986 2912/5895/2912 2911/5751/2911
f 4793/5907/4793 1429/5908/1429 146/146/146
f 2602/5909/2602 743/5910/743 162/5911/162
f 4256/5912/4256 2195/5589/2195 1374/1462/1374
f 4436/5259/4436 2379/2566/2379 4794/5913/4794
f 233/234/233 3653/4088/3653 416/446/416
f 636/680/636 635/679/635 3062/3379/3062
f 4244/4936/4244 4243/4935/4243 1333/1416/1333
f 1210/1285/1210 2546/2753/2546 2548/2755/2548
f 2701/2937/2701 3344/3701/3344 2699/2935/2699
f 4772/5863/4772 3776/4239/3776 3778/4241/3778
f 634/678/634 636/680/636 4760/5840/4760
f 3538/3947/3538 1874/2016/1874 1873/2015/1873
f 4249/5914/4249 4685/5703/4685 3652/5404/3652
f 1874/2016/1874 4095/4688/4095 1872/2014/1872
f 4795/5915/4795 4796/5916/4796 4730/5787/4730
f 4506/5375/4506 1406/1497/1406 1330/1413/1330
f 4755/5833/4755 4730/5787/4730 4796/5916/4796
f 217/218/217 4052/4627/4052 4077/4665/4077
f 1566/1676/1566 43/43/43 42/42/42
f 2703/2939/2703 2115/2283/2115 13/13/13
f 4795/5915/4795 4730/5787/4730 4761/5841/4761
f 3527/3934/3527 2358/2543/2358 3602/4026/3602
f 4779/5880/4779 4761/5841/4761 4782/5883/4782
f 638/682/638 813/871/813 639/683/639
f 4781/5882/4781 988/1057/988 2091/2255/2091
f 2450/2649/2450 643/687/643 630/674/630
f 4724/5798/4724 4783/5885/4783 2865/3128/2865
f 471/508/471 4421/5240/4421 362/392/362
f 4797/5917/4797 2575/2785/2575 1945/2092/1945
f 2500/2703/2500 2912/3189/2912 2501/2704/2501
f 1945/2092/1945 2576/2786/2576 4765/5853/4765
f 1157/1230/1157 2961/3250/2961 1156/1229/1156
f 3542/3951/3542 3259/3605/3259 1332/1415/1332
f 2575/2785/2575 4798/5918/4798 4774/5865/4774
f 4729/5785/4729 876/5919/876 1401/1492/1401
f 4774/5865/4774 2096/2260/2096 4726/5782/4726
f 2096/2260/2096 2098/2262/2098 3844/4323/3844
f 4496/5353/4496 2843/5352/2843 4667/5659/4667
f 3611/4235/3611 323/5300/323 4465/5299/4465
f 3344/3701/3344 4170/4807/4170 2699/2935/2699
f 1365/1452/1365 186/187/186 185/186/185
f 3751/4207/3751 2272/2451/2272 3749/4205/3749
f 1772/1901/1772 4680/5688/4680 4764/5920/4764
f 3584/4008/3584 4799/5921/4799 2072/2230/2072
f 425/5922/425 2791/3044/2791 4727/5783/4727
f 2805/3058/2805 3638/4072/3638 2806/3059/2806
f 4798/5918/4798 2575/2785/2575 4797/5917/4797
f 1780/1910/1780 1288/1370/1288 1300/1382/1300
f 3321/3676/3321 1139/1211/1139 829/889/829
f 2944/3230/2944 3141/3463/3141 3211/3545/3211
f 916/984/916 2179/2352/2179 3775/4238/3775
f 3984/4520/3984 3223/3558/3223 4800/5923/4800
f 3121/3442/3121 3122/3443/3122 4571/5479/4571
f 4801/5924/4801 2055/2212/2055 1872/2014/1872
f 16/16/16 4760/5840/4760 636/680/636
f 4112/4717/4112 2837/3096/2837 2836/3095/2836
f 44/44/44 4217/4887/4217 42/42/42
f 1193/1268/1193 642/686/642 1541/1650/1541
f 4724/5798/4724 4780/5925/4780 4783/5885/4783
f 4733/5792/4733 4600/5862/4600 4780/5881/4780
f 3493/3892/3493 3732/4185/3732 4802/5926/4802
f 2627/2845/2627 903/970/903 3423/3804/3423
f 3836/5905/3836 4728/5784/4728 3051/5927/3051
f 1308/1390/1308 1459/1555/1459 4315/5069/4315
f 4747/5816/4747 4632/5591/4632 2151/2320/2151
f 1055/1126/1055 949/1017/949 948/1016/948
f 4682/5690/4682 4803/5928/4803 4804/5929/4804
f 948/1016/948 947/1015/947 1214/1289/1214
f 4722/5772/4722 1874/2016/1874 3538/3947/3538
f 148/148/148 2714/5220/2714 2315/2498/2315
f 879/5888/879 4749/5821/4749 4805/5930/4805
f 3283/3631/3283 1415/1506/1415 3240/3580/3240
f 892/959/892 759/812/759 758/811/758
f 2296/2479/2296 1004/1073/1004 2203/2377/2203
f 51/4785/51 2057/2214/2057 2056/2213/2056
f 914/982/914 1138/1210/1138 898/965/898
f 4180/4822/4180 2849/3110/2849 2657/3109/2657
f 4806/5931/4806 373/1598/373 1496/1600/1496
f 3178/3507/3178 4180/4822/4180 164/165/164
f 4755/5833/4755 4796/5916/4796 4760/5840/4760
f 727/5932/727 1347/5933/1347 2540/5934/2540
f 3340/3696/3340 3826/4302/3826 1070/1141/1070
f 3945/4465/3945 557/598/557 556/597/556
f 3729/4180/3729 241/244/241 240/243/240
f 3832/4308/3832 3539/3948/3539 3812/4286/3812
f 4581/5495/4581 2887/3153/2887 2889/3155/2889
f 4745/5812/4745 3601/4025/3601 2621/2839/2621
f 4633/5800/4633 4597/5518/4597 2967/3256/2967
f 3684/4126/3684 419/449/419 4721/5770/4721
f 2965/3254/2965 4807/5935/4807 4283/5018/4283
f 3776/4239/3776 4188/4840/4188 4189/4842/4189
f 3175/3502/3175 2729/2968/2729 2620/2838/2620
f 880/946/880 879/945/879 4460/5936/4460
f 3438/3822/3438 2447/5436/2447 4548/5435/4548
f 4371/5160/4371 1678/1797/1678 1677/1796/1677
f 2274/2453/2274 2273/2452/2273 2604/2817/2604
f 3575/3998/3575 1871/2013/1871 1870/2012/1870
f 4764/5920/4764 1773/1902/1773 1772/1901/1772
f 2025/2182/2025 1177/1252/1177 3413/3790/3413
f 2234/2409/2234 4407/5215/4407 952/1021/952
f 3934/4449/3934 887/953/887 886/952/886
f 1050/1121/1050 3046/3359/3046 254/3358/254
f 3541/3950/3541 1482/1580/1482 2226/2401/2226
f 4373/5164/4373 4441/5264/4441 2361/2546/2361
f 3750/4206/3750 1459/1555/1459 1907/2052/1907
f 2010/2162/2010 2009/2161/2009 3828/4304/3828
f 2544/2751/2544 1495/1597/1495 959/1028/959
f 1307/1389/1307 1459/1555/1459 1308/1390/1308
f 4777/5875/4777 4778/5877/4778 4128/4745/4128
f 3583/4007/3583 80/80/80 4363/5145/4363
f 4808/5937/4808 4113/4718/4113 4611/5546/4611
f 2743/5779/2743 2830/5781/2830 2829/5938/2829
f 4266/4986/4266 4809/5939/4809 4265/4985/4265
f 4810/5940/4810 4763/5851/4763 3794/5941/3794
f 2816/3070/2816 2818/3072/2818 3733/4186/3733
f 4343/5110/4343 2249/5283/2249 4492/5345/4492
f 4241/4931/4241 1262/1342/1262 279/287/279
f 2456/2656/2456 4023/5942/4023 2457/2657/2457
f 1008/1077/1008 899/966/899 1049/1120/1049
f 4081/4670/4081 2906/3178/2906 4230/4910/4230
f 3724/4173/3724 2322/2505/2322 3123/3444/3123
f 3361/3722/3361 4811/5943/4811 4812/5944/4812
f 3704/4147/3704 1642/1760/1642 3703/4146/3703
f 4767/5857/4767 1112/5945/1112 89/5946/89
f 3461/3851/3461 3476/3870/3476 3384/3746/3384
f 1872/2014/1872 4095/4688/4095 4801/5924/4801
f 3006/3301/3006 2029/2186/2029 2429/2625/2429
f 1401/4108/1401 1309/3879/1309 1308/5947/1308
f 615/658/615 3122/3443/3122 613/656/613
f 4149/4772/4149 4151/4774/4151 4309/5948/4309
f 818/877/818 4799/5921/4799 3586/4010/3586
f 2715/2953/2715 2619/2836/2619 803/861/803
f 3373/3735/3373 3740/4194/3740 1777/1906/1777
f 3004/3299/3004 3602/4026/3602 2358/2543/2358
f 1874/2016/1874 4722/5772/4722 4735/5795/4735
f 3138/3460/3138 3137/3459/3137 877/5832/877
f 2320/2503/2320 3068/3385/3068 4250/4954/4250
f 765/5949/765 2437/2633/2437 2515/2719/2515
f 3831/4307/3831 4813/5950/4813 3859/4344/3859
f 4810/5940/4810 4750/5825/4750 4763/5851/4763
f 536/5951/536 535/5952/535 4814/5953/4814
f 4350/5123/4350 3169/3495/3169 3168/3494/3168
f 4325/5084/4325 3164/3490/3164 3163/3489/3163
f 1960/2109/1960 2560/2768/2560 3930/4439/3930
f 3732/4185/3732 1719/3891/1719 1718/1862/1718
f 4436/5259/4436 4794/5913/4794 3961/4483/3961
f 1241/1316/1241 1786/1917/1786 9/9/9
f 370/400/370 3109/3429/3109 3671/4111/3671
f 2898/3169/2898 2900/3171/2900 3912/4417/3912
f 2280/2460/2280 2131/2299/2131 2281/2461/2281
f 4815/5954/4815 4801/5924/4801 4095/4688/4095
f 3407/3783/3407 1444/1713/1444 414/444/414
f 4816/5955/4816 3017/3318/3017 3406/3782/3406
f 1435/1530/1435 1434/1529/1434 3906/4411/3906
f 2787/3040/2787 4132/4749/4132 2788/3041/2788
f 4589/5507/4589 981/1050/981 2493/2695/2493
f 43/43/43 1566/1676/1566 242/245/242
f 689/734/689 672/717/672 722/770/722
f 4761/5841/4761 4779/5880/4779 4795/5915/4795
f 4398/5204/4398 4817/5956/4817 2857/5202/2857
f 4818/5957/4818 4819/5958/4819 2392/2584/2392
f 3224/3559/3224 4782/5883/4782 3033/3341/3033
f 4056/5959/4056 4820/5960/4820 4821/5961/4821
f 2272/2451/2272 3387/3754/3387 2273/2452/2273
f 2753/3002/2753 2352/2733/2352 2351/3653/2351
f 323/5962/323 4431/5963/4431 2686/5964/2686
f 1740/1867/1740 1829/5965/1829 1741/1868/1741
f 4274/5003/4274 4117/4727/4117 4384/5185/4384
f 3695/4137/3695 4788/5894/4788 4798/5918/4798
f 2423/2617/2423 3867/4358/3867 3975/4641/3975
f 4774/5865/4774 4798/5918/4798 4788/5894/4788
f 4822/5966/4822 4803/5928/4803 4823/5967/4823
f 358/5459/358 875/941/875 629/813/629
f 1642/1760/1642 3704/4147/3704 1598/1710/1598
f 316/333/316 315/332/315 2593/4559/2593
f 3467/3861/3467 584/627/584 4485/5334/4485
f 4824/5968/4824 3462/3853/3462 2786/3852/2786
f 2445/2641/2445 2798/4886/2798 151/151/151
f 2468/2668/2468 4060/4638/4060 4440/5263/4440
f 370/400/370 3671/4111/3671 371/401/371
f 1068/4605/1068 2826/5969/2826 2680/2910/2680
f 4711/5744/4711 4282/5970/4282 3013/5745/3013
f 4615/5971/4615 4040/4608/4040 2498/4607/2498
f 3053/3367/3053 501/538/501 3054/3368/3054
f 1459/1555/1459 1458/1554/1458 1907/2052/1907
f 1292/1374/1292 1294/1376/1294 3687/4991/3687
f 1906/2051/1906 3751/4207/3751 1907/2052/1907
f 1946/2093/1946 4748/5818/4748 2357/2542/2357
f 3998/4540/3998 1683/5972/1683 1685/4122/1685
f 3136/3458/3136 3836/5905/3836 4712/5904/4712
f 4825/5973/4825 4826/5974/4826 3019/3321/3019
f 4742/5807/4742 1277/1357/1277 2379/2566/2379
f 2360/2545/2360 2412/2605/2412 4351/5124/4351
f 4419/5975/4419 4072/4659/4072 4071/4658/4071
f 2153/2325/2153 4481/5521/4481 34/2326/34
f 1474/1571/1474 618/661/618 617/660/617
f 3671/4111/3671 3109/3429/3109 3334/3689/3334
f 3586/5900/3586 3122/3443/3122 615/658/615
f 2963/3252/2963 2962/3251/2962 2158/2331/2158
f 2943/3228/2943 2104/2269/2104 2721/5976/2721
f 4307/5059/4307 3518/3925/3518 4268/4993/4268
f 1144/1216/1144 4185/5977/4185 1145/1217/1145
f 2835/3094/2835 4827/5978/4827 2836/3095/2836
f 876/942/876 4729/5979/4729 877/943/877
f 1961/2110/1961 4089/4791/4089 1709/3773/1709
f 1149/1222/1149 1151/1224/1151 4427/5246/4427
f 4462/5293/4462 3605/4032/3605 4381/5177/4381
f 3794/4264/3794 4762/5980/4762 3795/4265/3795
f 4780/5925/4780 1176/1251/1176 4783/5885/4783
f 3498/3897/3498 3795/4265/3795 4762/5980/4762
f 1491/1591/1491 3014/3312/3014 1492/1592/1492
f 3349/3707/3349 3365/3727/3365 3315/3670/3315
f 4188/4840/4188 4772/5863/4772 3583/4007/3583
f 4632/5591/4632 886/952/886 885/951/885
f 3162/3488/3162 3164/3490/3164 445/479/445
f 19/19/19 2853/3115/2853 20/20/20
f 3936/4452/3936 316/2803/316 2594/2805/2594
f 4430/5252/4430 603/646/603 4470/5305/4470
f 123/123/123 122/122/122 2198/2372/2198
f 1279/1359/1279 2380/2567/2380 1277/1357/1277
f 468/504/468 309/325/309 469/505/469
f 1399/1490/1399 1059/1130/1059 1058/1129/1058
f 2072/2230/2072 480/517/480 3584/4008/3584
f 2660/5624/2660 3906/4411/3906 1434/1529/1434
f 1135/1207/1135 3891/4393/3891 1377/1465/1377
f 2514/2718/2514 3645/4079/3645 3726/4175/3726
f 3089/5318/3089 2699/2935/2699 1771/1900/1771
f 4541/5427/4541 494/531/494 493/530/493
f 876/942/876 2206/2380/2206 3483/3880/3483
f 4430/5252/4430 767/821/767 631/675/631
f 3968/4491/3968 2272/2451/2272 3751/4207/3751
f 1451/1547/1451 2955/3243/2955 1452/1548/1452
f 4795/5915/4795 4828/5981/4828 4796/5916/4796
f 842/902/842 3362/3723/3362 4812/5944/4812
f 4828/5981/4828 4795/5915/4795 4779/5880/4779
f 3004/3299/3004 3600/4024/3600 3602/4026/3602
f 4782/5883/4782 3224/3559/3224 4779/5880/4779
f 78/5982/78 3729/4180/3729 79/5884/79
f 2323/2506/2323 252/258/252 2324/2507/2324
f 1176/1251/1176 4780/5925/4780 3945/4465/3945
f 4783/5885/4783 1176/1251/1176 418/448/418
f 3143/3465/3143 2928/3210/2928 2642/2864/2642
f 565/606/565 3434/3818/3434 1312/1394/1312
f 1765/1894/1765 4829/5983/4829 1766/1895/1766
f 3925/4431/3925 4826/5974/4826 3923/4429/3923
f 4560/5461/4560 4485/5334/4485 584/627/584
f 2812/3066/2812 4014/5984/4014 4830/5985/4830
f 4676/5681/4676 4121/5986/4121 3932/4444/3932
f 1234/1309/1234 3993/5987/3993 1232/1307/1232
f 931/999/931 3330/3685/3330 932/1000/932
f 686/731/686 3376/3738/3376 687/732/687
f 1250/1329/1250 1249/1328/1249 4697/5720/4697
f 2579/2789/2579 1241/1316/1241 3532/3940/3532
f 2254/2432/2254 3824/4511/3824 4275/5004/4275
f 3844/4323/3844 2098/2262/2098 3088/3405/3088
f 2398/2590/2398 2599/2810/2599 4773/5864/4773
f 1232/1307/1232 1309/3879/1309 528/568/528
f 3992/4530/3992 3465/3857/3465 1507/1611/1507
f 3089/5318/3089 1773/1902/1773 4831/5988/4831
f 1931/2078/1931 4832/5989/4832 126/126/126
f 3397/3767/3397 3179/3508/3179 3319/3674/3319
f 3137/5746/3137 4713/5750/4713 878/944/878
f 46/46/46 2500/2703/2500 47/47/47
f 874/940/874 963/1032/963 758/811/758
f 1684/1803/1684 4311/5063/4311 2357/2542/2357
f 737/4820/737 506/543/506 4142/4761/4142
f 4551/5439/4551 4833/5990/4833 4365/5151/4365
f 4817/5956/4817 4834/5991/4834 3864/4355/3864
f 585/628/585 587/630/587 4725/5777/4725
f 403/433/403 578/619/578 4324/5083/4324
f 981/1050/981 4589/5507/4589 982/1051/982
f 1662/1780/1662 1664/1782/1664 1468/1565/1468
f 3234/3570/3234 1451/1547/1451 2966/3255/2966
f 4743/5808/4743 1215/1290/1215 1214/1289/1214
f 3538/3947/3538 1873/2015/1873 1825/1962/1825
f 4835/5992/4835 509/546/509 4836/5993/4836
f 1196/1271/1196 2336/2520/2336 2335/2519/2335
f 4749/5821/4749 186/187/186 1365/1452/1365
f 3911/4416/3911 4090/4681/4090 3740/4194/3740
f 42/42/42 4217/4887/4217 3629/4060/3629
f 64/64/64 63/63/63 4354/5994/4354
f 3024/3331/3024 2916/3193/2916 2061/2218/2061
f 4712/5749/4712 4837/5995/4837 4713/5750/4713
f 525/565/525 818/5996/818 1072/5997/1072
f 1413/1504/1413 3451/3840/3451 2016/2173/2016
f 2471/2672/2471 1507/1611/1507 1506/1610/1506
f 2653/2879/2653 4750/5825/4750 4020/4577/4020
f 2231/5068/2231 1402/1493/1402 4315/5069/4315
f 3164/3490/3164 3935/4450/3935 445/479/445
f 4600/5523/4600 3945/4465/3945 4780/5925/4780
f 4484/5332/4484 1505/1609/1505 4145/5998/4145
f 757/1326/757 922/990/922 894/961/894
f 1935/2082/1935 2832/3090/2832 1503/1607/1503
f 4794/5913/4794 2380/2567/2380 3735/4189/3735
f 2379/2566/2379 2380/2567/2380 4794/5913/4794
f 870/934/870 869/933/869 307/323/307
f 51/4785/51 2056/2213/2056 1626/1742/1626
f 4505/5999/4505 421/451/421 4838/6000/4838
f 1627/1743/1627 2056/2213/2056 4801/5924/4801
f 1125/1197/1125 1299/1381/1299 1301/1383/1301
f 1161/1234/1161 183/184/183 182/183/182
f 2610/2826/2610 2395/6001/2395 4009/4561/4009
f 4169/4806/4169 3401/3772/3401 1339/1425/1339
f 2275/5552/2275 1322/1405/1322 2276/5504/2276
f 116/116/116 205/206/205 117/117/117
f 4390/5194/4390 3751/4207/3751 1906/2051/1906
f 43/43/43 3819/4294/3819 44/44/44
f 2823/3077/2823 2199/2373/2199 2198/2372/2198
f 4095/4688/4095 4735/5795/4735 4093/4686/4093
f 340/361/340 342/363/342 612/655/612
f 2774/3025/2774 453/487/453 4232/6002/4232
f 4577/5491/4577 241/244/241 4839/6003/4839
f 3851/4330/3851 2036/2193/2036 2884/3150/2884
f 1690/1812/1690 2785/6004/2785 2451/2650/2451
f 1669/1787/1669 2030/2187/2030 2029/2186/2029
f 2208/2382/2208 3771/4232/3771 4075/4663/4075
f 3404/3777/3404 4160/4789/4160 3930/4439/3930
f 4124/4739/4124 2558/2766/2558 4083/4672/4083
f 4798/5918/4798 4840/6005/4840 3695/4137/3695
f 4819/5958/4819 3801/4272/3801 4841/6006/4841
f 2155/2328/2155 911/978/911 2080/2242/2080
f 591/634/591 593/636/593 2279/2459/2279
f 1519/1623/1519 3143/3465/3143 2920/3200/2920
f 2943/3228/2943 4657/5640/4657 2104/2269/2104
f 2983/3274/2983 838/898/838 427/457/427
f 306/322/306 3443/3829/3443 2087/3583/2087
f 1665/1783/1665 3872/4363/3872 880/946/880
f 3131/3452/3131 1310/1392/1310 3340/3696/3340
f 3276/6007/3276 3993/4531/3993 1234/6008/1234
f 4528/5407/4528 4336/5098/4336 3607/4034/3607
f 3645/4079/3645 2514/2718/2514 3025/3332/3025
f 1604/6009/1604 25/25/25 27/27/27
f 2356/2541/2356 376/406/376 940/1008/940
f 3938/4455/3938 3841/4320/3841 3843/4322/3843
f 2331/2515/2331 607/650/607 4773/5864/4773
f 1701/6010/1701 3247/6011/3247 1926/6012/1926
f 4550/5438/4550 2795/3048/2795 2961/3250/2961
f 2819/3073/2819 2909/3183/2909 3001/3296/3001
f 3993/4531/3993 3276/6007/3276 1458/1554/1458
f 109/109/109 111/111/111 4040/6013/4040
f 113/113/113 1034/1104/1034 388/418/388
f 4587/5502/4587 4100/4694/4100 4099/4693/4099
f 818/877/818 3586/4010/3586 615/875/615
f 2482/2683/2482 2114/2282/2114 4739/5803/4739
f 442/476/442 1053/1124/1053 443/477/443
f 3584/4008/3584 3586/4010/3586 4799/5921/4799
f 2891/4880/2891 2677/4839/2677 4159/4838/4159
f 876/942/876 878/944/878 2206/2380/2206
f 3730/4183/3730 3756/4215/3756 3507/3910/3507
f 2245/2423/2245 4842/6014/4842 3474/3868/3474
f 4590/5508/4590 3429/3810/3429 2622/2840/2622
f 4060/4638/4060 1024/1094/1024 3080/3397/3080
f 583/626/583 4831/6015/4831 4560/5461/4560
f 4843/6016/4843 1122/1194/1122 424/454/424
f 2950/3237/2950 2897/3165/2897 2896/3164/2896
f 1023/1093/1023 4844/6017/4844 3794/4264/3794
f 425/5922/425 1121/6018/1121 2791/3044/2791
f 2754/3003/2754 4840/6005/4840 1947/2094/1947
f 2118/2286/2118 988/1057/988 4781/5882/4781
f 4810/5940/4810 4845/6019/4845 4020/4577/4020
f 1207/1282/1207 449/483/449 269/275/269
f 3440/3825/3440 1688/1807/1688 37/37/37
f 2148/2317/2148 4074/4662/4074 3207/3541/3207
f 2950/3237/2950 4842/6014/4842 2245/2423/2245
f 4712/5749/4712 3836/6020/3836 1636/1754/1636
f 3474/3868/3474 1234/1309/1234 1233/1308/1233
f 2226/2401/2226 3411/3788/3411 3541/3950/3541
f 3404/3777/3404 3874/4366/3874 4160/4789/4160
f 1164/1237/1164 4691/6021/4691 2462/2662/2462
f 2197/2371/2197 1787/1918/1787 2441/2637/2441
f 217/218/217 4676/5681/4676 218/219/218
f 1015/1084/1015 3336/3691/3336 1456/1552/1456
f 2982/3273/2982 359/4585/359 361/4537/361
f 3126/3447/3126 3076/3393/3076 3023/3330/3023
f 1439/1534/1439 2824/3080/2824 1440/1535/1440
f 4846/6022/4846 3743/5653/3743 1983/2132/1983
f 1505/1609/1505 1507/1611/1507 3465/3857/3465
f 1420/1511/1420 4589/5507/4589 1418/1509/1418
f 1601/1715/1601 1450/1546/1450 128/128/128
f 4591/6023/4591 1/1/1 3/3/3
f 4382/5178/4382 1935/2082/1935 1502/1606/1502
f 3077/3394/3077 3076/3393/3076 3193/3526/3193
f 470/1018/470 469/4314/469 2216/2390/2216
f 1880/2022/1880 2882/3148/2882 1878/2020/1878
f 1807/1940/1807 1885/2028/1885 1422/1513/1422
f 2048/2205/2048 889/955/889 2047/2204/2047
f 29/3650/29 588/631/588 3300/3651/3300
f 2469/2669/2469 60/60/60 2470/2670/2470
f 4799/5921/4799 4440/5263/4440 2072/2230/2072
f 2465/2665/2465 2335/6024/2335 3197/6025/3197
f 4847/6026/4847 4252/4956/4252 4796/5916/4796
f 3222/3557/3222 3320/3675/3320 3267/3613/3267
f 2789/3042/2789 4096/4690/4096 4349/5122/4349
f 4848/6027/4848 4849/6028/4849 4828/5981/4828
f 2912/3189/2912 2500/2703/2500 46/46/46
f 4094/4687/4094 1490/1590/1490 4665/5656/4665
f 1172/1245/1172 3568/3991/3568 1173/1246/1173
f 3181/3510/3181 1492/1592/1492 3014/3312/3014
f 1022/2979/1022 2738/2978/2738 4844/6029/4844
f 1099/1170/1099 4842/6014/4842 4754/5831/4754
f 1985/2135/1985 1599/1711/1599 1882/2024/1882
f 3240/3580/3240 2181/2354/2181 3283/3631/3283
f 2824/3080/2824 2069/2227/2069 2068/2226/2068
f 947/1015/947 2571/2780/2571 4411/5221/4411
f 4036/4599/4036 4063/4643/4063 4050/4625/4050
f 4654/5633/4654 1681/1800/1681 1680/1799/1680
f 4850/6030/4850 2795/3048/2795 2796/3049/2796
f 3367/3729/3367 3368/3730/3368 3804/4276/3804
f 4754/5831/4754 4842/6014/4842 2896/3164/2896
f 1148/1221/1148 1259/1339/1259 1258/1338/1258
f 3585/5478/3585 4702/6031/4702 4571/5479/4571
f 1233/1308/1233 527/567/527 2245/2423/2245
f 634/678/634 4760/5840/4760 4252/4956/4252
f 4851/6032/4851 1141/1213/1141 1769/2323/1769
f 3474/3868/3474 1098/1169/1098 1234/1309/1234
f 4796/5916/4796 4252/4956/4252 4760/5840/4760
f 4661/5648/4661 3880/6033/3880 396/6034/396
f 2113/2281/2113 2114/2282/2114 823/883/823
f 4402/5209/4402 2481/2682/2481 4852/6035/4852
f 22/22/22 24/24/24 1235/1310/1235
f 2982/3273/2982 4212/4879/4212 2980/3271/2980
f 4832/5989/4832 3505/3907/3505 126/126/126
f 373/1598/373 3552/3965/3552 1237/1599/1237
f 3592/4016/3592 2923/3203/2923 1379/1467/1379
f 3003/3298/3003 3600/4024/3600 3004/3299/3004
f 3280/3626/3280 3490/5310/3490 3279/3625/3279
f 4779/5880/4779 4848/6027/4848 4828/5981/4828
f 4497/6036/4497 4853/6037/4853 4843/6016/4843
f 4428/5247/4428 4475/5313/4475 4488/5337/4488
f 4779/5880/4779 3225/3560/3225 4848/6027/4848
f 4769/6038/4769 2957/5567/2957 3963/4485/3963
f 900/967/900 1478/1576/1478 1573/1684/1573
f 3474/3868/3474 4842/6014/4842 1099/1170/1099
f 3968/4491/3968 3714/4161/3714 3589/4013/3589
f 4409/5218/4409 4459/5290/4459 2728/2967/2728
f 4204/5721/4204 4697/5720/4697 1828/6039/1828
f 2539/2745/2539 2347/2532/2347 2388/2577/2388
f 2242/2420/2242 2949/3236/2949 2950/3237/2950
f 2289/3457/2289 32/5346/32 31/6040/31
f 2573/2782/2573 2309/2492/2309 1530/2594/1530
f 1894/2037/1894 2897/3165/2897 4739/5803/4739
f 413/443/413 3891/4393/3891 4341/5105/4341
f 3124/4248/3124 1039/1109/1039 1254/1334/1254
f 4634/6041/4634 2967/3256/2967 2968/3257/2968
f 989/1058/989 988/1057/988 2119/2287/2119
f 4414/5228/4414 4754/5831/4754 1500/1604/1500
f 921/989/921 1082/1153/1082 1295/1377/1295
f 4788/5894/4788 3612/4040/3612 2097/2261/2097
f 3644/4078/3644 2789/3042/2789 2788/3041/2788
f 4801/5924/4801 3957/4478/3957 1627/1743/1627
f 3575/3998/3575 190/191/190 192/193/192
f 3264/4708/3264 3263/6042/3263 4536/5421/4536
f 3433/3816/3433 4497/5354/4497 4496/5353/4496
f 2840/3099/2840 4206/4868/4206 4274/5003/4274
f 1017/1086/1017 3246/6043/3246 1794/1925/1794
f 4282/5016/4282 4807/6044/4807 4852/6035/4852
f 1099/1170/1099 4754/5831/4754 49/49/49
f 1765/1894/1765 1767/1896/1767 3907/4412/3907
f 3591/4015/3591 4713/5750/4713 4340/5104/4340
f 4402/5209/4402 823/883/823 2114/2282/2114
f 3067/3384/3067 2478/2679/2478 3005/3300/3005
f 3294/3642/3294 2522/2726/2522 2665/2891/2665
f 3276/3622/3276 1098/1169/1098 48/48/48
f 2894/3162/2894 4127/4744/4127 4854/6045/4854
f 4167/4804/4167 1093/1164/1093 791/848/791
f 2984/3276/2984 4855/6046/4855 1102/6047/1102
f 1601/1715/1601 1203/1278/1203 1450/1546/1450
f 3727/4178/3727 658/703/658 3536/3945/3536
f 3154/3479/3154 4390/5194/4390 1906/2051/1906
f 4591/6023/4591 3/3/3 2660/2886/2660
f 4549/5437/4549 3833/4309/3833 3182/3511/3182
f 3474/3868/3474 1099/1170/1099 1098/1169/1098
f 2012/2168/2012 2197/2371/2197 2018/2175/2018
f 4532/6048/4532 2119/4648/2119 4065/4650/4065
f 4840/6005/4840 2754/3003/2754 3695/4137/3695
f 819/879/819 2466/3530/2466 3564/3982/3564
f 2860/3122/2860 2059/2216/2059 2854/3116/2854
f 3154/3479/3154 1458/1554/1458 3276/6007/3276
f 2380/2567/2380 4353/5131/4353 2825/3081/2825
f 141/141/141 2243/2421/2243 2215/2389/2215
f 2096/2260/2096 4788/5894/4788 2097/2261/2097
f 4395/5200/4395 597/640/597 1464/1560/1464
f 1760/1888/1760 1357/1443/1357 4856/6049/4856
f 4233/4918/4233 3745/4201/3745 1005/3078/1005
f 4818/5957/4818 3128/3449/3128 4819/5958/4819
f 2062/2219/2062 2490/2692/2490 731/779/731
f 1137/1209/1137 4410/5219/4410 1135/1207/1135
f 3903/4407/3903 3951/4472/3951 692/737/692
f 4857/6050/4857 4858/6051/4858 4859/6052/4859
f 2295/2478/2295 2297/2480/2297 4785/5887/4785
f 492/529/492 494/531/494 2236/6053/2236
f 2275/5552/2275 1323/1406/1323 1322/1405/1322
f 909/976/909 2156/2329/2156 130/130/130
f 1204/1279/1204 1740/3062/1740 3754/4213/3754
f 3591/4015/3591 2206/2380/2206 878/944/878
f 1006/4200/1006 3745/4201/3745 1490/6054/1490
f 1072/1143/1072 818/877/818 817/876/817
f 4815/5954/4815 4094/4687/4094 4665/5656/4665
f 128/128/128 1602/1716/1602 1601/1715/1601
f 4807/6044/4807 4785/5887/4785 4852/6035/4852
f 1540/1649/1540 1787/1918/1787 2001/2152/2001
f 4821/5961/4821 3334/3689/3334 3108/3428/3108
f 3729/4180/3729 78/5982/78 241/244/241
f 641/685/641 1107/6055/1107 1555/1664/1555
f 78/5982/78 4839/6003/4839 241/244/241
f 824/884/824 823/883/823 2297/2480/2297
f 2653/2879/2653 4020/4577/4020 2654/2880/2654
f 2107/2274/2107 2109/2276/2109 3140/3462/3140
f 433/464/433 435/466/435 4860/6056/4860
f 3181/3510/3181 3014/3312/3014 1700/1823/1700
f 3681/6057/3681 285/294/285 1011/1080/1011
f 4411/5221/4411 2571/2780/2571 2655/2881/2655
f 3307/3659/3307 2710/2947/2710 3609/4036/3609
f 1904/2048/1904 2100/2265/2100 1905/2049/1905
f 1976/2125/1976 3888/4390/3888 4267/4988/4267
f 4741/5806/4741 2238/2413/2238 4743/5808/4743
f 259/265/259 3941/4459/3941 3065/3382/3065
f 3986/4523/3986 2911/5751/2911 3107/3427/3107
f 1046/1117/1046 1639/1757/1639 1091/1162/1091
f 597/640/597 1393/1484/1393 4041/4609/4041
f 824/884/824 2296/2479/2296 4549/5437/4549
f 4294/5214/4294 3503/3905/3503 4167/5559/4167
f 4232/4917/4232 453/5658/453 4233/4918/4233
f 580/6058/580 685/6059/685 637/6060/637
f 3322/3677/3322 3116/4908/3116 3323/3678/3323
f 3218/4521/3218 1626/1742/1626 3985/4522/3985
f 2695/3168/2695 2689/2921/2689 2475/2676/2475
f 2650/2874/2650 4831/6015/4831 583/626/583
f 1663/1781/1663 1662/1780/1662 4252/4956/4252
f 4853/6061/4853 4497/5354/4497 3433/3816/3433
f 2773/3024/2773 3957/4478/3957 451/485/451
f 1999/2150/1999 163/164/163 935/1003/935
f 1116/1188/1116 1192/1267/1192 491/528/491
f 2674/4946/2674 3948/4468/3948 2348/4596/2348
f 4828/5981/4828 4847/6026/4847 4796/5916/4796
f 2666/2892/2666 789/846/789 1721/1846/1721
f 4861/6062/4861 2482/2683/2482 4739/5803/4739
f 4862/6063/4862 3003/3298/3003 3234/3570/3234
f 4753/5830/4753 2851/5543/2851 49/49/49
f 4507/5376/4507 4659/5644/4659 3569/3992/3569
f 4287/5024/4287 4286/5023/4286 4607/5538/4607
f 1293/1375/1293 3709/4153/3709 2923/3203/2923
f 602/645/602 572/623/572 581/622/581
f 596/639/596 4132/4749/4132 1393/1484/1393
f 4493/5348/4493 4074/4662/4074 3059/3376/3059
f 4111/4716/4111 4863/6064/4863 4458/5288/4458
f 4363/5145/4363 80/80/80 79/79/79
f 2754/3003/2754 1895/2038/1895 3695/4137/3695
f 4070/4657/4070 2990/3284/2990 4445/5268/4445
f 4864/6065/4864 2426/2621/2426 961/6066/961
f 175/176/175 137/137/137 4001/6067/4001
f 474/511/474 3784/4250/3784 4089/4680/4089
f 3754/4213/3754 3990/4528/3990 3242/3582/3242
f 2949/3236/2949 3859/4344/3859 4865/6068/4865
f 1648/4262/1648 3171/3498/3171 1649/3497/1649
f 4414/5228/4414 4564/5466/4564 4866/6069/4866
f 3697/4140/3697 4235/4922/4235 4236/4923/4236
f 4408/5216/4408 1723/1848/1723 1755/6070/1755
f 2295/2478/2295 4785/5887/4785 2965/6071/2965
f 3142/3464/3142 3141/3463/3141 4533/5413/4533
f 4551/5439/4551 931/999/931 4550/5438/4550
f 1754/5420/1754 4408/5419/4408 1755/6072/1755
f 2143/2312/2143 2142/2311/2142 4443/5266/4443
f 739/788/739 2467/2667/2467 853/914/853
f 4867/6073/4867 209/210/209 154/154/154
f 45/45/45 143/143/143 112/112/112
f 2904/3175/2904 4670/5665/4670 2905/3176/2905
f 3478/3872/3478 4102/4696/4102 2369/2556/2369
f 398/5646/398 4661/5648/4661 396/6034/396
f 1461/1557/1461 4858/6051/4858 3682/4124/3682
f 3683/4125/3683 3682/4124/3682 4858/6051/4858
f 1057/1128/1057 1185/1260/1185 902/969/902
f 4549/5437/4549 3683/4125/3683 4858/6051/4858
f 1842/1981/1842 1844/1983/1844 3566/6074/3566
f 3714/4161/3714 3968/4491/3968 2093/2257/2093
f 824/884/824 4549/5437/4549 4857/6050/4857
f 1323/1406/1323 3777/4240/3777 1321/1404/1321
f 4786/5891/4786 4369/5157/4369 1388/1479/1388
f 1992/2143/1992 1348/5513/1348 729/6075/729
f 3012/3310/3012 2480/2681/2480 4612/5547/4612
f 4163/4799/4163 4562/5464/4562 4308/5060/4308
f 3974/4499/3974 858/921/858 1712/1837/1712
f 2165/2338/2165 1611/1726/1611 1612/1727/1612
f 3591/4015/3591 878/944/878 4713/5750/4713
f 4868/6076/4868 4137/4756/4137 4869/6077/4869
f 2071/2229/2071 4440/5263/4440 4060/4638/4060
f 3978/4504/3978 3979/4505/3979 2879/3143/2879
f 1460/1556/1460 2851/5543/2851 4866/6069/4866
f 3133/3454/3133 3719/4167/3719 4591/5509/4591
f 2480/2681/2480 3012/3310/3012 4282/5016/4282
f 2375/2562/2375 2533/2739/2533 2532/2738/2532
f 3833/4309/3833 4549/5437/4549 2296/2479/2296
f 109/5322/109 2807/3060/2807 110/6078/110
f 4845/6019/4845 4844/6029/4844 2738/2978/2738
f 4066/4651/4066 4065/4650/4065 3099/3419/3099
f 4065/4650/4065 2119/4648/2119 3018/3320/3018
f 1230/1305/1230 3899/4403/3899 3112/3433/3112
f 2071/2229/2071 3080/3397/3080 2779/3030/2779
f 3461/3851/3461 3598/4022/3598 3476/3870/3476
f 4858/6051/4858 1461/1557/1461 4859/6052/4859
f 4538/5423/4538 3052/3366/3052 635/679/635
f 2296/2479/2296 2295/2478/2295 1004/1073/1004
f 1279/1359/1279 4353/5131/4353 2380/2567/2380
f 3695/4137/3695 3612/4040/3612 4788/5894/4788
f 4085/4674/4085 583/626/583 582/625/582
f 2945/3232/2945 2210/5726/2210 4701/5728/4701
f 4390/5194/4390 3154/3479/3154 2093/2257/2093
f 2353/4211/2353 2170/2343/2170 4269/6079/4269
f 2226/2401/2226 2098/2262/2098 3411/3788/3411
f 1840/1978/1840 1231/1306/1231 1326/1979/1326
f 2387/2576/2387 2325/2508/2325 2504/2707/2504
f 4870/6080/4870 2644/2866/2644 4320/5078/4320
f 4801/5924/4801 4815/5954/4815 3957/4478/3957
f 3355/4723/3355 1609/5702/1609 3513/5701/3513
f 543/584/543 4273/5001/4273 62/582/62
f 2023/6081/2023 3265/3611/3265 4860/6056/4860
f 2469/2669/2469 492/2671/492 4457/5286/4457
f 4799/5921/4799 524/1593/524 1493/1595/1493
f 3338/3693/3338 3209/3543/3209 3258/4159/3258
f 4577/5491/4577 4871/6082/4871 3820/4295/3820
f 2962/3251/2962 3282/3630/3282 2169/2342/2169
f 4564/5466/4564 4329/5088/4329 4859/6052/4859
f 2093/2257/2093 2095/2259/2095 3714/4161/3714
f 434/465/434 433/464/433 3519/6083/3519
f 228/229/228 3814/4288/3814 4655/5634/4655
f 2310/2493/2310 2312/2495/2312 4378/5173/4378
f 1635/1753/1635 4340/5104/4340 4837/5995/4837
f 3195/3528/3195 3213/3547/3213 3501/3901/3501
f 4837/5995/4837 4712/5749/4712 1636/1754/1636
f 4845/6019/4845 3904/4408/3904 4020/4577/4020
f 1635/1753/1635 4837/5995/4837 1636/1754/1636
f 3872/5182/3872 1667/6084/1667 1813/6085/1813
f 4711/5744/4711 4283/5018/4283 4807/5935/4807
f 3543/4441/3543 719/767/719 4418/5233/4418
f 109/5322/109 2805/3058/2805 2807/3060/2807
f 1736/6086/1736 1718/1843/1718 2555/6087/2555
f 4091/4683/4091 4335/5097/4335 4468/5303/4468
f 4422/5241/4422 2022/2179/2022 4398/5204/4398
f 50/4601/50 2850/3112/2850 3485/3882/3485
f 2344/2529/2344 3433/3816/3433 4496/5353/4496
f 2641/2863/2641 2640/2862/2640 4131/4748/4131
f 4831/6015/4831 2650/2874/2650 3090/3407/3090
f 1779/1909/1779 1729/1908/1729 1728/3521/1728
f 3899/4403/3899 591/634/591 2279/2459/2279
f 44/44/44 3819/4294/3819 1754/1882/1754
f 3203/3537/3203 3822/4298/3822 3900/4404/3900
f 2056/2213/2056 1627/1743/1627 1626/1742/1626
f 287/296/287 1012/1081/1012 1011/1080/1011
f 1983/2132/1983 1982/2131/1982 4846/6022/4846
f 3660/4096/3660 1918/2065/1918 2102/2267/2102
f 4390/5194/4390 3968/4491/3968 3751/4207/3751
f 357/386/357 342/363/342 341/362/341
f 3003/3298/3003 2952/3239/2952 3600/4024/3600
f 175/176/175 4001/6067/4001 4002/5167/4002
f 2652/2877/2652 2373/2876/2373 1805/1937/1805
f 4383/5183/4383 2543/2750/2543 4503/5369/4503
f 3225/3560/3225 4601/5524/4601 4848/6027/4848
f 3972/4496/3972 55/55/55 4270/4995/4270
f 4382/5178/4382 1502/1606/1502 1745/5101/1745
f 4349/5122/4349 3569/3992/3569 3568/3991/3568
f 4316/5070/4316 2149/2318/2149 2148/2317/2148
f 4410/5219/4410 2727/2966/2727 3891/4393/3891
f 124/124/124 4663/5651/4663 227/228/227
f 4872/6088/4872 4839/6003/4839 78/5982/78
f 4225/4901/4225 3145/3468/3145 2298/4902/2298
f 2378/2565/2378 1904/2048/1904 763/817/763
f 834/894/834 771/825/771 773/827/773
f 452/6089/452 1490/6054/1490 3745/4201/3745
f 2258/2437/2258 4251/4955/4251 2259/2438/2259
f 886/952/886 4634/5593/4634 3934/4449/3934
f 4823/5967/4823 4135/4752/4135 4822/5966/4822
f 1368/1455/1368 1319/1402/1319 1639/1757/1639
f 197/198/197 196/197/196 3803/4274/3803
f 3935/4450/3935 2491/2693/2491 198/199/198
f 4532/6048/4532 4065/4650/4065 3550/3959/3550
f 4059/4637/4059 2981/3272/2981 1150/1223/1150
f 3275/3883/3275 2094/5405/2094 3154/6090/3154
f 3719/6091/3719 3651/6092/3651 167/168/167
f 4813/5950/4813 2897/3165/2897 4865/6068/4865
f 2230/2405/2230 877/5832/877 4729/6093/4729
f 1494/1596/1494 3522/3929/3522 4164/4800/4164
f 3882/4381/3882 1472/1569/1472 158/158/158
f 4808/5937/4808 4611/5546/4611 4873/6094/4873
f 2344/2529/2344 1996/3815/1996 3433/3816/3433
f 4701/5728/4701 4266/4986/4266 3366/3728/3366
f 2597/2808/2597 2596/2807/2596 4652/5629/4652
f 1647/1765/1647 2104/2269/2104 4657/5640/4657
f 2095/2259/2095 4061/4639/4061 3714/4161/3714
f 1491/1591/1491 4094/4687/4094 4093/4686/4093
f 3684/4126/3684 4721/5770/4721 3134/3455/3134
f 4866/6069/4866 4564/5466/4564 1460/1556/1460
f 613/656/613 2225/2400/2225 614/657/614
f 2468/2668/2468 4440/5263/4440 1493/1595/1493
f 4612/5547/4612 4873/6094/4873 4611/5546/4611
f 3859/4344/3859 2949/3236/2949 2244/2422/2244
f 4200/6095/4200 4409/5218/4409 4201/5217/4201
f 333/353/333 341/362/341 296/305/296
f 4709/5741/4709 4710/5742/4710 4311/5063/4311
f 1010/1079/1010 4843/6016/4843 1011/1080/1011
f 1057/1128/1057 1092/1163/1092 1091/1162/1091
f 423/453/423 4843/6016/4843 424/454/424
f 1121/1193/1121 425/455/425 424/454/424
f 289/298/289 4469/6096/4469 290/299/290
f 4813/5950/4813 4808/5937/4808 4861/6062/4861
f 4710/5742/4710 4310/5062/4310 4311/5063/4311
f 142/142/142 4002/5167/4002 2911/3188/2911
f 2732/2971/2732 1266/1346/1266 3510/3916/3510
f 1533/1641/1533 3755/4214/3755 3115/3436/3115
f 1078/1149/1078 2063/6097/2063 730/3778/730
f 3467/3861/3467 4062/4640/4062 582/625/582
f 4739/5803/4739 2114/2282/2114 1501/1605/1501
f 4061/4639/4061 4085/4674/4085 4062/4640/4062
f 2617/6098/2617 1018/6099/1018 2618/2925/2618
f 4046/4617/4046 4018/6100/4018 1184/1259/1184
f 2097/2261/2097 3612/4040/3612 3411/3788/3411
f 197/198/197 3803/4274/3803 3583/4007/3583
f 2374/2561/2374 1175/1250/1175 2373/2560/2373
f 1625/1741/1625 3223/3558/3223 3985/4522/3985
f 2205/2379/2205 139/139/139 1036/1106/1036
f 1387/5308/1387 2589/2799/2589 3649/4083/3649
f 818/5996/818 525/565/525 524/564/524
f 3569/3992/3569 4349/5122/4349 4507/5376/4507
f 1921/2068/1921 3949/6101/3949 1919/2066/1919
f 3252/3597/3252 2676/2905/2676 2678/2907/2678
f 3904/4408/3904 4845/6019/4845 4030/4589/4030
f 555/3646/555 4659/5644/4659 3297/3647/3297
f 1180/1255/1180 3662/4099/3662 3874/4366/3874
f 4193/4846/4193 1537/4818/1537 3487/3885/3487
f 4145/4764/4145 3547/3956/3547 3549/3958/3549
f 719/767/719 4025/4583/4025 717/765/717
f 1460/1556/1460 1462/1558/1462 4820/5960/4820
f 3715/4162/3715 3388/3755/3388 3589/4013/3589
f 3034/3342/3034 3035/3343/3035 2998/3293/2998
f 3735/4189/3735 2825/3081/2825 2068/2226/2068
f 207/208/207 92/92/92 91/91/91
f 3111/3431/3111 3165/3491/3165 3045/3354/3045
f 1681/1800/1681 3862/4347/3862 1679/1798/1679
f 4874/6102/4874 401/6103/401 3757/4216/3757
f 4243/4935/4243 4448/5271/4448 3766/4226/3766
f 1403/1494/1403 624/667/624 623/666/623
f 3575/3998/3575 3348/3706/3348 1871/2013/1871
f 4120/4732/4120 1948/2095/1948 4875/6104/4875
f 127/127/127 129/129/129 623/666/623
f 3454/3843/3454 2546/2753/2546 1209/1284/1209
f 168/169/168 87/87/87 1/1/1
f 861/924/861 1558/1668/1558 1303/1385/1303
f 3012/3310/3012 4612/5547/4612 4827/5978/4827
f 4876/6105/4876 4871/6082/4871 4577/5491/4577
f 1121/1193/1121 1122/1194/1122 3099/3419/3099
f 1850/1989/1850 1539/1648/1539 171/172/171
f 3420/6106/3420 4877/6107/4877 1424/1516/1424
f 1653/1771/1653 1302/1384/1302 1908/2053/1908
f 1229/1304/1229 1231/1306/1231 1840/1978/1840
f 3355/4723/3355 1610/4725/1610 1609/5702/1609
f 3580/4003/3580 3579/4002/3579 4024/4582/4024
f 1143/5351/1143 4269/6079/4269 1289/1371/1289
f 1259/1339/1259 1148/1221/1148 971/1395/971
f 4541/5427/4541 493/530/493 4542/5428/4542
f 3492/3890/3492 4878/6108/4878 2800/3053/2800
f 4153/4777/4153 2742/2984/2742 2741/2983/2741
f 4564/5466/4564 4859/6052/4859 1461/1557/1461
f 2003/6109/2003 3648/6110/3648 1562/1672/1562
f 1722/1847/1722 3391/3760/3391 1720/1845/1720
f 725/773/725 724/772/724 3158/6111/3158
f 941/1009/941 943/1011/943 2143/2312/2143
f 1024/1094/1024 4060/4638/4060 3228/3563/3228
f 4574/5485/4574 366/396/366 274/282/274
f 4709/5741/4709 1683/1802/1683 4531/5410/4531
f 2922/3202/2922 4879/6112/4879 4520/5392/4520
f 3232/3567/3232 3409/3786/3409 3370/3732/3370
f 4058/4636/4058 2303/2486/2303 2910/3187/2910
f 3449/3838/3449 4717/5756/4717 4698/5724/4698
f 2754/3003/2754 4641/5602/4641 1895/2038/1895
f 2338/2522/2338 4471/5306/4471 3139/3461/3139
f 3695/4137/3695 1895/2038/1895 1897/2040/1897
f 2598/2809/2598 2981/3272/2981 2980/3271/2980
f 2967/3256/2967 4634/6041/4634 4633/5800/4633
f 3715/4162/3715 3714/4161/3714 4061/4639/4061
f 233/234/233 416/446/416 415/445/415
f 626/669/626 3021/3323/3021 3020/3322/3020
f 766/820/766 800/6113/800 720/768/720
f 4441/5264/4441 1273/1353/1273 4524/5399/4524
f 4880/6114/4880 2829/3087/2829 2831/3089/2831
f 4379/5175/4379 4319/5077/4319 4881/6115/4881
f 1391/1482/1391 1147/1219/1147 1148/1221/1148
f 4748/5818/4748 3106/6116/3106 1684/1803/1684
f 4882/6117/4882 2094/5405/2094 1714/1839/1714
f 4847/6026/4847 4828/5981/4828 4849/6028/4849
f 2380/2567/2380 2825/3081/2825 3735/4189/3735
f 1687/1806/1687 4883/6118/4883 1688/1807/1688
f 4601/5524/4601 3225/3560/3225 2070/2228/2070
f 4884/6119/4884 4690/5711/4690 3655/6120/3655
f 4340/5104/4340 932/1000/932 3591/4015/3591
f 4876/6105/4876 4577/5491/4577 4839/6003/4839
f 1736/6086/1736 3341/3698/3341 1218/3697/1218
f 3969/5054/3969 4304/5056/4304 2502/5796/2502
f 80/80/80 4885/6121/4885 78/78/78
f 3502/3902/3502 4375/5170/4375 3934/4449/3934
f 4838/6000/4838 420/450/420 2081/2245/2081
f 792/849/792 2870/3134/2870 2189/2363/2189
f 2812/3066/2812 2814/3068/2814 4014/5984/4014
f 2445/2641/2445 2405/2598/2405 2366/2553/2366
f 4536/5421/4536 2834/6122/2834 4408/5419/4408
f 4886/6123/4886 2548/6124/2548 4887/6125/4887
f 971/1040/971 874/940/874 755/4196/755
f 3593/4017/3593 2103/2268/2103 3484/3881/3484
f 2751/2999/2751 2860/3122/2860 2854/3116/2854
f 1278/1358/1278 1527/1635/1527 1279/1359/1279
f 4574/5485/4574 1979/2128/1979 4888/6126/4888
f 4434/5257/4434 4591/5509/4591 2660/6127/2660
f 4358/6128/4358 4001/6067/4001 137/137/137
f 3604/4028/3604 4249/5914/4249 2794/4029/2794
f 2015/2172/2015 2036/2193/2036 2035/2192/2035
f 3886/6129/3886 4279/5536/4279 3610/4037/3610
f 3702/4145/3702 3742/4197/3742 575/616/575
f 4218/5731/4218 2694/2929/2694 2693/2928/2693
f 2342/2527/2342 3767/4227/3767 1115/1187/1115
f 69/69/69 4003/4551/4003 1248/1327/1248
f 4252/4956/4252 4847/6026/4847 1663/1781/1663
f 1971/6130/1971 2844/6131/2844 2845/6132/2845
f 1272/1352/1272 1678/1797/1678 4524/5399/4524
f 3235/3571/3235 3234/3570/3234 3003/3298/3003
f 3453/3842/3453 3578/4001/3578 4741/5806/4741
f 199/200/199 4889/6133/4889 4890/6134/4890
f 115/115/115 1034/1104/1034 113/113/113
f 462/6135/462 3029/3336/3029 59/59/59
f 188/189/188 154/154/154 209/210/209
f 390/420/390 3047/3360/3047 1561/1671/1561
f 4853/6061/4853 2648/2872/2648 3681/4123/3681
f 140/140/140 4891/6136/4891 3540/3949/3540
f 182/183/182 184/185/184 4509/5378/4509
f 4507/5376/4507 4892/6137/4892 4659/5644/4659
f 4310/5062/4310 4710/5742/4710 4641/5602/4641
f 1272/1352/1272 4524/5399/4524 1273/1353/1273
f 3934/4449/3934 2491/2693/2491 3935/4450/3935
f 2594/2805/2594 2593/2804/2593 4751/5828/4751
f 3753/4209/3753 3619/4049/3619 3742/4197/3742
f 4827/5978/4827 4612/5547/4612 2836/3095/2836
f 4434/5257/4434 3684/4126/3684 3134/3455/3134
f 282/290/282 980/1049/980 11/11/11
f 1139/1211/1139 1140/1212/1140 1044/6138/1044
f 2265/2444/2265 2646/6139/2646 2264/2443/2264
f 726/774/726 828/905/828 898/965/898
f 1667/2322/1667 1666/6140/1666 4200/4859/4200
f 2665/2891/2665 3501/3901/3501 3294/3642/3294
f 4871/6082/4871 4893/6141/4893 3819/4294/3819
f 2344/2529/2344 2346/2531/2346 1996/3815/1996
f 1508/1612/1508 979/1048/979 281/289/281
f 287/296/287 1011/1080/1011 285/294/285
f 3433/3816/3433 2648/2872/2648 4853/6061/4853
f 2619/2836/2619 759/812/759 3173/3500/3173
f 791/848/791 767/821/767 4430/5252/4430
f 1908/2053/1908 1909/2054/1909 1653/1771/1653
f 3199/3533/3199 2886/3152/2886 3269/3615/3269
f 4837/5995/4837 4340/5104/4340 4713/5750/4713
f 4366/5154/4366 1495/1597/1495 2544/2751/2544
f 4393/5197/4393 1122/1194/1122 3634/4066/3634
f 2738/2978/2738 4030/4589/4030 4845/6019/4845
f 4843/6016/4843 1010/1079/1010 1122/1194/1122
f 2836/3095/2836 4611/5546/4611 4112/4717/4112
f 4641/5602/4641 2754/3003/2754 4310/5062/4310
f 3964/4486/3964 2376/2563/2376 920/988/920
f 3224/3559/3224 3736/4190/3736 2070/2228/2070
f 3414/4087/3414 3705/4148/3705 974/1043/974
f 2691/2926/2691 3467/3861/3467 2685/2915/2685
f 364/394/364 3083/3400/3083 3082/3399/3082
f 3541/3950/3541 3411/3788/3411 3412/3789/3412
f 3889/4391/3889 1662/1780/1662 1470/1567/1470
f 4209/6142/4209 3437/6143/3437 4210/6144/4210
f 3781/4245/3781 655/700/655 1864/2006/1864
f 2007/2159/2007 324/341/324 2021/3127/2021
f 4894/6145/4894 4895/6146/4895 4836/6147/4836
f 2181/2354/2181 2180/2353/2180 2510/2714/2510
f 4096/4690/4096 4508/5377/4508 4507/5376/4507
f 1155/1228/1155 1065/1136/1065 2841/3100/2841
f 1869/2011/1869 92/92/92 1870/2012/1870
f 4865/6068/4865 3859/4344/3859 4813/5950/4813
f 3559/3973/3559 910/977/910 130/130/130
f 2581/2791/2581 3805/4277/3805 1785/1916/1785
f 43/43/43 242/245/242 3820/4295/3820
f 374/404/374 1888/2031/1888 1890/2033/1890
f 2659/2885/2659 4711/5744/4711 3906/4942/3906
f 2218/2393/2218 2174/2347/2174 1902/2046/1902
f 1996/3815/1996 1436/2870/1436 2648/2872/2648
f 2468/2668/2468 4814/6148/4814 3741/4195/3741
f 3668/4106/3668 3780/4244/3780 1547/1656/1547
f 4896/6149/4896 3981/4512/3981 2254/2432/2254
f 4111/4716/4111 4113/4718/4113 3830/4306/3830
f 1024/1094/1024 3227/3562/3227 1022/1092/1022
f 4839/6150/4839 4872/6151/4872 4897/6152/4897
f 2346/2531/2346 2345/2530/2345 4433/5256/4433
f 1754/5420/1754 4898/6153/4898 4536/5421/4536
f 2570/2779/2570 3642/4076/3642 1075/1146/1075
f 110/110/110 3229/3564/3229 111/111/111
f 3733/4186/3733 3032/3340/3032 2816/3070/2816
f 4469/6096/4469 2588/2798/2588 290/299/290
f 3090/6154/3090 1306/1388/1306 1305/1387/1305
f 1250/1329/1250 1020/1090/1020 3879/4374/3879
f 2201/2414/2201 1948/4380/1948 965/1034/965
f 4113/4718/4113 4112/4717/4112 4611/5546/4611
f 1796/1927/1796 2638/2860/2638 2637/2859/2637
f 4862/6063/4862 651/696/651 652/697/652
f 2201/2414/2201 4582/5497/4582 1948/4380/1948
f 3187/3519/3187 1728/3521/1728 10/6155/10
f 4848/6027/4848 4601/5524/4601 4899/6156/4899
f 2622/2840/2622 2951/3238/2951 4590/5508/4590
f 1866/2008/1866 4514/5383/4514 4519/5391/4519
f 2226/2401/2226 3088/3405/3088 2098/2262/2098
f 4900/6157/4900 4085/4674/4085 4061/4639/4061
f 3276/3622/3276 1234/1309/1234 1098/1169/1098
f 4790/5899/4790 1435/1530/1435 4827/5978/4827
f 3722/4171/3722 319/336/319 3746/4202/3746
f 1705/1829/1705 1423/1831/1423 2368/6158/2368
f 3732/4185/3732 1735/1861/1735 3489/6159/3489
f 3494/3893/3494 1702/6160/1702 2123/2291/2123
f 4409/5218/4409 1666/5788/1666 4459/5290/4459
f 3304/3656/3304 3315/3670/3315 3270/3616/3270
f 4581/5495/4581 3606/5496/3606 3605/6161/3605
f 2161/2334/2161 2163/2336/2163 1032/1102/1032
f 1356/1442/1356 622/665/622 4212/4879/4212
f 4871/6082/4871 4387/6162/4387 4893/6141/4893
f 143/143/143 619/662/619 4867/6073/4867
f 2790/4041/2790 3614/4043/3614 3705/4148/3705
f 2850/3112/2850 4820/6163/4820 3670/4109/3670
f 1019/1089/1019 3879/4374/3879 1020/1090/1020
f 4061/4639/4061 2095/2259/2095 4901/6164/4901
f 2009/2161/2009 4902/6165/4902 3353/3712/3353
f 3718/4166/3718 3636/4068/3636 3635/4067/3635
f 4365/5151/4365 4891/6136/4891 140/140/140
f 24/24/24 1386/3159/1386 1131/1203/1131
f 2424/6166/2424 3909/4414/3909 4023/4581/4023
f 4213/4882/4213 4359/5141/4359 2149/2318/2149
f 1065/1136/1065 1346/4432/1346 2671/2897/2671
f 321/6167/321 320/6168/320 2406/5230/2406
f 3773/4236/3773 2629/2847/2629 1673/1791/1673
f 2737/2977/2737 4030/4589/4030 2738/2978/2738
f 4615/5971/4615 3202/3536/3202 2414/2607/2414
f 4362/5144/4362 673/718/673 3262/6169/3262
f 2326/2509/2326 2388/2577/2388 2347/2532/2347
f 3099/3419/3099 4392/5196/4392 4066/4651/4066
f 497/534/497 1706/1830/1706 534/574/534
f 2993/3287/2993 1615/3219/1615 2936/3218/2936
f 731/779/731 2063/2220/2063 2062/2219/2062
f 137/137/137 175/176/175 134/134/134
f 4537/5422/4537 3890/4392/3890 1469/1566/1469
f 4800/5923/4800 4508/6170/4508 3984/4520/3984
f 4551/5439/4551 3330/3685/3330 931/999/931
f 4422/5241/4422 4423/5242/4423 4076/6171/4076
f 1436/1531/1436 4790/5899/4790 2647/6172/2647
f 3124/3445/3124 1253/6173/1253 3125/3446/3125
f 4847/6026/4847 4849/6028/4849 1664/1782/1664
f 4621/5572/4621 1484/1582/1484 1483/1581/1483
f 4589/5507/4589 4159/4838/4159 982/1051/982
f 4173/4810/4173 2576/2786/2576 3325/3680/3325
f 4090/4681/4090 261/267/261 1777/1906/1777
f 4358/6174/4358 136/6175/136 4015/6176/4015
f 4876/6105/4876 4839/6003/4839 4897/6177/4897
f 1628/5670/1628 482/519/482 1629/5874/1629
f 4222/6178/4222 2737/2977/2737 3227/6179/3227
f 3297/3647/3297 4892/6137/4892 2074/2232/2074
f 3830/4306/3830 4808/5937/4808 3831/4307/3831
f 3275/3883/3275 50/4601/50 3485/3882/3485
f 2491/2693/2491 4375/5170/4375 4903/6180/4903
f 3659/4095/3659 3805/4277/3805 3739/4193/3739
f 3223/3558/3223 2775/3026/2775 4800/5923/4800
f 1831/1968/1831 1616/1731/1616 1623/1739/1623
f 2421/2615/2421 2422/2616/2422 2688/2919/2688
f 4898/6153/4898 3264/4708/3264 4536/5421/4536
f 1945/2092/1945 4765/5853/4765 1946/2093/1946
f 3248/6181/3248 1081/1152/1081 3982/4970/3982
f 2824/3080/2824 4455/5284/4455 2069/2227/2069
f 611/654/611 342/363/342 432/488/432
f 4312/5064/4312 1637/1755/1637 4537/5650/4537
f 4789/5898/4789 2647/6172/2647 4790/5899/4790
f 367/397/367 2423/2617/2423 2425/2619/2425
f 3639/4073/3639 1801/1932/1801 1800/1931/1800
f 3846/4325/3846 1988/2138/1988 3847/4326/3847
f 2939/3224/2939 3044/3353/3044 4225/4901/4225
f 1821/5153/1821 1538/5152/1538 1819/6182/1819
f 2589/2799/2589 23/23/23 3649/4083/3649
f 1468/1565/1468 1470/1567/1470 1662/1780/1662
f 4900/6157/4900 4061/4639/4061 4904/6183/4904
f 4885/6121/4885 80/80/80 3803/4274/3803
f 4109/4710/4109 897/964/897 4119/4730/4119
f 1794/1925/1794 3956/6184/3956 4905/6185/4905
f 228/229/228 4655/5634/4655 3615/4044/3615
f 1754/5420/1754 4893/6186/4893 4898/6153/4898
f 4862/6063/4862 4906/6187/4906 651/696/651
f 2095/2259/2095 2094/2258/2094 4882/6188/4882
f 3090/3407/3090 2650/2874/2650 2649/2873/2649
f 94/94/94 96/96/96 2187/2361/2187
f 174/1685/174 4301/6189/4301 1112/1184/1112
f 4633/5800/4633 4746/5815/4746 4687/5707/4687
f 389/6190/389 4309/5948/4309 4151/4774/4151
f 4617/5561/4617 4093/4686/4093 4735/5795/4735
f 3269/3615/3269 2182/2355/2182 3199/3533/3199
f 3774/4237/3774 4849/6028/4849 4899/6156/4899
f 1164/1237/1164 2461/2661/2461 4450/5276/4450
f 3781/4245/3781 1864/2006/1864 3802/4273/3802
f 4145/4764/4145 211/212/211 4484/6191/4484
f 81/81/81 3950/4470/3950 82/82/82
f 654/699/654 2139/2308/2139 655/700/655
f 1698/1821/1698 371/401/371 1699/1822/1699
f 767/821/767 790/847/790 766/820/766
f 3297/3647/3297 4659/5644/4659 4892/6137/4892
f 2162/4292/2162 529/1869/529 3818/4293/3818
f 4375/5170/4375 3502/3902/3502 3428/3904/3428
f 4326/5085/4326 1367/1454/1367 1597/1709/1597
f 3206/3540/3206 2811/3065/2811 253/259/253
f 4392/5196/4392 3099/3419/3099 4393/5197/4393
f 4084/4673/4084 4302/5050/4302 3991/4529/3991
f 4603/5529/4603 4868/6192/4868 4907/6193/4907
f 688/733/688 2264/2443/2264 532/1624/532
f 1713/1838/1713 4882/6117/4882 1714/1839/1714
f 2240/6194/2240 2333/2517/2333 330/348/330
f 4068/4721/4068 4122/4737/4122 3048/3361/3048
f 4798/5918/4798 4797/5917/4797 4840/6005/4840
f 1431/1526/1431 1430/1525/1430 4117/4727/4117
f 4816/5955/4816 4888/6126/4888 1979/2128/1979
f 1072/1143/1072 2115/2283/2115 3393/3762/3393
f 969/5519/969 2115/2283/2115 4621/6195/4621
f 1028/1098/1028 591/634/591 3899/4403/3899
f 1711/1836/1711 1507/1611/1507 2471/2672/2471
f 4827/5978/4827 1435/1530/1435 3012/3310/3012
f 723/771/723 722/770/722 604/647/604
f 1014/1083/1014 1016/1085/1016 563/604/563
f 4030/4589/4030 2737/2977/2737 4908/6196/4908
f 1635/1753/1635 1637/1755/1637 4312/5064/4312
f 1895/2038/1895 4641/5602/4641 4646/5612/4646
f 4627/5584/4627 4646/5612/4646 2175/2348/2175
f 4903/6180/4903 1421/1512/1421 2491/2693/2491
f 339/5654/339 3743/5653/3743 4846/6022/4846
f 2353/4211/2353 2355/6197/2355 3364/3726/3364
f 1774/1903/1774 3288/3636/3288 4791/5902/4791
f 3216/3550/3216 4122/4737/4122 3866/4357/3866
f 2517/2721/2517 3412/3789/3412 3221/3556/3221
f 168/169/168 1/1/1 166/167/166
f 1250/1329/1250 2396/2588/2396 1251/1330/1251
f 899/966/899 1284/1365/1284 900/967/900
f 3959/6198/3959 4800/5923/4800 2775/3026/2775
f 3567/3990/3567 3569/3992/3569 4659/5644/4659
f 4909/6199/4909 4657/5640/4657 4330/5089/4330
f 2845/3105/2845 2037/2194/2037 4082/4671/4082
f 3935/4450/3935 4740/5805/4740 887/953/887
f 4815/5954/4815 4665/5656/4665 3957/4478/3957
f 3792/4260/3792 4910/6200/4910 4009/4561/4009
f 667/4464/667 918/986/918 2971/3260/2971
f 2332/2516/2332 4773/5864/4773 2599/2810/2599
f 4814/6148/4814 535/575/535 3741/4195/3741
f 1195/1270/1195 4872/6151/4872 3834/4310/3834
f 4275/5004/4275 838/2433/838 2254/2432/2254
f 4325/5084/4325 3778/4241/3778 4182/4826/4182
f 1527/1635/1527 546/587/546 593/636/593
f 4375/5170/4375 4911/6201/4911 4903/6180/4903
f 1592/1704/1592 1202/1277/1202 1593/1705/1593
f 1769/1898/1769 4867/6073/4867 619/662/619
f 3980/4698/3980 1339/1425/1339 3401/3772/3401
f 307/323/307 486/4817/486 308/324/308
f 2318/2501/2318 2404/2597/2404 2048/2205/2048
f 3561/6202/3561 4912/6203/4912 4802/6204/4802
f 2466/2666/2466 1921/2068/1921 2464/2664/2464
f 2834/6122/2834 4536/5421/4536 3263/6042/3263
f 4812/5944/4812 4811/5943/4811 4446/5269/4446
f 3244/3587/3244 4355/5134/4355 4578/5492/4578
f 4898/6153/4898 4893/6186/4893 4107/4707/4107
f 3169/3495/3169 1168/1241/1168 1167/1240/1167
f 2728/2967/2728 4326/5085/4326 978/1047/978
f 1000/1069/1000 2966/3255/2966 2238/2413/2238
f 1110/1182/1110 3390/3757/3390 1183/1258/1183
f 4540/5426/4540 4215/4884/4215 2889/3155/2889
f 2545/2823/2545 890/956/890 2287/2467/2287
f 382/412/382 3924/4430/3924 383/413/383
f 4022/4579/4022 2103/2268/2103 777/832/777
f 302/6205/302 4360/5142/4360 4362/5144/4362
f 4627/5584/4627 2175/2348/2175 2489/2691/2489
f 1664/1782/1664 4849/6028/4849 2179/2352/2179
f 4704/5734/4704 4656/5635/4656 1752/1880/1752
f 2952/3239/2952 3003/3298/3003 652/697/652
f 825/885/825 4892/6137/4892 4507/5376/4507
f 1127/3146/1127 1051/1122/1051 1128/6206/1128
f 4871/6082/4871 4876/6105/4876 4387/6162/4387
f 3774/4237/3774 4899/6156/4899 4527/5406/4527
f 2676/5006/2676 4138/4757/4138 2677/4839/2677
f 3498/3897/3498 3518/3925/3518 4640/5601/4640
f 4431/6207/4431 323/340/323 325/342/325
f 2992/3286/2992 2994/3288/2994 3045/3354/3045
f 671/6208/671 1968/6209/1968 2593/6210/2593
f 4789/5898/4789 2835/3094/2835 2837/3096/2837
f 2895/3163/2895 2938/3223/2938 1201/1276/1201
f 1031/1101/1031 5/5/5 2161/2334/2161
f 2513/2717/2513 2164/2337/2164 3025/3332/3025
f 1259/1339/1259 971/1395/971 755/807/755
f 3221/3556/3221 3411/3788/3411 3612/4040/3612
f 710/758/710 1596/1708/1596 1595/1707/1595
f 229/230/229 3286/3634/3286 3285/3633/3285
f 4329/5088/4329 822/882/822 4857/6050/4857
f 4893/6186/4893 4387/5191/4387 4107/4707/4107
f 2778/3029/2778 3525/3932/3525 3278/3624/3278
f 4219/4890/4219 287/296/287 286/295/286
f 4340/5104/4340 4339/5103/4339 932/1000/932
f 2796/3049/2796 1635/1753/1635 4312/5064/4312
f 2737/2977/2737 4222/6178/4222 4908/6196/4908
f 4112/4717/4112 4913/6211/4913 2837/3096/2837
f 4882/6117/4882 1713/1838/1713 4914/6212/4914
f 956/1025/956 4579/5493/4579 3688/4130/3688
f 2203/2377/2203 1492/1592/1492 3833/4309/3833
f 4912/6203/4912 3056/6213/3056 1846/6214/1846
f 286/295/286 4789/5898/4789 2837/3096/2837
f 4583/6215/4583 4764/5920/4764 4680/5688/4680
f 3904/4408/3904 4029/4588/4029 3905/4409/3905
f 4573/5482/4573 4655/5634/4655 3814/4288/3814
f 1715/1840/1715 3485/3882/3485 3670/4109/3670
f 1175/1938/1175 1805/1937/1805 2373/2876/2373
f 1200/1275/1200 1199/1274/1199 4044/4615/4044
f 313/330/313 2935/5570/2935 1615/1730/1615
f 3221/3556/3221 1897/2040/1897 1896/2039/1896
f 4685/5703/4685 3677/4118/3677 3652/5404/3652
f 2974/3264/2974 4056/5162/4056 2812/6216/2812
f 825/885/825 4508/5377/4508 4915/6217/4915
f 2238/2413/2238 4741/5806/4741 3578/4001/3578
f 3311/3663/3311 101/101/101 3309/3661/3309
f 684/729/684 249/255/249 309/325/309
f 4784/5886/4784 4219/4890/4219 286/295/286
f 4237/4926/4237 4746/5817/4746 4747/5816/4747
f 4750/5825/4750 2535/2741/2535 4763/5851/4763
f 2179/2352/2179 4849/6028/4849 3774/4237/3774
f 4263/4982/4263 11/11/11 980/1049/980
f 4085/4674/4085 2650/2874/2650 583/626/583
f 4716/5755/4716 2932/3214/2932 3936/4452/3936
f 2774/3025/2774 451/485/451 453/487/453
f 2742/2984/2742 4153/4777/4153 4387/5191/4387
f 1517/1621/1517 2919/3199/2919 2606/2820/2606
f 3812/4286/3812 4916/6218/4916 3830/4306/3830
f 4208/4872/4208 1442/4871/1442 2636/4595/2636
f 1635/1753/1635 2796/3049/2796 4339/5103/4339
f 589/632/589 1742/1870/1742 833/893/833
f 4339/5103/4339 933/1001/933 932/1000/932
f 1807/1940/1807 1809/1942/1809 1885/2028/1885
f 4567/5470/4567 2663/2889/2663 4568/5471/4568
f 4546/5432/4546 2582/2792/2582 1826/1963/1826
f 4899/6156/4899 4601/5524/4601 4456/5285/4456
f 2246/2424/2246 2248/2426/2248 1482/1580/1482
f 1474/1571/1474 465/501/465 4895/6219/4895
f 4851/6032/4851 1769/2323/1769 1667/2322/1667
f 3017/3318/3017 4816/5955/4816 1979/2128/1979
f 1755/1883/1755 2694/4888/2694 44/44/44
f 133/133/133 138/138/138 137/137/137
f 1219/2622/1219 1218/3697/1218 2426/2621/2426
f 3634/4066/3634 4841/6006/4841 4394/5198/4394
f 895/962/895 3008/3306/3008 896/963/896
f 1551/1660/1551 4198/4856/4198 4223/4924/4223
f 3251/3596/3251 3211/3545/3211 3141/3463/3141
f 4833/5990/4833 1880/2022/1880 4891/6136/4891
f 4891/6136/4891 4365/5151/4365 4833/5990/4833
f 1773/6220/1773 4764/5852/4764 4560/5461/4560
f 3855/4338/3855 4917/6221/4917 2649/2873/2649
f 2179/2352/2179 2178/2351/2178 1664/1782/1664
f 553/594/553 3571/3994/3571 4590/5508/4590
f 1600/1712/1600 3406/3782/3406 3017/3318/3017
f 4876/6105/4876 4897/6177/4897 2742/6222/2742
f 3571/3994/3571 554/595/554 3654/4089/3654
f 4032/4591/4032 3309/3661/3309 3901/4405/3901
f 4111/4716/4111 4913/6211/4913 4112/4717/4112
f 2461/6223/2461 2462/6224/2462 3581/4005/3581
f 1775/1904/1775 4791/5902/4791 1161/5901/1161
f 4897/6152/4897 4872/6151/4872 1195/1270/1195
f 4918/6225/4918 808/866/808 807/865/807
f 3298/3648/3298 2074/2232/2074 4449/5273/4449
f 1960/2109/1960 3930/4439/3930 4160/4789/4160
f 4226/4904/4226 806/864/806 1660/1778/1660
f 4919/6226/4919 2847/3107/2847 4920/6227/4920
f 4462/5293/4462 2717/2956/2717 4526/5402/4526
f 1921/4508/1921 819/4507/819 821/6228/821
f 1885/2028/1885 1338/1421/1338 1422/1513/1422
f 736/785/736 735/784/735 2855/3117/2855
f 3634/4066/3634 4394/5198/4394 4393/5197/4393
f 2210/5726/2210 2209/6229/2209 4700/5727/4700
f 3067/3384/3067 3296/3645/3296 2478/2679/2478
f 469/4314/469 283/6230/283 363/4313/363
f 348/373/348 1041/1111/1041 1040/1110/1040
f 476/513/476 643/687/643 2450/2649/2450
f 2573/2782/2573 2418/6231/2418 1239/5146/1239
f 1431/1526/1431 4206/4868/4206 3796/4267/3796
f 747/796/747 1409/1500/1409 1407/1498/1407
f 172/173/172 174/175/174 2748/2995/2748
f 4851/6032/4851 4200/4859/4200 4004/4552/4004
f 1990/2140/1990 1989/2139/1989 3416/3795/3416
f 4632/5591/4632 4634/5593/4634 886/952/886
f 4904/6183/4904 4901/6164/4901 4921/6232/4921
f 1774/1903/1774 4791/5902/4791 1775/1904/1775
f 4339/5103/4339 2796/3049/2796 933/1001/933
f 4030/4589/4030 4908/6196/4908 4028/4587/4028
f 144/144/144 154/154/154 134/134/134
f 131/131/131 2504/2707/2504 2325/2508/2325
f 3784/6233/3784 1709/3773/1709 4089/4791/4089
f 4459/5290/4459 1365/1452/1365 1367/1454/1367
f 3736/4190/3736 3735/4189/3735 2068/2226/2068
f 2828/3085/2828 967/4594/967 1483/1581/1483
f 4657/5640/4657 2943/3228/2943 4331/5090/4331
f 3806/4278/3806 1165/5488/1165 3448/4624/3448
f 2517/2721/2517 3479/3875/3479 3412/3789/3412
f 4916/6218/4916 4863/6064/4863 4111/4716/4111
f 4784/5886/4784 2837/3096/2837 4913/6211/4913
f 455/490/455 3481/3877/3481 1269/1349/1269
f 4862/6063/4862 3234/3570/3234 4906/6187/4906
f 4800/6234/4800 3959/4481/3959 4915/6217/4915
f 4141/4760/4141 4185/4830/4185 4103/4699/4103
f 4212/4879/4212 2982/3273/2982 1356/1442/1356
f 2837/3096/2837 4784/5886/4784 286/295/286
f 4312/5064/4312 1469/4518/1469 2271/2450/2271
f 2453/2652/2453 1323/1406/1323 2275/5552/2275
f 2285/2465/2285 1207/1282/1207 2286/2466/2286
f 1799/1930/1799 1801/1932/1801 4922/6235/4922
f 1770/1899/1770 3039/3347/3039 209/210/209
f 3393/3762/3393 2709/2946/2709 4923/6236/4923
f 709/757/709 1833/1970/1833 911/978/911
f 2945/3232/2945 4701/5728/4701 2126/2294/2126
f 535/575/535 400/430/400 399/429/399
f 912/979/912 810/868/810 2871/3135/2871
f 2961/3250/2961 2795/3048/2795 4850/6030/4850
f 4375/5170/4375 3428/3904/3428 4911/6201/4911
f 4073/4660/4073 3696/4138/3696 1928/2075/1928
f 123/123/123 2199/2373/2199 2/2/2
f 1029/1099/1029 1440/1535/1440 2824/3080/2824
f 3437/6237/3437 4209/6238/4209 4924/6239/4924
f 4506/6240/4506 4150/4773/4150 4925/6241/4925
f 3634/4066/3634 4221/4892/4221 4841/6006/4841
f 4920/6227/4920 4889/6133/4889 1002/1071/1002
f 1821/5153/1821 4417/5232/4417 4334/5096/4334
f 1775/1904/1775 4509/6242/4509 3550/3959/3550
f 4903/6180/4903 4911/6201/4911 1421/1512/1421
f 3234/3570/3234 1000/1069/1000 4906/6187/4906
f 3089/3406/3089 4831/6015/4831 3090/3407/3090
f 1145/1217/1145 4185/5977/4185 4254/4967/4254
f 1460/3111/1460 4820/6163/4820 2850/3112/2850
f 4437/5260/4437 4863/6064/4863 4916/6218/4916
f 1359/1445/1359 1047/1118/1047 1082/1153/1082
f 1306/1388/1306 2649/6243/2649 4917/6244/4917
f 4926/6245/4926 3339/3694/3339 4927/6246/4927
f 4914/6212/4914 4921/6247/4921 4901/6248/4901
f 1665/1783/1665 1667/1785/1667 3872/4363/3872
f 2623/2841/2623 2622/2840/2622 3429/3810/3429
f 4387/6162/4387 4876/6105/4876 2742/6222/2742
f 4897/6249/4897 1197/6250/1197 2742/2984/2742
f 4064/4649/4064 566/607/566 565/606/565
f 4580/5494/4580 4515/5386/4515 4502/5365/4502
f 1521/1626/1521 2783/3035/2783 1522/1627/1522
f 2176/2349/2176 4646/5612/4646 183/184/183
f 3135/3456/3135 3827/4303/3827 4449/6251/4449
f 1671/1789/1671 3744/4199/3744 3748/4204/3748
f 544/585/544 2834/3092/2834 675/720/675
f 4394/5198/4394 3289/3637/3289 4392/5196/4392
f 2247/2425/2247 3479/3875/3479 3960/4482/3960
f 4898/6153/4898 4107/4707/4107 3264/4708/3264
f 3754/4213/3754 1740/3062/1740 2456/2656/2456
f 774/829/774 463/499/463 4928/6252/4928
f 4916/6218/4916 3812/4286/3812 4437/5260/4437
f 4912/6203/4912 1846/6214/1846 4929/6253/4929
f 2496/6254/2496 1696/5736/1696 2494/3485/2494
f 3983/4517/3983 2271/2450/2271 1469/4518/1469
f 2796/3049/2796 4312/5064/4312 2270/2449/2270
f 1192/1267/1192 394/424/394 1117/1189/1117
f 2463/2663/2463 4923/6236/4923 2708/2945/2708
f 4930/6255/4930 1799/1930/1799 4922/6235/4922
f 383/413/383 1390/1481/1390 384/414/384
f 4355/5134/4355 1656/1774/1656 4461/5292/4461
f 1786/1917/1786 1785/1916/1785 575/616/575
f 4584/5499/4584 3430/3811/3430 760/814/760
f 4066/4651/4066 4392/5196/4392 1776/1905/1776
f 4525/5401/4525 265/271/265 1291/1373/1291
f 4575/5748/4575 3675/6256/3675 4931/6257/4931
f 4402/5209/4402 2297/2480/2297 823/883/823
f 260/266/260 259/265/259 3487/3885/3487
f 2518/2722/2518 1896/2039/1896 4627/5584/4627
f 4896/6149/4896 2254/2432/2254 2253/2431/2253
f 1325/4398/1325 917/985/917 1841/1980/1841
f 4932/6258/4932 3637/4071/3637 4776/6259/4776
f 2839/3098/2839 3942/4460/3942 4105/4703/4105
f 4080/4669/4080 2134/2303/2134 3700/4143/3700
f 4784/5886/4784 4913/6211/4913 4039/4603/4039
f 356/4948/356 4367/5155/4367 354/6260/354
f 3241/3581/3241 3205/3539/3205 3201/3535/3201
f 3479/3875/3479 2247/2425/2247 2246/2424/2246
f 1664/1782/1664 2178/2351/2178 4227/4905/4227
f 3754/4213/3754 2456/2656/2456 3990/4528/3990
f 1650/1768/1650 4548/5435/4548 2446/5434/2446
f 4469/6096/4469 289/298/289 1916/6261/1916
f 3712/4158/3712 3339/3694/3339 3338/3693/3338
f 3327/3682/3327 3326/3681/3326 4049/4622/4049
f 3517/3924/3517 3498/3897/3498 4762/5980/4762
f 4892/6137/4892 827/887/827 2074/2232/2074
f 3428/3809/3428 4584/5499/4584 4911/6262/4911
f 3911/4416/3911 4105/4703/4105 3942/4460/3942
f 2723/6263/2723 4120/6264/4120 4933/6265/4933
f 2046/2203/2046 1788/1919/1788 1480/1578/1480
f 1713/1838/1713 2975/3265/2975 1630/1747/1630
f 3320/3675/3320 3319/3674/3319 3179/3508/3179
f 1198/1273/1198 901/968/901 1473/1570/1473
f 37/37/37 38/38/38 3440/3825/3440
f 529/1869/529 531/6266/531 3403/3776/3403
f 2025/2182/2025 3468/3862/3468 1178/1253/1178
f 2496/2698/2496 3210/3544/3210 4196/4852/4196
f 1457/1553/1457 2918/3195/2918 429/459/429
f 4404/5211/4404 4477/5316/4477 243/5251/243
f 3299/3833/3299 38/38/38 30/30/30
f 4551/5439/4551 3073/3390/3073 4833/5990/4833
f 4919/6226/4919 4920/6227/4920 1002/1071/1002
f 978/1047/978 977/1046/977 2728/2967/2728
f 1878/2020/1878 4437/5260/4437 3812/4286/3812
f 1831/1968/1831 2067/2225/2067 1832/1969/1832
f 3871/4362/3871 977/1046/977 3008/3306/3008
f 196/197/196 2336/2520/2336 3834/4310/3834
f 4906/6187/4906 199/200/199 651/696/651
f 4323/5081/4323 4463/5294/4463 2433/2629/2433
f 3812/4286/3812 3830/4306/3830 3832/4308/3832
f 4917/6244/4917 3008/3306/3008 895/962/895
f 135/1815/135 4830/6267/4830 4013/6268/4013
f 2147/2316/2147 3883/4382/3883 3060/3377/3060
f 408/438/408 3573/3996/3573 297/306/297
f 4900/6157/4900 704/752/704 2651/2875/2651
f 4934/6269/4934 2682/2912/2682 2681/2911/2681
f 4784/5886/4784 1221/1296/1221 4219/4890/4219
f 912/979/912 1928/2075/1928 811/869/811
f 3145/3468/3145 4225/4901/4225 3044/3353/3044
f 1547/1656/1547 3921/4427/3921 1545/1654/1545
f 4456/5285/4456 4527/5406/4527 4899/6156/4899
f 4805/5930/4805 1365/1452/1365 4460/5291/4460
f 3571/3994/3571 760/814/760 3430/3811/3430
f 4892/6137/4892 825/885/825 827/887/827
f 4438/5261/4438 4437/5260/4437 1878/2020/1878
f 2076/2234/2076 4935/6270/4935 2074/2232/2074
f 763/817/763 765/819/765 2378/2565/2378
f 2704/2940/2704 4596/5517/4596 4563/5465/4563
f 196/197/196 2062/2219/2062 4277/5010/4277
f 3190/3523/3190 347/372/347 2920/3200/2920
f 2556/2764/2556 391/421/391 3948/4468/3948
f 4881/6115/4881 4319/5077/4319 58/5076/58
f 4936/6271/4936 2169/2342/2169 3282/3630/3282
f 3774/4237/3774 4527/5406/4527 3775/4238/3775
f 4409/5218/4409 4200/6095/4200 1666/5788/1666
f 2081/2245/2081 4696/5719/4696 4838/6000/4838
f 750/799/750 1915/6272/1915 2047/6273/2047
f 1869/2011/1869 3348/3706/3348 3002/3705/3002
f 3288/3636/3288 1774/1903/1774 3289/3637/3289
f 2681/4682/2681 1361/1447/1361 4731/5790/4731
f 1847/1986/1847 740/789/740 742/791/742
f 704/752/704 4900/6157/4900 4904/6183/4904
f 4475/5313/4475 1867/2009/1867 4519/5391/4519
f 3401/3772/3401 4169/4806/4169 1961/2110/1961
f 4850/6030/4850 2270/2449/2270 1156/1229/1156
f 4783/5885/4783 418/448/418 639/683/639
f 138/6274/138 133/6275/133 4013/6276/4013
f 4937/6277/4937 1386/1476/1386 2590/6278/2590
f 1880/2022/1880 4833/5990/4833 3073/3390/3073
f 1293/1375/1293 1292/1374/1292 3709/4153/3709
f 2636/4595/2636 2828/3085/2828 3966/4489/3966
f 3775/4238/3775 4527/5406/4527 3640/4074/3640
f 4455/5284/4455 1439/1534/1439 4456/5285/4456
f 143/143/143 4867/6073/4867 154/154/154
f 3402/6279/3402 2775/6280/2775 2707/6281/2707
f 2831/3089/2831 4938/6282/4938 4880/6114/4880
f 3989/4527/3989 3096/3414/3096 3095/3413/3095
f 2489/2691/2489 2519/2723/2519 2518/2722/2518
f 762/816/762 4911/6262/4911 4584/5499/4584
f 2205/2379/2205 1036/1106/1036 2206/2380/2206
f 2636/4595/2636 3966/4489/3966 4208/4872/4208
f 3564/3982/3564 1733/1858/1733 820/880/820
f 4228/6283/4228 1468/4519/1468 4227/6284/4227
f 3468/3862/3468 3631/4062/3631 2629/2847/2629
f 2812/6216/2812 4830/6285/4830 2975/3265/2975
f 4458/5288/4458 4039/4603/4039 4913/6211/4913
f 825/885/825 4915/6217/4915 826/886/826
f 1973/4448/1973 781/838/781 966/1035/966
f 2709/2946/2709 2708/2945/2708 4923/6236/4923
f 3027/3334/3027 2726/2965/2726 2988/3282/2988
f 2774/5625/2774 2707/2943/2707 2775/6286/2775
f 2989/3283/2989 126/126/126 3505/3907/3505
f 760/814/760 762/816/762 4584/5499/4584
f 1129/1201/1129 1952/2101/1952 1130/1202/1130
f 3771/4232/3771 4603/6287/4603 2745/4231/2745
f 1840/1978/1840 1841/1980/1841 3640/4074/3640
f 3989/4527/3989 3095/3413/3095 3302/3654/3302
f 4908/6288/4908 4222/4893/4222 4939/6289/4939
f 2744/2986/2744 2743/2985/2743 4278/5011/4278
f 3983/4517/3983 2269/2448/2269 2271/2450/2271
f 4220/4891/4220 4819/5958/4819 4221/4892/4221
f 2292/2474/2292 2373/2560/2373 2503/2706/2503
f 1683/1802/1683 4311/5063/4311 1684/1803/1684
f 668/713/668 756/808/756 888/954/888
f 1271/1351/1271 1273/1353/1273 3168/3494/3168
f 3101/3421/3101 3103/3423/3103 2752/3001/2752
f 1001/1070/1001 2846/3106/2846 1002/1071/1002
f 1960/2109/1960 4089/4791/4089 1961/2110/1961
f 3654/4089/3654 554/595/554 4195/4848/4195
f 1168/1241/1168 2862/3124/2862 2861/3123/2861
f 1992/2143/1992 729/6075/729 848/2141/848
f 4550/5438/4550 2961/3250/2961 3074/3391/3074
f 4394/5198/4394 4841/6006/4841 3801/4272/3801
f 1024/1094/1024 3228/3563/3228 3227/3562/3227
f 704/752/704 4904/6183/4904 4648/5617/4648
f 4343/6290/4343 3239/3577/3239 2250/3579/2250
f 3599/4023/3599 2888/3154/2888 3010/3308/3010
f 100/100/100 98/98/98 189/190/189
f 4218/5731/4218 2693/2928/2693 3093/3750/3093
f 2742/2984/2742 1197/6250/1197 2740/2982/2740
f 2657/3109/2657 2042/4853/2042 4180/4822/4180
f 546/587/546 4006/4555/4006 593/636/593
f 2573/2782/2573 2574/2784/2574 2418/6231/2418
f 1137/1209/1137 4201/5217/4201 4410/5219/4410
f 4862/6063/4862 652/697/652 3003/3298/3003
f 133/6291/133 135/1815/135 4013/6268/4013
f 2727/2966/2727 4410/5219/4410 2728/2967/2728
f 3520/3927/3520 2512/2716/2512 3726/4175/3726
f 4551/5439/4551 3074/3391/3074 3073/3390/3073
f 977/1046/977 3871/4362/3871 2727/2966/2727
f 4219/4890/4219 1221/1296/1221 4220/4891/4220
f 2110/2277/2110 250/3753/250 925/3817/925
f 1220/1295/1220 4819/5958/4819 4220/4891/4220
f 2063/2220/2063 1077/1860/1077 1734/1859/1734
f 2529/2735/2529 2082/2246/2082 2530/2736/2530
f 4743/5808/4743 1214/1289/1214 4741/5806/4741
f 919/987/919 666/6292/666 785/842/785
f 1071/1142/1071 4621/6195/4621 2115/2283/2115
f 4388/5192/4388 281/289/281 2066/2223/2066
f 3250/3595/3250 3207/3541/3207 4074/4662/4074
f 3286/3634/3286 229/230/229 3617/6293/3617
f 2534/2740/2534 3517/5619/3517 4762/5850/4762
f 835/895/835 4371/5160/4371 4370/5159/4370
f 4373/5164/4373 4444/5267/4444 4350/5123/4350
f 4228/6283/4228 3983/4517/3983 1468/4519/1468
f 4911/6201/4911 762/5722/762 732/780/732
f 4104/4700/4104 4791/5902/4791 3288/3636/3288
f 4028/4587/4028 4940/6294/4940 4029/4588/4029
f 4546/5432/4546 1826/1963/1826 4775/6295/4775
f 3310/3662/3310 55/55/55 3311/3663/3311
f 1899/2042/1899 4016/4571/4016 2925/3205/2925
f 2813/6296/2813 4002/4550/4002 2814/4549/2814
f 199/200/199 4906/6187/4906 4889/6133/4889
f 4758/5836/4758 547/588/547 199/200/199
f 3960/4482/3960 4118/4728/4118 2247/2425/2247
f 199/200/199 4890/6134/4890 4758/5836/4758
f 2805/3058/2805 109/5322/109 1563/1673/1563
f 1257/1337/1257 1256/1336/1256 1531/1639/1531
f 3235/3571/3235 2941/3226/2941 1451/1547/1451
f 3634/4066/3634 1012/1081/1012 4221/4892/4221
f 3664/4102/3664 2/2/2 2199/2373/2199
f 1476/1574/1476 1475/1573/1475 1854/1993/1854
f 4232/6297/4232 96/2944/96 2774/5625/2774
f 4228/6283/4228 4053/4631/4053 3983/4517/3983
f 1255/1335/1255 2781/3032/2781 2913/3190/2913
f 2335/2519/2335 1197/1272/1197 1196/1271/1196
f 4908/6196/4908 4939/6298/4939 4940/6294/4940
f 4908/6196/4908 4940/6294/4940 4028/4587/4028
f 1117/1189/1117 491/528/491 1192/1267/1192
f 3396/3766/3396 883/949/883 1593/1705/1593
f 1440/1535/1440 1229/1304/1229 1441/1536/1441
f 1143/1215/1143 1770/6299/1770 1141/1213/1141
f 4048/4782/4048 3403/3776/3403 531/6266/531
f 188/189/188 135/135/135 134/134/134
f 4176/4814/4176 4940/6294/4940 4874/6102/4874
f 7/7/7 3825/4301/3825 8/8/8
f 1/1/1 4591/6023/4591 166/167/166
f 4145/4764/4145 3091/4766/3091 3547/3956/3547
f 4941/6300/4941 2565/2774/2565 4930/6301/4930
f 2041/2198/2041 70/70/70 1248/1327/1248
f 4808/5937/4808 3830/4306/3830 4113/4718/4113
f 689/734/689 573/614/573 672/717/672
f 4942/6302/4942 4505/5999/4505 1085/1156/1085
f 4720/5763/4720 2586/2796/2586 2585/2795/2585
f 4921/6247/4921 4914/6212/4914 1630/1747/1630
f 4317/5072/4317 4809/6303/4809 4266/6304/4266
f 3008/3306/3008 4917/6244/4917 2973/3304/2973
f 2413/2606/2413 2310/2493/2310 734/783/734
f 4743/5808/4743 2238/2413/2238 1453/1549/1453
f 4645/5610/4645 1363/6305/1363 4644/5609/4644
f 2188/2362/2188 3044/3353/3044 1263/1343/1263
f 4669/5664/4669 3625/4055/3625 2733/2972/2733
f 2488/2690/2488 513/552/513 3809/4282/3809
f 2074/2232/2074 827/887/827 2075/2233/2075
f 1028/1098/1028 592/635/592 591/634/591
f 1189/1264/1189 784/841/784 786/843/786
f 1482/1580/1482 1484/1582/1484 2225/2400/2225
f 2335/3181/2335 2740/2982/2740 1197/6250/1197
f 4085/4674/4085 2651/2875/2651 2650/2874/2650
f 626/669/626 3020/3322/3020 4054/4632/4054
f 617/660/617 1886/2029/1886 1609/1724/1609
f 4774/5865/4774 4168/4805/4168 2575/2785/2575
f 3866/4357/3866 4042/4610/4042 3867/4358/3867
f 4228/6283/4228 627/670/627 4053/4631/4053
f 3553/3966/3553 3292/3640/3292 4559/6306/4559
f 490/527/490 689/734/689 491/528/491
f 1631/1748/1631 1630/1747/1630 4943/6307/4943
f 3262/3608/3262 3264/3610/3264 945/2903/945
f 2443/2639/2443 2435/2631/2435 2444/2640/2444
f 3999/4541/3999 4241/4931/4241 279/287/279
f 3821/6308/3821 4077/4665/4077 1021/1091/1021
f 760/814/760 1621/1737/1621 761/815/761
f 4526/5402/4526 3605/4032/3605 4462/5293/4462
f 4944/6309/4944 4439/5262/4439 4438/5261/4438
f 3860/4345/3860 816/874/816 4118/4728/4118
f 4683/6310/4683 219/6311/219 4151/4774/4151
f 535/575/535 537/577/537 400/430/400
f 4939/6289/4939 4222/4893/4222 399/429/399
f 4863/6064/4863 4437/5260/4437 4439/5262/4439
f 3966/4489/3966 4118/4728/4118 4208/4872/4208
f 2269/2448/2269 1156/1229/1156 2270/2449/2270
f 1307/6312/1307 1309/3879/1309 1232/1307/1232
f 3844/4323/3844 3088/3405/3088 613/656/613
f 2846/3106/2846 2847/3107/2847 4919/6226/4919
f 3951/4472/3951 3902/4406/3902 3916/4422/3916
f 3128/3449/3128 3130/3451/3130 3801/4272/3801
f 219/220/219 114/114/114 113/113/113
f 882/948/882 884/950/884 905/972/905
f 927/2278/927 926/6313/926 2003/6109/2003
f 3077/3394/3077 2815/3069/2815 2859/3121/2859
f 4921/6247/4921 1630/1747/1630 4648/6314/4648
f 3654/4089/3654 4195/4848/4195 938/1006/938
f 1880/2022/1880 3073/3390/3073 2592/2802/2592
f 1123/1195/1123 3877/4372/3877 336/6315/336
f 3958/4480/3958 4915/6217/4915 3959/4481/3959
f 2800/3053/2800 2487/2689/2487 3331/4592/3331
f 2775/6316/2775 3402/4479/3402 3959/4481/3959
f 4255/4969/4255 2540/5822/2540 1238/1313/1238
f 2748/6317/2748 1574/1686/1574 1759/1887/1759
f 1184/1259/1184 4018/6100/4018 1759/1887/1759
f 2822/3076/2822 3023/3330/3023 2668/2894/2668
f 3786/4252/3786 3640/4074/3640 4527/5406/4527
f 3366/3728/3366 4689/6318/4689 2127/2295/2127
f 4885/6121/4885 3834/4310/3834 4872/6151/4872
f 3118/6319/3118 3120/4275/3120 2997/3292/2997
f 900/967/900 1467/1564/1467 1478/1576/1478
f 1713/1838/1713 1630/1747/1630 4914/6212/4914
f 3872/5182/3872 1813/6085/1813 47/5181/47
f 4583/5498/4583 4485/5334/4485 4764/5852/4764
f 4874/6102/4874 4939/6298/4939 401/6103/401
f 1442/4871/1442 815/873/815 1443/6320/1443
f 2592/2802/2592 1438/1533/1438 4400/5206/4400
f 1440/1535/1440 1028/1098/1028 1229/1304/1229
f 3263/6042/3263 675/6321/675 2834/6122/2834
f 2095/6322/2095 4882/6117/4882 4901/6248/4901
f 3983/4517/3983 4053/4631/4053 2269/2448/2269
f 4418/5233/4418 3133/3454/3133 3135/3456/3135
f 115/115/115 3632/4063/3632 1992/5477/1992
f 4572/5480/4572 4480/5387/4480 2661/2887/2661
f 688/6323/688 1520/6324/1520 3876/6325/3876
f 3145/3468/3145 2188/2362/2188 2065/2222/2065
f 4439/5262/4439 381/411/381 4038/4602/4038
f 1963/2112/1963 3074/3391/3074 2961/3250/2961
f 4770/5860/4770 1222/1297/1222 4771/5861/4771
f 4679/5697/4679 4702/5729/4702 4523/5395/4523
f 381/411/381 4439/5262/4439 4944/6309/4944
f 4690/5711/4690 4884/6119/4884 4691/5712/4691
f 2157/2330/2157 4566/5469/4566 68/68/68
f 559/600/559 1783/1914/1783 1240/1315/1240
f 3400/3771/3400 2552/2760/2552 318/335/318
f 4945/6326/4945 1087/1158/1087 1086/1157/1086
f 3690/4132/3690 2470/5002/2470 4273/5001/4273
f 4470/5305/4470 603/646/603 581/622/581
f 946/1014/946 4153/4777/4153 944/1012/944
f 519/558/519 625/668/625 1325/1408/1325
f 1623/1739/1623 1598/1710/1598 1849/1988/1849
f 545/586/545 2280/2460/2280 4006/4555/4006
f 1840/1978/1840 3786/4252/3786 1441/1536/1441
f 3929/4438/3929 2383/2572/2383 2382/2571/2382
f 4278/5011/4278 4280/5013/4280 2744/2986/2744
f 4418/5233/4418 3135/3456/3135 4935/6327/4935
f 55/55/55 54/54/54 3470/3864/3470
f 607/650/607 2218/2393/2218 4773/5864/4773
f 915/6328/915 627/670/627 4228/6283/4228
f 4055/4633/4055 2269/2448/2269 4053/4631/4053
f 872/980/872 914/982/914 898/965/898
f 3095/3413/3095 1318/1401/1318 3302/3654/3302
f 4426/5245/4426 2259/2438/2259 2780/3031/2780
f 3133/3454/3133 718/766/718 3719/4167/3719
f 885/951/885 2151/2320/2151 4632/5591/4632
f 2502/6329/2502 4296/6330/4296 3183/6331/3183
f 4946/6332/4946 713/761/713 4012/5668/4012
f 4873/6094/4873 2482/2683/2482 4861/6062/4861
f 4617/5561/4617 3014/3312/3014 4093/4686/4093
f 936/1366/936 3158/6111/3158 724/772/724
f 4055/4633/4055 1156/1229/1156 2269/2448/2269
f 2711/6333/2711 2196/5297/2196 3545/3954/3545
f 3473/5768/3473 4895/6219/4895 467/503/467
f 816/874/816 4208/4872/4208 4118/4728/4118
f 4417/5232/4417 4420/5238/4420 4477/5316/4477
f 94/94/94 1081/1152/1081 95/95/95
f 4850/6030/4850 1156/1229/1156 2961/3250/2961
f 3988/4526/3988 297/306/297 3442/3827/3442
f 1033/1103/1033 388/418/388 1034/1104/1034
f 1270/1350/1270 1203/1278/1203 1601/1715/1601
f 750/799/750 2047/6273/2047 841/901/841
f 3883/4382/3883 221/222/221 350/377/350
f 756/808/756 345/5628/345 894/961/894
f 188/189/188 1691/6334/1691 135/135/135
f 1414/1505/1414 3372/3734/3372 3287/3635/3287
f 413/443/413 4341/5105/4341 411/441/411
f 1220/1295/1220 2392/2584/2392 4819/5958/4819
f 3735/4189/3735 3737/4191/3737 4794/5913/4794
f 4890/6134/4890 4920/6227/4920 3869/4360/3869
f 4002/4550/4002 2813/6296/2813 4609/5540/4609
f 537/577/537 2463/2663/2463 406/436/406
f 740/5447/740 1953/2102/1953 741/6335/741
f 3058/3375/3058 3882/4381/3882 158/158/158
f 2793/3046/2793 2611/2827/2611 2610/2826/2610
f 3659/4095/3659 3337/3692/3337 3805/4277/3805
f 4269/6079/4269 2170/2343/2170 1289/1371/1289
f 1137/1209/1137 3424/3805/3424 4201/5217/4201
f 544/585/544 674/719/674 545/586/545
f 4418/5233/4418 2076/6336/2076 3543/4441/3543
f 1192/1267/1192 1191/1266/1191 923/991/923
f 466/502/466 1399/1490/1399 467/503/467
f 3083/3400/3083 364/394/364 4947/6337/4947
f 1156/1229/1156 4055/4633/4055 1062/1133/1062
f 1653/6338/1653 1909/2154/1909 2002/2153/2002
f 1229/1304/1229 1840/1978/1840 1441/1536/1441
f 1884/2578/1884 2389/2580/2389 2722/2961/2722
f 4354/5133/4354 3908/4413/3908 4829/5983/4829
f 1123/1997/1123 1859/1999/1859 928/996/928
f 769/6339/769 1242/6340/1242 2462/6224/2462
f 1313/1396/1313 1315/1398/1315 4239/4929/4239
f 2847/3107/2847 1209/1284/1209 1208/1283/1208
f 4775/5867/4775 1828/6039/1828 4697/5720/4697
f 4575/5487/4575 434/6341/434 4643/5608/4643
f 1532/1640/1532 3865/4356/3865 3755/4214/3755
f 4008/4560/4008 785/842/785 3464/6342/3464
f 3428/3809/3428 2968/3257/2968 3429/3810/3429
f 3998/5411/3998 4531/5410/4531 1683/1802/1683
f 4056/5162/4056 3670/4109/3670 4820/6163/4820
f 3307/3659/3307 3556/3969/3556 2710/2947/2710
f 2821/3075/2821 2820/3074/2820 4147/4768/4147
f 4757/5835/4757 4500/5357/4500 4600/5862/4600
f 4915/6217/4915 3958/4480/3958 4244/4936/4244
f 2741/2983/2741 944/1012/944 4153/4777/4153
f 282/290/282 281/289/281 979/1048/979
f 2495/6343/2495 3177/6344/3177 2083/6345/2083
f 4155/4779/4155 4491/5340/4491 4514/5383/4514
f 2647/2871/2647 285/6346/285 3681/4123/3681
f 1105/1177/1105 3509/3914/3509 3295/3913/3295
f 2740/2982/2740 2465/3182/2465 2741/2983/2741
f 3630/4061/3630 3744/4199/3744 3631/4062/3631
f 3869/4360/3869 4920/6227/4920 2847/3107/2847
f 318/335/318 3746/4202/3746 319/336/319
f 155/155/155 343/366/343 156/156/156
f 4071/6347/4071 513/552/513 2488/2690/2488
f 3801/4272/3801 4819/5958/4819 3128/3449/3128
f 4830/6267/4830 135/1815/135 1692/1814/1692
f 4053/4631/4053 627/670/627 4054/4632/4054
f 4770/5860/4770 2393/2585/2393 1220/1295/1220
f 3077/3394/3077 2869/3467/2869 2815/3069/2815
f 3301/5051/3301 2351/2536/2351 2718/2957/2718
f 552/593/552 2734/2973/2734 857/920/857
f 2196/2370/2196 2711/6348/2711 2194/2368/2194
f 4400/5206/4400 1437/1532/1437 4944/6309/4944
f 2636/6349/2636 1442/6350/1442 4187/6351/4187
f 3293/3641/3293 3292/3640/3292 2959/3248/2959
f 3869/4360/3869 4706/5737/4706 4759/5837/4759
f 4897/6152/4897 1195/1270/1195 1197/1272/1197
f 2556/2764/2556 2299/3963/2299 2064/2221/2064
f 4599/5522/4599 3627/5611/3627 2229/5692/2229
f 4778/5877/4778 2635/5876/2635 2634/4835/2634
f 4874/6102/4874 3759/4218/3759 4176/4814/4176
f 422/452/422 1845/1984/1845 420/450/420
f 1736/6086/1736 2555/6087/2555 3341/3698/3341
f 2063/6097/2063 731/6352/731 730/3778/730
f 3814/4288/3814 4948/6353/4948 3815/4289/3815
f 3869/4360/3869 2847/3107/2847 1208/1283/1208
f 2997/3292/2997 3120/4275/3120 3415/3794/3415
f 1477/1575/1477 1467/1564/1467 1283/1364/1283
f 1222/1297/1222 4770/5860/4770 1220/1295/1220
f 4044/4615/4044 1199/1274/1199 2667/2893/2667
f 1963/2112/1963 382/412/382 2591/2801/2591
f 1691/1813/1691 267/4656/267 1692/1814/1692
f 4802/5926/4802 4498/5355/4498 3493/3892/3493
f 1568/1679/1568 1569/1680/1569 2613/2829/2613
f 564/605/564 273/281/273 272/280/272
f 3542/3951/3542 2075/2233/2075 3259/3605/3259
f 88/6354/88 1629/5666/1629 4670/5665/4670
f 2537/2743/2537 2444/2640/2444 1693/1816/1693
f 4813/5950/4813 3831/4307/3831 4808/5937/4808
f 4291/5031/4291 2167/2340/2167 4943/6307/4943
f 4578/5492/4578 4245/4937/4245 2578/2788/2578
f 4388/5192/4388 3818/4293/3818 1830/5163/1830
f 3158/3483/3158 846/907/846 637/681/637
f 3865/4356/3865 3524/3931/3524 3755/4214/3755
f 1050/1121/1050 1128/6206/1128 1051/1122/1051
f 862/925/862 1286/1368/1286 1043/1114/1043
f 4943/6307/4943 2167/2340/2167 1631/1748/1631
f 1665/1783/1665 880/946/880 4460/5936/4460
f 3620/4050/3620 3722/4171/3722 3360/3720/3360
f 3536/5542/3536 4189/4842/4189 3727/6355/3727
f 4758/5836/4758 4890/6134/4890 4759/5837/4759
f 3173/3500/3173 892/959/892 801/859/801
f 1682/1801/1682 1643/1761/1643 1602/1716/1602
f 3961/4483/3961 4794/5913/4794 3737/4191/3737
f 1333/1416/1333 3259/3605/3259 826/886/826
f 1012/1081/1012 287/296/287 4219/4890/4219
f 2191/2365/2191 620/663/620 3679/4120/3679
f 4195/4848/4195 554/595/554 200/201/200
f 3532/3940/3532 272/280/272 2580/2790/2580
f 563/604/563 3608/4035/3608 1014/1083/1014
f 2330/2513/2330 1994/2145/1994 2443/2639/2443
f 2076/2234/2076 2075/2233/2075 3542/3951/3542
f 3155/3480/3155 1024/1094/1024 1023/1093/1023
f 947/1015/947 949/1017/949 2571/2780/2571
f 851/912/851 994/5074/994 852/913/852
f 795/852/795 2832/3090/2832 796/853/796
f 1639/1757/1639 1638/1756/1638 1368/1455/1368
f 3402/4479/3402 1702/6160/1702 3494/3893/3494
f 1319/1402/1319 1091/1162/1091 1639/1757/1639
f 3899/4403/3899 2279/2459/2279 3112/3433/3112
f 3738/4192/3738 3726/4175/3726 3645/4079/3645
f 3719/6091/3719 166/167/166 4591/6023/4591
f 2280/2460/2280 4361/5143/4361 2131/2299/2131
f 2386/2575/2386 4037/4600/4037 1661/1779/1661
f 3056/3371/3056 1847/1986/1847 1846/1985/1846
f 4072/4659/4072 3130/3451/3130 3129/3450/3129
f 3677/4118/3677 168/169/168 167/168/167
f 3565/6356/3565 2937/6357/2937 2724/6358/2724
f 3828/4304/3828 2009/2161/2009 3353/3712/3353
f 1953/2102/1953 3332/3687/3332 1954/2103/1954
f 3249/3594/3249 3141/3463/3141 1588/1700/1588
f 4822/5966/4822 4818/5957/4818 2393/2585/2393
f 2638/2860/2638 712/760/712 711/759/711
f 3860/4345/3860 3960/4482/3960 2519/2723/2519
f 732/780/732 1421/1512/1421 4911/6201/4911
f 4513/5382/4513 1875/2017/1875 4403/5210/4403
f 417/447/417 3684/4126/3684 2345/2530/2345
f 4886/6123/4886 3853/6359/3853 2548/6124/2548
f 4551/5439/4551 4365/5151/4365 3330/3685/3330
f 3466/3859/3466 3592/4016/3592 3484/3881/3484
f 1892/2035/1892 2261/2440/2261 1613/1728/1613
f 599/642/599 3705/4148/3705 3614/4043/3614
f 1937/2084/1937 320/337/320 322/339/322
f 4890/6134/4890 3869/4360/3869 4759/5837/4759
f 4070/4657/4070 4445/5268/4445 4071/4658/4071
f 3869/4360/3869 3870/4361/3870 4706/5737/4706
f 2397/2589/2397 2328/2511/2328 646/690/646
f 2746/2992/2746 2538/2744/2538 2537/2743/2537
f 2293/4316/2293 1592/1704/1592 1591/1703/1591
f 1210/1285/1210 1209/1284/1209 2546/2753/2546
f 4759/5837/4759 4706/5737/4706 3790/4257/3790
f 1034/1104/1034 115/115/115 1991/5174/1991
f 3066/3383/3066 2632/2850/2632 2363/2549/2363
f 1866/2008/1866 4519/5391/4519 1867/2009/1867
f 3603/4027/3603 77/77/77 76/76/76
f 625/668/625 627/670/627 917/1644/917
f 1401/1492/1401 1402/1493/1402 4729/5785/4729
f 1851/1990/1851 171/172/171 1573/1684/1573
f 2337/2521/2337 149/149/149 148/148/148
f 4692/5713/4692 2077/2239/2077 2079/2241/2079
f 4692/5713/4692 2079/2241/2079 2463/2663/2463
f 1028/1098/1028 1230/1305/1230 1229/1304/1229
f 3961/4483/3961 955/1024/955 4436/5259/4436
f 871/1249/871 2687/2918/2687 869/2917/869
f 4071/6347/4071 4445/6360/4445 513/552/513
f 2101/2266/2101 2307/2490/2307 2339/2524/2339
f 1451/1547/1451 1453/1549/1453 2966/3255/2966
f 3870/6361/3870 4886/6123/4886 4949/6362/4949
f 2405/2598/2405 2417/2610/2417 2185/2358/2185
f 1586/1698/1586 4425/5475/4425 4424/6363/4424
f 4391/5195/4391 1216/1291/1216 1215/1290/1215
f 2812/6216/2812 2975/3265/2975 2974/3264/2974
f 3210/3544/3210 2083/2247/2083 1651/1769/1651
f 380/410/380 4804/5929/4804 4770/5860/4770
f 1432/1527/1432 2677/4839/2677 4138/4757/4138
f 2392/2584/2392 2393/2585/2393 4818/5957/4818
f 4484/5332/4484 1506/1610/1506 1505/1609/1505
f 778/833/778 3592/4016/3592 1379/1467/1379
f 382/412/382 1963/2112/1963 1061/1132/1061
f 3129/3450/3129 4135/4752/4135 4134/4751/4134
f 388/418/388 4309/5061/4309 389/419/389
f 4078/4667/4078 4168/4805/4168 4726/5782/4726
f 542/583/542 4442/6364/4442 1900/2044/1900
f 2975/3265/2975 4830/6285/4830 4943/6307/4943
f 3553/3966/3553 2390/2582/2390 2959/3248/2959
f 325/342/325 4931/6365/4931 3675/6366/3675
f 1208/1283/1208 3853/4332/3853 3870/4361/3870
f 586/3856/586 945/2903/945 4281/6367/4281
f 233/234/233 415/445/415 234/235/234
f 2190/2364/2190 390/420/390 392/422/392
f 4804/5929/4804 4822/5966/4822 2393/2585/2393
f 3380/3742/3380 2855/3117/2855 1298/1380/1298
f 3113/3434/3113 3112/3433/3112 2279/2459/2279
f 3559/3973/3559 130/130/130 132/132/132
f 520/559/520 519/558/519 1326/1409/1326
f 433/464/433 3266/3612/3266 3771/4232/3771
f 4559/6306/4559 705/753/705 1631/6368/1631
f 1986/2136/1986 1882/2024/1882 1881/2023/1881
f 3555/3968/3555 4214/4883/4214 2624/2842/2624
f 2509/2981/2509 2418/6231/2418 2574/2784/2574
f 3860/4345/3860 4671/5671/4671 816/874/816
f 1909/2154/1909 1862/2004/1862 1861/2003/1861
f 67/67/67 4522/5394/4522 2157/2330/2157
f 1727/1852/1727 2487/5452/2487 1725/1850/1725
f 4430/5252/4430 631/675/631 460/496/460
f 1595/1707/1595 1594/1706/1594 1641/1759/1641
f 2512/2716/2512 1611/1726/1611 2165/2338/2165
f 586/3856/586 4362/6369/4362 3262/3608/3262
f 4636/5759/4636 4172/5642/4172 4660/5645/4660
f 2393/2585/2393 4770/5860/4770 4804/5929/4804
f 2727/2966/2727 3871/4362/3871 4341/5105/4341
f 2892/3961/2892 3885/4384/3885 4949/6370/4949
f 3162/3488/3162 3583/4007/3583 4772/5863/4772
f 477/514/477 567/608/567 569/610/569
f 3007/3305/3007 411/441/411 3871/4362/3871
f 1849/1988/1849 1965/2114/1965 1848/1987/1848
f 2818/3072/2818 4568/5471/4568 3733/4186/3733
f 3939/5573/3939 4467/5302/4467 4622/5574/4622
f 2079/2241/2079 2078/2240/2078 406/436/406
f 3241/3581/3241 3201/3535/3201 3200/3534/3200
f 910/6371/910 2011/6372/2011 1596/6373/1596
f 405/435/405 401/431/401 400/430/400
f 462/498/462 464/500/464 4499/5356/4499
f 3973/4498/3973 4595/5516/4595 4249/4950/4249
f 2117/2285/2117 2908/3180/2908 949/1017/949
f 3180/3509/3180 2802/3055/2802 3027/3334/3027
f 468/4247/468 2715/2953/2715 752/1933/752
f 2334/2518/2334 4277/5010/4277 1733/1858/1733
f 2786/3039/2786 1231/1306/1231 1230/1305/1230
f 4277/5010/4277 2062/2219/2062 1734/1859/1734
f 2747/2993/2747 4948/6353/4948 228/229/228
f 816/874/816 4671/5671/4671 814/872/814
f 2346/5622/2346 1434/1529/1434 1996/2147/1996
f 2110/2277/2110 3087/3404/3087 3274/3752/3274
f 2848/3108/2848 1062/1133/1062 4055/4633/4055
f 3790/4257/3790 547/588/547 4758/5836/4758
f 4830/6285/4830 1692/5032/1692 4943/6307/4943
f 2622/2840/2622 2621/2839/2621 3601/4025/3601
f 512/551/512 4671/5671/4671 3808/4281/3808
f 3128/3449/3128 4818/5957/4818 4135/4752/4135
f 3815/4289/3815 4557/5449/4557 4558/5450/4558
f 498/535/498 3526/3933/3526 3828/4304/3828
f 2675/2902/2675 944/2904/944 4344/5114/4344
f 3046/3359/3046 1050/1121/1050 2919/3199/2919
f 4769/6038/4769 3963/4485/3963 3962/4484/3962
f 4692/5713/4692 2708/2945/2708 2702/2938/2702
f 1691/6334/1691 188/189/188 208/209/208
f 3133/3454/3133 4434/5257/4434 3134/3455/3134
f 1755/6070/1755 1723/1848/1723 4742/5807/4742
f 3831/4307/3831 3859/4344/3859 3832/4308/3832
f 4823/5967/4823 3072/3389/3072 4135/4752/4135
f 4783/5885/4783 639/683/639 812/870/812
f 4873/6094/4873 4861/6062/4861 4808/5937/4808
f 1389/1480/1389 1438/1533/1438 384/414/384
f 1349/5425/1349 3633/6374/3633 4539/5424/4539
f 408/438/408 410/440/410 3574/3997/3574
f 121/121/121 269/275/269 119/119/119
f 1644/1762/1644 2396/4259/2396 1645/1763/1645
f 3759/4218/3759 2547/2754/2547 2546/2753/2546
f 4809/6303/4809 4317/5072/4317 3054/3368/3054
f 4055/4633/4055 4054/4632/4054 2848/3108/2848
f 1622/1738/1622 376/406/376 375/405/375
f 4557/5449/4557 380/410/380 379/409/379
f 3200/3534/3200 2182/2355/2182 2181/2354/2181
f 3133/3454/3133 4418/5233/4418 718/766/718
f 536/576/536 4923/6236/4923 2463/2663/2463
f 1927/6375/1927 1926/6012/1926 3247/6011/3247
f 379/409/379 1437/1532/1437 1389/1480/1389
f 4318/5075/4318 2723/2962/2723 2389/2580/2389
f 3153/3478/3153 164/165/164 2000/2151/2000
f 4281/5015/4281 2675/5679/2675 4674/5678/4674
f 3344/3701/3344 159/159/159 4653/5632/4653
f 382/412/382 1061/1132/1061 3924/4430/3924
f 4344/5114/4344 944/2904/944 2741/5113/2741
f 2279/2459/2279 2281/2461/2281 3113/3434/3113
f 3230/4421/3230 2702/2938/2702 15/15/15
f 167/168/167 166/167/166 3719/6091/3719
f 3876/6325/3876 1018/1087/1018 4905/6185/4905
f 4818/5957/4818 4822/5966/4822 4135/4752/4135
f 1622/1738/1622 375/405/375 761/815/761
f 3952/6376/3952 1795/1926/1795 3246/6043/3246
f 4470/5305/4470 845/906/845 847/908/847
f 2317/2500/2317 2521/2725/2521 3271/3617/3271
f 4208/4872/4208 816/874/816 815/873/815
f 1689/1811/1689 269/275/269 450/484/450
f 2201/2414/2201 2239/2416/2239 4582/5497/4582
f 3206/3540/3206 253/259/253 255/261/255
f 2505/5028/2505 4177/4815/4177 4295/5040/4295
f 930/6377/930 2617/6378/2617 1705/6379/1705
f 2527/4212/2527 2241/6380/2241 330/348/330
f 3467/3861/3467 3388/3755/3388 4062/4640/4062
f 2950/3237/2950 2896/3164/2896 4842/6014/4842
f 3034/3342/3034 2914/3191/2914 3057/3374/3057
f 1748/1876/1748 4380/5176/4380 1746/1874/1746
f 671/6208/671 2593/6210/2593 315/6381/315
f 4902/6165/4902 2008/2160/2008 2924/3204/2924
f 4822/5966/4822 4804/5929/4804 4803/5928/4803
f 3925/4431/3925 3924/4430/3924 1063/1134/1063
f 4949/6382/4949 4707/5738/4707 3870/4361/3870
f 4703/5732/4703 2984/3276/2984 1102/6047/1102
f 1117/1189/1117 393/423/393 489/526/489
f 1744/1872/1744 1182/1257/1182 1181/1256/1181
f 512/551/512 3808/4281/3808 513/552/513
f 2991/3285/2991 4134/4751/4134 3072/3389/3072
f 2848/3108/2848 4054/4632/4054 3020/3322/3020
f 797/854/797 430/460/430 4472/5307/4472
f 2253/3275/2253 4950/6383/4950 4896/6384/4896
f 3007/6385/3007 2958/3247/2958 2282/2581/2282
f 3471/3865/3471 3835/6386/3835 4951/6387/4951
f 536/5951/536 526/566/526 4923/6388/4923
f 2063/6097/2063 1078/1149/1078 1077/1148/1077
f 1389/1480/1389 1390/1481/1390 4558/5450/4558
f 2017/2174/2017 3452/3841/3452 2883/3149/2883
f 3865/4356/3865 1835/1972/1835 3524/3931/3524
f 2459/2659/2459 2458/2658/2458 2284/2464/2284
f 3790/4257/3790 4706/5737/4706 4707/5738/4707
f 4952/6389/4952 814/872/814 4671/5671/4671
f 3020/3322/3020 3925/4431/3925 2848/3108/2848
f 4953/6390/4953 4954/6391/4954 300/312/300
f 4886/6123/4886 3870/6361/3870 3853/6359/3853
f 3424/4553/3424 773/6392/773 4705/5735/4705
f 3063/3380/3063 858/921/858 2735/2974/2735
f 4861/6062/4861 2897/3165/2897 4813/5950/4813
f 2852/3278/2852 2987/3280/2987 2877/6393/2877
f 3311/3663/3311 3470/3864/3470 102/102/102
f 374/404/374 1937/2084/1937 1936/2083/1936
f 4142/4761/4142 738/2043/738 737/4820/737
f 1762/4516/1762 3258/4159/3258 3209/3543/3209
f 2077/2239/2077 4692/5713/4692 3230/4421/3230
f 4804/5929/4804 380/410/380 4557/5449/4557
f 3149/3473/3149 3232/3567/3232 2776/3027/2776
f 4197/4854/4197 3493/3892/3493 4498/5355/4498
f 2569/2778/2569 3372/3734/3372 3459/3848/3459
f 2256/2435/2256 2019/5342/2019 2257/2436/2257
f 157/157/157 326/343/326 155/155/155
f 973/1042/973 4671/5671/4671 512/551/512
f 4211/4878/4211 2980/3271/2980 4212/4879/4212
f 1042/1112/1042 1286/1368/1286 1285/1367/1285
f 3112/3433/3112 4285/5021/4285 1230/1305/1230
f 4388/5192/4388 2066/2223/2066 3818/4293/3818
f 2806/3059/2806 2078/2240/2078 2077/2239/2077
f 2404/2597/2404 2327/2510/2327 889/955/889
f 4022/4579/4022 777/832/777 3100/3420/3100
f 3666/4104/3666 2034/2191/2034 3852/4331/3852
f 3063/3380/3063 985/1054/985 3829/4305/3829
f 3461/3851/3461 3384/3746/3384 2372/2559/2372
f 4134/4751/4134 2991/3285/2991 2990/3284/2990
f 655/700/655 1865/2007/1865 1864/2006/1864
f 4703/6394/4703 1103/3083/1103 1610/1725/1610
f 984/1053/984 986/1055/986 1764/1892/1764
f 4077/4665/4077 3821/6308/3821 3363/5879/3363
f 2138/2307/2138 3647/4081/3647 3646/4080/3646
f 4433/5256/4433 2345/2530/2345 3684/4126/3684
f 1078/1149/1078 1890/2033/1890 1079/1150/1079
f 2675/2902/2675 4281/6367/4281 945/2903/945
f 3376/6395/3376 3284/3632/3284 3286/3634/3286
f 1962/2111/1962 2767/3017/2767 2768/3018/2768
f 3790/4257/3790 4707/5738/4707 3791/4258/3791
f 4955/6396/4955 4823/5967/4823 4803/5928/4803
f 3858/4343/3858 3546/3955/3546 3963/4485/3963
f 4682/5690/4682 4804/5929/4804 4557/5449/4557
f 611/654/611 682/727/682 612/655/612
f 4344/5114/4344 1920/2067/1920 1919/2066/1919
f 4559/5451/4559 2167/2340/2167 2168/2341/2168
f 3701/4144/3701 3378/3740/3378 3817/4291/3817
f 4300/5047/4300 1607/1722/1607 1606/1721/1606
f 3972/4496/3972 56/56/56 55/55/55
f 1641/1759/1641 2672/2898/2672 1595/1707/1595
f 2546/2753/2546 4176/4814/4176 3759/4218/3759
f 3803/4274/3803 3834/4310/3834 4885/6121/4885
f 2987/3280/2987 2986/3279/2986 2935/3217/2935
f 2282/2581/2282 2958/3247/2958 2390/2582/2390
f 841/901/841 840/900/840 750/799/750
f 2852/3278/2852 2853/3372/2853 3057/3374/3057
f 548/589/548 2408/4630/2408 549/590/549
f 4013/4568/4013 4830/6397/4830 4014/4569/4014
f 4823/5967/4823 4955/6396/4955 3072/3389/3072
f 3019/3321/3019 3925/4431/3925 3020/3322/3020
f 1829/5965/1829 1830/5163/1830 1741/1868/1741
f 1223/1298/1223 1225/1300/1225 2772/3023/2772
f 716/764/716 1200/1275/1200 4044/4615/4044
f 3280/3626/3280 831/891/831 3933/4447/3933
f 4771/5861/4771 381/411/381 380/410/380
f 4874/6102/4874 3757/4216/3757 3759/4218/3759
f 2008/2160/2008 4522/5394/4522 1314/1397/1314
f 4682/5690/4682 4955/6396/4955 4803/5928/4803
f 4176/4814/4176 2546/2753/2546 3454/3843/3454
f 973/1042/973 4952/6389/4952 4671/5671/4671
f 973/3908/973 514/6398/514 3504/3906/3504
f 2406/5230/2406 4415/5229/4415 321/6167/321
f 1390/1481/1390 383/413/383 3813/4287/3813
f 4469/6096/4469 1918/6399/1918 3305/4471/3305
f 206/207/206 2969/3258/2969 523/563/523
f 1444/1539/1444 3408/6400/3408 1442/1537/1442
f 3247/6011/3247 95/95/95 1081/1152/1081
f 3355/3714/3355 3354/3713/3354 2985/3277/2985
f 2596/2807/2596 2595/2806/2595 3910/4415/3910
f 2795/3048/2795 4550/5438/4550 933/1001/933
f 1583/1695/1583 1882/2024/1882 1599/1711/1599
f 3845/4324/3845 562/603/562 1353/1439/1353
f 1735/1861/1735 3490/5310/3490 3489/6159/3489
f 4256/4971/4256 4674/5678/4674 3623/5677/3623
f 2702/2938/2702 2708/2945/2708 2703/2939/2703
f 3062/3379/3062 2154/2327/2154 570/611/570
f 4610/5544/4610 4137/4756/4137 2945/3669/2945
f 1471/1568/1471 4680/5688/4680 1772/1901/1772
f 3113/3434/3113 2281/2461/2281 3082/5844/3082
f 4539/5424/4539 1496/5537/1496 1236/1311/1236
f 1701/1824/1701 1926/2073/1926 2123/4188/2123
f 1625/1741/1625 1627/1743/1627 2773/3024/2773
f 790/6401/790 1094/4823/1094 766/919/766
f 3758/4217/3758 3757/4216/3757 2953/3240/2953
f 1041/1111/1041 99/99/99 1039/1109/1039
f 2328/2511/2328 2398/2590/2398 3147/3470/3147
f 3504/3906/3504 514/6398/514 4445/5268/4445
f 3623/5677/3623 3622/6402/3622 4256/4971/4256
f 516/555/516 3797/4268/3797 2899/3170/2899
f 1640/1758/1640 4057/4635/4057 1832/1969/1832
f 320/337/320 2356/2541/2356 2406/6403/2406
f 4139/5272/4139 1443/1714/1443 815/6404/815
f 3853/4332/3853 1210/1285/1210 2548/2755/2548
f 3000/3295/3000 1805/1937/1805 3156/3481/3156
f 2488/2690/2488 2177/2350/2177 4419/5236/4419
f 99/99/99 100/100/100 1252/1332/1252
f 2209/6229/2209 4423/5242/4423 4956/6405/4956
f 3721/4170/3721 1509/1613/1509 319/336/319
f 1937/2084/1937 374/404/374 2356/2541/2356
f 4615/5971/4615 2498/4607/2498 2497/6406/2497
f 1056/1127/1056 3405/3779/3405 4240/4930/4240
f 3623/4053/3623 2675/2902/2675 4344/5114/4344
f 1333/1416/1333 1332/1415/1332 3259/3605/3259
f 4676/6407/4676 3363/6408/3363 3582/6409/3582
f 773/827/773 3424/3805/3424 1136/1208/1136
f 3989/4527/3989 3302/3654/3302 3988/4526/3988
f 374/404/374 1890/2033/1890 375/405/375
f 8/8/8 3532/3940/3532 1241/1316/1241
f 1816/1949/1816 1815/1948/1815 2365/2551/2365
f 1192/1267/1192 923/991/923 394/424/394
f 3791/6410/3791 4707/6411/4707 3885/4384/3885
f 3047/3360/3047 2870/3134/2870 609/652/609
f 3101/3421/3101 2868/3131/2868 2995/3289/2995
f 2688/2919/2688 487/524/487 869/2917/869
f 4686/5838/4686 4352/5130/4352 4552/5440/4552
f 1449/1545/1449 1608/1723/1608 1582/1694/1582
f 3825/4301/3825 3434/3818/3434 8/8/8
f 1506/1610/1506 4484/5332/4484 3854/4333/3854
f 546/587/546 1527/1635/1527 1278/1358/1278
f 4056/5959/4056 4821/5961/4821 4609/5540/4609
f 1135/1207/1135 834/894/834 1136/1208/1136
f 2408/6412/2408 3791/6410/3791 3884/4383/3884
f 3968/4491/3968 3589/4013/3589 3387/3754/3387
f 3923/4429/3923 3813/4287/3813 383/413/383
f 3278/3624/3278 3101/3421/3101 2778/3029/2778
f 389/6190/389 4151/4774/4151 219/6311/219
f 4540/5426/4540 3918/4424/3918 4215/4884/4215
f 1321/1404/1321 4189/4842/4189 3536/5542/3536
f 65/65/65 2985/3277/2985 3354/3713/3354
f 3021/3323/3021 626/669/626 519/558/519
f 3290/3638/3290 3420/3800/3420 3419/3799/3419
f 3497/3896/3497 3496/3895/3496 4426/5245/4426
f 4285/5021/4285 4511/5380/4511 1230/1305/1230
f 2065/2222/2065 2299/3963/2299 3145/3468/3145
f 3551/3960/3551 3885/4384/3885 2892/3961/2892
f 4345/5115/4345 4348/5120/4348 4407/5215/4407
f 458/495/458 461/497/461 643/687/643
f 3795/4265/3795 3497/3896/3497 3155/3480/3155
f 4234/4921/4234 3962/4484/3962 820/880/820
f 4948/6353/4948 2747/2993/2747 4682/5690/4682
f 312/329/312 311/328/311 3624/4054/3624
f 213/214/213 2656/2882/2656 214/215/214
f 3925/4431/3925 3019/3321/3019 4826/5974/4826
f 3884/4383/3884 4416/5231/4416 2408/6412/2408
f 1929/2076/1929 3694/4136/3694 4140/4759/4140
f 208/4655/208 1291/6413/1291 267/4656/267
f 553/594/553 652/697/652 201/202/201
f 4955/6396/4955 2747/2993/2747 3071/3388/3071
f 4615/5555/4615 4616/5557/4616 3202/6414/3202
f 1076/1147/1076 1346/1432/1346 1027/1097/1027
f 3727/6355/3727 4189/4842/4189 3728/4841/3728
f 3476/3870/3476 3597/4021/3597 2757/3006/2757
f 616/659/616 618/661/618 855/916/855
f 3551/3960/3551 4737/5801/4737 3884/4383/3884
f 814/872/814 4952/6389/4952 4879/6415/4879
f 1018/6099/1018 1520/3834/1520 2618/2925/2618
f 2131/2299/2131 4360/5142/4360 2132/2300/2132
f 4304/6416/4304 47/47/47 2500/2703/2500
f 3309/3661/3309 4031/4590/4031 3310/3662/3310
f 4682/5690/4682 3815/4289/3815 4948/6353/4948
f 3081/3432/3081 4511/5380/4511 4285/5021/4285
f 4415/5229/4415 4416/5231/4416 4737/5801/4737
f 4419/5236/4419 4071/6347/4071 2488/2690/2488
f 3731/4184/3731 796/853/796 2833/3091/2833
f 3082/5844/3082 2281/2461/2281 365/2301/365
f 1932/2079/1932 1934/2081/1934 69/69/69
f 4546/5432/4546 4775/6295/4775 4547/5433/4547
f 3126/3447/3126 3127/3448/3127 3170/3496/3170
f 4790/5899/4790 1436/1531/1436 1435/1530/1435
f 4442/5265/4442 542/5343/542 107/107/107
f 3132/3453/3132 2880/3144/2880 4016/4571/4016
f 2823/3077/2823 2198/2372/2198 1005/3078/1005
f 913/981/913 1045/1116/1045 914/982/914
f 3039/3347/3039 1291/1373/1291 208/209/208
f 719/767/719 3543/4441/3543 4957/6417/4957
f 4139/5272/4139 814/6418/814 4879/6112/4879
f 3758/4217/3758 2547/2754/2547 3759/4218/3759
f 1129/1475/1129 1385/1474/1385 426/456/426
f 3368/3730/3368 3416/3795/3416 3804/4276/3804
f 2166/2339/2166 3399/3770/3399 3342/3699/3342
f 1281/1362/1281 187/188/187 186/187/186
f 4955/6396/4955 4682/5690/4682 2747/2993/2747
f 2792/3045/2792 4698/5724/4698 4727/5783/4727
f 228/229/228 4948/6353/4948 3814/4288/3814
f 1135/1207/1135 1377/1465/1377 834/894/834
f 3553/3966/3553 4559/6306/4559 2168/6419/2168
f 4958/6420/4958 4415/5229/4415 4959/6421/4959
f 3324/3679/3324 1132/1204/1132 997/1066/997
f 1551/1660/1551 1553/1662/1553 4198/4856/4198
f 4934/6269/4934 4446/6422/4446 2682/2912/2682
f 1040/1110/1040 633/3357/633 348/373/348
f 1044/6138/1044 913/6423/913 1139/1211/1139
f 826/886/826 4244/4936/4244 1333/1416/1333
f 3416/3795/3416 3415/3794/3415 3804/4276/3804
f 3218/3552/3218 1913/2060/1913 1626/6424/1626
f 223/224/223 222/223/222 3756/4215/3756
f 1874/2016/1874 4735/5795/4735 4095/4688/4095
f 4821/5961/4821 4820/5960/4820 1462/1558/1462
f 713/761/713 4960/6425/4960 711/759/711
f 4386/5566/4386 4961/6426/4961 3858/4343/3858
f 4264/4984/4264 4092/4685/4092 3239/3577/3239
f 4125/4740/4125 4108/4709/4108 1898/2041/1898
f 4111/4716/4111 4458/5288/4458 4913/6211/4913
f 3079/3396/3079 3155/3480/3155 3497/3896/3497
f 973/3908/973 3505/3907/3505 4520/5392/4520
f 3005/3300/3005 4250/4954/4250 3068/3385/3068
f 3893/4395/3893 1316/1399/1316 3926/4434/3926
f 585/628/585 4362/6427/4362 586/629/586
f 918/986/918 666/6292/666 919/987/919
f 4286/5023/4286 3185/4493/3185 4607/5538/4607
f 4959/6421/4959 4415/5229/4415 4737/5801/4737
f 2722/2961/2722 3566/6428/3566 1844/6429/1844
f 302/314/302 275/283/275 4360/6430/4360
f 1134/1206/1134 2656/2882/2656 1485/5596/1485
f 1558/1668/1558 2687/2918/2687 204/205/204
f 3307/3659/3307 3560/3974/3560 3556/3969/3556
f 321/6167/321 4415/5229/4415 4958/6420/4958
f 3551/3960/3551 4962/6431/4962 4737/5801/4737
f 3613/4042/3613 3873/4365/3873 3614/4043/3614
f 267/273/267 1291/1373/1291 265/271/265
f 411/441/411 3007/3305/3007 2282/2462/2282
f 1479/1577/1479 1580/1692/1580 1643/1761/1643
f 4958/6420/4958 1958/2107/1958 321/6167/321
f 180/181/180 1181/1256/1181 181/182/181
f 4064/4649/4064 1312/1394/1312 1311/1393/1311
f 4958/6420/4958 4953/6390/4953 1958/2107/1958
f 4530/5409/4530 3255/3600/3255 4240/4930/4240
f 4952/6432/4952 973/3908/973 4520/5392/4520
f 1927/2074/1927 3248/4515/3248 1118/6433/1118
f 2319/2502/2319 3097/3415/3097 2320/2503/2320
f 1277/1357/1277 1724/1849/1724 1278/1358/1278
f 718/766/718 717/765/717 3651/4085/3651
f 4187/4837/4187 1442/1537/1442 3408/6400/3408
f 2862/3124/2862 3169/3495/3169 4351/5124/4351
f 1339/1425/1339 4202/4861/4202 4169/4806/4169
f 1249/1328/1249 4775/5867/4775 4697/5720/4697
f 4010/4562/4010 4026/4584/4026 4957/6417/4957
f 161/162/161 2236/2411/2236 2602/2813/2602
f 4949/6362/4949 4886/6123/4886 4887/6125/4887
f 4959/6421/4959 4962/6431/4962 4321/5079/4321
f 4460/5936/4460 4459/6434/4459 1665/1783/1665
f 2006/2158/2006 325/342/325 2007/2159/2007
f 3937/4925/3937 3554/3967/3554 2168/6419/2168
f 3577/4000/3577 1105/1177/1105 1104/1176/1104
f 1931/2078/1931 4520/5392/4520 4832/5989/4832
f 4841/6006/4841 4221/4892/4221 4819/5958/4819
f 2991/3285/2991 3071/3388/3071 2989/3283/2989
f 1054/1125/1054 3255/3600/3255 2116/2284/2116
f 2122/2290/2122 2050/2207/2050 1515/1619/1515
f 4958/6420/4958 4959/6421/4959 4963/6435/4963
f 4013/6436/4013 4015/4866/4015 138/4865/138
f 184/185/184 4641/5602/4641 4710/5742/4710
f 3876/6325/3876 1520/6324/1520 1018/1087/1018
f 4058/4636/4058 2910/3187/2910 83/83/83
f 4910/6200/4910 4175/6437/4175 4752/6438/4752
f 4959/6421/4959 4737/5801/4737 4962/6431/4962
f 4958/6420/4958 4963/6435/4963 4953/6390/4953
f 4311/5063/4311 1683/1802/1683 4709/5741/4709
f 4377/5172/4377 734/783/734 2310/2493/2310
f 4954/6391/4954 4953/6390/4953 4963/6435/4963
f 4573/5482/4573 4826/5974/4826 4654/5633/4654
f 300/312/300 4954/6391/4954 301/313/301
f 4838/6000/4838 421/451/421 420/450/420
f 4310/5062/4310 2754/3003/2754 2357/2542/2357
f 3294/3642/3294 3271/3617/3271 2521/2725/2521
f 2163/6439/2163 2066/2223/2066 1729/1854/1729
f 93/93/93 3558/4152/3558 91/91/91
f 547/588/547 3790/4257/3790 548/589/548
f 4963/6435/4963 4959/6421/4959 4321/5079/4321
f 4362/6427/4362 585/628/585 302/314/302
f 3683/4125/3683 3182/3511/3182 3181/3510/3181
f 189/190/189 523/563/523 2969/3258/2969
f 304/473/304 340/475/340 377/805/377
f 4344/5114/4344 2464/2664/2464 1920/2067/1920
f 3905/4409/3905 2655/2881/2655 2654/2880/2654
f 2197/2371/2197 2441/2637/2441 714/762/714
f 2857/3119/2857 4817/6440/4817 4938/6282/4938
f 2772/3023/2772 4937/6277/4937 4369/5157/4369
f 3647/4081/3647 3947/6441/3947 3648/4082/3648
f 2682/2912/2682 1066/4604/1066 2680/2910/2680
f 4640/5601/4640 3496/3895/3496 3498/3897/3498
f 1015/1084/1015 1457/1553/1457 3535/3944/3535
f 1429/5908/1429 2125/2293/2125 146/146/146
f 3982/4970/3982 1081/1152/1081 4685/5703/4685
f 970/1039/970 809/867/809 404/434/404
f 2667/2893/2667 2822/3076/2822 2668/2894/2668
f 276/284/276 302/314/302 301/313/301
f 2132/2300/2132 4360/5142/4360 275/6442/275
f 112/112/112 2912/3189/2912 46/46/46
f 2201/2414/2201 965/1034/965 2553/3569/2553
f 1582/1694/1582 1608/1723/1608 1583/1695/1583
f 2441/2637/2441 715/763/715 714/762/714
f 2906/3178/2906 2120/2288/2120 2122/2290/2122
f 2829/5938/2829 4278/6443/4278 2743/5779/2743
f 372/402/372 3910/4415/3910 2595/2806/2595
f 2631/6444/2631 2635/5876/2635 4887/6125/4887
f 3370/3732/3370 3511/3917/3511 3114/3435/3114
f 2645/6445/2645 4964/6446/4964 496/6447/496
f 946/1014/946 945/1013/945 3264/4708/3264
f 2975/3265/2975 4943/6307/4943 1630/1747/1630
f 114/114/114 3768/4228/3768 3632/4063/3632
f 846/907/846 3158/3483/3158 936/1004/936
f 4954/6391/4954 4320/5078/4320 301/313/301
f 3525/3932/3525 2778/3029/2778 2777/3028/2777
f 2366/2553/2366 2405/2598/2405 1405/1496/1405
f 2323/2506/2323 2322/2505/2322 3724/4173/3724
f 1658/1776/1658 1908/2053/1908 1657/1775/1657
f 4954/6391/4954 4963/6435/4963 4320/5078/4320
f 4855/6046/4855 2984/3276/2984 64/64/64
f 4250/4954/4250 2321/2504/2321 2320/2503/2320
f 4456/5285/4456 1439/1534/1439 3786/4252/3786
f 2348/4596/2348 2350/6448/2350 2674/4946/2674
f 1965/2114/1965 1966/2115/1966 2184/2357/2184
f 4407/5215/4407 3016/3314/3016 952/1021/952
f 300/312/300 585/628/585 4953/6390/4953
f 12/12/12 2867/3130/2867 2866/3129/2866
f 4320/5078/4320 4963/6435/4963 4321/5079/4321
f 1933/2080/1933 3406/3782/3406 4139/5272/4139
f 1497/1601/1497 1579/1691/1579 1498/1602/1498
f 1227/1302/1227 1044/6138/1044 1140/1212/1140
f 120/120/120 2173/2346/2173 1881/2023/1881
f 1129/1201/1129 1131/1203/1131 1386/3159/1386
f 4344/5114/4344 1919/2066/1919 3623/4053/3623
f 1280/1360/1280 145/145/145 1686/1805/1686
f 719/767/719 4026/4584/4026 4025/4583/4025
f 4792/5906/4792 4962/6431/4962 2894/3962/2894
f 4205/4867/4205 3462/3853/3462 1523/1631/1523
f 4965/6449/4965 4870/6080/4870 4322/5080/4322
f 4815/5954/4815 4095/4688/4095 4094/4687/4094
f 2483/2684/2483 1096/1167/1096 2319/2502/2319
f 4711/6450/4711 4807/6044/4807 4282/5016/4282
f 4269/4994/4269 1143/1215/1143 3782/4246/3782
f 1107/6055/1107 641/685/641 1108/6451/1108
f 4936/6271/4936 3977/4503/3977 1290/1372/1290
f 1998/2149/1998 2972/3262/2972 1997/2148/1997
f 433/464/433 4860/6056/4860 3265/3611/3265
f 3852/4331/3852 3595/4019/3595 3594/4018/3594
f 4725/5777/4725 4953/6390/4953 585/628/585
f 921/989/921 1295/1377/1295 893/960/893
f 4707/6411/4707 4949/6370/4949 3885/4384/3885
f 111/111/111 4545/5431/4545 2498/2700/2498
f 124/124/124 126/126/126 4663/5651/4663
f 4966/6452/4966 28/28/28 1357/1443/1357
f 2041/2198/2041 4511/6453/4511 3081/3398/3081
f 4321/5079/4321 4962/6431/4962 4792/5906/4792
f 1958/2107/1958 4953/6390/4953 4725/5777/4725
f 452/6089/452 3745/4201/3745 453/5658/453
f 2918/3195/2918 430/460/430 429/459/429
f 4139/5272/4139 4879/6112/4879 1933/2080/1933
f 4825/5973/4825 4654/5633/4654 4826/5974/4826
f 3897/4401/3897 4183/4827/4183 3895/4399/3895
f 2456/4783/2456 4048/4782/4048 4023/6454/4023
f 3596/4020/3596 103/103/103 3594/4018/3594
f 4952/6432/4952 4520/5392/4520 4879/6112/4879
f 4793/5907/4793 145/145/145 1224/1361/1224
f 2570/2779/2570 3460/3849/3460 3642/4076/3642
f 148/148/148 150/150/150 2713/5778/2713
f 3097/3415/3097 1096/1167/1096 4389/5193/4389
f 748/797/748 1407/1498/1407 3503/3905/3503
f 3862/4347/3862 4825/5973/4825 3021/3323/3021
f 1957/6455/1957 322/6456/322 321/6457/321
f 4824/5968/4824 1523/1631/1523 3462/3853/3462
f 4663/5651/4663 2989/3283/2989 3071/3388/3071
f 3463/3854/3463 3862/4347/3862 518/557/518
f 3709/4153/3709 3779/4242/3779 1380/1468/1380
f 4574/5485/4574 274/282/274 2644/2866/2644
f 659/704/659 661/706/661 2630/2848/2630
f 1680/1799/1680 125/125/125 3615/4044/3615
f 870/934/870 3157/3482/3157 3667/4105/3667
f 381/411/381 4771/5861/4771 4038/4602/4038
f 4232/4917/4232 2187/2361/2187 96/96/96
f 1182/1257/1182 4165/6458/4165 3662/4099/3662
f 3648/4082/3648 2003/2155/2003 2004/2156/2004
f 32/5346/32 2375/2562/2375 2532/2738/2532
f 1106/1178/1106 2457/4580/2457 1104/1176/1104
f 4326/5085/4326 4119/4730/4119 978/1047/978
f 3514/3921/3514 4299/5360/4299 990/1059/990
f 4174/4811/4174 2594/2805/2594 4751/5828/4751
f 987/1056/987 2091/2255/2091 988/1057/988
f 4234/4921/4234 820/880/820 1733/1858/1733
f 4792/5906/4792 4854/6459/4854 2499/2701/2499
f 3755/4214/3755 3524/3931/3524 3115/3436/3115
f 864/927/864 898/965/898 1138/1210/1138
f 1879/2021/1879 4891/6136/4891 1880/2022/1880
f 2609/2825/2609 2395/6001/2395 2610/2826/2610
f 3505/3907/3505 4832/5989/4832 4520/5392/4520
f 3012/3310/3012 3013/3311/3013 4282/5016/4282
f 3861/4346/3861 1679/1798/1679 3862/4347/3862
f 1126/1198/1126 1128/1200/1128 253/259/253
f 2631/6444/2631 4887/6125/4887 2548/6124/2548
f 3575/3998/3575 2928/3210/2928 2930/3212/2930
f 4870/6080/4870 4965/6449/4965 233/234/233
f 1923/2070/1923 4705/5735/4705 772/6460/772
f 3031/3339/3031 3033/3341/3033 4782/5883/4782
f 302/314/302 276/284/276 275/283/275
f 2364/2550/2364 1781/1912/1781 3385/3748/3385
f 3511/3917/3511 703/2477/703 2294/2476/2294
f 644/688/644 2538/2744/2538 645/689/645
f 3661/5474/3661 4099/4693/4099 3469/3863/3469
f 4654/5633/4654 4825/5973/4825 1681/1800/1681
f 1375/1463/1375 2194/6461/2194 1886/2029/1886
f 3765/4225/3765 3767/4227/3767 2341/2526/2341
f 4143/4762/4143 368/398/368 6/6/6
f 3543/4441/3543 1332/4440/1332 4957/6417/4957
f 791/6462/791 847/6463/847 4167/6464/4167
f 1989/2139/1989 2996/3290/2996 3416/3795/3416
f 4176/4814/4176 4029/4588/4029 4940/6294/4940
f 3154/3479/3154 2094/2258/2094 2093/2257/2093
f 2327/2510/2327 2403/2596/2403 934/1002/934
f 770/4091/770 2400/6465/2400 768/4446/768
f 773/6392/773 772/6460/772 4705/5735/4705
f 1933/2080/1933 4879/6112/4879 1934/2081/1934
f 3040/3348/3040 2803/3056/2803 1990/2140/1990
f 772/6460/772 4966/6452/4966 1923/2070/1923
f 69/69/69 71/71/71 1932/2079/1932
f 4574/5485/4574 4888/6126/4888 366/396/366
f 3713/4160/3713 3696/4138/3696 4073/4660/4073
f 2612/2828/2612 26/26/26 3421/6466/3421
f 4298/5045/4298 4031/4590/4031 1556/1665/1556
f 1191/1266/1191 1335/1418/1335 1368/1455/1368
f 2547/2754/2547 3758/4217/3758 2630/2848/2630
f 1690/1812/1690 1689/1811/1689 3347/5398/3347
f 2023/6081/2023 4860/6056/4860 2005/2569/2005
f 3011/3309/3011 2217/2391/2217 4569/5472/4569
f 391/421/391 2064/2221/2064 392/422/392
f 3994/4532/3994 2969/3258/2969 3902/4406/3902
f 4266/4986/4266 4700/5727/4700 4956/6405/4956
f 2611/2827/2611 4011/4563/4011 2609/2825/2609
f 335/356/335 1858/1998/1858 336/357/336
f 2863/3125/2863 2862/3124/2862 2412/2605/2412
f 1389/1480/1389 4558/5450/4558 379/409/379
f 3394/3763/3394 3283/3631/3283 2510/2714/2510
f 4187/4837/4187 3408/6400/3408 14/14/14
f 4937/6277/4937 2590/6278/2590 4369/5157/4369
f 2892/3160/2892 4949/6362/4949 2893/3161/2893
f 4205/4867/4205 3861/4346/3861 3463/3854/3463
f 4698/5724/4698 2792/3045/2792 2172/2345/2172
f 2951/3238/2951 3601/4025/3601 3600/4024/3600
f 3430/3811/3430 4590/5508/4590 3571/3994/3571
f 2235/2410/2235 691/736/691 2234/2409/2234
f 3452/3841/3452 3445/3832/3445 3509/3914/3509
f 118/6467/118 1363/6468/1363 116/6469/116
f 3356/3716/3356 3861/4346/3861 4205/4867/4205
f 3318/3673/3318 1503/1607/1503 795/852/795
f 4501/5362/4501 4731/6470/4731 4331/5363/4331
f 4538/5423/4538 635/679/635 3890/4392/3890
f 2572/2781/2572 2653/2879/2653 2571/2780/2571
f 3631/4062/3631 3468/3862/3468 2024/2181/2024
f 614/657/614 1484/1582/1484 817/4966/817
f 2290/6471/2290 1757/6472/1757 1564/6473/1564
f 2407/4629/2407 939/1007/939 549/590/549
f 4802/6204/4802 4929/6253/4929 4498/6474/4498
f 3286/3634/3286 3617/6293/3617 2265/6475/2265
f 4007/4558/4007 4468/5303/4468 1553/1662/1553
f 3881/4378/3881 1606/1721/1606 4382/5455/4382
f 4919/6226/4919 1002/1071/1002 2846/3106/2846
f 3039/3347/3039 1770/1899/1770 1143/5351/1143
f 1523/1631/1523 4824/5968/4824 2041/2198/2041
f 3085/3402/3085 3482/3878/3482 3086/3403/3086
f 4525/5401/4525 3937/4453/3937 265/271/265
f 1332/1415/1332 1331/1414/1331 4010/4958/4010
f 3379/3741/3379 3700/4143/3700 2134/2303/2134
f 3760/4220/3760 4046/6476/4046 4479/5323/4479
f 4797/5917/4797 1947/2094/1947 4840/6005/4840
f 2563/2771/2563 2620/2838/2620 2730/2969/2730
f 3151/3476/3151 3512/3918/3512 3152/3477/3152
f 1980/2244/1980 1716/2099/1716 1951/2098/1951
f 4854/6045/4854 2497/5556/2497 2499/6477/2499
f 3660/4096/3660 3305/3657/3305 1918/2065/1918
f 54/54/54 808/4713/808 3470/3864/3470
f 1745/1873/1745 3028/3335/3028 4382/5455/4382
f 451/485/451 3957/4478/3957 4665/5656/4665
f 1555/1664/1555 1580/1692/1580 642/686/642
f 4809/6303/4809 501/538/501 4967/6478/4967
f 2921/3201/2921 69/69/69 1934/2081/1934
f 4900/6157/4900 2651/2875/2651 4085/4674/4085
f 4705/5735/4705 1923/2070/1923 1922/2069/1922
f 3441/3826/3441 3396/3766/3396 3395/3765/3395
f 2354/2539/2354 3782/4246/3782 1922/2069/1922
f 3537/3946/3537 4406/5213/4406 3538/3947/3538
f 2442/2638/2442 1200/1275/1200 715/763/715
f 4722/5772/4722 4406/5213/4406 4735/5795/4735
f 3174/6479/3174 2926/6480/2926 3421/6481/3421
f 1291/1373/1291 3039/3347/3039 1289/1371/1289
f 1927/6375/1927 3247/6011/3247 3248/6181/3248
f 4056/5959/4056 4609/5540/4609 2813/6296/2813
f 4816/5955/4816 71/71/71 4888/6126/4888
f 2366/2613/2366 2420/2614/2420 2445/2772/2445
f 3357/3717/3357 2921/3201/2921 1931/2078/1931
f 2200/2415/2200 86/86/86 2239/2416/2239
f 1588/1700/1588 3142/3464/3142 1586/1698/1586
f 2628/2846/2628 3468/3862/3468 2629/2847/2629
f 1376/1464/1376 4087/4677/4087 834/894/834
f 1250/1329/1250 4697/5720/4697 1020/1090/1020
f 343/366/343 344/367/344 2224/2399/2224
f 4888/6126/4888 4947/6337/4947 364/394/364
f 4205/4867/4205 1523/1631/1523 1524/1632/1524
f 1158/1231/1158 1160/1233/1160 1535/1643/1535
f 4968/6482/4968 4946/6483/4946 4969/6484/4969
f 2924/3204/2924 3176/3503/3176 4902/6165/4902
f 4554/5443/4554 4268/4993/4268 4618/5599/4618
f 493/530/493 492/529/492 2485/2686/2485
f 3664/4102/3664 2659/2885/2659 3/3/3
f 4947/6337/4947 4888/6126/4888 71/71/71
f 2041/2198/2041 3083/3400/3083 70/70/70
f 3306/3658/3306 3308/3660/3308 3535/3944/3535
f 780/836/780 754/806/754 612/837/612
f 574/615/574 576/617/576 3641/4075/3641
f 4917/6244/4917 895/962/895 1306/1388/1306
f 4966/6485/4966 772/826/772 1742/1870/1742
f 4947/6337/4947 70/70/70 3083/3400/3083
f 1976/2125/1976 1166/1239/1166 2861/3123/2861
f 3873/4365/3873 474/511/474 473/510/473
f 4256/4971/4256 1956/2105/1956 4674/5678/4674
f 3356/3716/3356 4205/4867/4205 1524/1632/1524
f 4777/5875/4777 4949/6362/4949 4887/6125/4887
f 3682/4124/3682 1700/1823/1700 1699/1822/1699
f 4858/6051/4858 4857/6050/4857 4549/5437/4549
f 29/3650/29 4970/6486/4970 588/631/588
f 3765/4225/3765 2609/5687/2609 4011/4957/4011
f 2690/2922/2690 2459/2659/2459 2797/3050/2797
f 1000/1069/1000 1002/1071/1002 4889/6133/4889
f 3000/3295/3000 3156/3481/3156 3111/3431/3111
f 1524/1632/1524 4003/4551/4003 3357/3717/3357
f 813/871/813 2856/3118/2856 4667/5659/4667
f 2805/3058/2805 1565/1675/1565 3638/4072/3638
f 4917/6221/4917 3293/3641/3293 2973/3263/2973
f 3997/4538/3997 3922/4539/3922 2925/3205/2925
f 2008/2160/2008 4902/6165/4902 2009/2161/2009
f 3617/6293/3617 229/230/229 2645/6487/2645
f 1454/1550/1454 1455/1551/1455 1620/1736/1620
f 3904/4408/3904 4030/4589/4030 4029/4588/4029
f 1998/2149/1998 2089/2253/2089 2211/2385/2211
f 997/1066/997 1132/1204/1132 2186/5397/2186
f 3439/6488/3439 3300/3651/3300 2771/3022/2771
f 1182/1257/1182 1745/1873/1745 4165/6458/4165
f 3889/4391/3889 3890/4392/3890 635/679/635
f 4670/5665/4670 4517/5389/4517 4766/6489/4766
f 897/964/897 1306/1388/1306 895/962/895
f 1404/1495/1404 623/666/623 129/129/129
f 4069/4654/4069 4115/4829/4115 2493/2695/2493
f 2391/6490/2391 412/442/412 2282/2462/2282
f 4519/5391/4519 4514/5383/4514 2146/2315/2146
f 1656/1774/1656 3244/3587/3244 3243/3586/3243
f 2997/3292/2997 3415/3794/3415 2996/3290/2996
f 3685/4127/3685 3686/4128/3686 2455/2654/2455
f 4800/6234/4800 4915/6217/4915 4508/5377/4508
f 4374/6491/4374 2566/2775/2566 2565/2774/2565
f 2150/2319/2150 4238/4927/4238 2151/2320/2151
f 34/2326/34 36/5809/36 2154/2327/2154
f 4573/5482/4573 3923/4429/3923 4826/5974/4826
f 1172/1245/1172 4132/4749/4132 3568/3991/3568
f 2553/2761/2553 1842/1981/1842 2201/5180/2201
f 447/6492/447 4787/6493/4787 448/6494/448
f 807/865/807 3125/3446/3125 4918/6225/4918
f 4753/5830/4753 4866/6069/4866 2851/5543/2851
f 4768/5858/4768 1889/2032/1889 4971/6495/4971
f 4777/5875/4777 2893/3161/2893 4949/6362/4949
f 4777/5875/4777 4887/6125/4887 2635/5876/2635
f 589/632/589 4970/6486/4970 1742/1870/1742
f 4777/5875/4777 4128/4745/4128 2893/3161/2893
f 4890/6134/4890 4889/6133/4889 4920/6227/4920
f 4559/6306/4559 3292/3640/3292 705/753/705
f 660/705/660 659/704/659 1799/5418/1799
f 2022/2179/2022 4664/6496/4664 2023/2180/2023
f 4681/5689/4681 4636/5759/4636 4660/5645/4660
f 4965/6449/4965 3653/4088/3653 233/234/233
f 4721/5770/4721 419/449/419 3945/4465/3945
f 821/881/821 3963/4485/3963 3546/3955/3546
f 4654/5633/4654 1680/1799/1680 3615/4044/3615
f 322/6497/322 1938/5893/1938 1937/6498/1937
f 587/630/587 4674/5678/4674 1956/2105/1956
f 588/631/588 590/633/590 3236/4870/3236
f 4419/5975/4419 4104/4700/4104 4072/4659/4072
f 915/983/915 4228/4906/4228 2178/2351/2178
f 4577/5491/4577 242/245/242 241/244/241
f 3958/4480/3958 3495/3894/3495 4244/4936/4244
f 3919/4425/3919 904/971/904 4073/4660/4073
f 3150/3475/3150 1531/1639/1531 1256/1336/1256
f 1416/1507/1416 1643/1761/1643 1580/1692/1580
f 3937/4453/3937 4525/5401/4525 2616/5400/2616
f 3708/4151/3708 3120/3441/3120 3119/3440/3119
f 3998/4540/3998 1685/4122/1685 989/1058/989
f 58/58/58 57/57/57 4972/6499/4972
f 4403/5210/4403 1875/2017/1875 4477/5316/4477
f 3125/3446/3125 2141/2310/2141 3123/3444/3123
f 4616/5557/4616 2497/5556/2497 4127/4744/4127
f 3652/5404/3652 167/168/167 3651/6092/3651
f 666/6292/666 3464/6342/3464 785/842/785
f 103/103/103 3913/4418/3913 104/104/104
f 2371/2558/2371 2734/2973/2734 552/593/552
f 3644/4078/3644 4133/4750/4133 1914/2061/1914
f 2225/2400/2225 3088/3405/3088 2226/2401/2226
f 4144/4763/4144 3554/3967/3554 2615/2831/2615
f 412/442/412 4896/6384/4896 4292/5033/4292
f 4500/5357/4500 1173/1246/1173 555/3646/555
f 771/825/771 833/893/833 1742/1870/1742
f 4966/6452/4966 4970/6500/4970 28/28/28
f 1575/1687/1575 748/797/748 1352/1438/1352
f 2054/2211/2054 2970/3259/2970 4224/4899/4224
f 3868/4359/3868 2878/3142/2878 1070/1141/1070
f 2524/2729/2524 1102/6501/1102 2525/2730/2525
f 2846/3106/2846 3453/3842/3453 1209/1284/1209
f 4855/6046/4855 4829/6502/4829 446/480/446
f 3533/3941/3533 1661/1779/1661 4037/4600/4037
f 2457/4580/2457 2884/3150/2884 1104/1176/1104
f 3493/3892/3493 4878/6108/4878 3492/3890/3492
f 841/901/841 890/5166/890 839/899/839
f 1000/1069/1000 4889/6133/4889 4906/6187/4906
f 3071/3388/3071 3072/3389/3072 4955/6396/4955
f 2820/3074/2820 2520/2724/2520 4262/4978/4262
f 3973/4498/3973 4025/4583/4025 4595/5516/4595
f 1938/5893/1938 322/6497/322 1374/1462/1374
f 4525/5401/4525 1291/1373/1291 3977/4503/3977
f 1674/1792/1674 1455/1551/1455 1448/1587/1448
f 1919/2066/1919 2196/6503/2196 3622/4052/3622
f 3928/4436/3928 273/281/273 4098/4692/4098
f 1917/2064/1917 3484/3881/3484 2103/2268/2103
f 3604/4028/3604 4685/5703/4685 4249/5914/4249
f 2299/6504/2299 2298/6505/2298 3145/6506/3145
f 3595/4612/3595 3975/4641/3975 3867/4358/3867
f 2130/2298/2130 4973/6507/4973 2128/2296/2128
f 1927/2074/1927 1118/6433/1118 4608/5539/4608
f 4010/4562/4010 2611/2827/2611 4026/4584/4026
f 4389/5193/4389 1206/1281/1206 3097/3415/3097
f 2438/2634/2438 2440/2636/2440 4287/5024/4287
f 288/297/288 2885/3151/2885 3391/3760/3391
f 3609/4036/3609 1016/1085/1016 3308/3660/3308
f 1119/1191/1119 3604/4028/3604 1924/2071/1924
f 1100/1171/1100 1007/1076/1007 964/1033/964
f 4896/6149/4896 2391/2583/2391 3981/4512/3981
f 1269/1349/1269 3481/3877/3481 3931/4443/3931
f 3443/3829/3443 2706/3828/2706 2085/4821/2085
f 1636/1754/1636 3836/6020/3836 3050/6508/3050
f 3647/4081/3647 2348/2533/2348 3947/6441/3947
f 770/4091/770 2401/3801/2401 2400/6465/2400
f 3748/4204/3748 2121/2289/2121 1671/1789/1671
f 4120/6509/4120 2723/2962/2723 3069/6510/3069
f 438/469/438 1694/1817/1694 436/467/436
f 4379/5175/4379 4922/6235/4922 1801/1932/1801
f 2169/2342/2169 4936/6271/4936 1290/1372/1290
f 727/6511/727 729/6075/729 1348/5513/1348
f 1684/1803/1684 2357/2542/2357 4748/5818/4748
f 4269/4994/4269 2354/2539/2354 2353/2538/2353
f 1118/6433/1118 3248/4515/3248 1119/4514/1119
f 2253/3275/2253 2983/3274/2983 4950/6383/4950
f 4896/6384/4896 412/442/412 2391/6490/2391
f 1760/1888/1760 1923/2070/1923 1357/1443/1357
f 2355/2540/2355 2354/2539/2354 1760/1888/1760
f 4099/4693/4099 1344/1430/1344 3469/3863/3469
f 1289/1371/1289 2170/2343/2170 1290/1372/1290
f 4109/4710/4109 4119/4730/4119 1597/1709/1597
f 3011/5326/3011 4368/5156/4368 852/913/852
f 3530/3938/3530 4215/4884/4215 3918/4424/3918
f 3701/4144/3701 3700/4143/3700 3378/3740/3378
f 1291/1373/1291 1290/1372/1290 3977/4503/3977
f 1331/1414/1331 3766/4226/3766 4011/4957/4011
f 916/984/916 1841/1980/1841 917/985/917
f 987/1056/987 3680/4121/3680 4699/5725/4699
f 1115/1187/1115 4448/5271/4448 2124/2292/2124
f 1936/2083/1936 1888/2031/1888 374/404/374
f 876/942/876 3483/3880/3483 1401/4108/1401
f 4128/4745/4128 4616/5557/4616 4127/4744/4127
f 353/382/353 432/463/432 349/380/349
f 3025/3332/3025 3179/3508/3179 3397/3767/3397
f 3673/4113/3673 3598/4022/3598 653/698/653
f 4186/4833/4186 4216/4885/4216 4213/4882/4213
f 694/739/694 2207/2381/2207 2262/2441/2262
f 4918/6512/4918 1253/1333/1253 808/4713/808
f 4950/6383/4950 2983/3274/2983 1376/1464/1376
f 4676/5681/4676 3582/6513/3582 4121/5986/4121
f 827/887/827 826/886/826 3259/3605/3259
f 1559/1669/1559 1560/1670/1560 1638/1756/1638
f 1632/1750/1632 1634/1752/1634 2313/2496/2313
f 742/791/742 4974/6514/4974 420/450/420
f 4974/6514/4974 2081/2245/2081 420/450/420
f 1774/1903/1774 4392/5196/4392 3289/3637/3289
f 4292/5033/4292 4896/6384/4896 4950/6383/4950
f 1249/1328/1249 1114/1186/1114 4547/5866/4547
f 414/444/414 416/446/416 3407/3783/3407
f 556/597/556 3827/4303/3827 3945/4465/3945
f 4608/5539/4608 1118/6433/1118 4776/5873/4776
f 4207/4869/4207 1925/2072/1925 2582/2792/2582
f 4853/6037/4853 3681/6057/3681 1011/1080/1011
f 4616/5557/4616 4128/4745/4128 539/579/539
f 3635/4067/3635 295/304/295 294/303/294
f 960/1029/960 2255/2579/2255 4864/6515/4864
f 2044/2201/2044 1657/1775/1657 1908/2053/1908
f 4427/5314/4427 1151/6516/1151 4327/5249/4327
f 4256/4971/4256 3622/6402/3622 2195/6517/2195
f 4006/4555/4006 2279/2459/2279 593/636/593
f 4192/4845/4192 2010/2162/2010 3828/4304/3828
f 4136/4754/4136 1499/1603/1499 1498/1602/1498
f 683/801/683 868/931/868 972/1041/972
f 4250/4954/4250 2428/2624/2428 327/344/327
f 935/3912/935 2992/3286/2992 1999/3356/1999
f 1132/1204/1132 3325/3680/3325 1133/1205/1133
f 1925/2072/1925 3770/4230/3770 1926/2073/1926
f 800/918/800 1003/1072/1003 1013/5843/1013
f 1581/1693/1581 1780/1910/1780 1300/1382/1300
f 530/570/530 2162/2335/2162 2161/2334/2161
f 2679/2908/2679 1798/6518/1798 1797/2909/1797
f 4075/4663/4075 4076/4664/4076 2209/2383/2209
f 3217/3551/3217 1328/1411/1328 1268/1348/1268
f 417/447/417 639/683/639 418/448/418
f 2904/3175/2904 2202/6519/2202 4518/5390/4518
f 280/288/280 1729/1854/1729 2066/2223/2066
f 3619/4049/3619 3840/4319/3840 3742/4197/3742
f 1374/1462/1374 322/6497/322 1957/3302/1957
f 1114/1186/1114 1113/1185/1113 4547/5866/4547
f 1315/1398/1315 4513/5382/4513 4239/4929/4239
f 2196/6503/2196 1919/2066/1919 3949/6101/3949
f 991/5535/991 4299/5046/4299 4300/5047/4300
f 4144/4763/4144 3823/4510/3823 3981/4512/3981
f 511/548/511 4971/6495/4971 1888/2031/1888
f 983/1052/983 982/1051/982 4035/4598/4035
f 4950/6383/4950 1376/1464/1376 4292/5033/4292
f 321/6520/321 1958/6521/1958 1957/6522/1957
f 1929/2076/1929 1928/2075/1928 3694/4136/3694
f 4402/5209/4402 4852/6035/4852 4785/5887/4785
f 4563/5465/4563 1296/1378/1296 2704/2940/2704
f 361/4537/361 1356/1442/1356 2982/3273/2982
f 4936/6271/4936 3823/4299/3823 3977/4503/3977
f 3819/4294/3819 3820/4295/3820 4871/6082/4871
f 4546/5432/4546 4207/4869/4207 2582/2792/2582
f 4854/6045/4854 4127/4744/4127 2497/5556/2497
f 2824/3080/2824 2068/2226/2068 2825/3081/2825
f 3300/3651/3300 3439/6488/3439 3299/3649/3299
f 2074/2232/2074 3298/3648/3298 3297/3647/3297
f 4125/4740/4125 4142/4761/4142 506/543/506
f 4283/5018/4283 3664/4102/3664 2965/3254/2965
f 1365/1452/1365 4805/5930/4805 4749/5821/4749
f 2794/3047/2794 4249/4950/4249 4595/5516/4595
f 3678/4119/3678 809/867/809 1929/2076/1929
f 1607/5359/1607 3514/3921/3514 3894/4397/3894
f 1870/2012/1870 206/207/206 190/191/190
f 3622/6402/3622 2196/6523/2196 2195/6517/2195
f 484/521/484 4620/5569/4620 3789/4256/3789
f 2733/2972/2733 2732/2971/2732 4669/5664/4669
f 4101/4695/4101 3478/3872/3478 3477/3871/3477
f 1746/1874/1746 4288/5026/4288 1747/1875/1747
f 1285/1367/1285 1287/1369/1287 1384/1473/1384
f 3446/3835/3446 4017/5530/4017 3426/3807/3426
f 4807/6044/4807 2965/6071/2965 4785/5887/4785
f 2672/2898/2672 1641/1759/1641 2841/3100/2841
f 3823/4299/3823 4936/6271/4936 3282/3630/3282
f 3150/3475/3150 2739/3324/2739 1529/1637/1529
f 1428/1523/1428 1378/1522/1378 1526/1634/1526
f 1366/1453/1366 2701/2937/2701 1597/1709/1597
f 3350/6524/3350 1936/2083/1936 1938/2085/1938
f 2371/2558/2371 552/593/552 551/592/551
f 1936/2083/1936 3350/6524/3350 511/548/511
f 3293/3641/3293 4917/6221/4917 3855/4338/3855
f 3503/3905/3503 4294/5214/4294 1352/1438/1352
f 3891/4393/3891 1135/1207/1135 4410/5219/4410
f 4144/4763/4144 2615/2831/2615 3823/4510/3823
f 3979/4505/3979 3943/4461/3943 3922/4539/3922
f 934/1002/934 3624/4054/3624 311/328/311
f 3937/4453/3937 266/272/266 265/271/265
f 1238/1313/1238 1349/5425/1349 1236/1311/1236
f 1800/1931/1800 1799/1930/1799 659/6525/659
f 336/6315/336 3955/4476/3955 334/2457/334
f 539/579/539 4778/5877/4778 540/580/540
f 2764/3014/2764 488/525/488 487/524/487
f 676/721/676 497/534/497 496/533/496
f 4351/5124/4351 4444/5267/4444 2360/2545/2360
f 1630/1747/1630 705/1749/705 4648/6314/4648
f 3597/4021/3597 1294/3850/1294 2757/3006/2757
f 4353/5131/4353 1279/1359/1279 1527/1635/1527
f 3381/3743/3381 2035/2192/2035 3665/4103/3665
f 3422/3803/3422 3329/3684/3329 3126/3447/3126
f 539/579/539 3202/6414/3202 4616/5557/4616
f 4891/6136/4891 1879/2021/1879 3540/3949/3540
f 4021/4578/4021 3587/4011/3587 2014/2171/2014
f 1827/1964/1827 2583/2793/2583 1969/2118/1969
f 1717/1842/1717 2555/6087/2555 1718/1843/1718
f 956/1025/956 3733/4186/3733 4579/5493/4579
f 129/129/129 1450/1546/1450 1489/1589/1489
f 4805/5930/4805 4460/5291/4460 879/5888/879
f 4970/6486/4970 29/3650/29 28/6526/28
f 2113/2281/2113 822/882/822 1501/1605/1501
f 3561/6202/3561 3055/6527/3055 4912/6203/4912
f 3350/3708/3350 1938/5893/1938 855/916/855
f 4296/5043/4296 1911/5767/1911 1910/5041/1910
f 3335/5826/3335 2291/3986/2291 1726/1851/1726
f 2208/2382/2208 4075/4663/4075 2209/2383/2209
f 2343/5282/2343 2127/2295/2127 4689/6318/4689
f 3481/3877/3481 454/489/454 3336/3691/3336
f 14/6528/14 3229/3564/3229 3230/3565/3230
f 686/731/686 928/6529/928 3375/3737/3375
f 2815/3132/2815 2868/3131/2868 3301/3652/3301
f 1204/1279/1204 1206/1281/1206 1829/1966/1829
f 1114/1186/1114 1249/1328/1249 1251/1330/1251
f 2323/2506/2323 3723/4172/3723 1417/1508/1417
f 4040/4608/4040 4615/5971/4615 2414/2607/2414
f 1710/1835/1710 3991/4529/3991 3992/4530/3992
f 2921/3201/2921 3357/3717/3357 4003/4551/4003
f 4608/5539/4608 2583/2793/2583 1925/2072/1925
f 1120/1192/1120 4776/6259/4776 1118/1190/1118
f 2720/3229/2720 2943/3228/2943 2721/5976/2721
f 589/632/589 588/631/588 4970/6486/4970
f 4300/6530/4300 1606/6531/1606 4661/5648/4661
f 1581/1693/1581 1583/1695/1583 1599/1711/1599
f 88/6532/88 4767/5857/4767 89/5946/89
f 3909/4414/3909 2884/3150/2884 4023/4581/4023
f 4432/5255/4432 1170/1243/1170 4166/4803/4166
f 511/548/511 510/547/510 4971/6495/4971
f 1604/1719/1604 3198/3532/3198 1603/1717/1603
f 3732/4185/3732 1718/1862/1718 1735/1861/1735
f 4236/4923/4236 3456/3845/3456 3455/3844/3455
f 4191/4844/4191 3646/4080/3646 4157/4781/4157
f 3383/3745/3383 1328/1411/1328 2372/2559/2372
f 2254/2432/2254 3981/4512/3981 3824/4511/3824
f 2864/3126/2864 2577/3012/2577 150/150/150
f 3951/4472/3951 3916/4422/3916 3787/4253/3787
f 4128/4745/4128 4778/5877/4778 539/579/539
f 1739/1866/1739 1211/1286/1211 4080/4669/4080
f 2583/2793/2583 4608/5539/4608 4776/5873/4776
f 3364/3726/3364 2355/6197/2355 1762/4516/1762
f 4306/5058/4306 4640/5601/4640 3518/3925/3518
f 4924/6533/4924 4209/6534/4209 4951/6387/4951
f 1129/1475/1129 426/456/426 428/458/428
f 1539/1648/1539 1658/4792/1658 1525/2620/1525
f 3545/4547/3545 3546/6535/3546 4000/4545/4000
f 2880/3144/2880 3131/3452/3131 3340/3696/3340
f 3634/4066/3634 1010/1079/1010 1012/1081/1012
f 4132/4749/4132 3644/4078/3644 2788/3041/2788
f 609/652/609 792/849/792 610/653/610
f 2752/3001/2752 2753/3002/2753 3301/3652/3301
f 3618/4048/3618 3520/3927/3520 3669/4107/3669
f 2838/3097/2838 3065/3382/3065 3941/4459/3941
f 3236/4870/3236 3300/3651/3300 588/631/588
f 3098/3416/3098 1206/1281/1206 1205/1280/1205
f 3108/3428/3108 4609/5540/4609 4821/5961/4821
f 4622/5574/4622 4466/5301/4466 4667/5659/4667
f 3824/4300/3824 3282/3630/3282 2964/3253/2964
f 1760/1888/1760 1762/1890/1762 2355/2540/2355
f 4867/6073/4867 1769/1898/1769 209/210/209
f 4930/6255/4930 4922/6235/4922 4379/5175/4379
f 11/11/11 1728/1853/1728 280/288/280
f 3653/4088/3653 4965/6449/4965 2499/2701/2499
f 4768/5858/4768 4971/6495/4971 510/547/510
f 429/459/429 3535/3944/3535 1457/1553/1457
f 3536/3945/3536 1764/1892/1764 986/1055/986
f 3202/6414/3202 539/579/539 1544/1653/1544
f 108/108/108 61/5846/61 3022/3327/3022
f 425/5922/425 4727/5783/4727 2842/3102/2842
f 3962/4484/3962 821/881/821 820/880/820
f 4533/5413/4533 4425/5475/4425 3142/3464/3142
f 426/456/426 3236/4870/3236 427/457/427
f 146/146/146 145/145/145 4793/5907/4793
f 429/459/429 431/461/431 3535/3944/3535
f 2737/6536/2737 1022/1092/1022 3227/3562/3227
f 4877/6107/4877 3420/6106/3420 1571/1682/1571
f 2716/2954/2716 1748/1876/1748 1747/1875/1747
f 1886/5700/1886 2194/6537/2194 3513/5701/3513
f 3350/6524/3350 509/546/509 511/548/511
f 3857/4342/3857 4000/6538/4000 3546/3955/3546
f 742/791/742 741/790/741 4974/6514/4974
f 1761/1889/1761 1760/1888/1760 4856/6049/4856
f 4613/5548/4613 2092/2256/2092 4658/5643/4658
f 4645/5610/4645 2368/6539/2368 1363/6305/1363
f 4930/6301/4930 2565/2774/2565 1799/5418/1799
f 4751/5828/4751 1967/4069/1967 3637/4071/3637
f 963/1032/963 1007/1076/1007 1009/1078/1009
f 4870/6080/4870 235/236/235 2644/2866/2644
f 4405/5212/4405 4483/5331/4483 3256/3601/3256
f 1013/5843/1013 1160/1233/1160 1159/1232/1159
f 2753/3002/2753 2749/2997/2749 2352/2733/2352
f 4159/4838/4159 4589/5507/4589 1420/1511/1420
f 4623/5576/4623 1120/1192/1120 1924/2071/1924
f 3238/3576/3238 4856/6049/4856 30/30/30
f 4087/4677/4087 2983/3274/2983 427/457/427
f 1421/1512/1421 731/779/731 2490/2692/2490
f 1869/2011/1869 1871/2013/1871 3348/3706/3348
f 4/4/4 530/570/530 5/5/5
f 1900/2044/1900 543/584/543 542/583/542
f 1178/1253/1178 1177/1252/1177 2025/2182/2025
f 108/108/108 161/3329/161 106/106/106
f 4901/6164/4901 4904/6183/4904 4061/4639/4061
f 1822/1959/1822 1903/2047/1903 1790/1921/1790
f 818/877/818 524/1593/524 4799/5921/4799
f 2416/2609/2416 3674/4115/3674 2414/2607/2414
f 3234/3570/3234 2966/3255/2966 1000/1069/1000
f 4642/5604/4642 1764/1892/1764 1763/1891/1763
f 3017/3318/3017 1979/2128/1979 414/444/414
f 602/6540/602 573/614/573 572/613/572
f 854/915/854 3350/3708/3350 855/916/855
f 4646/5612/4646 4627/5584/4627 1895/2038/1895
f 3791/4258/3791 2408/4630/2408 548/589/548
f 2978/4945/2978 4242/4934/4242 4123/4738/4123
f 2957/5889/2957 4768/5858/4768 510/547/510
f 1174/1248/1174 1175/1250/1175 2374/2561/2374
f 2318/2501/2318 2458/2658/2458 2403/2596/2403
f 4275/5004/4275 1952/2101/1952 838/2433/838
f 200/201/200 199/200/199 547/588/547
f 4969/6541/4969 929/997/929 1859/1999/1859
f 3080/3397/3080 2071/2229/2071 4060/4638/4060
f 4481/5329/4481 3051/5927/3051 4728/5784/4728
f 1303/1385/1303 203/204/203 1304/1386/1304
f 3792/4260/3792 4009/4561/4009 2395/6001/2395
f 3034/3342/3034 3057/3374/3057 2769/3373/2769
f 2772/3023/2772 4369/5157/4369 1223/1298/1223
f 709/757/709 648/692/648 1833/1970/1833
f 3661/5474/3661 1090/1161/1090 4099/4693/4099
f 2032/2189/2032 2018/2175/2018 2333/2517/2333
f 2618/2925/2618 534/574/534 1706/1830/1706
f 4246/4938/4246 4355/5134/4355 4461/5292/4461
f 67/67/67 3015/3313/3015 4522/5394/4522
f 3718/4166/3718 3635/4067/3635 3618/4048/3618
f 509/546/509 4835/5992/4835 510/547/510
f 1616/1731/1616 1832/1969/1832 4057/4635/4057
f 541/581/541 4744/5810/4744 1544/1653/1544
f 2759/3008/2759 788/3769/788 2757/3006/2757
f 709/757/709 911/978/911 910/977/910
f 1703/1827/1703 1497/1601/1497 1499/1603/1499
f 873/4678/873 427/457/427 590/633/590
f 155/155/155 505/542/505 344/367/344
f 2999/3294/2999 3041/3349/3041 2766/3016/2766
f 2931/3213/2931 314/4451/314 2932/3214/2932
f 1030/1100/1030 2927/3209/2927 1031/1101/1031
f 3042/3350/3042 1564/1674/1564 1756/1884/1756
f 4511/6453/4511 4824/5968/4824 2786/3852/2786
f 3753/4209/3753 3742/4197/3742 3707/4150/3707
f 1975/2124/1975 338/359/338 4473/5774/4473
f 1828/1965/1828 4775/6295/4775 1826/1963/1826
f 1724/1849/1724 4408/5216/4408 2834/3092/2834
f 2761/3010/2761 540/580/540 4374/5165/4374
f 1544/1653/1544 2415/5811/2415 3202/6414/3202
f 1386/1476/1386 4937/6277/4937 1385/1474/1385
f 4414/5228/4414 4329/5088/4329 4564/5466/4564
f 3876/4371/3876 4905/6542/4905 3877/4372/3877
f 4762/5850/4762 3794/5941/3794 4763/5851/4763
f 3750/4206/3750 2586/2796/2586 4720/5763/4720
f 2794/3047/2794 4624/6543/4624 4152/6544/4152
f 3195/3528/3195 3194/3527/3194 3204/3538/3204
f 969/5519/969 13/13/13 2115/2283/2115
f 3857/6545/3857 4961/6546/4961 4975/6547/4975
f 3238/3576/3238 1761/1889/1761 4856/6049/4856
f 4253/4964/4253 4259/5102/4259 3425/4962/3425
f 1164/1237/1164 4450/5276/4450 1165/1238/1165
f 3200/3534/3200 2181/2354/2181 3240/3580/3240
f 72/4219/72 3761/4221/3761 481/6548/481
f 1120/1192/1120 4623/5576/4623 4776/6259/4776
f 3628/4059/3628 3991/4529/3991 4302/5050/4302
f 4161/4796/4161 4254/5007/4254 4185/4830/4185
f 1187/1262/1187 3663/6549/3663 1188/1263/1188
f 3791/6410/3791 3885/4384/3885 3884/4383/3884
f 4624/6543/4624 2794/3047/2794 4009/4561/4009
f 3504/3906/3504 2990/3284/2990 2989/3283/2989
f 2789/3042/2789 3644/4078/3644 1913/2060/1913
f 13/13/13 968/2857/968 4187/4837/4187
f 3258/3604/3258 1761/1889/1761 4976/6550/4976
f 3975/4641/3975 3595/4612/3595 3852/6551/3852
f 4975/6552/4975 2712/6553/2712 4000/6538/4000
f 4000/6538/4000 3857/4342/3857 4975/6552/4975
f 510/547/510 4835/5992/4835 2956/6554/2956
f 428/2100/428 838/2433/838 1952/2101/1952
f 3236/4870/3236 2771/3022/2771 3300/3651/3300
f 377/407/377 755/4031/755 378/408/378
f 464/500/464 4197/4854/4197 4499/5356/4499
f 3703/4146/3703 1642/1760/1642 2011/3972/2011
f 3944/4462/3944 1381/1469/1381 3096/3414/3096
f 4413/6555/4413 4374/6491/4374 4941/6300/4941
f 4263/4982/4263 980/1049/980 4649/5620/4649
f 1761/1889/1761 3238/3576/3238 4976/6550/4976
f 977/1046/977 896/963/896 3008/3306/3008
f 326/343/326 4428/5247/4428 505/542/505
f 938/1006/938 940/1008/940 376/406/376
f 4872/6151/4872 78/78/78 4885/6121/4885
f 4855/6046/4855 4354/5994/4354 4829/6502/4829
f 2658/2884/2658 2476/2677/2476 2533/2739/2533
f 2573/2782/2573 2058/2238/2058 2309/2492/2309
f 337/358/337 3055/6527/3055 3561/6202/3561
f 3806/6556/3806 218/219/218 2400/6465/2400
f 628/6557/628 432/463/432 353/382/353
f 3572/3995/3572 1668/1786/1668 3573/3996/3573
f 4000/4545/4000 2712/6558/2712 2711/4546/2711
f 4941/6300/4941 4881/6559/4881 4972/6499/4972
f 4233/4918/4233 1005/3078/1005 2198/2372/2198
f 3963/4485/3963 2957/5567/2957 3858/4343/3858
f 294/303/294 293/302/293 3399/3770/3399
f 891/958/891 892/959/892 1009/1078/1009
f 2957/5567/2957 2956/6560/2956 4386/5566/4386
f 1358/6561/1358 1101/1220/1101 1392/1483/1392
f 4490/5372/4490 4483/5331/4483 4404/5211/4404
f 4623/5576/4623 4624/5577/4624 4932/6258/4932
f 1562/1672/1562 927/2278/927 2003/6109/2003
f 2729/2968/2729 251/257/251 2730/2969/2730
f 450/484/450 449/483/449 1941/2088/1941
f 1798/1929/1798 1570/5320/1570 1796/1927/1796
f 3939/5573/3939 3940/6562/3940 4467/5302/4467
f 4319/5077/4319 3042/3350/3042 1756/1884/1756
f 2936/3218/2936 2935/3217/2935 2986/3279/2986
f 3475/3869/3475 2757/3006/2757 788/3769/788
f 3682/4124/3682 3333/3688/3333 1461/1557/1461
f 1224/1299/1224 4786/5891/4786 4793/6563/4793
f 2160/2333/2160 2963/3252/2963 2158/2331/2158
f 4019/4576/4019 3455/3844/3455 3214/3548/3214
f 3277/3623/3277 3278/3624/3278 3534/3943/3534
f 4716/5755/4716 3936/4452/3936 2594/2805/2594
f 4748/5818/4748 4765/5853/4765 4719/5819/4719
f 1304/1386/1304 1908/2053/1908 1302/1384/1302
f 1766/1895/1766 4829/5983/4829 3908/4413/3908
f 1794/1925/1794 1793/1924/1793 3956/6184/3956
f 4894/6564/4894 509/1572/509 1474/1571/1474
f 2131/2299/2131 365/2301/365 2281/2461/2281
f 4744/5810/4744 2531/2737/2531 2415/5811/2415
f 1238/1313/1238 1330/1413/1330 1406/1497/1406
f 4744/5810/4744 541/581/541 4945/6326/4945
f 1603/1717/1603 2085/2249/2085 2706/2942/2706
f 831/891/831 1217/1292/1217 2020/2177/2020
f 2265/6475/2265 3376/6395/3376 3286/3634/3286
f 3439/3823/3439 3440/3825/3440 38/38/38
f 3399/3770/3399 3431/3812/3431 3349/3707/3349
f 4623/5576/4623 4932/6258/4932 4776/6259/4776
f 2209/6229/2209 4076/6171/4076 4423/5242/4423
f 939/1007/939 2407/4629/2407 940/1008/940
f 122/122/122 87/87/87 1080/1151/1080
f 4243/4935/4243 3495/3894/3495 4448/5271/4448
f 4679/5686/4679 3038/6565/3038 3037/5616/3037
f 4975/6547/4975 4961/6546/4961 3354/3713/3354
f 3857/4342/3857 3858/4343/3858 4961/6426/4961
f 918/986/918 667/4464/667 666/6292/666
f 1715/1840/1715 3670/4109/3670 2974/3264/2974
f 2160/4181/2160 1130/1202/1130 1952/2101/1952
f 2273/2452/2273 2691/2926/2691 2684/2914/2684
f 1833/1970/1833 1526/1634/1526 2045/2202/2045
f 4883/6118/4883 4976/6550/4976 3238/3576/3238
f 4930/6301/4930 4881/6559/4881 4941/6300/4941
f 2565/2774/2565 4941/6300/4941 4374/6491/4374
f 1449/1545/1449 1299/1381/1299 1153/1226/1153
f 541/581/541 2761/3010/2761 4945/6326/4945
f 662/707/662 3295/3913/3295 3444/3831/3444
f 1582/1694/1582 1299/1381/1299 1449/1545/1449
f 4928/6566/4928 462/6135/462 59/59/59
f 4624/6543/4624 4009/4561/4009 4910/6200/4910
f 3908/4413/3908 63/5132/63 3436/3820/3436
f 4624/6543/4624 4910/6200/4910 4932/6567/4932
f 3813/4287/3813 3815/4289/3815 1390/1481/1390
f 1536/1645/1536 262/268/262 1537/1646/1537
f 638/682/638 417/447/417 2345/2530/2345
f 3965/4488/3965 3648/4082/3648 2004/2156/2004
f 3348/3706/3348 2930/3212/2930 2784/3037/2784
f 2531/4139/2531 2291/3986/2291 2416/2609/2416
f 1280/1360/1280 1688/1807/1688 3440/3825/3440
f 4275/5004/4275 2963/4182/2963 1952/2101/1952
f 4932/6258/4932 4752/5829/4752 3637/4071/3637
f 3258/4159/3258 4976/6568/4976 3712/4158/3712
f 3439/6488/3439 2771/3022/2771 1225/1300/1225
f 1122/1194/1122 4393/5197/4393 3099/3419/3099
f 2739/3281/2739 2811/3065/2811 2620/2838/2620
f 4491/5340/4491 2146/2315/2146 4514/5383/4514
f 2035/2192/2035 3381/3743/3381 2015/2172/2015
f 4894/6564/4894 4836/6569/4836 509/1572/509
f 2956/6554/2956 4835/5992/4835 4977/6570/4977
f 4799/5921/4799 1493/1595/1493 4440/5263/4440
f 774/829/774 4928/6252/4928 58/5076/58
f 2449/2648/2449 202/203/202 2374/2561/2374
f 3536/5542/3536 986/5503/986 1322/1405/1322
f 2916/3193/2916 3057/3374/3057 2914/3191/2914
f 4413/6555/4413 4941/6300/4941 4972/6499/4972
f 230/276/230 296/305/296 332/364/332
f 4945/6326/4945 2529/2735/2529 4744/5810/4744
f 197/198/197 3583/4007/3583 445/479/445
f 1202/1277/1202 701/749/701 3396/3766/3396
f 3838/4317/3838 3943/4497/3943 2383/4351/2383
f 3226/3561/3226 3741/4195/3741 535/575/535
f 1189/1264/1189 786/843/786 1146/1218/1146
f 1265/1345/1265 2189/2363/2189 2188/2362/2188
f 1393/1484/1393 1752/1880/1752 4041/4609/4041
f 1060/1131/1060 2526/5235/2526 2037/2194/2037
f 3166/3492/3166 3153/6571/3153 2000/3355/2000
f 4054/4632/4054 627/670/627 626/669/626
f 2712/6553/2712 4975/6552/4975 3354/6572/3354
f 4247/4943/4247 3354/3713/3354 4961/6546/4961
f 1319/1402/1319 1335/1418/1335 1320/1403/1320
f 3675/4116/3675 2947/3234/2947 2946/3233/2946
f 3262/3608/3262 675/6573/675 3263/3609/3263
f 2623/2841/2623 3429/3810/3429 2968/3257/2968
f 2153/2325/2153 3052/3366/3052 3051/3365/3051
f 373/1598/373 220/6574/220 3552/3965/3552
f 4942/6302/4942 1085/1156/1085 1087/1158/1087
f 3712/6575/3712 4976/6550/4976 4883/6118/4883
f 640/684/640 1194/1269/1194 1893/2169/1893
f 1428/1523/1428 1833/1970/1833 648/692/648
f 2446/6576/2446 4303/6577/4303 1650/6578/1650
f 3513/3919/3513 2712/3715/2712 3355/3714/3355
f 3067/3384/3067 3954/4475/3954 3296/3645/3296
f 3413/3790/3413 1201/1276/1201 2938/3223/2938
f 4836/5993/4836 4977/6570/4977 4835/5992/4835
f 174/1685/174 1574/1686/1574 2748/6317/2748
f 4204/5721/4204 1021/1091/1021 1020/1090/1020
f 667/6579/667 3929/6580/3929 665/6581/665
f 2816/3070/2816 3031/3339/3031 3009/3307/3009
f 1124/1196/1124 864/927/864 4136/4754/4136
f 4881/6559/4881 58/58/58 4972/6499/4972
f 1087/1158/1087 4413/5224/4413 4942/6302/4942
f 4945/6326/4945 2761/3010/2761 1087/1158/1087
f 1021/6582/1021 4204/6583/4204 670/6584/670
f 4856/6049/4856 1357/1443/1357 30/30/30
f 4883/6118/4883 37/37/37 1688/1807/1688
f 3532/3940/3532 2580/2790/2580 2579/2789/2579
f 4752/6438/4752 4932/6567/4932 4910/6200/4910
f 2900/3171/2900 3797/4268/3797 3912/4417/3912
f 65/65/65 64/64/64 2985/3277/2985
f 1547/1656/1547 1546/1655/1546 3668/4106/3668
f 846/907/846 937/1005/937 4294/5038/4294
f 4744/5810/4744 2529/2735/2529 2531/2737/2531
f 845/906/845 581/622/581 637/681/637
f 1185/1260/1185 1320/1403/1320 1334/1417/1334
f 2060/2217/2060 3001/3296/3001 2936/3218/2936
f 25/25/25 2706/6585/2706 26/26/26
f 4064/4649/4064 1311/1393/1311 4083/4672/4083
f 1467/1564/1467 900/967/900 1284/1365/1284
f 4470/5305/4470 581/622/581 845/906/845
f 3638/4072/3638 1565/1675/1565 3043/3351/3043
f 3389/3756/3389 4933/6265/4933 4120/6264/4120
f 4855/6046/4855 64/64/64 4354/5994/4354
f 598/641/598 597/640/597 4395/5200/4395
f 2215/2389/2215 2243/2421/2243 2242/2420/2242
f 4386/5566/4386 4585/5500/4585 4961/6426/4961
f 3987/4524/3987 538/578/538 1911/5767/1911
f 4150/4773/4150 1329/6586/1329 4683/6310/4683
f 3827/4303/3827 556/597/556 3298/6587/3298
f 4545/5431/4545 111/111/111 3229/3564/3229
f 2055/2212/2055 4801/5924/4801 2056/2213/2056
f 1828/1965/1828 671/716/671 670/715/670
f 3712/4158/3712 4927/6246/4927 3339/3694/3339
f 1791/1922/1791 2174/2347/2174 2144/2313/2144
f 315/332/315 2603/3724/2603 670/715/670
f 578/6588/578 210/211/210 995/1064/995
f 4972/6499/4972 4942/6589/4942 4413/6555/4413
f 4374/5165/4374 4413/5224/4413 2761/3010/2761
f 1019/1089/1019 1021/1091/1021 4077/4665/4077
f 4786/5891/4786 1223/1298/1223 4369/5157/4369
f 2159/2332/2159 1235/6590/1235 1130/6591/1130
f 4104/4700/4104 1162/5903/1162 4791/5902/4791
f 958/1027/958 3116/3437/3116 959/1028/959
f 3792/4260/3792 1644/1762/1644 4910/6200/4910
f 3691/6592/3691 3887/6593/3887 2486/2687/2486
f 4072/4659/4072 3129/3450/3129 4134/4751/4134
f 3194/3527/3194 3196/3529/3196 2886/3152/2886
f 2125/2293/2125 2127/2295/2127 146/146/146
f 628/2837/628 629/813/629 759/812/759
f 3275/3621/3275 48/48/48 50/50/50
f 2361/2546/2361 4441/5264/4441 4088/4679/4088
f 2529/2735/2529 4945/6326/4945 1086/1157/1086
f 1130/6591/1130 2160/2333/2160 2159/2332/2159
f 950/1019/950 1556/1665/1556 4031/4590/4031
f 497/534/497 676/721/676 1706/1830/1706
f 3087/3404/3087 2626/2844/2626 3274/3752/3274
f 4977/6570/4977 4385/6594/4385 2956/6554/2956
f 4395/5200/4395 1464/1560/1464 4491/5340/4491
f 1245/1958/1245 1784/2055/1784 1559/1669/1559
f 4102/4696/4102 4175/6437/4175 2370/2557/2370
f 157/157/157 156/156/156 1855/1994/1855
f 3473/5768/3473 4836/6569/4836 4895/6219/4895
f 1159/1232/1159 1158/1231/1158 1259/1339/1259
f 1809/1942/1809 1903/2047/1903 1822/1959/1822
f 555/596/555 3298/6587/3298 556/597/556
f 3024/3331/3024 2060/2217/2060 2986/3279/2986
f 4947/6337/4947 71/71/71 70/70/70
f 399/429/399 401/431/401 4939/6289/4939
f 2824/3080/2824 1439/1534/1439 4455/5284/4455
f 2293/4316/2293 702/750/702 1592/1704/1592
f 3093/3750/3093 4504/5370/4504 3547/3956/3547
f 2409/2602/2409 942/1010/942 4435/5258/4435
f 4414/5228/4414 4866/6069/4866 4753/5830/4753
f 2731/6595/2731 3856/4368/3856 4644/5609/4644
f 260/266/260 3486/3884/3486 1777/1906/1777
f 2081/2245/2081 1086/1157/1086 4696/5719/4696
f 2889/3155/2889 3529/3937/3529 4581/5495/4581
f 63/5132/63 4247/6596/4247 4585/5500/4585
f 1019/1089/1019 3616/4628/3616 3879/4374/3879
f 704/752/704 706/754/706 2651/2875/2651
f 4385/6597/4385 4585/5500/4585 4386/5566/4386
f 1973/2122/1973 1975/2124/1975 3933/5775/3933
f 1967/4069/1967 4751/5828/4751 2593/2804/2593
f 2059/2216/2059 3001/3296/3001 2060/2217/2060
f 335/356/335 4969/6541/4969 1859/1999/1859
f 2502/2705/2502 4304/6416/4304 2500/2703/2500
f 2454/2653/2454 3914/4419/3914 2455/2654/2455
f 1645/4110/1645 3879/4374/3879 3616/4628/3616
f 2203/2377/2203 1006/1075/1006 1490/1590/1490
f 1687/6598/1687 4927/6246/4927 4883/6599/4883
f 3123/3444/3123 3257/3602/3257 3124/3445/3124
f 2211/2385/2211 1812/1945/1812 2972/3262/2972
f 4942/6589/4942 4588/5506/4588 4505/5373/4505
f 3551/3960/3551 2894/3962/2894 4962/6431/4962
f 3321/3676/3321 444/478/444 1139/1211/1139
f 147/147/147 1686/1805/1686 145/145/145
f 3472/3866/3472 4385/6594/4385 4977/6570/4977
f 4111/4716/4111 3830/4306/3830 4916/6218/4916
f 4423/5242/4423 4397/5203/4397 2858/6600/2858
f 2846/3106/2846 1001/1070/1001 3578/4001/3578
f 215/216/215 4738/5802/4738 4714/5752/4714
f 4174/4811/4174 4752/5829/4752 4175/4812/4175
f 4836/5993/4836 3473/3867/3473 4977/6570/4977
f 117/117/117 205/206/205 229/230/229
f 1441/1536/1441 3786/4252/3786 1439/1534/1439
f 2159/2332/2159 3339/3694/3339 1235/6590/1235
f 1092/1163/1092 893/960/893 1295/1377/1295
f 505/542/505 4488/5337/4488 504/541/504
f 4751/5828/4751 4752/5829/4752 4174/4811/4174
f 850/911/850 852/913/852 4368/5156/4368
f 4924/6239/4924 2447/6601/2447 3437/6237/3437
f 4716/5755/4716 2594/2805/2594 4101/4813/4101
f 4978/6602/4978 4684/6603/4684 4517/5389/4517
f 1033/1103/1033 1035/1105/1035 4043/6604/4043
f 1227/1302/1227 1154/1331/1154 1044/6138/1044
f 4852/6035/4852 2481/2682/2481 4282/5016/4282
f 1409/1500/1409 1807/1940/1807 1422/1513/1422
f 1726/1851/1726 2530/4731/2530 3621/4051/3621
f 3500/3899/3500 3499/3898/3499 4303/6605/4303
f 3621/4051/3621 2530/4731/2530 805/6606/805
f 4210/6607/4210 4385/6594/4385 3472/3866/3472
f 4926/6245/4926 1235/6590/1235 3339/3694/3339
f 1388/1479/1388 4793/6563/4793 4786/5891/4786
f 467/503/467 4895/6219/4895 465/501/465
f 4335/5097/4335 4337/5099/4337 4284/5019/4284
f 3473/3867/3473 3472/3866/3472 4977/6570/4977
f 2796/3049/2796 2270/2449/2270 4850/6030/4850
f 4873/6094/4873 4612/5547/4612 2482/2683/2482
f 4928/6566/4928 59/59/59 58/58/58
f 3108/3428/3108 3334/3689/3334 3109/3429/3109
f 2583/2793/2583 2582/2792/2582 1925/2072/1925
f 4588/5506/4588 4972/6499/4972 57/57/57
f 1811/1944/1811 1409/1500/1409 1408/1499/1408
f 4810/5940/4810 3794/5941/3794 4844/6029/4844
f 3514/3921/3514 990/1059/990 3515/3922/3515
f 1788/1919/1788 1481/1579/1481 1480/1578/1480
f 312/329/312 3624/4054/3624 2403/2596/2403
f 2942/6608/2942 4331/6609/4331 2943/6610/2943
f 3952/6611/3952 1572/6612/1572 3762/6613/3762
f 4910/6200/4910 2370/2557/2370 4175/6437/4175
f 743/6614/743 745/6615/745 162/6616/162
f 3345/3702/3345 4337/5099/4337 4510/5379/4510
f 668/713/668 522/561/522 4421/6617/4421
f 3188/3520/3188 4717/5756/4717 3449/3838/3449
f 2133/2302/2133 1588/1700/1588 1587/1699/1587
f 4979/6618/4979 4446/6619/4446 4980/6620/4980
f 4585/5500/4585 4385/6597/4385 4210/5669/4210
f 1667/2322/1667 4200/4859/4200 4851/6032/4851
f 3712/4158/3712 4883/6599/4883 4927/6246/4927
f 2228/2403/2228 1744/1872/1744 1181/1256/1181
f 518/557/518 520/559/520 2786/3852/2786
f 939/1007/939 4195/4848/4195 547/588/547
f 2621/2839/2621 2623/2841/2623 2967/3256/2967
f 2532/2738/2532 2475/2676/2475 2559/2920/2559
f 674/719/674 673/718/673 4361/5143/4361
f 3976/4501/3976 343/366/343 2223/2398/2223
f 329/347/329 716/764/716 4044/4615/4044
f 4010/4562/4010 4957/6417/4957 1332/4440/1332
f 3965/4488/3965 2004/2156/2004 2140/2309/2140
f 1976/2125/1976 517/556/517 3888/4390/3888
f 1102/6621/1102 2524/5234/2524 1060/1131/1060
f 1232/1307/1232 527/567/527 1233/1308/1233
f 4041/4609/4041 4656/5635/4656 2224/2399/2224
f 1085/1156/1085 4505/5999/4505 4696/5719/4696
f 201/202/201 200/201/200 554/595/554
f 410/440/410 4453/5279/4453 3574/3997/3574
f 3672/4112/3672 3316/3671/3316 2917/3194/2917
f 2589/5158/2589 4369/5157/4369 2590/6278/2590
f 3490/3888/3490 4473/5774/4473 338/359/338
f 4370/5159/4370 4435/5258/4435 836/896/836
f 4102/4696/4102 4101/4695/4101 4175/6437/4175
f 3494/3893/3494 3495/3894/3495 3958/4480/3958
f 3050/3364/3050 3052/3366/3052 4538/5423/4538
f 2442/2638/2442 2441/2637/2441 1264/1344/1264
f 730/3778/730 762/816/762 761/815/761
f 1755/6070/1755 4742/5807/4742 2692/2927/2692
f 3159/6622/3159 2721/5976/2721 2105/2270/2105
f 3329/3684/3329 3193/3526/3193 3076/3393/3076
f 2577/3012/2577 2713/5778/2713 150/150/150
f 709/757/709 1596/1708/1596 710/758/710
f 4431/5254/4431 325/6623/325 2946/3233/2946
f 1574/1686/1574 1111/1183/1111 1184/1259/1184
f 4272/4999/4272 1868/2010/1868 1867/2009/1867
f 1331/1414/1331 1333/1416/1333 4243/4935/4243
f 2406/6403/2406 2356/2541/2356 2407/4629/2407
f 2894/3962/2894 4854/6459/4854 4792/5906/4792
f 141/141/141 1036/1106/1036 139/139/139
f 807/865/807 2141/2310/2141 3125/3446/3125
f 4364/5150/4364 139/139/139 2205/2379/2205
f 473/510/473 600/643/600 3614/4043/3614
f 4853/6037/4853 1011/1080/1011 4843/6016/4843
f 4059/4637/4059 1150/1223/1150 4248/4947/4248
f 2944/3230/2944 193/194/193 2302/2485/2302
f 4421/5240/4421 471/508/471 668/6624/668
f 2683/2913/2683 4486/5335/4486 4631/5590/4631
f 2031/2188/2031 2375/2562/2375 2289/3457/2289
f 462/498/462 4928/6252/4928 463/499/463
f 3798/4269/3798 3613/4168/3613 3636/4068/3636
f 3492/3890/3492 3331/4592/3331 3332/6625/3332
f 4305/5057/4305 1747/1875/1747 4288/5026/4288
f 3917/4423/3917 17/17/17 570/611/570
f 4588/5506/4588 3030/3338/3030 4505/5373/4505
f 2935/3217/2935 2877/6393/2877 2987/3280/2987
f 3499/5053/3499 1697/1820/1697 4196/4852/4196
f 2265/2444/2265 687/732/687 3376/3738/3376
f 3472/3866/3472 4951/6387/4951 4209/6534/4209
f 467/503/467 1399/1490/1399 3471/5769/3471
f 22/5275/22 1235/6590/1235 4926/6245/4926
f 960/1029/960 962/1031/962 3070/6626/3070
f 4494/5349/4494 68/68/68 4566/5469/4566
f 726/774/726 863/926/863 724/772/724
f 2078/2240/2078 407/437/407 406/436/406
f 928/996/928 686/6627/686 1123/1997/1123
f 805/6606/805 804/3086/804 3621/4051/3621
f 2131/2299/2131 4361/5143/4361 4360/5142/4360
f 3471/3865/3471 4951/6387/4951 3472/3866/3472
f 233/234/233 235/236/235 4870/6080/4870
f 2221/2396/2221 4926/6245/4926 4927/6246/4927
f 4403/5210/4403 4405/5212/4405 4513/5382/4513
f 2625/2843/2625 4214/4883/4214 2698/2934/2698
f 2477/2678/2477 3100/3420/3100 2263/2442/2263
f 1131/1203/1131 1235/1310/1235 24/24/24
f 1155/1228/1155 1083/1154/1083 922/990/922
f 1237/1312/1237 1330/1413/1330 1238/1313/1238
f 217/218/217 216/217/216 4052/4627/4052
f 335/356/335 1859/1999/1859 1858/1998/1858
f 536/5951/536 4814/5953/4814 526/566/526
f 4291/5031/4291 4943/6307/4943 1692/5032/1692
f 1259/1339/1259 780/836/780 1159/1232/1159
f 4927/6246/4927 3793/4261/3793 2221/2396/2221
f 3229/3564/3229 3407/3783/3407 4545/5431/4545
f 495/6628/495 2646/2869/2646 496/2868/496
f 62/6629/62 246/252/246 542/5343/542
f 4703/6630/4703 1102/1173/1102 1103/1175/1103
f 3878/4373/3878 1707/4386/1707 3798/4269/3798
f 1955/2104/1955 2487/5452/2487 1727/1852/1727
f 2664/2890/2664 3196/3529/3196 3195/3528/3195
f 1595/1707/1595 2671/2897/2671 649/693/649
f 1532/1640/1532 1534/1642/1534 4267/4988/4267
f 2118/2286/2118 2791/3044/2791 1121/6018/1121
f 1422/1513/1422 1395/1486/1395 1409/1500/1409
f 2861/3123/2861 2863/3125/2863 1977/2126/1977
f 3862/4347/3862 1681/1800/1681 4825/5973/4825
f 1459/1555/1459 3750/4206/3750 4315/5069/4315
f 3189/3522/3189 1746/1874/1746 4380/5176/4380
f 2311/2494/2311 2413/2606/2413 2360/2545/2360
f 1029/1099/1029 2825/3081/2825 1527/1635/1527
f 3230/4421/3230 2807/3060/2807 2077/2239/2077
f 2644/2866/2644 235/236/235 4574/5485/4574
f 857/920/857 2735/2974/2735 858/921/858
f 4561/5462/4561 4376/5171/4376 2258/2437/2258
f 1427/1520/1427 4166/4803/4166 1170/1243/1170
f 168/169/168 1080/1151/1080 87/87/87
f 2412/2605/2412 736/785/736 3783/4249/3783
f 3022/3327/3022 4333/5094/4333 2237/3328/2237
f 3128/3449/3128 4135/4752/4135 3129/3450/3129
f 2762/3011/2762 2763/3013/2763 3627/4057/3627
f 646/690/646 645/689/645 2193/2367/2193
f 1955/2104/1955 741/6335/741 1953/2102/1953
f 448/6494/448 2526/2731/2526 2525/2730/2525
f 4174/4811/4174 4101/4813/4101 2594/2805/2594
f 1110/1182/1110 1183/1258/1183 1111/1183/1111
f 2081/2245/2081 4974/6514/4974 805/863/805
f 1369/1456/1369 1580/1692/1580 1555/1664/1555
f 2114/2282/2114 2482/2683/2482 2481/2682/2481
f 970/1039/970 4324/5083/4324 577/618/577
f 2435/2631/2435 2608/2822/2608 2607/2821/2607
f 2314/2497/2314 1634/1752/1634 4471/5306/4471
f 683/6631/683 972/6632/972 757/6633/757
f 4129/5695/4129 359/4585/359 4059/4637/4059
f 2221/2396/2221 3793/4261/3793 1676/1794/1676
f 4207/4869/4207 1113/5014/1113 3770/4230/3770
f 1205/1280/1205 3242/3582/3242 3807/4280/3807
f 3621/6634/3621 804/6635/804 1727/6636/1727
f 1655/1773/1655 4461/5292/4461 1656/1774/1656
f 4120/4732/4120 4875/6104/4875 3389/6637/3389
f 3436/3820/3436 4210/5669/4210 3437/3821/3437
f 384/414/384 1438/1533/1438 382/412/382
f 4162/4798/4162 853/914/853 4147/4768/4147
f 1778/1907/1778 1779/1909/1779 3188/3520/3188
f 4588/5506/4588 4942/6589/4942 4972/6499/4972
f 478/515/478 2780/3031/2780 479/516/479
f 4278/6638/4278 4880/6114/4880 4279/5536/4279
f 3041/3349/3041 3367/3729/3367 2907/3179/2907
f 3575/3998/3575 192/193/192 2928/3210/2928
f 797/854/797 4472/5307/4472 795/852/795
f 4926/6245/4926 2221/2396/2221 22/5275/22
f 892/959/892 758/811/758 1009/1078/1009
f 2059/2216/2059 2819/3073/2819 3001/3296/3001
f 4969/6541/4969 335/356/335 4968/6639/4968
f 3783/4249/3783 736/785/736 2855/3117/2855
f 4038/4602/4038 4771/5861/4771 1222/1297/1222
f 3207/3541/3207 3250/3595/3250 2135/2304/2135
f 179/180/179 4246/4938/4246 180/181/180
f 3448/4624/3448 4715/6640/4715 3477/3871/3477
f 4227/4905/4227 1468/1565/1468 1664/1782/1664
f 1031/1101/1031 2161/2334/2161 1032/1102/1032
f 4048/4620/4048 4257/4973/4257 2425/2619/2425
f 4552/5440/4552 1825/1962/1825 1873/2015/1873
f 2052/2209/2052 4194/4847/4194 2053/2210/2053
f 4569/5472/4569 2217/2391/2217 3688/4130/3688
f 4981/6641/4981 3655/6120/3655 4690/5711/4690
f 2988/3282/2988 2726/2965/2726 2697/2933/2697
f 22/22/22 3650/4084/3650 23/23/23
f 835/895/835 837/897/837 1487/1585/1487
f 1413/1504/1413 3394/3763/3394 3451/3840/3451
f 1399/1490/1399 3835/4311/3835 3471/5769/3471
f 1708/3774/1708 3980/4698/3980 3401/3772/3401
f 3663/6549/3663 699/6642/699 1188/1263/1188
f 4376/5171/4376 4378/5173/4378 4523/5395/4523
f 4087/4677/4087 1376/1464/1376 2983/3274/2983
f 783/840/783 2554/6643/2554 2553/3569/2553
f 4154/4778/4154 4617/5561/4617 4406/5213/4406
f 22/5275/22 2222/2397/2222 4982/6644/4982
f 4493/5348/4493 3059/3376/3059 194/195/194
f 1392/1483/1392 1446/1541/1446 1358/6561/1358
f 245/251/245 244/250/244 4328/5087/4328
f 229/230/229 3285/3633/3285 2731/2970/2731
f 1490/1590/1490 1492/1592/1492 2203/2377/2203
f 1022/1092/1022 4844/6017/4844 1023/1093/1023
f 2859/3121/2859 2668/2894/2668 3023/3330/3023
f 4326/5085/4326 2728/2967/2728 1367/1454/1367
f 2724/2963/2724 1568/1679/1568 2613/2829/2613
f 1188/1263/1188 1466/1563/1466 1186/1261/1186
f 4237/4926/4237 2151/2320/2151 4238/4927/4238
f 882/948/882 3822/4298/3822 883/949/883
f 684/729/684 757/810/757 310/327/310
f 2394/2644/2394 2550/2758/2550 2402/3021/2402
f 2637/2859/2637 4960/6425/4960 2128/6645/2128
f 1399/1490/1399 466/502/466 1059/1130/1059
f 1300/1382/1300 1299/1381/1299 1582/1694/1582
f 4814/6148/4814 2468/2668/2468 526/1594/526
f 3650/4084/3650 22/22/22 4982/6646/4982
f 4500/5357/4500 557/5358/557 4600/5862/4600
f 2047/2204/2047 889/955/889 841/957/841
f 421/5374/421 3030/3338/3030 422/3337/422
f 832/892/832 2019/2176/2019 4675/6647/4675
f 4878/6108/4878 4197/4854/4197 2800/3053/2800
f 3456/3845/3456 4178/4816/4178 3215/3549/3215
f 462/6135/462 4499/6648/4499 3029/3336/3029
f 2771/3022/2771 3236/4870/3236 2772/3023/2772
f 2384/2573/2384 2434/2630/2434 2385/2574/2385
f 702/750/702 2293/4316/2293 703/751/703
f 1780/1910/1780 4136/4754/4136 864/927/864
f 1970/2119/1970 4924/6533/4924 3835/6386/3835
f 499/536/499 2955/3243/2955 2940/3225/2940
f 4715/5754/4715 4450/5276/4450 4716/5755/4716
f 4901/6248/4901 4882/6117/4882 4914/6212/4914
f 3029/3336/3029 1845/6649/1845 422/3337/422
f 2342/2527/2342 1114/1186/1114 1251/1330/1251
f 2602/2813/2602 2236/2411/2236 494/6650/494
f 3268/3614/3268 3241/3581/3241 1415/1506/1415
f 364/394/364 366/396/366 4888/6126/4888
f 3090/3407/3090 2649/2873/2649 1306/6651/1306
f 4810/5940/4810 4844/6029/4844 4845/6019/4845
f 1429/1524/1429 4793/6563/4793 1388/1479/1388
f 3570/3993/3570 3716/4164/3716 3085/3402/3085
f 2932/3214/2932 4716/5755/4716 4450/5276/4450
f 3040/3348/3040 2999/3294/2999 2933/3215/2933
f 1754/1882/1754 3819/4294/3819 4893/6141/4893
f 218/219/218 3806/6556/3806 3448/3837/3448
f 185/186/185 1366/1453/1366 1365/1452/1365
f 4498/6474/4498 1845/6649/1845 4499/6648/4499
f 3417/3935/3417 2758/3874/2758 1293/1375/1293
f 1253/6173/1253 4918/6225/4918 3125/3446/3125
f 1955/6652/1955 804/6653/804 741/6654/741
f 3639/4073/3639 407/437/407 2806/3059/2806
f 4606/5533/4606 991/5535/991 4300/5047/4300
f 2227/2402/2227 1655/1773/1655 3880/4377/3880
f 2412/2605/2412 4116/4726/4116 2863/3125/2863
f 1915/6655/1915 1768/6656/1768 2073/6657/2073
f 93/2923/93 2907/3179/2907 3558/3971/3558
f 4717/5756/4717 3188/3520/3188 3187/3519/3187
f 1962/2111/1962 4169/4806/4169 2767/3017/2767
f 3947/4467/3947 1562/1672/1562 3648/6110/3648
f 1907/2052/1907 3751/4207/3751 3750/4206/3750
f 2863/3125/2863 4116/4726/4116 1430/1525/1430
f 2601/2812/2601 2726/2965/2726 2670/2896/2670
f 1675/1793/1675 2222/2397/2222 1676/1794/1676
f 1717/1842/1717 3332/3687/3332 1953/2102/1953
f 4848/6027/4848 4899/6156/4899 4849/6028/4849
f 4951/6387/4951 3835/6386/3835 4924/6533/4924
f 2125/3667/2125 1429/1524/1429 3314/3668/3314
f 659/704/659 2630/2848/2630 3758/4217/3758
f 1675/1793/1675 4756/5834/4756 2222/2397/2222
f 1805/1937/1805 1806/1939/1806 3156/3481/3156
f 196/197/196 198/199/198 2490/2692/2490
f 2931/4004/2931 2461/6223/2461 3581/4005/3581
f 2525/5092/2525 1102/6047/1102 4855/6046/4855
f 3926/4434/3926 1316/1399/1316 3094/3412/3094
f 2844/3104/2844 1971/4156/1971 1400/1491/1400
f 113/113/113 389/419/389 219/220/219
f 4504/5370/4504 1511/1615/1511 3548/3957/3548
f 742/791/742 1845/1984/1845 1847/1986/1847
f 3581/4005/3581 1242/6340/1242 4121/6658/4121
f 4851/6032/4851 4004/4552/4004 1141/1213/1141
f 1491/1591/1491 4093/4686/4093 3014/3312/3014
f 3778/4241/3778 3163/3489/3163 4772/5863/4772
f 3111/3431/3111 2994/3288/2994 3000/3295/3000
f 3373/3735/3373 1777/1906/1777 3847/4326/3847
f 2660/5624/2660 1434/1529/1434 2346/5622/2346
f 4982/6646/4982 3160/3486/3160 3650/4084/3650
f 4179/4819/4179 3895/4399/3895 4183/4827/4183
f 2118/2286/2118 4781/5882/4781 2791/3044/2791
f 4748/5818/4748 1942/5820/1942 3106/6116/3106
f 4469/6096/4469 3305/4471/3305 2588/2798/2588
f 446/6659/446 4829/5983/4829 1765/1894/1765
f 3021/3323/3021 518/557/518 3862/4347/3862
f 601/644/601 1169/1242/1169 3672/4112/3672
f 3160/6660/3160 4982/6644/4982 4756/5834/4756
f 3445/3832/3445 3451/3840/3451 3394/3763/3394
f 4096/4690/4096 4507/5376/4507 4349/5122/4349
f 219/5693/219 3552/3965/3552 220/6574/220
f 1770/6299/1770 1769/2323/1769 1141/1213/1141
f 4004/4552/4004 4201/4860/4201 3424/4553/3424
f 1171/1244/1171 1173/1246/1173 4757/5835/4757
f 14/6528/14 3408/3784/3408 3229/3564/3229
f 4225/4901/4225 3432/3814/3432 2939/3224/2939
f 1886/2029/1886 617/660/617 616/659/616
f 4224/4899/4224 1632/1750/1632 2313/2496/2313
f 4705/5735/4705 1142/1214/1142 3424/4553/3424
f 1970/2119/1970 2447/2646/2447 4924/6533/4924
f 2385/2574/2385 1838/1976/1838 3253/3598/3253
f 768/4446/768 2400/6465/2400 218/219/218
f 619/6661/619 1813/6662/1813 1667/6663/1667
f 2723/2962/2723 4933/6664/4933 4518/5824/4518
f 4606/5647/4606 4300/6530/4300 4661/5648/4661
f 2343/5282/2343 146/146/146 2127/2295/2127
f 4715/6640/4715 3448/4624/3448 1165/5488/1165
f 2132/5607/2132 275/283/275 274/282/274
f 3581/4005/3581 2462/6224/2462 1242/6340/1242
f 1697/6665/1697 3499/6666/3499 4980/6667/4980
f 286/295/286 285/294/285 4789/5898/4789
f 2927/3209/2927 5/5/5 1031/1101/1031
f 4381/5177/4381 4468/5303/4468 4007/4558/4007
f 405/435/405 407/437/407 2953/4661/2953
f 1845/6649/1845 4498/6474/4498 1846/6214/1846
f 4904/6183/4904 4921/6232/4921 4648/5617/4648
f 2375/2562/2375 1274/1354/1274 2533/2739/2533
f 1305/1387/1305 4109/4710/4109 2700/2936/2700
f 49/49/49 48/48/48 1098/1169/1098
f 1974/2123/1974 3070/3387/3070 1975/2124/1975
f 2175/2348/2175 2177/2350/2177 2488/2690/2488
f 4335/5097/4335 1553/1662/1553 4468/5303/4468
f 3132/3453/3132 4016/4571/4016 1899/2042/1899
f 3331/3686/3331 1955/2104/1955 1954/2103/1954
f 60/5000/60 62/582/62 4273/5001/4273
f 2852/3278/2852 2916/3193/2916 2986/3279/2986
f 1283/1629/1283 1358/6561/1358 1446/1541/1446
f 3936/4452/3936 2932/3214/2932 314/4451/314
f 1707/1832/1707 3784/4250/3784 3873/4365/3873
f 376/406/376 2356/2541/2356 374/404/374
f 2236/2411/2236 2237/2412/2237 4457/6668/4457
f 1872/2014/1872 2055/2212/2055 1873/2015/1873
f 3806/4278/3806 1425/1518/1425 1165/5488/1165
f 1675/6669/1675 2343/5282/2343 4689/6318/4689
f 4134/4751/4134 4070/4657/4070 4072/4659/4072
f 3502/3902/3502 3934/4449/3934 4634/5593/4634
f 3821/4296/3821 2603/3724/2603 3363/3725/3363
f 238/241/238 237/240/237 3161/3487/3161
f 4855/6046/4855 446/480/446 2525/5092/2525
f 4688/5708/4688 4756/5834/4756 4689/5709/4689
f 3249/3594/3249 2133/2302/2133 2135/2304/2135
f 2339/2524/2339 2027/2184/2027 2101/2266/2101
f 1891/2034/1891 2032/5845/2032 2240/2417/2240
f 4610/5544/4610 2945/3669/2945 3314/3668/3314
f 3567/3990/3567 555/3646/555 1173/1246/1173
f 4769/6038/4769 3962/4484/3962 4297/5044/4297
f 4894/6564/4894 1474/1571/1474 4895/6219/4895
f 2242/2420/2242 2244/2422/2244 2949/3236/2949
f 4929/6253/4929 1846/6214/1846 4498/6474/4498
f 95/95/95 3247/6011/3247 1701/6010/1701
f 1380/1468/1380 3779/4242/3779 3096/3414/3096
f 440/471/440 1528/1636/1528 1589/1701/1589
f 2537/2743/2537 644/688/644 2330/2513/2330
f 2841/3100/2841 1083/1154/1083 1155/1228/1155
f 856/917/856 766/919/766 1094/4823/1094
f 4554/5443/4554 4307/5059/4307 4268/4993/4268
f 960/1029/960 3070/6626/3070 4318/5075/4318
f 2140/2309/2140 807/865/807 4157/4781/4157
f 4802/5926/4802 3732/4185/3732 3489/6159/3489
f 3160/3486/3160 4983/6670/4983 3161/3487/3161
f 3192/6671/3192 3922/4539/3922 3943/4461/3943
f 1767/1896/1767 1766/1895/1766 4548/5435/4548
f 224/225/224 2898/3169/2898 3740/4194/3740
f 105/105/105 3084/3401/3084 3665/4103/3665
f 3160/6660/3160 4756/5834/4756 4984/6672/4984
f 4878/6108/4878 3493/3892/3493 4197/4854/4197
f 4929/6253/4929 4802/6204/4802 4912/6203/4912
f 819/879/819 3564/3982/3564 820/880/820
f 401/431/401 405/435/405 3757/4684/3757
f 178/179/178 2645/6487/2645 205/206/205
f 446/6659/446 1765/1894/1765 447/6673/447
f 3444/3831/3444 3509/3914/3509 3445/3832/3445
f 2480/2681/2480 2482/2683/2482 4612/5547/4612
f 2591/2801/2591 3074/3391/3074 1963/2112/1963
f 1843/1982/1843 1842/1981/1842 2553/2761/2553
f 4756/5834/4756 4688/5708/4688 4984/6672/4984
f 4705/5735/4705 1922/2069/1922 3782/4246/3782
f 3986/4523/3986 3107/3427/3107 3109/3429/3109
f 2451/2650/2451 2437/2633/2437 268/274/268
f 2715/2953/2715 803/861/803 752/1933/752
f 4317/6674/4317 4956/6405/4956 2858/6600/2858
f 1908/2053/1908 1304/1386/1304 2044/2201/2044
f 4907/6193/4907 3053/5527/3053 4603/5529/4603
f 3656/4092/3656 3896/4400/3896 3895/4399/3895
f 2463/2663/2463 2708/2945/2708 4692/5713/4692
f 993/1062/993 3688/4130/3688 994/1063/994
f 3994/4532/3994 3309/3661/3309 101/101/101
f 4574/5485/4574 234/235/234 1979/2128/1979
f 2429/2625/2429 2029/2186/2029 2028/2185/2028
f 375/405/375 1078/1149/1078 730/3778/730
f 2434/6675/2434 3469/6676/3469 1838/6677/1838
f 1538/5152/1538 4334/5096/4334 1536/5020/1536
f 2194/6461/2194 1375/1463/1375 2195/5589/2195
f 3160/3486/3160 4984/6678/4984 4983/6670/4983
f 2785/6004/2785 2515/2719/2515 2451/2650/2451
f 769/6339/769 2462/6224/2462 4691/5712/4691
f 2040/2197/2040 566/607/566 2557/2765/2557
f 4565/5468/4565 984/1053/984 4084/4673/4084
f 1211/1286/1211 1353/1439/1353 1212/1287/1212
f 4790/5899/4790 4827/5978/4827 2835/3094/2835
f 3607/4034/3607 4336/5098/4336 4091/4683/4091
f 289/298/289 3410/3787/3410 1916/6261/1916
f 1089/1160/1089 4494/5349/4494 4587/5502/4587
f 3161/3487/3161 4983/6670/4983 238/241/238
f 2378/2565/2378 2308/2491/2308 2307/2490/2307
f 4985/6679/4985 3711/4157/3711 4082/4671/4082
f 4451/5277/4451 941/1009/941 2143/2312/2143
f 3366/3728/3366 4265/4985/4265 4689/6318/4689
f 3655/4090/3655 770/4091/770 4884/6680/4884
f 2398/2590/2398 4773/5864/4773 2218/2393/2218
f 1089/1160/1089 3104/3424/3104 4494/5349/4494
f 1066/1137/1066 1647/6681/1647 1067/1138/1067
f 158/158/158 3260/3606/3260 3058/3375/3058
f 301/313/301 4320/5078/4320 2644/2866/2644
f 1125/1197/1125 1153/1226/1153 1299/1381/1299
f 308/324/308 488/5854/488 3174/4776/3174
f 3932/4444/3932 768/4446/768 218/219/218
f 3907/4412/3907 1767/1896/1767 1652/1770/1652
f 4884/6680/4884 770/4091/770 769/6682/769
f 3918/4424/3918 18/18/18 17/17/17
f 1972/2121/1972 1971/2120/1971 2448/2647/2448
f 1953/2102/1953 1981/5448/1981 1717/1842/1717
f 1735/1861/1735 3279/3625/3279 3490/5310/3490
f 3147/3470/3147 1809/1942/1809 1808/1941/1808
f 240/243/240 657/702/657 656/701/656
f 2845/3105/2845 3711/4157/3711 1971/4156/1971
f 4297/5095/4297 1889/2032/1889 4769/5859/4769
f 1731/6683/1731 1838/6684/1838 3469/6685/3469
f 2240/6194/2240 2032/2189/2032 2333/2517/2333
f 3336/3691/3336 3931/4443/3931 3481/3877/3481
f 2885/3151/2885 1720/1845/1720 3391/3760/3391
f 2054/2211/2054 4033/4704/4033 4126/4743/4126
f 2728/2967/2728 4410/5219/4410 4409/5218/4409
f 3172/3499/3172 3159/3721/3159 2105/6686/2105
f 1415/1506/1415 1414/1505/1414 3268/3614/3268
f 4967/6478/4967 4984/6672/4984 4688/5708/4688
f 3420/6106/3420 1424/1516/1424 2401/2593/2401
f 4792/5906/4792 2499/2701/2499 4322/5080/4322
f 3029/3336/3029 4499/6648/4499 1845/6649/1845
f 3888/4390/3888 516/555/516 1836/1973/1836
f 1922/2069/1922 1760/1888/1760 2354/2539/2354
f 4578/5492/4578 4599/5522/4599 3245/3588/3245
f 359/4585/359 4129/5695/4129 3892/4564/3892
f 4266/4986/4266 4701/5728/4701 4700/5727/4700
f 2937/3984/2937 27/4243/27 1568/6687/1568
f 2526/5235/2526 4082/4671/4082 2037/2194/2037
f 4265/5710/4265 4967/6478/4967 4688/5708/4688
f 1172/1245/1172 1171/1244/1171 1752/1880/1752
f 2556/4666/2556 3898/4402/3898 2299/2482/2299
f 337/358/337 3561/6202/3561 3491/3889/3491
f 1243/1320/1243 1228/1303/1228 1227/1302/1227
f 210/211/210 212/213/212 993/1062/993
f 1879/2021/1879 3812/4286/3812 3539/3948/3539
f 4967/6478/4967 503/540/503 4984/6672/4984
f 1670/1788/1670 3944/4462/3944 3096/3414/3096
f 4983/6670/4983 4984/6678/4984 503/6688/503
f 1972/2121/1972 2448/2647/2448 2447/2646/2447
f 4058/4636/4058 4050/4625/4050 2303/2486/2303
f 574/615/574 3642/4076/3642 3716/4164/3716
f 2432/2628/2432 2925/6689/2925 2430/2626/2430
f 3849/4328/3849 745/794/745 744/793/744
f 1883/6690/1883 1843/1982/1843 2554/2762/2554
f 769/6339/769 4691/5712/4691 4884/6119/4884
f 4493/5348/4493 194/195/194 3211/3545/3211
f 354/383/354 958/1027/958 957/1026/957
f 4610/5544/4610 4983/6691/4983 4869/6077/4869
f 3290/3638/3290 3419/3799/3419 3291/3639/3291
f 4717/5756/4717 3187/3519/3187 3940/4458/3940
f 447/5896/447 3907/4534/3907 3996/4536/3996
f 2918/3195/2918 75/75/75 77/77/77
f 4147/4768/4147 2467/2667/2467 1373/1461/1373
f 461/497/461 630/674/630 643/687/643
f 2543/2750/2543 4383/5183/4383 4366/5154/4366
f 4610/5544/4610 4869/6077/4869 4137/4756/4137
f 4207/4869/4207 4547/5433/4547 1113/5014/1113
f 3056/6213/3056 4912/6203/4912 3055/6527/3055
f 1717/1842/1717 1981/5448/1981 2555/6087/2555
f 1286/1368/1286 1042/1112/1042 1043/1114/1043
f 4086/4676/4086 690/735/690 3118/3439/3118
f 3929/4438/3929 2304/2487/2304 665/710/665
f 1361/6692/1361 1360/6693/1360 4332/5676/4332
f 193/194/193 195/196/195 1282/1363/1282
f 3459/3848/3459 3085/3402/3085 3460/3849/3460
f 4802/6204/4802 3489/3887/3489 3561/6202/3561
f 2000/3355/2000 3165/3491/3165 3166/3492/3166
f 1342/1428/1342 3576/3999/3576 1343/1429/1343
f 1307/1389/1307 1232/6694/1232 3993/4531/3993
f 3523/3930/3523 3382/3744/3382 3371/3733/3371
f 4454/5281/4454 3711/4157/3711 4985/6679/4985
f 10/6155/10 4467/5446/4467 3187/3519/3187
f 1581/1693/1581 1300/1382/1300 1582/1694/1582
f 4548/5435/4548 1650/1768/1650 1767/1896/1767
f 4787/5892/4787 4985/6679/4985 4082/4671/4082
f 2448/4155/2448 3711/4157/3711 4986/6695/4986
f 3255/3600/3255 4530/5409/4530 3256/3601/3256
f 3996/6696/3996 4787/6493/4787 447/6492/447
f 3291/4101/3291 3655/6120/3655 4981/6641/4981
f 3441/3826/3441 3329/3684/3329 3422/3803/3422
f 3618/4048/3618 3669/4107/3669 3717/4165/3717
f 1372/1460/1372 1371/1459/1371 3900/4404/3900
f 4137/4756/4137 4868/6076/4868 2208/2382/2208
f 2103/2268/2103 4022/4579/4022 1814/1947/1814
f 4045/4616/4045 4782/5883/4782 4761/5841/4761
f 3889/4391/3889 4252/4956/4252 1662/1780/1662
f 4877/6697/4877 4691/6021/4691 1424/6698/1424
f 4454/5281/4454 4986/6695/4986 3711/4157/3711
f 2385/2574/2385 2434/2630/2434 1838/1976/1838
f 4967/6478/4967 4265/5710/4265 4809/6303/4809
f 4029/4588/4029 3454/3843/3454 3905/4409/3905
f 3193/3526/3193 3329/3684/3329 3395/3765/3395
f 4202/4861/4202 2767/3017/2767 4169/4806/4169
f 3482/3878/3482 3382/3744/3382 3086/3403/3086
f 3540/3949/3540 3539/3948/3539 3859/4344/3859
f 678/723/678 680/725/680 3198/3532/3198
f 3389/3756/3389 1110/1182/1110 4978/6699/4978
f 1664/1782/1664 1663/1781/1663 4847/6026/4847
f 3682/4124/3682 3671/4111/3671 3334/3689/3334
f 4956/6405/4956 4700/5727/4700 2209/6229/2209
f 503/540/503 4967/6478/4967 501/538/501
f 3018/3320/3018 3099/3419/3099 4065/4650/4065
f 1820/1955/1820 1819/1954/1819 3064/3381/3064
f 2591/2801/2591 382/412/382 1438/1533/1438
f 3749/4205/3749 2584/2794/2584 2586/2796/2586
f 1651/1769/1651 2084/2248/2084 1652/1770/1652
f 4985/6679/4985 4787/5892/4787 4346/5117/4346
f 4869/6700/4869 503/6688/503 502/6701/502
f 4869/6700/4869 4907/6193/4907 4868/6192/4868
f 2541/2747/2541 4313/5066/4313 849/910/849
f 4787/6493/4787 3996/6696/3996 4346/6702/4346
f 3734/4187/3734 1650/1768/1650 4303/5052/4303
f 4691/6021/4691 4877/6697/4877 2901/6703/2901
f 2903/3174/2903 4981/6641/4981 2901/3172/2901
f 3635/4067/3635 294/303/294 1611/1726/1611
f 742/791/742 420/450/420 1845/1984/1845
f 1095/1667/1095 1508/1612/1508 4388/5192/4388
f 2395/6001/2395 2396/4259/2396 3792/4260/3792
f 4983/6670/4983 503/6688/503 4869/6700/4869
f 1163/1236/1163 1424/6698/1424 1164/1237/1164
f 3220/3555/3220 3500/3899/3500 4986/6704/4986
f 2446/2645/2446 2448/2647/2448 4986/6704/4986
f 1736/1863/1736 1218/1293/1218 3279/3625/3279
f 501/6705/501 4907/6193/4907 502/6701/502
f 4985/6679/4985 4346/5117/4346 4454/5281/4454
f 4690/5711/4690 2901/3172/2901 4981/6641/4981
f 1983/5467/1983 3341/3698/3341 2555/6087/2555
f 4647/5614/4647 4583/6215/4583 4680/5688/4680
f 1774/1903/1774 1776/1905/1776 4392/5196/4392
f 4303/6605/4303 2446/2645/2446 3500/3899/3500
f 4956/6405/4956 4317/6674/4317 4266/4986/4266
f 4147/4768/4147 2873/3137/2873 2821/3075/2821
f 1046/1117/1046 4057/4635/4057 1639/1757/1639
f 4809/6303/4809 3054/3368/3054 501/538/501
f 4293/5039/4293 850/911/850 4305/5057/4305
f 653/698/653 655/700/655 3679/4120/3679
f 2083/6706/2083 3996/4536/3996 2084/4535/2084
f 4279/5536/4279 4880/6114/4880 4097/4691/4097
f 4137/4756/4137 2208/2382/2208 2210/2384/2210
f 4146/5473/4146 4463/5328/4463 1090/1161/1090
f 1970/2119/1970 3835/6386/3835 1971/2120/1971
f 4966/6485/4966 1742/1870/1742 4970/6486/4970
f 3299/3833/3299 30/30/30 29/29/29
f 853/914/853 4162/4798/4162 737/786/737
f 3893/6707/3893 3892/4564/3892 4129/5695/4129
f 1473/1570/1473 1573/1684/1573 171/172/171
f 3055/3370/3055 337/6708/337 4846/6022/4846
f 896/963/896 4119/4730/4119 897/964/897
f 451/485/451 4665/5656/4665 452/486/452
f 3096/3414/3096 1381/1469/1381 1380/1468/1380
f 3055/3370/3055 4846/6022/4846 1982/2131/1982
f 533/6709/533 2264/6710/2264 2646/2869/2646
f 1357/1443/1357 1923/2070/1923 4966/6452/4966
f 4537/5422/4537 1637/6711/1637 4538/5423/4538
f 4778/5877/4778 2634/4835/2634 540/580/540
f 3049/6712/3049 2505/6713/2505 1419/6714/1419
f 2901/6703/2901 4877/6697/4877 2902/6715/2902
f 1857/1996/1857 1246/4755/1246 1097/1168/1097
f 4532/6716/4532 3998/4540/3998 2119/2287/2119
f 2778/3029/2778 3101/3421/3101 2995/3289/2995
f 3655/4090/3655 3291/3639/3291 3419/3799/3419
f 3177/6344/3177 4346/6717/4346 2083/6345/2083
f 4927/6246/4927 1687/6598/1687 3793/4261/3793
f 3892/4564/3892 3816/4433/3816 1521/1626/1521
f 402/432/402 3678/4119/3678 2472/2673/2472
f 3898/4402/3898 2674/2901/2674 4017/4572/4017
f 2902/6715/2902 4877/6697/4877 1571/6718/1571
f 2446/2645/2446 4986/6704/4986 3500/3899/3500
f 1973/4448/1973 830/890/830 781/838/781
f 4683/6310/4683 4151/4774/4151 4150/4773/4150
f 2230/2405/2230 3626/4056/3626 3138/3460/3138
f 4981/6641/4981 2903/3174/2903 3291/4101/3291
f 442/476/442 3321/3676/3321 906/973/906
f 4939/6298/4939 4874/6102/4874 4940/6294/4940
f 2871/3135/2871 810/868/810 2872/3136/2872
f 1187/1262/1187 3291/3639/3291 3663/6549/3663
f 3071/3388/3071 227/228/227 4663/5651/4663
f 3728/4841/3728 4363/5145/4363 79/79/79
f 351/378/351 3515/3922/3515 990/1059/990
f 2993/3287/2993 2936/3218/2936 3001/3296/3001
f 2651/2875/2651 706/754/706 3855/4338/3855
f 4308/5060/4308 4562/5464/4562 4306/5058/4306
f 3762/4222/3762 1572/5613/1572 1187/1262/1187
f 329/347/329 2352/2537/2352 330/348/330
f 13/13/13 15/15/15 2702/2938/2702
f 4907/6193/4907 501/6705/501 3053/5527/3053
f 3332/6625/3332 1719/3891/1719 3492/3890/3492
f 3544/3953/3544 3036/3344/3036 2312/2495/2312
f 714/762/714 2018/2175/2018 2197/2371/2197
f 3220/3555/3220 3219/3554/3219 3500/3899/3500
f 3220/5280/3220 4986/6695/4986 4454/5281/4454
f 3269/3615/3269 2885/3151/2885 288/297/288
f 2442/2638/2442 1263/1343/1263 1200/1275/1200
f 3126/3447/3126 3170/3496/3170 3423/3804/3423
f 1159/1232/1159 780/836/780 799/4912/799
f 2718/2957/2718 2351/2536/2351 2669/2895/2669
f 2656/2882/2656 1133/1205/1133 4078/4667/4078
f 3294/3642/3294 3272/3618/3272 3271/3617/3271
f 844/904/844 843/903/843 3177/5118/3177
f 2519/2723/2519 2489/2691/2489 3809/4282/3809
f 822/882/822 824/884/824 4857/6050/4857
f 4664/6496/4664 2022/2179/2022 4422/5241/4422
f 700/748/700 2903/3174/2903 2679/2908/2679
f 961/6066/961 2426/2621/2426 3743/4198/3743
f 4623/5576/4623 1924/2071/1924 4152/4775/4152
f 4458/5288/4458 4863/6064/4863 4439/5262/4439
f 4709/5741/4709 4509/5378/4509 184/185/184
f 1160/1233/1160 1013/5843/1013 1337/1420/1337
f 4868/6076/4868 3771/4232/3771 2208/2382/2208
f 3220/5280/3220 843/903/843 842/902/842
f 4603/5529/4603 3771/6719/3771 4868/6192/4868
f 4905/6185/4905 1018/1087/1018 1794/1925/1794
f 700/748/700 699/747/699 2903/3174/2903
f 3663/4100/3663 2903/3174/2903 699/747/699
f 4846/6022/4846 337/6708/337 339/5654/339
f 1899/6720/1899 2432/2628/2432 738/787/738
f 4380/5176/4380 4007/4558/4007 3189/3522/3189
f 4425/5475/4425 1586/1698/1586 3142/3464/3142
f 3913/4418/3913 4069/4654/4069 2492/2694/2492
f 3553/3966/3553 2168/6419/2168 3554/3967/3554
f 3420/6106/3420 1572/1683/1572 1571/1682/1571
f 1570/5320/1570 2902/6715/2902 1571/6718/1571
f 324/341/324 2007/2159/2007 325/342/325
f 1302/1384/1302 31/31/31 861/924/861
f 4979/6618/4979 4980/6620/4980 3219/6721/3219
f 239/242/239 3649/4083/3649 237/240/237
f 3290/3638/3290 1187/1262/1187 1572/5613/1572
f 3724/4173/3724 3123/3444/3123 2141/2310/2141
f 4295/5040/4295 2411/2604/2411 2506/3158/2506
f 1685/4122/1685 3106/3426/3106 1944/2091/1944
f 955/1024/955 4736/5799/4736 3032/3340/3032
f 1576/1688/1576 1892/2035/1892 1577/1689/1577
f 2902/3173/2902 1798/6518/1798 2679/2908/2679
f 2745/2987/2745 4603/6722/4603 2743/2985/2743
f 2496/2698/2496 2495/2697/2495 3210/3544/3210
f 2973/3263/2973 2958/3247/2958 3007/6385/3007
f 1475/1573/1475 1449/1545/1449 1324/1407/1324
f 1219/1294/1219 2020/2177/2020 1217/1292/1217
f 3373/3735/3373 3847/4326/3847 3374/3736/3374
f 4389/5193/4389 1095/1166/1095 1830/1967/1830
f 2785/3038/2785 2784/3037/2784 2760/3009/2760
f 325/6623/325 3675/4116/3675 2946/3233/2946
f 4/4/4 2425/2619/2425 4257/4973/4257
f 1487/1585/1487 837/897/837 1485/1583/1485
f 2397/2589/2397 646/690/646 2193/2367/2193
f 4075/4663/4075 3771/4232/3771 3266/3612/3266
f 2679/2908/2679 2903/3174/2903 2902/3173/2902
f 1849/1988/1849 3704/4147/3704 1966/2115/1966
f 1793/4375/1793 4529/5408/4529 2278/2458/2278
f 73/73/73 482/519/482 90/90/90
f 4883/6118/4883 3238/3576/3238 37/37/37
f 4263/4982/4263 12/12/12 11/11/11
f 2647/6172/2647 4789/5898/4789 285/294/285
f 1247/1325/1247 1536/5020/1536 4334/5096/4334
f 842/902/842 4979/6723/4979 3219/6724/3219
f 1466/6725/1466 1188/6726/1188 698/6727/698
f 4973/6507/4973 700/748/700 1797/2909/1797
f 3832/4308/3832 3859/4344/3859 3539/3948/3539
f 1851/1990/1851 1573/1684/1573 1478/1576/1478
f 2896/3164/2896 1500/1604/1500 4754/5831/4754
f 3316/3671/3316 3318/3673/3318 2917/3194/2917
f 2199/2373/2199 2965/3254/2965 3664/4102/3664
f 1466/1563/1466 2278/2458/2278 4529/5408/4529
f 4517/6728/4517 4518/5824/4518 4978/6729/4978
f 700/748/700 4973/6507/4973 698/746/698
f 662/707/662 664/709/664 3305/4471/3305
f 2857/5202/2857 2858/6600/2858 4397/5203/4397
f 3704/4147/3704 1849/1988/1849 1598/1710/1598
f 1798/1929/1798 2902/6715/2902 1570/5320/1570
f 2941/3226/2941 3235/3571/3235 3003/3298/3003
f 3762/4222/3762 1186/1261/1186 1795/4376/1795
f 3966/4489/3966 2248/2426/2248 2247/2425/2247
f 4213/4882/4213 4214/4883/4214 3557/3970/3557
f 2019/2176/2019 832/892/832 2020/2177/2020
f 3952/6730/3952 1570/6731/1570 1572/6732/1572
f 4861/6062/4861 4739/5803/4739 2897/3165/2897
f 2426/2621/2426 4864/6065/4864 2257/2436/2257
f 4543/5429/4543 2602/6733/2602 4541/5427/4541
f 3499/6666/3499 3219/6734/3219 4980/6667/4980
f 4193/4846/4193 3487/3885/3487 259/265/259
f 842/902/842 4812/5944/4812 4979/6723/4979
f 4422/5241/4422 4398/5204/4398 4397/5203/4397
f 830/890/830 1973/4448/1973 831/891/831
f 1684/1803/1684 3106/6116/3106 1685/1804/1685
f 2745/4231/2745 3519/6083/3519 433/464/433
f 4422/5241/4422 4076/6171/4076 4664/6496/4664
f 2982/3273/2982 4059/4637/4059 359/4585/359
f 4423/5242/4423 2858/6600/2858 4956/6405/4956
f 2474/5872/2474 678/723/678 3565/3983/3565
f 699/6642/699 698/1561/698 1188/1263/1188
f 3508/3911/3508 1887/2030/1887 3506/3909/3506
f 3547/3956/3547 4504/5370/4504 3548/3957/3548
f 4810/5940/4810 4020/4577/4020 4750/5825/4750
f 1904/2048/1904 1578/2050/1578 763/817/763
f 3101/3421/3101 2752/3001/2752 2868/3131/2868
f 2496/2698/2496 1697/1820/1697 1696/1819/1696
f 842/902/842 844/904/844 3362/3723/3362
f 4675/6647/4675 1883/6735/1883 782/839/782
f 2494/6736/2494 3362/6737/3362 844/6738/844
f 4356/5135/4356 3377/4913/3377 1586/5253/1586
f 4320/5078/4320 4322/5080/4322 4870/6080/4870
f 458/495/458 476/513/476 475/512/475
f 4982/6644/4982 2222/2397/2222 4756/5834/4756
f 494/531/494 4541/5427/4541 2602/6733/2602
f 4278/6638/4278 2829/3087/2829 4880/6114/4880
f 367/397/367 6/6/6 368/398/368
f 4938/6282/4938 2831/3089/2831 2857/3119/2857
f 256/262/256 2713/2951/2713 2577/2787/2577
f 1697/6665/1697 4980/6667/4980 4987/6739/4987
f 3265/3611/3265 4664/5652/4664 3266/3612/3266
f 962/1031/962 961/1030/961 339/5654/339
f 1597/1709/1597 2700/2936/2700 4109/4710/4109
f 4244/4936/4244 826/886/826 4915/6217/4915
f 3582/4006/3582 314/331/314 2931/4004/2931
f 142/142/142 2911/3188/2911 112/112/112
f 960/1029/960 4864/6515/4864 961/1030/961
f 3361/3722/3361 4812/5944/4812 3362/3723/3362
f 4973/6507/4973 1797/2909/1797 2128/2296/2128
f 2331/2515/2331 605/648/605 607/650/607
f 2951/3238/2951 553/594/553 4590/5508/4590
f 4742/5807/4742 2379/2566/2379 2692/2927/2692
f 4597/5518/4597 4651/5627/4651 4027/4586/4027
f 784/841/784 919/987/919 785/842/785
f 3050/6508/3050 4538/5794/4538 1636/1754/1636
f 164/165/164 4180/4822/4180 2287/2467/2287
f 4988/6740/4988 4542/6741/4542 493/6742/493
f 3973/4498/3973 717/765/717 4025/4583/4025
f 2787/3040/2787 3568/3991/3568 4132/4749/4132
f 3135/3456/3135 4449/6251/4449 4935/6327/4935
f 1644/1762/1644 1646/1764/1646 2370/2557/2370
f 331/349/331 2333/2517/2333 2018/2175/2018
f 44/44/44 2694/4888/2694 4217/4887/4217
f 3288/3636/3288 3130/3451/3130 4104/4700/4104
f 3864/6743/3864 4938/6282/4938 4817/6440/4817
f 3953/4474/3953 1796/1927/1796 1570/5320/1570
f 3554/3967/3554 2616/2832/2616 2615/2831/2615
f 4864/6065/4864 2255/2434/2255 2257/2436/2257
f 4131/4748/4131 1515/1619/1515 2050/2207/2050
f 3560/3974/3560 3306/3658/3306 431/461/431
f 2130/2298/2130 698/746/698 4973/6507/4973
f 2529/2735/2529 1086/1157/1086 2082/2246/2082
f 3971/5108/3971 4323/5081/4323 1753/1881/1753
f 3043/3351/3043 1565/1675/1565 1564/1674/1564
f 698/746/698 2130/2298/2130 1465/6744/1465
f 4834/5991/4834 4817/5956/4817 2022/2179/2022
f 4934/6745/4934 4987/6746/4987 4446/6747/4446
f 1796/1927/1796 3953/4474/3953 2638/2860/2638
f 4931/6365/4931 325/342/325 2006/2158/2006
f 1407/1498/1407 1094/4823/1094 1093/5541/1093
f 3246/6043/3246 1795/1926/1795 1794/1925/1794
f 4481/5329/4481 4668/5663/4668 35/35/35
f 3171/3498/3171 4446/5269/4446 4811/5943/4811
f 2977/3267/2977 4288/5026/4288 1746/1874/1746
f 3783/4249/3783 4117/4727/4117 4116/4726/4116
f 1724/1849/1724 2834/3092/2834 2755/3004/2755
f 525/565/525 4923/6388/4923 526/566/526
f 1695/1818/1695 1697/1820/1697 4987/6748/4987
f 832/892/832 4675/6647/4675 782/839/782
f 2256/2435/2256 4675/5680/4675 2019/5342/2019
f 782/839/782 781/838/781 830/890/830
f 4124/4739/4124 4083/4672/4083 4108/4709/4108
f 2256/2435/2256 2255/2434/2255 1884/2026/1884
f 4382/5455/4382 1606/1721/1606 1605/1720/1605
f 4245/4937/4245 4578/5492/4578 4355/5134/4355
f 4980/6620/4980 4446/6619/4446 4987/6749/4987
f 1053/1124/1053 395/425/395 1450/1546/1450
f 3002/3297/3002 1941/2088/1941 1869/2924/1869
f 1466/1563/1466 1465/1562/1465 2278/2458/2278
f 2068/2226/2068 2070/2228/2070 3736/4190/3736
f 2605/5765/2605 2720/2959/2720 2719/2958/2719
f 4838/6000/4838 4696/5719/4696 4505/5999/4505
f 2772/3023/2772 1385/1474/1385 4937/6277/4937
f 1985/2135/1985 1703/1827/1703 1599/1711/1599
f 3292/3640/3292 706/754/706 705/753/705
f 967/2858/967 969/5519/969 4621/6195/4621
f 520/559/520 1326/1409/1326 2786/3852/2786
f 2637/6750/2637 2128/2296/2128 1797/2909/1797
f 4933/6664/4933 4978/6729/4978 4518/5824/4518
f 4088/4679/4088 1487/1585/1487 1486/1584/1486
f 4979/6723/4979 4812/5944/4812 4446/5269/4446
f 1267/1347/1267 1269/1349/1269 3931/4443/3931
f 4511/6453/4511 2041/2198/2041 4824/5968/4824
f 1696/5736/1696 2605/5765/2605 2719/2958/2719
f 4494/5349/4494 4192/4845/4192 4587/5502/4587
f 1440/1535/1440 1029/1099/1029 1028/1098/1028
f 1793/4375/1793 2278/2458/2278 3955/4476/3955
f 4987/6746/4987 4934/6745/4934 4732/5791/4732
f 1465/6744/1465 2130/2298/2130 4989/6751/4989
f 934/1002/934 165/166/165 2327/2510/2327
f 3932/4444/3932 218/219/218 4676/5681/4676
f 4398/5204/4398 2022/2179/2022 4817/5956/4817
f 2750/2998/2750 2752/3001/2752 3103/3423/3103
f 4821/5961/4821 1462/1558/1462 3334/3689/3334
f 1030/1100/1030 3450/3839/3450 4602/5525/4602
f 960/1029/960 4318/5075/4318 2255/2579/2255
f 3929/4438/3929 2305/2488/2305 2304/2487/2304
f 2417/2610/2417 153/153/153 2262/2441/2262
f 4736/5799/4736 3961/4483/3961 3033/3341/3033
f 4685/5703/4685 1081/1152/1081 3677/4118/3677
f 4381/5177/4381 3605/4032/3605 4091/4683/4091
f 334/355/334 1465/6752/1465 4989/6753/4989
f 1847/1986/1847 1982/2131/1982 740/789/740
f 2554/6643/2554 782/839/782 1883/6735/1883
f 4643/5608/4643 434/6341/434 3519/3926/3519
f 3752/4208/3752 3721/4170/3721 3620/4050/3620
f 4989/6751/4989 2130/2298/2130 2129/2297/2129
f 1695/1818/1695 4987/6748/4987 4637/5597/4637
f 1573/1684/1573 1473/1570/1473 901/968/901
f 3069/6510/3069 4318/5075/4318 3070/6626/3070
f 4732/5791/4732 4934/6745/4934 2681/4682/2681
f 3531/3939/3531 3606/5496/3606 3529/3937/3529
f 315/332/315 314/331/314 2603/3724/2603
f 4495/5350/4495 744/793/744 753/804/753
f 2725/3208/2725 2696/2931/2696 2695/2930/2695
f 4576/6754/4576 3530/3938/3530 3918/4424/3918
f 1789/1920/1789 733/781/733 1803/1935/1803
f 4732/6755/4732 4637/5597/4637 4987/6748/4987
f 4968/6756/4968 2129/2297/2129 4946/6757/4946
f 966/6758/966 1950/2097/1950 1973/2122/1973
f 711/759/711 4960/6425/4960 2637/2859/2637
f 2021/2178/2021 4834/5991/4834 2022/2179/2022
f 3159/3721/3159 3172/3499/3172 3361/3722/3361
f 350/377/350 221/222/221 351/378/351
f 1732/1857/1732 4651/5627/4651 1730/1855/1730
f 4247/6596/4247 4961/6426/4961 4585/5500/4585
f 4938/6282/4938 4097/4691/4097 4880/6114/4880
f 2720/2959/2720 2605/5765/2605 2942/6759/2942
f 2128/2296/2128 4946/6757/4946 2129/2297/2129
f 4843/6016/4843 423/453/423 4497/6036/4497
f 694/739/694 2511/2715/2511 695/740/695
f 477/6760/477 4421/6761/4421 522/6762/522
f 4346/5117/4346 843/903/843 4454/5281/4454
f 1843/1982/1843 1883/6690/1883 1844/1983/1844
f 1324/1544/1324 1555/1664/1555 1107/6055/1107
f 3361/3722/3361 3172/3499/3172 4811/5943/4811
f 2341/2526/2341 1251/1330/1251 2396/2588/2396
f 4938/6282/4938 3864/6743/3864 4097/4691/4097
f 1972/2121/1972 2447/2646/2447 1970/2119/1970
f 4691/6021/4691 1164/1237/1164 1424/6698/1424
f 749/798/749 751/800/751 1567/1678/1567
f 2021/3127/2021 2023/6763/2023 2005/2157/2005
f 1883/2025/1883 2256/2435/2256 1884/2026/1884
f 4860/6056/4860 435/466/435 2005/2569/2005
f 1773/6220/1773 4560/5461/4560 4831/6015/4831
f 2960/4949/2960 4130/5696/4130 4248/4947/4248
f 4834/5991/4834 2021/2178/2021 3864/4355/3864
f 4931/6257/4931 435/466/435 4575/5748/4575
f 4637/6764/4637 4732/5791/4732 4731/5790/4731
f 334/2457/334 3955/4476/3955 2278/2458/2278
f 4400/5206/4400 4438/5261/4438 2882/3148/2882
f 3954/4475/3954 2365/2551/2365 1815/1948/1815
f 2249/5283/2249 2251/3942/2251 2386/2575/2386
f 2204/2378/2204 4364/5150/4364 2205/2379/2205
f 3676/4647/3676 4575/5487/4575 4643/5608/4643
f 4816/5955/4816 3406/3782/3406 1932/2079/1932
f 1950/2097/1950 966/6758/966 965/6765/965
f 3333/3688/3333 1462/1558/1462 1461/1557/1461
f 3697/4140/3697 4049/4622/4049 4474/5311/4474
f 423/3101/423 425/5922/425 2842/3102/2842
f 124/124/124 228/229/228 3615/4044/3615
f 1069/1140/1069 7/7/7 9/9/9
f 4501/5362/4501 4637/6766/4637 4731/6470/4731
f 3392/3761/3392 3410/3787/3410 3398/3768/3398
f 4946/6332/4946 2128/6645/2128 4960/6425/4960
f 4329/5088/4329 4857/6050/4857 4859/6052/4859
f 899/966/899 901/968/901 1049/1120/1049
f 4007/4558/4007 1553/1662/1553 1552/1661/1552
f 2722/6767/2722 1844/2027/1844 1884/2026/1884
f 3501/3901/3501 3213/3547/3213 3272/3618/3272
f 4811/5943/4811 3172/3499/3172 3171/3498/3171
f 3955/4476/3955 336/6315/336 3877/4372/3877
f 3058/3375/3058 3260/3606/3260 3059/3376/3059
f 176/3781/176 798/1514/798 177/6768/177
f 1755/6070/1755 2692/2927/2692 2694/2929/2694
f 4703/5732/4703 2985/3277/2985 2984/3276/2984
f 2280/2460/2280 545/586/545 674/719/674
f 2006/2568/2006 435/466/435 4931/6257/4931
f 2406/5230/2406 2408/6412/2408 4416/5231/4416
f 1988/2138/1988 1990/2140/1990 2803/3056/2803
f 1741/1868/1741 3818/4293/3818 529/1869/529
f 3069/3386/3069 1974/2123/1974 1949/2096/1949
f 323/5300/323 3611/4235/3611 324/2548/324
f 2215/2389/2215 2245/2423/2245 527/567/527
f 3864/6743/3864 2362/4038/2362 4097/4691/4097
f 4640/5601/4640 4596/5517/4596 3496/3895/3496
f 334/355/334 4989/6753/4989 335/356/335
f 3069/6510/3069 2723/2962/2723 4318/5075/4318
f 1066/6769/1066 2682/4263/2682 1648/4262/1648
f 713/761/713 4946/6332/4946 4960/6425/4960
f 2933/3215/2933 2999/3294/2999 2765/3015/2765
f 2617/5667/2617 713/761/713 712/760/712
f 3025/3332/3025 3397/3767/3397 1073/1144/1073
f 3877/6770/3877 4905/6185/4905 3956/6184/3956
f 2488/2690/2488 3809/4282/3809 2489/2691/2489
f 3089/5318/3089 1305/1387/1305 2700/2936/2700
f 4988/6771/4988 3887/6593/3887 3772/6772/3772
f 3465/3857/3465 3992/4530/3992 3092/3410/3092
f 2722/2961/2722 4518/5824/4518 3566/6428/3566
f 405/435/405 400/430/400 406/436/406
f 4501/5764/4501 2942/6759/2942 2605/5765/2605
f 719/767/719 4957/6417/4957 4026/4584/4026
f 1166/1239/1166 4267/4988/4267 1534/1642/1534
f 4989/6753/4989 4968/6639/4968 335/356/335
f 372/402/372 1911/5767/1911 538/578/538
f 913/6423/913 872/936/872 1139/1211/1139
f 4869/6700/4869 502/6701/502 4907/6193/4907
f 3172/3499/3172 2105/6686/2105 1649/3497/1649
f 563/604/563 953/1022/953 3608/4035/3608
f 1361/6773/1361 4331/5363/4331 4731/6470/4731
f 2177/2350/2177 183/184/183 1162/1235/1162
f 1948/2095/1948 4120/4732/4120 1949/2096/1949
f 3176/3503/3176 3353/3712/3353 4902/6165/4902
f 2826/5969/2826 2681/2911/2681 2680/2910/2680
f 1950/2097/1950 1949/2096/1949 1974/2123/1974
f 1940/2087/1940 2766/3016/2766 3041/3349/3041
f 3581/4005/3581 4121/6658/4121 3582/4006/3582
f 1558/1668/1558 2688/2919/2688 2687/2918/2687
f 929/997/929 4969/6541/4969 4012/6774/4012
f 4123/4738/4123 4242/4934/4242 4124/4739/4124
f 336/357/336 1858/1998/1858 1123/1997/1123
f 3691/4387/3691 2947/6775/2947 3676/4647/3676
f 4875/6104/4875 1948/2095/1948 4582/6776/4582
f 1079/1150/1079 1890/2033/1890 4297/5095/4297
f 4965/6449/4965 4322/5080/4322 2499/2701/2499
f 3610/6777/3610 3772/6778/3772 3887/6779/3887
f 4721/5770/4721 3945/4465/3945 3827/4303/3827
f 2817/3071/2817 3010/3308/3010 4567/5470/4567
f 4879/6112/4879 2922/3202/2922 1934/2081/1934
f 1068/4605/1068 1362/6780/1362 2826/5969/2826
f 579/620/579 578/619/578 995/5073/995
f 4143/4762/4143 2927/3209/2927 4478/5321/4478
f 1408/1499/1408 2972/3262/2972 1812/1945/1812
f 1260/1340/1260 1262/1342/1262 1750/1878/1750
f 2687/2918/2687 1174/1248/1174 204/205/204
f 61/5846/61 246/252/246 62/6629/62
f 4988/6771/4988 2486/2687/2486 3887/6593/3887
f 1690/3036/1690 3347/3704/3347 2784/3037/2784
f 1733/1858/1733 1077/1860/1077 4234/4921/4234
f 4635/5594/4635 4636/5595/4636 4719/5819/4719
f 84/4832/84 1629/5874/1629 482/519/482
f 2617/5667/2617 930/6781/930 4012/5668/4012
f 2599/2810/2599 2397/2589/2397 2193/2367/2193
f 4330/5089/4330 4657/5640/4657 4331/5090/4331
f 493/530/493 2486/2687/2486 4988/6771/4988
f 2791/3044/2791 4781/5882/4781 2090/2254/2090
f 3393/3762/3393 4923/6236/4923 525/3764/525
f 4946/6782/4946 4012/6774/4012 4969/6541/4969
f 2990/3284/2990 4070/4657/4070 4134/4751/4134
f 3156/3481/3156 1806/1939/1806 3157/3482/3157
f 848/6783/848 1035/1105/1035 1991/5174/1991
f 4465/5299/4465 3772/4233/3772 3611/4235/3611
f 1050/1121/1050 254/3358/254 1128/6206/1128
f 3495/3894/3495 2124/2292/2124 4448/5271/4448
f 1042/1471/1042 1285/1586/1285 1488/1588/1488
f 3390/3757/3390 3389/3756/3389 4875/6784/4875
f 928/996/928 1859/1999/1859 929/997/929
f 1945/2092/1945 1947/2094/1947 4797/5917/4797
f 4177/4815/4177 2505/5028/2505 4178/4816/4178
f 3547/3956/3547 3091/4766/3091 3093/3750/3093
f 4542/6785/4542 3772/6786/3772 4465/6787/4465
f 1932/2079/1932 71/71/71 4816/5955/4816
f 1361/6773/1361 4332/6788/4332 4331/5363/4331
f 3338/3693/3338 2158/2331/2158 3209/3543/3209
f 4988/6771/4988 3772/6772/3772 4542/5428/4542
f 1939/2086/1939 1862/2004/1862 1852/1991/1852
f 4379/5175/4379 4881/6115/4881 4930/6255/4930
f 1068/6789/1068 4255/4969/4255 1362/1448/1362
f 3938/4455/3938 3843/4322/3843 3184/3513/3184
f 4038/4602/4038 4039/4603/4039 4439/5262/4439
f 2023/6081/2023 4664/5652/4664 3265/3611/3265
f 1063/1134/1063 2848/3108/2848 3925/4431/3925
f 4825/5973/4825 3019/3321/3019 3021/3323/3021
f 928/4712/928 930/6377/930 3875/4370/3875
f 457/492/457 573/614/573 602/6540/602
f 3918/4424/3918 3917/4423/3917 4576/6754/4576
f 4452/5278/4452 4619/5568/4619 4451/5277/4451
f 4909/6199/4909 1067/5641/1067 4657/5640/4657
f 2368/6539/2368 4645/5610/4645 1705/6379/1705
f 164/165/164 3153/3478/3153 3178/3507/3178
f 1492/1592/1492 3182/3511/3182 3833/4309/3833
f 4562/5464/4562 4163/4799/4163 1296/1378/1296
f 4306/5058/4306 4563/5465/4563 4640/5601/4640
f 3691/6790/3691 2486/6791/2486 3690/6792/3690
f 3597/4021/3597 1522/1627/1522 2783/3035/2783
f 3390/3757/3390 4875/6784/4875 4479/6793/4479
f 3566/6794/3566 4518/6795/4518 2202/6796/2202
f 1985/2135/1985 1704/1828/1704 1703/1827/1703
f 2263/2442/2263 2029/2186/2029 3006/3301/3006
f 3882/4381/3882 3060/3377/3060 3883/4382/3883
f 2790/3043/2790 3431/3812/3431 293/302/293
f 2969/3258/2969 206/207/206 3902/4406/3902
f 1873/2015/1873 2055/2212/2055 4552/5440/4552
f 4166/4803/4166 3317/3672/3317 4432/5255/4432
f 1705/6379/1705 4645/5610/4645 930/6377/930
f 4313/6797/4313 4909/6199/4909 4673/6798/4673
f 2212/2386/2212 3254/3599/3254 2213/2387/2213
f 1905/2049/1905 1674/1792/1674 1554/2163/1554
f 1007/1076/1007 1284/1365/1284 1008/1077/1008
f 4479/6799/4479 4875/6800/4875 4582/5497/4582
f 4506/6240/4506 4925/6241/4925 1360/6693/1360
f 2264/2443/2264 688/733/688 687/732/687
f 4673/5674/4673 4332/5676/4332 4925/6241/4925
f 323/5300/323 2686/5631/2686 4464/5298/4464
f 4935/6270/4935 4449/5273/4449 2074/2232/2074
f 2033/2190/2033 2252/2430/2252 646/690/646
f 4542/6801/4542 4465/5299/4465 753/804/753
f 1027/1097/1027 860/923/860 802/860/802
f 3253/3598/3253 2249/5283/2249 2386/2575/2386
f 4681/5689/4681 4660/5645/4660 4630/5588/4630
f 4330/5089/4330 4673/6798/4673 4909/6199/4909
f 2949/3236/2949 4865/6068/4865 2897/3165/2897
f 3140/3462/3140 3139/3461/3139 4471/5306/4471
f 4619/5568/4619 4660/5645/4660 4172/5642/4172
f 1752/1880/1752 1171/1244/1171 4757/5835/4757
f 3390/3757/3390 4479/6793/4479 4046/4617/4046
f 4255/4969/4255 1406/1497/1406 1362/1448/1362
f 4925/6241/4925 4332/5676/4332 1360/6693/1360
f 2541/2747/2541 1067/1138/1067 4313/5066/4313
f 753/804/753 4543/6802/4543 4542/6801/4542
f 1671/1789/1671 1673/1791/1673 3744/4199/3744
f 3523/3930/3523 2016/2173/2016 3382/3744/3382
f 1893/2036/1893 1576/1688/1576 640/5371/640
f 495/6628/495 533/6709/533 2646/2869/2646
f 2540/5822/2540 4255/4969/4255 2541/6803/2541
f 930/6377/930 4645/5610/4645 3875/4370/3875
f 4495/5350/4495 4465/5299/4465 4464/5298/4464
f 2904/3175/2904 4517/5389/4517 4670/5665/4670
f 4479/6799/4479 4582/5497/4582 4148/4770/4148
f 2470/6804/2470 3690/6805/3690 2485/6806/2485
f 2079/2241/2079 406/436/406 2463/2663/2463
f 3931/4443/3931 1014/1083/1014 1267/1347/1267
f 2948/3235/2948 3690/4132/3690 4273/5001/4273
f 4046/6476/4046 3760/4220/3760 4018/5295/4018
f 2554/6643/2554 783/840/783 782/839/782
f 4909/6807/4909 4313/5066/4313 1067/1138/1067
f 4506/5375/4506 1330/1413/1330 1329/1412/1329
f 4673/5674/4673 4925/6241/4925 4149/4772/4149
f 677/722/677 798/855/798 676/721/676
f 4431/6808/4431 1901/6809/1901 2686/6810/2686
f 647/691/647 649/693/649 2671/2897/2671
f 3617/4046/3617 2645/2867/2645 2646/2869/2646
f 2239/2416/2239 3863/4348/3863 4582/5497/4582
f 2485/6811/2485 492/2671/492 2470/2670/2470
f 2526/2731/2526 448/6494/448 4787/6493/4787
f 4617/5561/4617 4154/4778/4154 1698/1821/1698
f 4150/4773/4150 4506/6240/4506 1329/6586/1329
f 1349/5425/1349 1238/1313/1238 1347/5823/1347
f 679/724/679 2658/3093/2658 2657/3109/2657
f 4149/4772/4149 4925/6241/4925 4150/4773/4150
f 849/910/849 728/776/728 2541/2747/2541
f 1888/2031/1888 4971/6495/4971 1889/2032/1889
f 1205/1280/1205 3785/4251/3785 3098/3416/3098
f 3438/3822/3438 4548/5435/4548 1766/1895/1766
f 4766/6489/4766 4517/5389/4517 4684/6603/4684
f 1110/1182/1110 4684/5699/4684 4978/6699/4978
f 2686/5631/2686 3849/4328/3849 4495/5350/4495
f 1068/6812/1068 2541/6813/2541 4255/6814/4255
f 4989/6751/4989 2129/2297/2129 4968/6756/4968
f 4543/6802/4543 753/804/753 743/792/743
f 2948/3235/2948 4273/5001/4273 1901/2045/1901
f 136/136/136 4358/6128/4358 137/137/137
f 1417/1508/1417 925/993/925 250/256/250
f 3389/3756/3389 4978/6699/4978 4933/6265/4933
f 640/684/640 1108/6451/1108 641/685/641
f 2486/6791/2486 2485/6815/2485 3690/6792/3690
f 4313/5066/4313 4673/6816/4673 4043/4613/4043
f 3674/4115/3674 3281/4341/3281 4040/4608/4040
f 4043/6817/4043 4673/5674/4673 1033/6818/1033
f 2370/2557/2370 4910/6200/4910 1644/1762/1644
f 4767/5857/4767 4684/5856/4684 1112/5945/1112
f 3710/4154/3710 4140/4759/4140 4081/4670/4081
f 3376/3738/3376 3375/3737/3375 3284/6819/3284
f 4753/5830/4753 4754/5831/4754 4414/5228/4414
f 3761/4350/3761 4148/4770/4148 3863/4348/3863
f 2391/2583/2391 4144/4763/4144 3981/4512/3981
f 1900/5842/1900 3849/4328/3849 2686/5631/2686
f 4058/4636/4058 83/83/83 2551/2759/2551
f 511/548/511 1888/2031/1888 1936/2083/1936
f 4495/5350/4495 3849/4328/3849 744/793/744
f 356/4948/356 4248/4947/4248 4258/4974/4258
f 1228/1303/1228 1382/1470/1382 1370/1458/1370
f 3552/3965/3552 4683/5694/4683 1329/3964/1329
f 2690/2922/2690 2458/2658/2458 2459/2659/2459
f 2236/6053/2236 4457/6820/4457 492/529/492
f 2793/3046/2793 2794/3047/2794 4595/5516/4595
f 4964/6821/4964 177/856/177 677/722/677
f 4964/6821/4964 677/722/677 496/533/496
f 4149/4772/4149 1033/6818/1033 4673/5674/4673
f 3875/4370/3875 4644/5609/4644 3856/4368/3856
f 284/293/284 471/508/471 362/392/362
f 741/790/741 805/863/805 4974/6514/4974
f 4598/5520/4598 3999/4541/3999 4515/5384/4515
f 3996/6696/3996 2083/6822/2083 4346/6702/4346
f 118/6823/118 4644/6824/4644 1363/6825/1363
f 1295/1377/1295 1047/1118/1047 1092/1163/1092
f 3197/6025/3197 2466/2666/2466 2465/2665/2465
f 481/4349/481 3863/4348/3863 85/85/85
f 4610/6826/4610 238/241/238 4983/6670/4983
f 3488/3886/3488 3846/4325/3846 3486/3884/3486
f 4529/5408/4529 1186/1261/1186 1466/1563/1466
f 2550/2758/2550 1255/1335/1255 2402/3021/2402
f 4766/6489/4766 88/6354/88 4670/5665/4670
f 2150/2319/2150 3897/4401/3897 4238/4927/4238
f 915/6328/915 917/1644/917 627/670/627
f 675/6573/675 3262/3608/3262 673/6827/673
f 4259/4975/4259 2639/2861/2639 3425/3806/3425
f 4502/5365/4502 1550/1659/1550 1549/1658/1549
f 2405/2598/2405 151/151/151 2417/2610/2417
f 514/553/514 513/552/513 4445/6360/4445
f 3107/3427/3107 4609/5540/4609 3108/3428/3108
f 1033/6818/1033 4149/4772/4149 4309/5948/4309
f 2491/2693/2491 2490/2692/2490 198/199/198
f 3173/3500/3173 803/861/803 2619/2836/2619
f 3716/4164/3716 3702/4145/3702 574/615/574
f 1351/1437/1351 1042/1471/1042 1488/1588/1488
f 106/106/106 745/6828/745 3850/4801/3850
f 3594/4018/3594 3666/4104/3666 3852/4331/3852
f 547/588/547 549/590/549 939/1007/939
f 4438/5261/4438 4400/5206/4400 4944/6309/4944
f 2910/3187/2910 81/81/81 83/83/83
f 3375/4711/3375 3875/4370/3875 3284/4369/3284
f 4644/5609/4644 118/6829/118 2731/6595/2731
f 4034/4597/4034 1857/1996/1857 1856/1995/1856
f 3699/4142/3699 3698/4141/3698 4593/5511/4593
f 4301/6830/4301 89/5946/89 1112/5945/1112
f 88/6354/88 4766/6489/4766 4767/6831/4767
f 3984/5839/3984 4508/5377/4508 4096/4690/4096
f 176/3781/176 116/1451/116 1364/1450/1364
f 381/411/381 4944/6309/4944 1437/1532/1437
f 479/516/479 2259/2438/2259 4251/4955/4251
f 4356/5135/4356 4424/5243/4424 4372/5161/4372
f 1964/2113/1964 1905/2049/1905 2100/2265/2100
f 1448/1587/1448 1554/2163/1554 1674/1792/1674
f 2645/6487/2645 178/179/178 4964/6832/4964
f 4418/5233/4418 4935/6327/4935 2076/6336/2076
f 3005/3300/3005 2478/2679/2478 3006/3301/3006
f 974/1043/974 76/76/76 975/1044/975
f 1977/2126/1977 1430/1525/1430 517/556/517
f 4776/6259/4776 3637/4071/3637 1969/4070/1969
f 205/206/205 2645/6487/2645 229/230/229
f 177/178/177 4964/6832/4964 178/179/178
f 2700/2936/2700 1597/1709/1597 2701/2937/2701
f 1560/1670/1560 924/992/924 923/991/923
f 4716/5755/4716 4101/4813/4101 3477/5753/3477
f 4457/6668/4457 2237/2412/2237 4333/6833/4333
f 1749/1877/1749 1751/1879/1751 3839/4318/3839
f 3997/4538/3997 4016/4571/4016 2880/3144/2880
f 1496/5537/1496 4539/5424/4539 3769/6834/3769
f 2111/2279/2111 2286/2466/2286 2112/2280/2112
f 72/4219/72 74/5296/74 3760/4220/3760
f 2105/2270/2105 2721/5976/2721 2104/2269/2104
f 2752/3001/2752 3301/3652/3301 2868/3131/2868
f 4301/5049/4301 174/175/174 173/174/173
f 4379/5175/4379 3043/3351/3043 3042/3350/3042
f 74/74/74 172/173/172 1759/2996/1759
f 3880/4377/3880 4661/6835/4661 1606/1721/1606
f 3633/6836/3633 3769/6837/3769 4539/6838/4539
f 4806/5931/4806 1496/1600/1496 3769/6839/3769
f 3632/4063/3632 115/115/115 114/114/114
f 3633/4064/3633 3632/4063/3632 3768/4228/3768
f 4806/6840/4806 3768/4228/3768 373/403/373
f 4806/6840/4806 3769/4229/3769 3768/4228/3768
