# Blender v3.1.2 OBJ File: ''
# www.blender.org
o Object001_Mesh.002
v 0.080970 -0.009564 0.268852
v 0.105864 -0.006518 0.228236
v 0.090666 0.019784 0.253130
v 0.126107 0.017524 0.221947
v 0.114643 0.048444 0.236359
v 0.156200 0.049312 0.220113
v 0.155217 0.015329 0.211465
v 0.187489 0.038520 0.209632
v 0.218148 -0.006748 0.198888
v 0.179341 -0.035326 0.203342
v 0.212776 -0.039960 0.204915
v 0.195555 -0.069571 0.221423
v 0.171096 -0.052588 0.210156
v 0.159451 -0.078546 0.243959
v 0.140060 -0.060334 0.216968
v 0.121324 -0.052261 0.234525
v 0.098527 -0.047871 0.276714
v 0.105602 -0.032395 0.234001
v 0.079660 -0.032640 0.288505
v 0.178187 -0.003800 0.203866
v 0.217624 0.024631 0.197839
v 0.095382 0.075336 0.240552
v 0.149100 0.089486 0.214610
v 0.203342 0.075205 0.193123
v 0.245006 0.039830 0.177924
v 0.256275 -0.011660 0.182903
v 0.245793 -0.060155 0.204391
v 0.214741 -0.094612 0.229546
v 0.168622 -0.104030 0.254702
v 0.120931 -0.095317 0.288243
v 0.118310 -0.070816 0.271735
v 0.092762 -0.062759 0.306061
v 0.057125 -0.030921 0.313661
v 0.061841 0.034458 0.261777
v 0.050655 -0.000000 0.281168
v 0.025385 -0.000458 0.290863
v 0.026122 -0.024893 0.329645
v 0.058172 -0.049788 0.342224
v 0.110056 -0.109991 0.319163
v 0.033516 0.035899 0.266756
v 0.000000 0.031576 0.268590
v 0.000000 -0.019521 0.328335
v 0.000000 -0.000393 0.292698
v 0.000000 -0.030527 0.355064
v 0.000000 -0.050312 0.379957
v 0.029741 -0.037210 0.355064
v 0.033410 -0.054504 0.374716
v 0.056338 -0.069571 0.367379
v 0.068916 -0.083886 0.353491
v 0.077957 -0.112317 0.352966
v 0.084638 -0.074812 0.330693
v 0.030134 -0.085720 0.385984
v 0.052408 -0.089290 0.372096
v 0.000000 -0.119948 0.381267
v 0.000000 -0.087652 0.390963
v 0.031183 -0.117951 0.372620
v 0.052277 -0.111040 0.366331
v 0.025024 -0.146447 0.369475
v 0.000000 -0.144187 0.369213
v 0.055291 -0.144744 0.365544
v 0.085425 -0.142287 0.352704
v 0.137309 -0.136883 0.287982
v 0.114249 -0.142156 0.321260
v 0.000000 -0.170063 0.359256
v 0.027973 -0.179890 0.358994
v 0.058697 -0.182903 0.355849
v 0.082280 -0.181331 0.344320
v 0.177826 -0.133803 0.257584
v 0.232854 -0.125779 0.229808
v 0.113987 -0.176574 0.314185
v 0.138487 -0.173560 0.285622
v 0.181658 -0.172651 0.257322
v 0.000000 -0.192598 0.332790
v 0.025549 -0.205569 0.333576
v 0.052015 -0.207798 0.325191
v 0.000000 -0.233738 0.331480
v 0.027122 -0.236752 0.325191
v 0.053456 -0.234787 0.311826
v 0.077629 -0.202818 0.316805
v 0.101147 -0.203080 0.297152
v 0.076515 -0.226533 0.295842
v 0.134426 -0.205242 0.277238
v 0.094138 -0.235311 0.281168
v 0.178285 -0.213987 0.253392
v 0.124076 -0.248446 0.264660
v 0.168360 -0.267771 0.241600
v 0.000000 -0.271342 0.284837
v 0.032510 -0.266232 0.283526
v 0.065379 -0.257945 0.278810
v 0.237145 -0.169704 0.228760
v 0.231904 -0.220211 0.222209
v 0.044137 0.085229 0.247103
v 0.000000 0.090404 0.246578
v 0.176434 0.273831 -0.099574
v 0.171304 0.341175 -0.148315
v 0.114774 0.287719 -0.121292
v 0.239897 0.340389 -0.138095
v 0.206446 0.312088 -0.130757
v 0.264921 0.346743 -0.140716
v 0.226800 0.380088 -0.149886
v 0.254308 0.399083 -0.156961
v 0.269066 0.401525 -0.158721
v 0.282871 0.394369 -0.160368
v 0.297482 0.371592 -0.159222
v 0.278416 0.306848 -0.134688
v 0.328859 0.264594 -0.160106
v 0.311041 0.334788 -0.157748
v 0.285753 0.261253 -0.123682
v 0.287457 0.208714 -0.101672
v 0.244744 0.301083 -0.137047
v 0.226270 0.245531 -0.124993
v 0.000000 -0.302524 0.258109
v 0.046643 -0.300854 0.257060
v 0.092369 -0.278842 0.261253
v 0.000000 -0.348905 0.227974
v 0.064199 -0.337113 0.232429
v 0.120112 -0.310123 0.238979
v 0.153424 -0.345629 0.199674
v 0.084376 -0.377599 0.192337
v 0.000000 -0.383887 0.194171
v 0.292698 -0.166329 0.190764
v 0.209238 -0.281037 0.211465
v 0.285263 -0.227286 0.181069
v 0.091455 -0.410130 0.139507
v 0.180021 -0.389259 0.131019
v 0.000000 -0.417690 0.142287
v 0.000000 0.143990 0.219327
v 0.067729 0.132199 0.220375
v 0.124862 0.135213 0.200722
v 0.190240 0.120832 0.176615
v 0.295450 0.038552 0.133115
v 0.307896 -0.016312 0.145432
v 0.334999 -0.098421 0.142929
v 0.340283 -0.160909 0.135802
v 0.330211 -0.224255 0.127115
v 0.307372 -0.283657 0.117917
v 0.258895 -0.296890 0.164036
v 0.224305 -0.343271 0.155389
v 0.285884 -0.107617 0.193909
v 0.356453 -0.012529 0.071888
v 0.376455 -0.152545 0.060607
v 0.373086 -0.083082 0.066993
v 0.365061 -0.218892 0.052981
v 0.343533 -0.281168 0.042451
v 0.335722 0.045888 0.071134
v 0.237276 0.104488 0.153031
v 0.274682 0.083787 0.130234
v 0.306678 0.098121 0.075050
v 0.257474 0.140470 0.099064
v 0.195809 0.167312 0.126303
v 0.123224 0.183559 0.151196
v 0.064462 0.187096 0.169801
v 0.000000 0.238194 0.096169
v 0.000000 0.185917 0.180283
v 0.065510 0.231511 0.096431
v 0.117786 0.226402 0.077826
v 0.187751 0.208321 0.063152
v 0.275934 0.168924 0.025694
v 0.325304 0.115404 0.008880
v 0.358424 0.058779 -0.000294
v 0.382856 -0.005666 -0.007959
v 0.396473 -0.076640 -0.016555
v 0.398202 -0.146151 -0.025134
v 0.389390 -0.206814 -0.039306
v 0.361352 -0.284182 -0.057911
v 0.309992 -0.334886 0.039568
v 0.284575 -0.325322 0.106912
v 0.312613 -0.345761 -0.010482
v 0.000000 -0.436295 0.086473
v 0.071536 -0.441536 0.029611
v 0.086472 -0.430268 0.087783
v 0.000000 -0.446252 0.028562
v 0.000000 -0.478222 0.001572
v 0.068652 -0.444335 0.026477
v 0.111629 0.278023 -0.080446
v 0.166525 0.261515 -0.059221
v 0.221030 0.237932 -0.066033
v 0.285970 0.197128 -0.079214
v 0.335620 0.147673 -0.105453
v 0.300559 0.330169 -0.193909
v 0.333973 0.183532 -0.186501
v 0.313922 0.260336 -0.199134
v 0.278940 0.394319 -0.180971
v 0.290558 0.369924 -0.188023
v 0.253065 0.401968 -0.178449
v 0.267238 0.403288 -0.178660
v 0.162137 0.337768 -0.177269
v 0.219393 0.385984 -0.177269
v 0.273831 0.266494 -0.232691
v 0.268852 0.329645 -0.216968
v 0.273747 0.384881 -0.194477
v 0.215003 0.224830 -0.012053
v 0.284360 0.185855 -0.036043
v 0.332538 0.131237 -0.053760
v 0.132657 0.248151 0.004979
v 0.072258 0.268328 -0.009695
v 0.000000 0.271735 0.008648
v 0.060400 0.283788 -0.071013
v 0.000000 0.287195 -0.067606
v 0.069178 0.285622 -0.124141
v 0.000000 0.290863 -0.123945
v 0.000000 0.286933 -0.178973
v 0.071012 0.278547 -0.182806
v 0.103899 0.279596 -0.178711
v 0.365104 0.075013 -0.071631
v 0.390452 0.004035 -0.087855
v 0.401304 -0.073123 -0.101544
v 0.398341 -0.150801 -0.111607
v 0.359229 0.092110 -0.144070
v 0.377719 0.015530 -0.166605
v 0.342768 0.111605 -0.209607
v 0.336856 0.169210 -0.140967
v 0.349150 0.023762 -0.240559
v 0.338926 -0.272646 -0.195525
v 0.332543 -0.278304 -0.201114
v 0.321088 -0.238063 -0.253722
v 0.292111 -0.367833 -0.065334
v 0.256537 -0.383233 0.025418
v 0.230986 -0.401927 -0.018168
v 0.329914 -0.320399 -0.130864
v 0.375159 -0.227376 -0.146683
v 0.360040 -0.181038 -0.222924
v 0.325515 -0.221592 -0.260430
v 0.382212 -0.125564 -0.188668
v 0.321250 -0.127965 -0.299703
v 0.289195 -0.174986 -0.323649
v 0.281842 -0.185054 -0.327975
v 0.265301 -0.171422 -0.345241
v 0.263185 -0.086294 -0.362415
v 0.066493 -0.092172 -0.447940
v 0.000000 -0.087571 -0.454559
v 0.000000 -0.043236 -0.453327
v 0.383753 -0.067902 -0.184803
v 0.349096 -0.066776 -0.260860
v 0.287178 -0.020537 -0.335850
v 0.309133 0.205656 -0.224741
v 0.266433 0.216149 -0.261352
v 0.308643 0.136851 -0.259273
v 0.304051 0.055038 -0.298158
v 0.244479 0.083352 -0.346126
v 0.204529 0.017035 -0.390451
v 0.238559 -0.137338 -0.375654
v 0.184939 -0.057307 -0.409853
v 0.228167 -0.145759 -0.382345
v 0.182036 -0.123193 -0.411304
v 0.139973 -0.108526 -0.428293
v 0.127752 -0.104387 -0.432494
v 0.100099 0.013167 -0.432365
v 0.090797 -0.045857 -0.443108
v 0.000000 0.016901 -0.445728
v 0.000000 0.100623 -0.416643
v 0.107175 0.094269 -0.404850
v 0.102457 0.167836 -0.361352
v 0.000000 0.175697 -0.366593
v 0.088570 0.227450 -0.299773
v 0.000000 0.233215 -0.302393
v 0.000000 0.268328 -0.241600
v 0.074550 0.261253 -0.239241
v 0.194121 0.091692 -0.374145
v 0.180343 0.165031 -0.339494
v 0.191220 0.217001 -0.293589
v 0.246494 0.167760 -0.302947
v 0.110318 0.260729 -0.237145
v 0.199674 0.271079 -0.255750
v 0.231304 0.373615 -0.204592
v 0.263914 0.371531 -0.202457
v 0.257568 0.390458 -0.195270
v 0.244614 0.390958 -0.192552
v 0.182445 0.332265 -0.214348
v 0.216706 0.326370 -0.228236
v 0.152802 0.295318 -0.224568
v 0.146217 0.250116 -0.264398
v 0.244482 -0.359256 0.113725
v 0.189734 -0.414665 -0.001358
v 0.151432 -0.425647 0.015526
v 0.156734 -0.424687 0.013685
v 0.177662 -0.411925 0.064986
v 0.120447 -0.433358 0.017785
v 0.140355 -0.428113 0.015549
v 0.222786 -1.025633 -0.047224
v 0.253910 -1.056205 -0.050495
v 0.254196 -1.028861 -0.038301
v 0.282903 -1.053467 -0.060080
v 0.288738 -1.021975 -0.045965
v 0.307653 -1.054608 -0.065741
v 0.318021 -1.021201 -0.054300
v 0.341117 -1.017491 -0.078054
v 0.332701 -1.055385 -0.097125
v 0.223584 -1.055758 -0.060271
v 0.193160 -1.028324 -0.059571
v 0.197295 -1.058523 -0.071517
v 0.168251 -1.029613 -0.080826
v 0.173845 -1.056808 -0.089399
v 0.157925 -1.032085 -0.116487
v 0.171385 -1.059770 -0.125565
v 0.155191 -1.032782 -0.158163
v 0.353974 -1.016266 -0.111424
v 0.258013 -1.073391 -0.084620
v 0.283788 -1.067020 -0.093734
v 0.310313 -1.067493 -0.090025
v 0.229860 -1.068506 -0.089975
v 0.193565 -0.998091 -0.071981
v 0.170716 -1.002860 -0.090915
v 0.223780 -0.995007 -0.057492
v 0.254197 -0.994226 -0.048074
v 0.158362 -1.009028 -0.118465
v 0.283116 -0.995533 -0.053637
v 0.316283 -0.991081 -0.064661
v 0.335048 -0.993602 -0.083262
v 0.306142 -0.972452 -0.083074
v 0.348925 -0.994389 -0.111971
v 0.327256 -0.974090 -0.099653
v 0.280058 -0.973495 -0.074266
v 0.256040 -0.971884 -0.071588
v 0.226429 -0.973579 -0.079888
v 0.197128 -0.978405 -0.092699
v 0.358339 -0.994718 -0.147539
v 0.340321 -0.975698 -0.117916
v 0.358207 -1.018678 -0.148773
v 0.341701 -1.050172 -0.117971
v 0.336891 -1.055956 -0.148096
v 0.363983 -0.972283 -0.188848
v 0.365021 -0.996077 -0.191600
v 0.361090 -1.021462 -0.191469
v 0.346632 -1.050196 -0.190957
v 0.264578 -0.949827 -0.098341
v 0.224855 -0.947665 -0.107224
v 0.189268 -0.959852 -0.119896
v 0.178442 -0.983319 -0.106144
v 0.351006 -0.970919 -0.146038
v 0.327392 -0.955417 -0.123808
v 0.358654 -0.944815 -0.184550
v 0.161579 -0.993724 -0.127687
v 0.165234 -0.971890 -0.145247
v 0.152929 -1.006464 -0.152071
v 0.156226 -0.987299 -0.154337
v 0.196809 -1.065955 -0.152213
v 0.198452 -1.073236 -0.103246
v 0.231373 -1.070297 -0.145296
v 0.260259 -1.072369 -0.139169
v 0.301353 -1.066579 -0.137454
v 0.301571 -0.948190 -0.110271
v 0.347863 -0.526473 -0.602403
v 0.391549 -0.598534 -0.581722
v 0.388030 -0.555192 -0.637149
v 0.336619 -0.641994 -0.531944
v 0.379913 -0.698881 -0.511588
v 0.390696 -0.644351 -0.540088
v 0.358588 -0.757660 -0.504840
v 0.322022 -0.697535 -0.514635
v 0.302525 -0.752354 -0.508887
v 0.350511 -0.493933 -0.688606
v 0.379722 -0.523243 -0.703757
v 0.329916 -0.466501 -0.783137
v 0.367117 -0.510223 -0.799481
v 0.331250 -0.464969 -0.666960
v 0.305191 -0.417516 -0.632259
v 0.332916 -0.463306 -0.609613
v 0.303752 -0.396195 -0.560912
v 0.333544 -0.446909 -0.536535
v 0.430322 -0.656391 -0.566985
v 0.428434 -0.613915 -0.613359
v 0.424519 -0.707011 -0.539630
v 0.408482 -0.765723 -0.527165
v 0.332263 -0.817089 -0.514455
v 0.385447 -0.827081 -0.533541
v 0.345912 -0.590662 -0.557517
v 0.421646 -0.577772 -0.668007
v 0.345344 -0.629678 -0.492394
v 0.355352 -0.570294 -0.501474
v 0.371354 -0.625582 -0.454352
v 0.351209 -0.495967 -0.509437
v 0.359988 -0.871962 -0.552324
v 0.280015 -0.798668 -0.516626
v 0.306297 -0.857782 -0.536058
v 0.328903 -0.686192 -0.483984
v 0.355712 -0.680243 -0.452167
v 0.304997 -0.742542 -0.480702
v 0.334473 -0.733551 -0.447286
v 0.266300 -0.797427 -0.478286
v 0.296439 -0.788646 -0.438473
v 0.408915 -0.553718 -0.733023
v 0.397513 -0.547989 -0.804722
v 0.461904 -0.723781 -0.592197
v 0.462520 -0.677140 -0.616718
v 0.447117 -0.780203 -0.571130
v 0.429482 -0.842128 -0.579107
v 0.455456 -0.638313 -0.650707
v 0.446041 -0.605730 -0.704001
v 0.252118 -0.833847 -0.421685
v 0.209112 -0.862404 -0.395181
v 0.230856 -0.833254 -0.459462
v 0.140008 -0.886002 -0.378025
v 0.174960 -0.874476 -0.357365
v 0.149275 -0.869399 -0.314552
v 0.135223 -0.840804 -0.260766
v 0.113227 -0.874639 -0.320867
v 0.094001 -0.816462 -0.207573
v 0.131721 -0.806654 -0.216607
v 0.104258 -0.778257 -0.159582
v 0.149739 -0.785722 -0.181240
v 0.169016 -0.746025 -0.148052
v 0.126983 -0.733448 -0.126303
v 0.191379 -0.693151 -0.127693
v 0.153293 -0.678681 -0.100623
v 0.223911 -0.630431 -0.118490
v 0.175641 -0.611549 -0.085718
v 0.200712 -0.549290 -0.088714
v 0.256006 -0.573837 -0.122410
v 0.236231 -0.494533 -0.106885
v 0.289166 -0.519229 -0.136031
v 0.257208 -0.458430 -0.121779
v 0.255998 -0.458975 -0.121032
v 0.320725 -0.398268 -0.201901
v 0.318455 -0.403379 -0.192746
v 0.331912 -0.418735 -0.199031
v 0.327847 -0.360622 -0.253859
v 0.328074 -0.363049 -0.249193
v 0.344555 -0.397905 -0.241997
v 0.349017 -0.381906 -0.393329
v 0.361448 -0.404497 -0.302950
v 0.371613 -0.427631 -0.366751
v 0.374351 -0.461101 -0.421726
v 0.375994 -0.501991 -0.445982
v 0.347088 -0.428708 -0.470064
v 0.311148 -0.367351 -0.492911
v 0.311684 -0.304695 -0.331173
v 0.312890 -0.306477 -0.328490
v 0.339429 -0.354441 -0.317535
v 0.378909 -0.455102 -0.286439
v 0.389610 -0.476077 -0.349635
v 0.387487 -0.496021 -0.405282
v 0.398651 -0.550588 -0.403836
v 0.356503 -0.437638 -0.228720
v 0.358438 -0.486604 -0.201437
v 0.390859 -0.508319 -0.267496
v 0.403943 -0.531004 -0.339087
v 0.400988 -0.613655 -0.406569
v 0.379304 -0.561823 -0.452459
v 0.315150 -0.464052 -0.159964
v 0.349896 -0.545960 -0.177786
v 0.397330 -0.565025 -0.252778
v 0.412845 -0.590139 -0.332186
v 0.394494 -0.672189 -0.407362
v 0.415427 -0.649026 -0.326300
v 0.400149 -0.624103 -0.247363
v 0.360134 -0.603172 -0.184872
v 0.316633 -0.587811 -0.147910
v 0.289093 -0.639267 -0.134876
v 0.259920 -0.697639 -0.130931
v 0.351326 -0.658219 -0.175970
v 0.335755 -0.712847 -0.166607
v 0.385785 -0.733797 -0.227108
v 0.395959 -0.680553 -0.238152
v 0.411966 -0.705890 -0.317225
v 0.402822 -0.756713 -0.300493
v 0.383679 -0.734241 -0.402473
v 0.346716 -0.804461 -0.408042
v 0.306087 -0.479343 -0.892648
v 0.348129 -0.523964 -0.897914
v 0.380554 -0.564934 -0.903227
v 0.234902 -0.833545 -0.498436
v 0.256055 -0.834522 -0.536446
v 0.227819 -0.861686 -0.563716
v 0.281721 -0.887525 -0.562918
v 0.198877 -0.873977 -0.513039
v 0.244448 -0.753774 -0.133708
v 0.322203 -0.763231 -0.160580
v 0.192168 -0.809947 -0.142644
v 0.374204 -0.783587 -0.217813
v 0.313809 -0.811406 -0.155145
v 0.288614 -0.864873 -0.404041
v 0.237784 -0.892220 -0.381764
v 0.197145 -0.905161 -0.342211
v 0.391528 -0.806045 -0.286275
v 0.366035 -0.831142 -0.208541
v 0.382166 -0.852489 -0.273104
v 0.165487 -0.905338 -0.300268
v 0.145399 -0.888155 -0.247798
v 0.145993 -0.854096 -0.206991
v 0.158683 -0.830328 -0.173092
v 0.201462 -0.860923 -0.135157
v 0.168292 -0.878073 -0.160452
v 0.246452 -0.804590 -0.133209
v 0.249576 -0.854280 -0.128492
v 0.308579 -0.857601 -0.147283
v 0.360573 -0.874538 -0.197280
v 0.386508 -0.779829 -0.368484
v 0.377644 -0.830774 -0.349127
v 0.369554 -0.874590 -0.332175
v 0.375199 -0.896854 -0.258561
v 0.363806 -0.917635 -0.311870
v 0.335801 -0.856944 -0.389410
v 0.325426 -0.901956 -0.370473
v 0.319656 -0.941290 -0.349048
v 0.271815 -0.914223 -0.378596
v 0.218639 -0.941301 -0.341258
v 0.268810 -0.947592 -0.357619
v 0.170086 -0.940575 -0.287435
v 0.149664 -0.928716 -0.237278
v 0.152777 -0.902695 -0.193228
v 0.220578 -0.482566 -0.088374
v 0.177013 -0.506168 -0.058221
v 0.169702 -0.510193 -0.053238
v 0.157211 -0.515931 -0.046031
v 0.115395 -0.645402 -0.064986
v 0.136588 -0.576880 -0.051097
v 0.000000 -0.593519 -0.022535
v 0.063217 -0.644093 -0.048477
v 0.073634 -0.586837 -0.030134
v 0.072290 -0.713926 -0.089879
v 0.000000 -0.709471 -0.077564
v 0.000000 -0.653919 -0.045594
v 0.000000 -0.774194 -0.130234
v 0.055913 -0.778780 -0.142812
v 0.000000 -0.824638 -0.195481
v 0.048313 -0.823851 -0.200460
v 0.000000 -0.863682 -0.261515
v 0.051360 -0.860275 -0.262301
v 0.093917 -0.852676 -0.267018
v 0.000000 -0.894078 -0.316543
v 0.064899 -0.888465 -0.319544
v 0.082334 -0.914776 -0.390184
v 0.000000 -0.925523 -0.385591
v 0.129004 -0.918679 -0.453381
v 0.182631 -0.876441 -0.439469
v 0.000000 -0.944389 -0.441241
v 0.074550 -0.939148 -0.452443
v 0.074223 -0.963256 -0.543404
v 0.000000 -0.969806 -0.529253
v 0.201184 -0.889528 -0.603822
v 0.134622 -0.951726 -0.622932
v 0.189061 -0.906918 -0.647498
v 0.068393 -0.978716 -0.612795
v 0.149820 -0.925523 -0.541455
v 0.000000 -0.988674 -0.616906
v 0.062693 -0.992867 -0.690129
v 0.129906 -0.965876 -0.699546
v 0.438391 -0.595943 -0.753592
v 0.430792 -0.597875 -0.812452
v 0.417690 -0.619198 -0.903642
v 0.315025 -1.024212 -0.522614
v 0.339344 -1.045584 -0.520417
v 0.340431 -1.028427 -0.515344
v 0.367044 -1.047726 -0.525486
v 0.367576 -1.023383 -0.520051
v 0.387284 -1.042281 -0.541370
v 0.393889 -1.019842 -0.536049
v 0.417276 -1.049309 -0.552410
v 0.417302 -1.016760 -0.543898
v 0.311431 -1.049548 -0.526068
v 0.282212 -1.028394 -0.522335
v 0.283934 -1.058130 -0.531305
v 0.256508 -1.028936 -0.539796
v 0.260046 -1.057346 -0.549232
v 0.240028 -1.033745 -0.575962
v 0.255414 -1.061761 -0.586980
v 0.231904 -1.034989 -0.614875
v 0.253622 -1.060688 -0.625106
v 0.438648 -1.016117 -0.571478
v 0.343853 -1.070756 -0.544744
v 0.369525 -1.066255 -0.553649
v 0.397427 -1.060461 -0.557032
v 0.315904 -1.069878 -0.548488
v 0.280037 -0.998340 -0.533875
v 0.256762 -1.002694 -0.550137
v 0.315379 -1.001812 -0.528324
v 0.341004 -1.000996 -0.518707
v 0.242687 -1.008934 -0.575536
v 0.366900 -1.002899 -0.524207
v 0.395172 -1.000322 -0.538024
v 0.414547 -0.997733 -0.547037
v 0.433142 -0.995008 -0.572202
v 0.387513 -0.981357 -0.548059
v 0.409825 -0.977791 -0.561351
v 0.366768 -0.982434 -0.539308
v 0.340684 -0.979000 -0.535104
v 0.315313 -0.980697 -0.541847
v 0.284811 -0.980092 -0.550303
v 0.440722 -0.995198 -0.608013
v 0.423586 -0.978147 -0.578759
v 0.443990 -1.018638 -0.608524
v 0.432535 -1.050895 -0.579574
v 0.427297 -1.053541 -0.609508
v 0.432771 -0.975959 -0.653627
v 0.443121 -0.996326 -0.652616
v 0.445773 -1.021015 -0.651355
v 0.426414 -1.050848 -0.650089
v 0.351961 -0.961207 -0.568489
v 0.321366 -0.959341 -0.574873
v 0.263671 -0.985087 -0.565192
v 0.296226 -0.960793 -0.583961
v 0.275760 -0.966133 -0.593088
v 0.427642 -0.973934 -0.608561
v 0.403312 -0.961218 -0.593059
v 0.407009 -0.955860 -0.624362
v 0.410748 -0.953444 -0.656134
v 0.246585 -0.995811 -0.584220
v 0.232691 -1.009048 -0.611337
v 0.239891 -0.985139 -0.622681
v 0.282250 -1.066662 -0.611536
v 0.284353 -1.075288 -0.562242
v 0.318498 -1.069326 -0.600880
v 0.348978 -1.068932 -0.600936
v 0.387312 -1.066609 -0.597173
v 0.384042 -0.961411 -0.576134
v 0.297481 -0.288934 -0.357735
v 0.316907 -0.330494 -0.418972
v 0.268577 -0.256649 -0.399942
v 0.076336 -0.184836 -0.496813
v 0.078415 -0.184842 -0.496456
v 0.082536 -0.206515 -0.526463
v 0.107019 -0.190837 -0.490026
v 0.125520 -0.195104 -0.485118
v 0.153225 -0.221528 -0.511858
v 0.216766 -0.246781 -0.487124
v 0.215037 -0.224219 -0.445987
v 0.226703 -0.231489 -0.438184
v 0.000000 -0.236360 -0.585002
v 0.000000 -0.197578 -0.528271
v 0.152300 -0.257917 -0.567509
v 0.213336 -0.283729 -0.546871
v 0.266279 -0.320273 -0.520560
v 0.271522 -0.283415 -0.455434
v 0.263047 -0.351510 -0.587022
v 0.213239 -0.314766 -0.611322
v 0.095906 -0.271211 -0.645968
v 0.156547 -0.287731 -0.631060
v 0.082480 -0.241877 -0.580010
v 0.000000 -0.263874 -0.655098
v 0.093810 -0.294008 -0.717987
v 0.000000 -0.285622 -0.726111
v 0.159268 -0.311599 -0.699406
v 0.216707 -0.339117 -0.679858
v 0.266107 -0.375732 -0.656934
v 0.088832 -0.313399 -0.778257
v 0.160181 -0.333237 -0.767514
v 0.219776 -0.361236 -0.751117
v 0.271712 -0.397342 -0.730039
v 0.310509 -0.436444 -0.702848
v 0.000000 -0.306062 -0.787690
v 0.085687 -0.342224 -0.852545
v 0.000000 -0.333838 -0.854445
v 0.163040 -0.360686 -0.836998
v 0.220160 -0.385921 -0.824629
v 0.278161 -0.422516 -0.809662
v 0.201508 -0.408388 -0.900923
v 0.142025 -0.387556 -0.912453
v 0.264420 -0.445927 -0.896015
v 0.062365 -0.542945 -1.107770
v 0.000000 -0.523031 -1.113011
v 0.000000 -0.537311 -1.098828
v 0.113987 -0.566922 -1.114649
v 0.073634 -0.520540 -1.124279
v 0.162457 -0.589075 -1.155985
v 0.151720 -0.608717 -1.123886
v 0.174744 -0.636804 -1.167313
v 0.163513 -0.651299 -1.129192
v 0.160368 -0.695551 -1.184548
v 0.155652 -0.705720 -1.134253
v 0.119490 -0.747238 -1.198305
v 0.122635 -0.762633 -1.141770
v 0.073634 -0.779304 -1.203841
v 0.000000 -0.813632 -1.148124
v 0.075205 -0.801578 -1.145996
v 0.190474 -0.617351 -1.213586
v 0.173046 -0.681274 -1.239135
v 0.130021 -0.734667 -1.256440
v 0.079135 -0.770133 -1.262242
v 0.000000 -0.798171 -1.210883
v 0.000000 -0.787165 -1.269710
v 0.148838 -0.517659 -1.161750
v 0.123682 -0.547269 -1.139871
v 0.089879 -0.494402 -1.132010
v 0.000000 -0.488572 -1.119301
v 0.077301 -0.455261 -1.117204
v 0.000000 -0.456800 -1.109604
v 0.136260 -0.463548 -1.144063
v 0.175959 -0.489523 -1.182473
v 0.180719 -0.567050 -1.189913
v 0.200321 -0.543520 -1.225603
v 0.204554 -0.598482 -1.265257
v 0.181709 -0.656870 -1.303964
v 0.139565 -0.701799 -1.332829
v 0.078085 -0.742759 -1.344961
v 0.000000 -0.712222 -1.418483
v 0.000000 -0.757949 -1.349829
v 0.065772 -0.696500 -1.419728
v 0.184376 -0.620148 -1.360013
v 0.141025 -0.661345 -1.395712
v 0.213416 -0.568480 -1.316354
v 0.212776 -0.537833 -1.359852
v 0.183690 -0.577464 -1.400731
v 0.139439 -0.614190 -1.437170
v 0.068393 -0.646451 -1.461392
v 0.000000 -0.659553 -1.465847
v 0.217245 -0.515465 -1.267071
v 0.224782 -0.487992 -1.302809
v 0.205565 -0.463011 -1.222628
v 0.000000 -0.436361 -1.092966
v 0.086735 -0.428401 -1.101351
v 0.153990 -0.433078 -1.143178
v 0.224264 -0.444745 -1.292246
v 0.000000 -0.591947 -1.502270
v 0.068411 -0.590241 -1.491654
v 0.000000 -0.510226 -1.513924
v 0.078019 -0.511740 -1.504414
v 0.072386 -0.437553 -1.496517
v 0.066358 -0.374451 -1.475145
v 0.000000 -0.439163 -1.504237
v 0.000000 -0.373975 -1.480285
v 0.135713 -0.570949 -1.462906
v 0.135158 -0.506958 -1.476782
v 0.182118 -0.546453 -1.420121
v 0.137146 -0.438729 -1.471225
v 0.186048 -0.499937 -1.428507
v 0.186559 -0.435319 -1.426358
v 0.132420 -0.374322 -1.453020
v 0.182225 -0.376683 -1.410329
v 0.216968 -0.490456 -1.367451
v 0.217725 -0.436801 -1.362976
v 0.211750 -0.385121 -1.348822
v 0.219332 -0.396836 -1.280068
v 0.204157 -0.411650 -1.209211
v 0.000000 -0.306335 -1.440704
v 0.066544 -0.308562 -1.436918
v 0.123225 -0.314442 -1.420298
v 0.171052 -0.323459 -1.381350
v 0.199511 -0.337029 -1.326006
v 0.209503 -0.351121 -1.263775
v 0.170606 -0.387262 -1.137297
v 0.000000 -0.255095 -1.395359
v 0.065909 -0.256698 -1.389779
v 0.119407 -0.267082 -1.372643
v 0.159177 -0.283223 -1.341576
v 0.058434 -0.216968 -1.332600
v 0.109533 -0.230857 -1.312108
v 0.161417 -0.265577 -1.285596
v 0.182246 -0.297200 -1.301911
v 0.194485 -0.311857 -1.244688
v 0.200672 -0.365981 -1.197666
v 0.189984 -0.326496 -1.182468
v 0.173470 -0.274224 -1.223198
v 0.000000 -0.185786 -1.264667
v 0.056338 -0.193123 -1.255103
v 0.106388 -0.214610 -1.251737
v 0.000000 -0.180283 -1.188315
v 0.101147 -0.210679 -1.195226
v 0.053456 -0.189455 -1.188610
v 0.098789 -0.221685 -1.138953
v 0.000000 -0.191551 -1.132960
v 0.137571 -0.238194 -1.264081
v 0.144121 -0.240552 -1.206003
v 0.145432 -0.256733 -1.151400
v 0.170850 -0.290929 -1.163421
v 0.051622 -0.201508 -1.131419
v 0.000000 -0.223520 -1.073050
v 0.053718 -0.234263 -1.072264
v 0.131544 -0.279072 -1.095062
v 0.158198 -0.309229 -1.114880
v 0.171778 -0.347380 -1.128841
v 0.000000 -0.327549 -0.991818
v 0.045332 -0.374519 -0.994177
v 0.058434 -0.324143 -1.005707
v 0.046643 -0.393386 -1.006526
v 0.094334 -0.349954 -1.026899
v 0.000000 -0.377337 -0.980288
v 0.000000 -0.400019 -0.988936
v 0.000000 -0.273831 -1.021428
v 0.058042 -0.278547 -1.030862
v 0.104292 -0.259680 -1.082484
v 0.110580 -0.290078 -1.061259
v 0.136522 -0.333346 -1.073312
v 0.140977 -0.361287 -1.086022
v 0.098265 -0.382119 -1.050777
v 0.128137 -0.396924 -1.097551
v 0.040354 -0.409568 -1.034007
v 0.080970 -0.407275 -1.069644
v 0.000000 -0.420835 -1.065975
v 0.000000 -0.411729 -1.008949
v 0.484248 -0.799940 -0.657308
v 0.488179 -0.736821 -0.667643
v 0.476911 -0.667447 -0.720083
v 0.448873 -0.698924 -0.905084
v 0.487130 -0.758407 -0.803870
v 0.454376 -0.774981 -0.900890
v 0.471670 -0.676912 -0.808620
v 0.376026 -0.643896 -0.990508
v 0.333082 -0.564276 -0.983256
v 0.000000 -0.361352 -0.911569
v 0.126827 -0.435378 -0.998467
v 0.077301 -0.373144 -0.918725
v 0.187882 -0.459092 -0.998893
v 0.262664 -0.494815 -0.983536
v 0.000000 -0.499054 -1.073698
v 0.101934 -0.498661 -1.070413
v 0.160630 -0.531219 -1.078815
v 0.208321 -0.581399 -1.088511
v 0.229546 -0.633152 -1.092966
v 0.216706 -0.711453 -1.102874
v 0.162726 -0.784938 -1.114452
v 0.096169 -0.836167 -1.118252
v 0.000000 -0.858179 -1.122838
v 0.029872 -0.457652 -1.041639
v 0.112414 -0.464595 -1.037151
v 0.064462 -0.415070 -0.990857
v 0.181069 -0.491062 -1.039510
v 0.248413 -0.539145 -1.041868
v 0.289291 -0.609438 -1.055231
v 0.308683 -0.702723 -1.057328
v 0.235311 -0.811764 -1.078292
v 0.161088 -0.886217 -1.064403
v 0.392273 -0.732072 -0.987102
v 0.388605 -0.808587 -0.973344
v 0.317854 -0.780712 -1.041082
v 0.229153 -0.873377 -1.049990
v 0.471408 -0.850448 -0.667364
v 0.409567 -0.890966 -0.603738
v 0.449659 -0.896223 -0.674227
v 0.230004 -0.917137 -0.985791
v 0.078219 -0.901153 -1.080911
v 0.000000 -0.922902 -1.072527
v 0.060400 -0.953692 -1.020381
v 0.000000 -0.961553 -1.018022
v 0.142550 -0.938494 -1.007541
v 0.058828 -0.984743 -0.957491
v 0.000000 -0.993390 -0.947534
v 0.121062 -0.973738 -0.941768
v 0.194958 -0.939410 -0.943603
v 0.054111 -1.006230 -0.864664
v 0.000000 -1.012519 -0.862633
v 0.056011 -1.003347 -0.772246
v 0.000000 -1.009899 -0.769478
v 0.000000 -0.999417 -0.686149
v 0.116345 -0.986577 -0.865384
v 0.175108 -0.951727 -0.910061
v 0.174388 -0.949367 -0.857457
v 0.246722 -0.917976 -0.609873
v 0.222209 -0.932860 -0.651167
v 0.186441 -0.924212 -0.710781
v 0.194171 -0.965483 -0.769347
v 0.178895 -0.934956 -0.780615
v 0.188144 -0.970855 -0.842718
v 0.189455 -0.972035 -0.893554
v 0.302852 -0.900890 -0.989722
v 0.363448 -0.930960 -0.953036
v 0.303834 -0.948058 -0.972951
v 0.479793 -0.820437 -0.808285
v 0.311564 -0.846517 -1.025097
v 0.248938 -0.954560 -0.964828
v 0.371047 -0.879354 -0.965090
v 0.294845 -0.910486 -0.584054
v 0.337768 -0.932139 -0.618936
v 0.352206 -0.901603 -0.579034
v 0.380219 -0.932794 -0.642520
v 0.246709 -0.958867 -0.647236
v 0.210941 -0.960111 -0.707112
v 0.205700 -0.964967 -0.939934
v 0.218278 -1.004699 -0.933645
v 0.199674 -1.009637 -0.889099
v 0.201246 -1.007147 -0.761027
v 0.227974 -0.990180 -0.651167
v 0.365806 -0.945962 -0.608979
v 0.324797 -0.949630 -0.602690
v 0.494206 -0.746156 -0.732858
v 0.489489 -0.806196 -0.736560
v 0.412449 -0.937921 -0.697286
v 0.460141 -0.899752 -0.758840
v 0.477173 -0.858195 -0.747074
v 0.469050 -0.866121 -0.801659
v 0.441536 -0.837740 -0.898270
v 0.422669 -0.907507 -0.893685
v 0.450707 -0.902922 -0.818741
v 0.430792 -0.937887 -0.770412
v 0.435247 -0.934464 -0.826996
v 0.416118 -0.933405 -0.892898
v 0.427910 -0.982041 -0.828568
v 0.435509 -0.983614 -0.769871
v 0.255226 -0.992097 -0.960111
v 0.305653 -1.031542 -0.932285
v 0.253719 -1.035054 -0.923426
v 0.303965 -0.982647 -0.966925
v 0.359321 -1.015271 -0.918447
v 0.361090 -0.973517 -0.942686
v 0.399872 -0.976685 -0.896960
v 0.389776 -1.012663 -0.885196
v 0.415856 -1.012782 -0.834595
v 0.196792 -1.012519 -0.835511
v 0.222064 -1.038158 -0.880896
v 0.124059 -0.976620 -0.777208
v 0.433150 -1.012257 -0.777995
v 0.435509 -0.979634 -0.705344
v 0.000000 -0.400920 -0.978192
v 0.000000 -0.450315 -1.034923
v 0.221947 -1.017760 -0.653133
v 0.213037 -1.006754 -0.695910
v 0.234244 -1.047927 -0.657105
v 0.226402 -1.043178 -0.700038
v 0.216540 -1.037696 -0.828436
v 0.271564 -1.067049 -0.655956
v 0.263431 -1.063676 -0.704385
v 0.259383 -1.059788 -0.764764
v 0.253333 -1.057622 -0.820469
v 0.220375 -1.039117 -0.764761
v 0.252257 -1.055566 -0.855044
v 0.278953 -1.055781 -0.877319
v 0.294085 -1.062577 -0.818437
v 0.300620 -1.066931 -0.764115
v 0.303669 -1.073085 -0.711766
v 0.312176 -1.078680 -0.652899
v 0.282479 -0.944389 -0.620247
v 0.282085 -0.956967 -0.613957
v 0.255326 -0.975174 -0.606196
v 0.256275 -0.963772 -0.630728
v 0.310853 -1.053195 -0.882416
v 0.442972 -1.018154 -0.712231
v 0.420238 -1.051625 -0.704076
v 0.409622 -1.045373 -0.778473
v 0.380952 -1.037986 -0.864595
v 0.396371 -1.040613 -0.830364
v 0.384789 -1.071622 -0.653254
v 0.364933 -1.038259 -0.883266
v 0.337663 -1.075095 -0.710657
v 0.380586 -1.067599 -0.707390
v 0.346593 -1.079002 -0.650849
v 0.328247 -1.067189 -0.768201
v 0.320331 -1.062116 -0.821906
v 0.375269 -1.060405 -0.774715
v 0.371638 -1.054384 -0.828419
v 0.256298 -0.901124 -0.121725
v 0.309982 -0.904044 -0.138526
v 0.355333 -0.909132 -0.184664
v 0.371250 -0.929110 -0.242642
v 0.360353 -0.950913 -0.293278
v 0.316081 -0.972951 -0.330431
v 0.268441 -0.979342 -0.338400
v 0.218756 -0.976639 -0.322921
v 0.176096 -0.974886 -0.277195
v 0.153211 -0.967731 -0.226612
v 0.157519 -0.947941 -0.176517
v 0.178227 -0.921817 -0.144914
v 0.213074 -0.906444 -0.125850
v 0.342361 -0.945145 -0.152272
v 0.355893 -0.982919 -0.276587
v 0.316805 -1.001513 -0.310255
v 0.266854 -1.008588 -0.320474
v 0.224305 -1.008196 -0.307110
v 0.180441 -1.006749 -0.263260
v 0.153431 -0.999865 -0.206926
v 0.152643 -0.978171 -0.179905
v 0.162393 -1.027744 -0.208127
v 0.169665 -1.054673 -0.164047
v 0.186865 -1.029166 -0.256119
v 0.177559 -1.049151 -0.208195
v 0.268427 -1.040557 -0.297939
v 0.226402 -1.039248 -0.285884
v 0.201163 -1.049842 -0.250590
v 0.319754 -1.030076 -0.286409
v 0.366444 -0.988735 -0.224521
v 0.368467 -0.959457 -0.225021
v 0.356635 -1.019070 -0.237670
v 0.337531 -1.043727 -0.245542
v 0.354277 -1.007803 -0.256537
v 0.266602 -1.062525 -0.267941
v 0.305245 -1.056538 -0.267332
v 0.225711 -1.058309 -0.262535
v 0.305306 -1.071198 -0.196752
v 0.263414 -1.075865 -0.201050
v 0.227183 -1.073761 -0.204770
v 0.197890 -1.062636 -0.207136
v 0.000000 -0.416643 -1.035448
v -0.105864 -0.006518 0.228236
v -0.080970 -0.009564 0.268852
v -0.090666 0.019784 0.253130
v -0.126107 0.017524 0.221947
v -0.114643 0.048444 0.236359
v -0.156200 0.049312 0.220113
v -0.155217 0.015329 0.211465
v -0.187489 0.038520 0.209632
v -0.178187 -0.003800 0.203866
v -0.218148 -0.006748 0.198888
v -0.179341 -0.035326 0.203342
v -0.195555 -0.069571 0.221423
v -0.212776 -0.039960 0.204915
v -0.171096 -0.052588 0.210156
v -0.159451 -0.078546 0.243959
v -0.140060 -0.060334 0.216968
v -0.121324 -0.052261 0.234525
v -0.118310 -0.070816 0.271735
v -0.098527 -0.047871 0.276714
v -0.105602 -0.032395 0.234001
v -0.217624 0.024631 0.197839
v -0.095382 0.075336 0.240552
v -0.061841 0.034458 0.261777
v -0.149100 0.089486 0.214610
v -0.203342 0.075205 0.193123
v -0.256275 -0.011660 0.182903
v -0.245793 -0.060155 0.204391
v -0.214741 -0.094612 0.229546
v -0.168622 -0.104030 0.254702
v -0.120931 -0.095317 0.288243
v -0.092762 -0.062759 0.306061
v -0.079660 -0.032640 0.288505
v -0.050655 -0.000000 0.281168
v -0.057125 -0.030921 0.313661
v -0.025385 -0.000458 0.290863
v -0.026122 -0.024893 0.329645
v -0.058172 -0.049788 0.342224
v -0.110056 -0.109991 0.319163
v -0.084638 -0.074812 0.330693
v -0.033516 0.035899 0.266756
v -0.029741 -0.037210 0.355064
v -0.033410 -0.054504 0.374716
v -0.056338 -0.069571 0.367379
v -0.068916 -0.083886 0.353491
v -0.077957 -0.112317 0.352966
v -0.030134 -0.085720 0.385984
v -0.052408 -0.089290 0.372096
v -0.031183 -0.117951 0.372620
v -0.052277 -0.111040 0.366331
v -0.025024 -0.146447 0.369475
v -0.055291 -0.144744 0.365544
v -0.085425 -0.142287 0.352704
v -0.114249 -0.142156 0.321260
v -0.137309 -0.136883 0.287982
v -0.027973 -0.179890 0.358994
v -0.058697 -0.182903 0.355849
v -0.177826 -0.133803 0.257584
v -0.232854 -0.125779 0.229808
v -0.082280 -0.181331 0.344320
v -0.113987 -0.176574 0.314185
v -0.138487 -0.173560 0.285622
v -0.025549 -0.205569 0.333576
v -0.052015 -0.207798 0.325191
v -0.077629 -0.202818 0.316805
v -0.027122 -0.236752 0.325191
v -0.053456 -0.234787 0.311826
v -0.076515 -0.226533 0.295842
v -0.101147 -0.203080 0.297152
v -0.094138 -0.235311 0.281168
v -0.134426 -0.205242 0.277238
v -0.181658 -0.172651 0.257322
v -0.178285 -0.213987 0.253392
v -0.124076 -0.248446 0.264660
v -0.032510 -0.266232 0.283526
v -0.065379 -0.257945 0.278810
v -0.237145 -0.169704 0.228760
v -0.231904 -0.220211 0.222209
v -0.168360 -0.267771 0.241600
v -0.209238 -0.281037 0.211465
v -0.044137 0.085229 0.247103
v -0.171304 0.341175 -0.148315
v -0.176434 0.273831 -0.099574
v -0.114774 0.287719 -0.121292
v -0.239897 0.340389 -0.138095
v -0.226800 0.380088 -0.149886
v -0.264921 0.346743 -0.140716
v -0.269318 0.401486 -0.158751
v -0.282871 0.395773 -0.160368
v -0.311041 0.334788 -0.157748
v -0.278416 0.306848 -0.134688
v -0.328859 0.264594 -0.160106
v -0.285753 0.261253 -0.123682
v -0.287457 0.208714 -0.101672
v -0.244744 0.301083 -0.137047
v -0.206446 0.312088 -0.130757
v -0.226270 0.245531 -0.124993
v -0.046643 -0.300854 0.257060
v -0.092369 -0.278842 0.261253
v -0.064199 -0.337113 0.232429
v -0.120112 -0.310123 0.238979
v -0.153424 -0.345629 0.199674
v -0.084376 -0.377599 0.192337
v -0.292698 -0.166329 0.190764
v -0.285884 -0.107617 0.193909
v -0.285263 -0.227286 0.181069
v -0.091455 -0.410130 0.139507
v -0.067729 0.132199 0.220375
v -0.124862 0.135213 0.200722
v -0.190240 0.120832 0.176615
v -0.295450 0.038552 0.133115
v -0.307896 -0.016312 0.145432
v -0.334999 -0.098421 0.142929
v -0.340283 -0.160909 0.135802
v -0.330211 -0.224255 0.127115
v -0.307372 -0.283657 0.117917
v -0.258895 -0.296890 0.164036
v -0.224305 -0.343271 0.155389
v -0.356453 -0.012529 0.071888
v -0.376455 -0.152545 0.060607
v -0.365061 -0.218892 0.052981
v -0.343533 -0.281168 0.042451
v -0.335722 0.045888 0.071134
v -0.237276 0.104488 0.153031
v -0.245006 0.039830 0.177924
v -0.274682 0.083787 0.130234
v -0.306678 0.098121 0.075050
v -0.257474 0.140470 0.099064
v -0.195809 0.167312 0.126303
v -0.123224 0.183559 0.151196
v -0.064462 0.187096 0.169801
v -0.065510 0.231511 0.096431
v -0.117786 0.226402 0.077826
v -0.187751 0.208321 0.063152
v -0.275934 0.168924 0.025694
v -0.325304 0.115404 0.008880
v -0.358424 0.058779 -0.000294
v -0.373086 -0.083082 0.066993
v -0.382856 -0.005666 -0.007959
v -0.396473 -0.076640 -0.016555
v -0.398202 -0.146151 -0.025134
v -0.389390 -0.206814 -0.039306
v -0.361352 -0.284182 -0.057911
v -0.309992 -0.334886 0.039568
v -0.312613 -0.345761 -0.010482
v -0.071536 -0.441536 0.029611
v -0.086472 -0.430268 0.087783
v -0.068652 -0.444335 0.026477
v -0.071799 -0.466954 -0.000524
v -0.111629 0.278023 -0.080446
v -0.221030 0.237932 -0.066033
v -0.335620 0.147673 -0.105453
v -0.336856 0.169210 -0.140967
v -0.300559 0.330169 -0.193909
v -0.313922 0.260336 -0.199134
v -0.333973 0.183532 -0.186501
v -0.292663 0.370561 -0.187765
v -0.298325 0.371292 -0.159238
v -0.267972 0.402478 -0.177147
v -0.162137 0.337768 -0.177269
v -0.103899 0.279596 -0.178711
v -0.219393 0.385984 -0.177269
v -0.253065 0.401109 -0.174486
v -0.254308 0.399323 -0.156961
v -0.273831 0.266494 -0.232691
v -0.268852 0.329645 -0.216968
v -0.215003 0.224830 -0.012053
v -0.284360 0.185855 -0.036043
v -0.285970 0.197128 -0.079214
v -0.332538 0.131237 -0.053760
v -0.132657 0.248151 0.004979
v -0.166525 0.261515 -0.059221
v -0.072258 0.268328 -0.009695
v -0.060400 0.283788 -0.071013
v -0.069178 0.285622 -0.124141
v -0.071012 0.278547 -0.182806
v -0.365104 0.075013 -0.071631
v -0.390452 0.004035 -0.087855
v -0.401304 -0.073123 -0.101544
v -0.398341 -0.150801 -0.111607
v -0.359229 0.092110 -0.144070
v -0.377719 0.015530 -0.166605
v -0.383753 -0.067902 -0.184803
v -0.342768 0.111605 -0.209607
v -0.349150 0.023762 -0.240559
v -0.272971 -0.380656 -0.057037
v -0.231451 -0.402946 -0.022379
v -0.230986 -0.401927 -0.018168
v -0.256537 -0.383233 0.025418
v -0.292111 -0.367833 -0.065334
v -0.329914 -0.320399 -0.130864
v -0.375159 -0.227376 -0.146683
v -0.338926 -0.272646 -0.195525
v -0.360040 -0.181038 -0.222924
v -0.382212 -0.125564 -0.188668
v -0.325515 -0.221592 -0.260430
v -0.321250 -0.127965 -0.299703
v -0.289195 -0.174986 -0.323649
v -0.265301 -0.171422 -0.345241
v -0.281842 -0.185054 -0.327975
v -0.263185 -0.086294 -0.362415
v -0.238559 -0.137338 -0.375654
v -0.349096 -0.066776 -0.260860
v -0.287178 -0.020537 -0.335850
v -0.309133 0.205656 -0.224741
v -0.308643 0.136851 -0.259273
v -0.266433 0.216149 -0.261352
v -0.304051 0.055038 -0.298158
v -0.244479 0.083352 -0.346126
v -0.246494 0.167760 -0.302947
v -0.204529 0.017035 -0.390451
v -0.184939 -0.057307 -0.409853
v -0.182036 -0.123193 -0.411304
v -0.228167 -0.145759 -0.382345
v -0.139973 -0.108526 -0.428293
v -0.174044 -0.112424 -0.416236
v -0.100099 0.013167 -0.432365
v -0.090797 -0.045857 -0.443108
v -0.102457 0.167836 -0.361352
v -0.107175 0.094269 -0.404850
v -0.194121 0.091692 -0.374145
v -0.088570 0.227450 -0.299773
v -0.074550 0.261253 -0.239241
v -0.180343 0.165031 -0.339494
v -0.191220 0.217001 -0.293589
v -0.110318 0.260729 -0.237145
v -0.199674 0.271079 -0.255750
v -0.228629 0.370131 -0.207011
v -0.216706 0.326370 -0.228236
v -0.244814 0.390649 -0.192384
v -0.258895 0.371834 -0.205177
v -0.259272 0.390248 -0.193434
v -0.182445 0.332265 -0.214348
v -0.152802 0.295318 -0.224568
v -0.146217 0.250116 -0.264398
v -0.107170 -0.009767 0.217511
v -0.107195 -0.018924 0.218547
v -0.115860 -0.001348 0.217190
v -0.121502 0.004227 0.216305
v -0.166044 -0.049169 0.206895
v -0.170388 -0.045099 0.205974
v -0.126443 -0.053601 0.217379
v -0.134317 -0.057436 0.216305
v -0.284575 -0.325322 0.106912
v -0.244482 -0.359256 0.113725
v -0.189734 -0.414665 -0.001358
v -0.179104 -0.417822 0.004164
v -0.177662 -0.411925 0.064986
v -0.120447 -0.433358 0.017785
v -0.071560 -0.443838 0.026882
v -0.180021 -0.389259 0.131019
v -0.222786 -1.025633 -0.047224
v -0.253910 -1.056205 -0.050495
v -0.223584 -1.055758 -0.060271
v -0.282903 -1.053467 -0.060080
v -0.254196 -1.028861 -0.038301
v -0.288738 -1.021975 -0.045965
v -0.307653 -1.054608 -0.065741
v -0.341117 -1.017491 -0.078054
v -0.318021 -1.021201 -0.054300
v -0.193160 -1.028324 -0.059571
v -0.197295 -1.058523 -0.071517
v -0.168251 -1.029613 -0.080826
v -0.157925 -1.032085 -0.116487
v -0.173845 -1.056808 -0.089399
v -0.171385 -1.059770 -0.125565
v -0.155191 -1.032782 -0.158163
v -0.353974 -1.016266 -0.111424
v -0.332701 -1.055385 -0.097125
v -0.258013 -1.073391 -0.084620
v -0.283788 -1.067020 -0.093734
v -0.310313 -1.067493 -0.090025
v -0.229860 -1.068506 -0.089975
v -0.198452 -1.073236 -0.103246
v -0.193565 -0.998091 -0.071981
v -0.223780 -0.995007 -0.057492
v -0.254197 -0.994226 -0.048074
v -0.283116 -0.995533 -0.053637
v -0.170716 -1.002860 -0.090915
v -0.158362 -1.009028 -0.118465
v -0.316283 -0.991081 -0.064661
v -0.335048 -0.993602 -0.083262
v -0.348925 -0.994389 -0.111971
v -0.306142 -0.972452 -0.083074
v -0.327256 -0.974090 -0.099653
v -0.340321 -0.975698 -0.117916
v -0.280058 -0.973495 -0.074266
v -0.256040 -0.971884 -0.071588
v -0.226429 -0.973579 -0.079888
v -0.197128 -0.978405 -0.092699
v -0.178442 -0.983319 -0.106144
v -0.358339 -0.994718 -0.147539
v -0.351006 -0.970919 -0.146038
v -0.358207 -1.018678 -0.148773
v -0.341701 -1.050172 -0.117971
v -0.363983 -0.972283 -0.188848
v -0.365021 -0.996077 -0.191600
v -0.346632 -1.050196 -0.190957
v -0.336891 -1.055956 -0.148096
v -0.264578 -0.949827 -0.098341
v -0.224855 -0.947665 -0.107224
v -0.189268 -0.959852 -0.119896
v -0.327392 -0.955417 -0.123808
v -0.358654 -0.944815 -0.184550
v -0.342361 -0.945145 -0.152272
v -0.161579 -0.993724 -0.127687
v -0.165234 -0.971890 -0.145247
v -0.152929 -1.006464 -0.152071
v -0.156226 -0.987299 -0.154337
v -0.196809 -1.065955 -0.152213
v -0.169665 -1.054673 -0.164047
v -0.231373 -1.070297 -0.145296
v -0.260259 -1.072369 -0.139169
v -0.301353 -1.066579 -0.137454
v -0.301571 -0.948190 -0.110271
v -0.391549 -0.598534 -0.581722
v -0.347863 -0.526473 -0.602403
v -0.388030 -0.555192 -0.637149
v -0.336619 -0.641994 -0.531944
v -0.379913 -0.698881 -0.511588
v -0.322022 -0.697535 -0.514635
v -0.358588 -0.757660 -0.504840
v -0.350511 -0.493933 -0.688606
v -0.379722 -0.523243 -0.703757
v -0.329916 -0.466501 -0.783137
v -0.367117 -0.510223 -0.799481
v -0.331250 -0.464969 -0.666960
v -0.305191 -0.417516 -0.632259
v -0.310509 -0.436444 -0.702848
v -0.332916 -0.463306 -0.609613
v -0.303752 -0.396195 -0.560912
v -0.333544 -0.446909 -0.536535
v -0.430322 -0.656391 -0.566985
v -0.390696 -0.644351 -0.540088
v -0.424519 -0.707011 -0.539630
v -0.408482 -0.765723 -0.527165
v -0.302525 -0.752354 -0.508887
v -0.332263 -0.817089 -0.514455
v -0.280015 -0.798668 -0.516626
v -0.385447 -0.827081 -0.533541
v -0.345912 -0.590662 -0.557517
v -0.428434 -0.613915 -0.613359
v -0.421646 -0.577772 -0.668007
v -0.408915 -0.553718 -0.733023
v -0.345344 -0.629678 -0.492394
v -0.355352 -0.570294 -0.501474
v -0.371354 -0.625582 -0.454352
v -0.379304 -0.561823 -0.452459
v -0.351209 -0.495967 -0.509437
v -0.359988 -0.871962 -0.552324
v -0.306297 -0.857782 -0.536058
v -0.256055 -0.834522 -0.536446
v -0.328903 -0.686192 -0.483984
v -0.355712 -0.680243 -0.452167
v -0.304997 -0.742542 -0.480702
v -0.334473 -0.733551 -0.447286
v -0.266300 -0.797427 -0.478286
v -0.296439 -0.788646 -0.438473
v -0.461904 -0.723781 -0.592197
v -0.447117 -0.780203 -0.571130
v -0.429482 -0.842128 -0.579107
v -0.462520 -0.677140 -0.616718
v -0.455456 -0.638313 -0.650707
v -0.446041 -0.605730 -0.704001
v -0.438391 -0.595943 -0.753592
v -0.252118 -0.833847 -0.421685
v -0.230856 -0.833254 -0.459462
v -0.209112 -0.862404 -0.395181
v -0.140008 -0.886002 -0.378025
v -0.174960 -0.874476 -0.357365
v -0.149275 -0.869399 -0.314552
v -0.113227 -0.874639 -0.320867
v -0.135223 -0.840804 -0.260766
v -0.094001 -0.816462 -0.207573
v -0.093917 -0.852676 -0.267018
v -0.104258 -0.778257 -0.159582
v -0.131721 -0.806654 -0.216607
v -0.169016 -0.746025 -0.148052
v -0.149739 -0.785722 -0.181240
v -0.191379 -0.693151 -0.127693
v -0.126983 -0.733448 -0.126303
v -0.153293 -0.678681 -0.100623
v -0.223911 -0.630431 -0.118490
v -0.200712 -0.549290 -0.088714
v -0.175641 -0.611549 -0.085718
v -0.236231 -0.494533 -0.106885
v -0.256006 -0.573837 -0.122410
v -0.257208 -0.458430 -0.121779
v -0.287473 -0.444689 -0.142266
v -0.289166 -0.519229 -0.136031
v -0.300970 -0.431089 -0.161876
v -0.318455 -0.403379 -0.192746
v -0.331912 -0.418735 -0.199031
v -0.339429 -0.354441 -0.317535
v -0.319166 -0.324443 -0.307844
v -0.312890 -0.306477 -0.328490
v -0.361448 -0.404497 -0.302950
v -0.349017 -0.381906 -0.393329
v -0.371613 -0.427631 -0.366751
v -0.374351 -0.461101 -0.421726
v -0.375994 -0.501991 -0.445982
v -0.347088 -0.428708 -0.470064
v -0.311148 -0.367351 -0.492911
v -0.311684 -0.304695 -0.331173
v -0.316907 -0.330494 -0.418972
v -0.378909 -0.455102 -0.286439
v -0.344555 -0.397905 -0.241997
v -0.389610 -0.476077 -0.349635
v -0.387487 -0.496021 -0.405282
v -0.398651 -0.550588 -0.403836
v -0.356503 -0.437638 -0.228720
v -0.358438 -0.486604 -0.201437
v -0.315150 -0.464052 -0.159964
v -0.390859 -0.508319 -0.267496
v -0.403943 -0.531004 -0.339087
v -0.400988 -0.613655 -0.406569
v -0.349896 -0.545960 -0.177786
v -0.397330 -0.565025 -0.252778
v -0.412845 -0.590139 -0.332186
v -0.394494 -0.672189 -0.407362
v -0.415427 -0.649026 -0.326300
v -0.400149 -0.624103 -0.247363
v -0.360134 -0.603172 -0.184872
v -0.316633 -0.587811 -0.147910
v -0.289093 -0.639267 -0.134876
v -0.259920 -0.697639 -0.130931
v -0.351326 -0.658219 -0.175970
v -0.335755 -0.712847 -0.166607
v -0.395959 -0.680553 -0.238152
v -0.385785 -0.733797 -0.227108
v -0.411966 -0.705890 -0.317225
v -0.402822 -0.756713 -0.300493
v -0.383679 -0.734241 -0.402473
v -0.346716 -0.804461 -0.408042
v -0.306087 -0.479343 -0.892648
v -0.348129 -0.523964 -0.897914
v -0.397513 -0.547989 -0.804722
v -0.234902 -0.833545 -0.498436
v -0.227819 -0.861686 -0.563716
v -0.281721 -0.887525 -0.562918
v -0.198877 -0.873977 -0.513039
v -0.182631 -0.876441 -0.439469
v -0.244448 -0.753774 -0.133708
v -0.322203 -0.763231 -0.160580
v -0.192168 -0.809947 -0.142644
v -0.246452 -0.804590 -0.133209
v -0.374204 -0.783587 -0.217813
v -0.313809 -0.811406 -0.155145
v -0.288614 -0.864873 -0.404041
v -0.237784 -0.892220 -0.381764
v -0.197145 -0.905161 -0.342211
v -0.391528 -0.806045 -0.286275
v -0.366035 -0.831142 -0.208541
v -0.165487 -0.905338 -0.300268
v -0.145399 -0.888155 -0.247798
v -0.145993 -0.854096 -0.206991
v -0.158683 -0.830328 -0.173092
v -0.201462 -0.860923 -0.135157
v -0.249576 -0.854280 -0.128492
v -0.308579 -0.857601 -0.147283
v -0.382166 -0.852489 -0.273104
v -0.360573 -0.874538 -0.197280
v -0.386508 -0.779829 -0.368484
v -0.377644 -0.830774 -0.349127
v -0.369554 -0.874590 -0.332175
v -0.375199 -0.896854 -0.258561
v -0.363806 -0.917635 -0.311870
v -0.335801 -0.856944 -0.389410
v -0.325426 -0.901956 -0.370473
v -0.271815 -0.914223 -0.378596
v -0.218639 -0.941301 -0.341258
v -0.319656 -0.941290 -0.349048
v -0.268810 -0.947592 -0.357619
v -0.170086 -0.940575 -0.287435
v -0.149664 -0.928716 -0.237278
v -0.152777 -0.902695 -0.193228
v -0.168292 -0.878073 -0.160452
v -0.157211 -0.515931 -0.046031
v -0.169702 -0.510193 -0.053238
v -0.115395 -0.645402 -0.064986
v -0.063217 -0.644093 -0.048477
v -0.073634 -0.586837 -0.030134
v -0.072290 -0.713926 -0.089879
v -0.055913 -0.778780 -0.142812
v -0.048313 -0.823851 -0.200460
v -0.051360 -0.860275 -0.262301
v -0.064899 -0.888465 -0.319544
v -0.082334 -0.914776 -0.390184
v -0.129004 -0.918679 -0.453381
v -0.074550 -0.939148 -0.452443
v -0.074223 -0.963256 -0.543404
v -0.201184 -0.889528 -0.603822
v -0.149820 -0.925523 -0.541455
v -0.134622 -0.951726 -0.622932
v -0.068393 -0.978716 -0.612795
v -0.062693 -0.992867 -0.690129
v -0.129906 -0.965876 -0.699546
v -0.189061 -0.906918 -0.647498
v -0.186441 -0.924212 -0.710781
v -0.380554 -0.564934 -0.903227
v -0.430792 -0.597875 -0.812452
v -0.315025 -1.024212 -0.522614
v -0.339344 -1.045584 -0.520417
v -0.311431 -1.049548 -0.526068
v -0.367044 -1.047726 -0.525486
v -0.340431 -1.028427 -0.515344
v -0.367576 -1.023383 -0.520051
v -0.387284 -1.042281 -0.541370
v -0.417276 -1.049309 -0.552410
v -0.393889 -1.019842 -0.536049
v -0.417302 -1.016760 -0.543898
v -0.282212 -1.028394 -0.522335
v -0.283934 -1.058130 -0.531305
v -0.256508 -1.028936 -0.539796
v -0.240028 -1.033745 -0.575962
v -0.260046 -1.057346 -0.549232
v -0.255414 -1.061761 -0.586980
v -0.231904 -1.034989 -0.614875
v -0.438648 -1.016117 -0.571478
v -0.343853 -1.070756 -0.544744
v -0.369525 -1.066255 -0.553649
v -0.397427 -1.060461 -0.557032
v -0.315904 -1.069878 -0.548488
v -0.284353 -1.075288 -0.562242
v -0.280037 -0.998340 -0.533875
v -0.315379 -1.001812 -0.528324
v -0.341004 -1.000996 -0.518707
v -0.366900 -1.002899 -0.524207
v -0.242687 -1.008934 -0.575536
v -0.256762 -1.002694 -0.550137
v -0.395172 -1.000322 -0.538024
v -0.414547 -0.997733 -0.547037
v -0.387513 -0.981357 -0.548059
v -0.409825 -0.977791 -0.561351
v -0.433142 -0.995008 -0.572202
v -0.423586 -0.978147 -0.578759
v -0.366768 -0.982434 -0.539308
v -0.340684 -0.979000 -0.535104
v -0.315313 -0.980697 -0.541847
v -0.284811 -0.980092 -0.550303
v -0.263671 -0.985087 -0.565192
v -0.440722 -0.995198 -0.608013
v -0.427642 -0.973934 -0.608561
v -0.443990 -1.018638 -0.608524
v -0.432535 -1.050895 -0.579574
v -0.432771 -0.975959 -0.653627
v -0.443121 -0.996326 -0.652616
v -0.426414 -1.050848 -0.650089
v -0.427297 -1.053541 -0.609508
v -0.351961 -0.961207 -0.568489
v -0.321366 -0.959341 -0.574873
v -0.296226 -0.960793 -0.583961
v -0.403312 -0.961218 -0.593059
v -0.407009 -0.955860 -0.624362
v -0.410748 -0.953444 -0.656134
v -0.246585 -0.995811 -0.584220
v -0.275760 -0.966133 -0.593088
v -0.255326 -0.975174 -0.606196
v -0.232691 -1.009048 -0.611337
v -0.239891 -0.985139 -0.622681
v -0.282250 -1.066662 -0.611536
v -0.253622 -1.060688 -0.625106
v -0.318498 -1.069326 -0.600880
v -0.348978 -1.068932 -0.600936
v -0.387312 -1.066609 -0.597173
v -0.384042 -0.961411 -0.576134
v -0.297481 -0.288934 -0.357735
v -0.268577 -0.256649 -0.399942
v -0.179755 -0.211818 -0.466018
v -0.151984 -0.200566 -0.477002
v -0.153225 -0.221528 -0.511858
v -0.082536 -0.206515 -0.526463
v -0.082480 -0.241877 -0.580010
v -0.152300 -0.257917 -0.567509
v -0.213336 -0.283729 -0.546871
v -0.216766 -0.246781 -0.487124
v -0.266279 -0.320273 -0.520560
v -0.271522 -0.283415 -0.455434
v -0.263047 -0.351510 -0.587022
v -0.213239 -0.314766 -0.611322
v -0.156547 -0.287731 -0.631060
v -0.095906 -0.271211 -0.645968
v -0.093810 -0.294008 -0.717987
v -0.159268 -0.311599 -0.699406
v -0.216707 -0.339117 -0.679858
v -0.266107 -0.375732 -0.656934
v -0.088832 -0.313399 -0.778257
v -0.160181 -0.333237 -0.767514
v -0.219776 -0.361236 -0.751117
v -0.271712 -0.397342 -0.730039
v -0.085687 -0.342224 -0.852545
v -0.163040 -0.360686 -0.836998
v -0.220160 -0.385921 -0.824629
v -0.278161 -0.422516 -0.809662
v -0.201508 -0.408388 -0.900923
v -0.264420 -0.445927 -0.896015
v -0.062365 -0.542945 -1.107770
v -0.073634 -0.520540 -1.124279
v -0.113987 -0.566922 -1.114649
v -0.123682 -0.547269 -1.139871
v -0.162457 -0.589075 -1.155985
v -0.174744 -0.636804 -1.167313
v -0.151720 -0.608717 -1.123886
v -0.160368 -0.695551 -1.184548
v -0.163513 -0.651299 -1.129192
v -0.155652 -0.705720 -1.134253
v -0.119490 -0.747238 -1.198305
v -0.122635 -0.762633 -1.141770
v -0.073634 -0.779304 -1.203841
v -0.075205 -0.801578 -1.145996
v -0.190474 -0.617351 -1.213586
v -0.180719 -0.567050 -1.189913
v -0.173046 -0.681274 -1.239135
v -0.130021 -0.734667 -1.256440
v -0.079135 -0.770133 -1.262242
v -0.148838 -0.517659 -1.161750
v -0.089879 -0.494402 -1.132010
v -0.077301 -0.455261 -1.117204
v -0.136260 -0.463548 -1.144063
v -0.175959 -0.489523 -1.182473
v -0.200321 -0.543520 -1.225603
v -0.204554 -0.598482 -1.265257
v -0.139565 -0.701799 -1.332829
v -0.078085 -0.742759 -1.344961
v -0.065772 -0.696500 -1.419728
v -0.184376 -0.620148 -1.360013
v -0.181709 -0.656870 -1.303964
v -0.213416 -0.568480 -1.316354
v -0.212776 -0.537833 -1.359852
v -0.139439 -0.614190 -1.437170
v -0.141025 -0.661345 -1.395712
v -0.068393 -0.646451 -1.461392
v -0.217245 -0.515465 -1.267071
v -0.224782 -0.487992 -1.302809
v -0.205565 -0.463011 -1.222628
v -0.086735 -0.428401 -1.101351
v -0.153990 -0.433078 -1.143178
v -0.224264 -0.444745 -1.292246
v -0.068411 -0.590241 -1.491654
v -0.078019 -0.511740 -1.504414
v -0.072386 -0.437553 -1.496517
v -0.066358 -0.374451 -1.475145
v -0.135713 -0.570949 -1.462906
v -0.183690 -0.577464 -1.400731
v -0.182118 -0.546453 -1.420121
v -0.135158 -0.506958 -1.476782
v -0.186048 -0.499937 -1.428507
v -0.137146 -0.438729 -1.471225
v -0.186559 -0.435319 -1.426358
v -0.132420 -0.374322 -1.453020
v -0.216968 -0.490456 -1.367451
v -0.217725 -0.436801 -1.362976
v -0.182225 -0.376683 -1.410329
v -0.211750 -0.385121 -1.348822
v -0.219332 -0.396836 -1.280068
v -0.204157 -0.411650 -1.209211
v -0.066544 -0.308562 -1.436918
v -0.123225 -0.314442 -1.420298
v -0.171052 -0.323459 -1.381350
v -0.199511 -0.337029 -1.326006
v -0.209503 -0.351121 -1.263775
v -0.200672 -0.365981 -1.197666
v -0.170606 -0.387262 -1.137297
v -0.065909 -0.256698 -1.389779
v -0.119407 -0.267082 -1.372643
v -0.159177 -0.283223 -1.341576
v -0.058434 -0.216968 -1.332600
v -0.109533 -0.230857 -1.312108
v -0.161417 -0.265577 -1.285596
v -0.182246 -0.297200 -1.301911
v -0.194485 -0.311857 -1.244688
v -0.173470 -0.274224 -1.223198
v -0.189984 -0.326496 -1.182468
v -0.170850 -0.290929 -1.163421
v 0.000000 -0.212514 -1.336072
v -0.056338 -0.193123 -1.255103
v -0.053456 -0.189455 -1.188610
v -0.101147 -0.210679 -1.195226
v -0.106388 -0.214610 -1.251737
v -0.098789 -0.221685 -1.138953
v -0.137571 -0.238194 -1.264081
v -0.144121 -0.240552 -1.206003
v -0.145432 -0.256733 -1.151400
v -0.051622 -0.201508 -1.131419
v -0.053718 -0.234263 -1.072264
v -0.131544 -0.279072 -1.095062
v -0.104292 -0.259680 -1.082484
v -0.158198 -0.309229 -1.114880
v -0.171778 -0.347380 -1.128841
v -0.045332 -0.374519 -0.994177
v -0.058434 -0.324143 -1.005707
v -0.046643 -0.393386 -1.006526
v -0.094334 -0.349954 -1.026899
v -0.058042 -0.278547 -1.030862
v -0.110580 -0.290078 -1.061259
v -0.136522 -0.333346 -1.073312
v -0.140977 -0.361287 -1.086022
v -0.098265 -0.382119 -1.050777
v -0.128137 -0.396924 -1.097551
v -0.080970 -0.407275 -1.069644
v -0.040354 -0.409568 -1.034007
v -0.484248 -0.799940 -0.657308
v -0.488179 -0.736821 -0.667643
v -0.476911 -0.667447 -0.720083
v -0.448873 -0.698924 -0.905084
v -0.487130 -0.758407 -0.803870
v -0.471670 -0.676912 -0.808620
v -0.417690 -0.619198 -0.903642
v -0.376026 -0.643896 -0.990508
v -0.333082 -0.564276 -0.983256
v -0.392273 -0.732072 -0.987102
v -0.077301 -0.373144 -0.918725
v -0.142025 -0.387556 -0.912453
v -0.126827 -0.435378 -0.998467
v -0.064462 -0.415070 -0.990857
v -0.187882 -0.459092 -0.998893
v -0.262664 -0.494815 -0.983536
v -0.101934 -0.498661 -1.070413
v -0.160630 -0.531219 -1.078815
v -0.229546 -0.633152 -1.092966
v -0.216706 -0.711453 -1.102874
v -0.162726 -0.784938 -1.114452
v -0.096169 -0.836167 -1.118252
v -0.029872 -0.457652 -1.041639
v -0.112414 -0.464595 -1.037151
v -0.181069 -0.491062 -1.039510
v -0.248413 -0.539145 -1.041868
v -0.289291 -0.609438 -1.055231
v -0.208321 -0.581399 -1.088511
v -0.308683 -0.702723 -1.057328
v -0.235311 -0.811764 -1.078292
v -0.161088 -0.886217 -1.064403
v -0.317854 -0.780712 -1.041082
v -0.454376 -0.774981 -0.900890
v -0.229153 -0.873377 -1.049990
v -0.471408 -0.850448 -0.667364
v -0.409567 -0.890966 -0.603738
v -0.230004 -0.917137 -0.985791
v -0.142550 -0.938494 -1.007541
v -0.078219 -0.901153 -1.080911
v -0.060400 -0.953692 -1.020381
v -0.058828 -0.984743 -0.957491
v -0.121062 -0.973738 -0.941768
v -0.194958 -0.939410 -0.943603
v -0.175108 -0.951727 -0.910061
v -0.054111 -1.006230 -0.864664
v -0.116345 -0.986577 -0.865384
v -0.056011 -1.003347 -0.772246
v -0.246722 -0.917976 -0.609873
v -0.222209 -0.932860 -0.651167
v -0.194171 -0.965483 -0.769347
v -0.210941 -0.960111 -0.707112
v -0.188144 -0.970855 -0.842718
v -0.178895 -0.934956 -0.780615
v -0.174388 -0.949367 -0.857457
v -0.189455 -0.972035 -0.893554
v -0.302852 -0.900890 -0.989722
v -0.363448 -0.930960 -0.953036
v -0.371047 -0.879354 -0.965090
v -0.479793 -0.820437 -0.808285
v -0.441536 -0.837740 -0.898270
v -0.311564 -0.846517 -1.025097
v -0.388605 -0.808587 -0.973344
v -0.248938 -0.954560 -0.964828
v -0.303834 -0.948058 -0.972951
v -0.294845 -0.910486 -0.584054
v -0.337768 -0.932139 -0.618936
v -0.282479 -0.944389 -0.620247
v -0.380219 -0.932794 -0.642520
v -0.352206 -0.901603 -0.579034
v -0.246709 -0.958867 -0.647236
v -0.205700 -0.964967 -0.939934
v -0.218278 -1.004699 -0.933645
v -0.201246 -1.007147 -0.761027
v -0.227974 -0.990180 -0.651167
v -0.213037 -1.006754 -0.695910
v -0.365806 -0.945962 -0.608979
v -0.324797 -0.949630 -0.602690
v -0.449659 -0.896223 -0.674227
v -0.412449 -0.937921 -0.697286
v -0.494206 -0.746156 -0.732858
v -0.489489 -0.806196 -0.736560
v -0.460141 -0.899752 -0.758840
v -0.430792 -0.937887 -0.770412
v -0.477173 -0.858195 -0.747074
v -0.422669 -0.907507 -0.893685
v -0.469050 -0.866121 -0.801659
v -0.450707 -0.902922 -0.818741
v -0.435247 -0.934464 -0.826996
v -0.416118 -0.933405 -0.892898
v -0.427910 -0.982041 -0.828568
v -0.435509 -0.983614 -0.769871
v -0.255226 -0.992097 -0.960111
v -0.305653 -1.031542 -0.932285
v -0.303965 -0.982647 -0.966925
v -0.359321 -1.015271 -0.918447
v -0.361090 -0.973517 -0.942686
v -0.399872 -0.976685 -0.896960
v -0.415856 -1.012782 -0.834595
v -0.389776 -1.012663 -0.885196
v -0.196792 -1.012519 -0.835511
v -0.199674 -1.009637 -0.889099
v -0.222064 -1.038158 -0.880896
v -0.124059 -0.976620 -0.777208
v -0.433150 -1.012257 -0.777995
v -0.435509 -0.979634 -0.705344
v -0.277907 0.386409 -0.190389
v -0.221947 -1.017760 -0.653133
v -0.234244 -1.047927 -0.657105
v -0.226402 -1.043178 -0.700038
v -0.216540 -1.037696 -0.828436
v -0.220375 -1.039117 -0.764761
v -0.271564 -1.067049 -0.655956
v -0.263431 -1.063676 -0.704385
v -0.259383 -1.059788 -0.764764
v -0.253333 -1.057622 -0.820469
v -0.252257 -1.055566 -0.855044
v -0.278953 -1.055781 -0.877319
v -0.253719 -1.035054 -0.923426
v -0.294085 -1.062577 -0.818437
v -0.303669 -1.073085 -0.711766
v -0.312176 -1.078680 -0.652899
v -0.282085 -0.956967 -0.613957
v -0.256275 -0.963772 -0.630728
v -0.310853 -1.053195 -0.882416
v -0.364933 -1.038259 -0.883266
v -0.442972 -1.018154 -0.712231
v -0.445773 -1.021015 -0.651355
v -0.420238 -1.051625 -0.704076
v -0.409622 -1.045373 -0.778473
v -0.396371 -1.040613 -0.830364
v -0.380952 -1.037986 -0.864595
v -0.384789 -1.071622 -0.653254
v -0.380586 -1.067599 -0.707390
v -0.337663 -1.075095 -0.710657
v -0.346593 -1.079002 -0.650849
v -0.328247 -1.067189 -0.768201
v -0.300620 -1.066931 -0.764115
v -0.375269 -1.060405 -0.774715
v -0.320331 -1.062116 -0.821906
v -0.371638 -1.054384 -0.828419
v -0.256298 -0.901124 -0.121725
v -0.309982 -0.904044 -0.138526
v -0.355333 -0.909132 -0.184664
v -0.371250 -0.929110 -0.242642
v -0.360353 -0.950913 -0.293278
v -0.316081 -0.972951 -0.330431
v -0.268441 -0.979342 -0.338400
v -0.218756 -0.976639 -0.322921
v -0.176096 -0.974886 -0.277195
v -0.153211 -0.967731 -0.226612
v -0.157519 -0.947941 -0.176517
v -0.178227 -0.921817 -0.144914
v -0.213074 -0.906444 -0.125850
v -0.368467 -0.959457 -0.225021
v -0.355893 -0.982919 -0.276587
v -0.316805 -1.001513 -0.310255
v -0.266854 -1.008588 -0.320474
v -0.224305 -1.008196 -0.307110
v -0.180441 -1.006749 -0.263260
v -0.153431 -0.999865 -0.206926
v -0.152643 -0.978171 -0.179905
v -0.162393 -1.027744 -0.208127
v -0.177559 -1.049151 -0.208195
v -0.186865 -1.029166 -0.256119
v -0.268427 -1.040557 -0.297939
v -0.226402 -1.039248 -0.285884
v -0.201163 -1.049842 -0.250590
v -0.319754 -1.030076 -0.286409
v -0.366444 -0.988735 -0.224521
v -0.354277 -1.007803 -0.256537
v -0.361090 -1.021462 -0.191469
v -0.356635 -1.019070 -0.237670
v -0.337531 -1.043727 -0.245542
v -0.266602 -1.062525 -0.267941
v -0.225711 -1.058309 -0.262535
v -0.305245 -1.056538 -0.267332
v -0.305306 -1.071198 -0.196752
v -0.263414 -1.075865 -0.201050
v -0.227183 -1.073761 -0.204770
v -0.197890 -1.062636 -0.207136
v -0.281692 0.395199 -0.179596
v 0.064958 -0.182611 -0.499330
v 0.000000 -0.179827 -0.504433
v 0.000000 -0.178544 -0.505988
v 0.067916 -0.090951 -0.453865
v 0.000000 -0.151166 -0.511690
v 0.000000 -0.086553 -0.459226
v 0.131599 -0.102808 -0.440344
v 0.069949 -0.155245 -0.505518
v 0.192317 -0.187385 -0.469988
v 0.235754 -0.145070 -0.389781
v 0.239300 -0.213238 -0.439512
v 0.089414 -0.095861 -0.445873
v 0.187858 -0.121872 -0.418881
v 0.135479 -0.167384 -0.491955
v 0.334641 -0.386313 -0.190793
v 0.313086 -0.357316 -0.098484
v 0.315855 -0.421446 -0.139880
v 0.330700 -0.320592 -0.148988
v 0.340601 -0.349853 -0.246649
v 0.339270 -0.280278 -0.201751
v 0.310079 -0.276142 -0.354881
v 0.330444 -0.239969 -0.256261
v 0.332213 -0.312628 -0.302742
v 0.063843 -0.540948 -0.012674
v 0.000000 -0.542014 -0.009404
v 0.062851 -0.537884 -0.015871
v 0.071477 -0.537539 -0.016806
v 0.270035 -0.463710 -0.115215
v 0.287473 -0.444689 -0.142266
v 0.299163 -0.434512 -0.156730
v 0.242481 -0.414741 -0.017455
v 0.272971 -0.380656 -0.057037
v 0.231451 -0.402946 -0.022379
v 0.284368 -0.452755 -0.097229
v 0.284027 -0.389107 -0.053909
v 0.288023 -0.372100 -0.072392
v 0.242811 -0.479589 -0.062019
v 0.132216 -0.519364 -0.008946
v 0.181968 -0.510764 -0.053199
v 0.191974 -0.502028 -0.032497
v 0.230626 -0.488810 -0.081235
v 0.190707 -0.435296 0.012227
v 0.131549 -0.451802 0.036446
v 0.229817 -0.403895 -0.021234
v 0.067682 -0.463121 0.056262
v 0.000000 -0.533062 0.012937
v 0.067131 -0.530401 0.007452
v 0.063581 -0.445961 0.045072
v 0.000000 -0.450776 0.051298
v 0.000000 -0.467247 0.062722
v 0.060904 -0.446105 0.028737
v 0.000000 -0.451683 0.034621
v 0.125519 -0.529079 -0.029364
v 0.317846 -0.230149 -0.265781
v 0.275791 -0.171659 -0.353033
v 0.278167 -0.242823 -0.400761
v 0.232976 -0.148352 -0.379329
v 0.297261 -0.201876 -0.302419
v 0.307493 -0.203072 -0.307510
v 0.151984 -0.200566 -0.477002
v 0.132482 -0.196781 -0.483391
v -0.125969 -0.194543 -0.485835
v -0.125520 -0.195104 -0.485118
v -0.132482 -0.196781 -0.483391
v -0.064958 -0.182611 -0.499330
v -0.064505 -0.183934 -0.497610
v -0.076336 -0.184836 -0.496813
v -0.067916 -0.090951 -0.453865
v -0.069949 -0.155245 -0.505518
v -0.131599 -0.102808 -0.440344
v -0.171825 -0.118871 -0.417763
v -0.187858 -0.121872 -0.418881
v -0.235754 -0.145070 -0.389781
v -0.192317 -0.187385 -0.469988
v -0.239300 -0.213238 -0.439512
v -0.135479 -0.167384 -0.491955
v -0.078415 -0.184842 -0.496456
v -0.107019 -0.190837 -0.490026
v -0.322963 -0.326481 -0.138477
v -0.324749 -0.318177 -0.149126
v -0.330700 -0.320592 -0.148988
v -0.313086 -0.357316 -0.098484
v -0.334641 -0.386313 -0.190793
v -0.315855 -0.421446 -0.139880
v -0.339270 -0.280278 -0.201751
v -0.332578 -0.278497 -0.200894
v -0.328074 -0.363049 -0.249193
v -0.320725 -0.398268 -0.201901
v -0.340601 -0.349853 -0.246649
v -0.325671 -0.348723 -0.271011
v -0.327847 -0.360622 -0.253859
v -0.332213 -0.312628 -0.302742
v -0.330444 -0.239969 -0.256261
v -0.310079 -0.276142 -0.354881
v -0.267147 -0.255891 -0.401504
v -0.278167 -0.242823 -0.400761
v -0.181968 -0.510764 -0.053199
v -0.220578 -0.482566 -0.088374
v -0.177013 -0.506168 -0.058221
v -0.059270 -0.487896 -0.004327
v -0.060904 -0.446105 0.028737
v -0.071569 -0.478804 -0.003112
v -0.117413 -0.447294 0.000597
v -0.071601 -0.447772 0.022218
v -0.270035 -0.463710 -0.115215
v -0.255998 -0.458975 -0.121032
v -0.229389 -0.477713 -0.095422
v -0.284368 -0.452755 -0.097229
v -0.242481 -0.414741 -0.017455
v -0.284027 -0.389107 -0.053909
v -0.242811 -0.479589 -0.062019
v -0.299163 -0.434512 -0.156730
v -0.132216 -0.519364 -0.008946
v -0.191974 -0.502028 -0.032497
v -0.230626 -0.488810 -0.081235
v -0.190707 -0.435296 0.012227
v -0.131549 -0.451802 0.036446
v -0.067682 -0.463121 0.056262
v -0.067131 -0.530401 0.007452
v -0.063581 -0.445961 0.045072
v -0.123725 -0.433997 0.027221
v -0.063843 -0.540948 -0.012674
v -0.125519 -0.529079 -0.029364
v -0.275791 -0.171659 -0.353033
v -0.307493 -0.203072 -0.307510
v -0.215037 -0.224219 -0.445987
v 0.126443 0.005210 0.216305
v 0.115860 -0.001348 0.217190
v 0.126443 -0.026896 0.222691
v 0.138729 -0.056558 0.216305
v 0.149144 -0.049598 0.216305
v 0.156105 -0.039182 0.216305
v 0.158549 -0.026896 0.216305
v 0.156105 -0.014610 0.216305
v 0.149144 -0.004193 0.216305
v 0.138729 0.002766 0.216305
v -0.126443 0.005210 0.216305
v -0.138729 -0.056558 0.216305
v -0.126443 -0.026896 0.222691
v -0.149144 -0.049598 0.216305
v -0.156105 -0.039182 0.216305
v -0.158549 -0.026896 0.216305
v -0.156105 -0.014610 0.216305
v -0.149144 -0.004193 0.216305
v -0.138729 0.002766 0.216305
v -0.139717 -0.058944 0.214579
v -0.139837 -0.058951 0.214530
v -0.154027 -0.054480 0.211691
v -0.177629 -0.034629 0.202527
v -0.178176 -0.026896 0.203190
v -0.174663 -0.006163 0.202595
v -0.174950 -0.006803 0.202675
v -0.153170 0.008299 0.207705
v -0.159058 0.005719 0.206937
v -0.126679 0.009183 0.213619
v -0.141865 0.010337 0.210829
v 0.178176 -0.026896 0.203190
v 0.126443 -0.053601 0.217379
v -0.107215 -0.034860 0.218551
v -0.106515 -0.026896 0.218727
v -0.117588 -0.048272 0.218089
v -0.112071 -0.041267 0.218648
v 0.325671 -0.348723 -0.271011
v 0.108238 -0.008691 0.217570
v 0.303885 -0.352203 -0.099793
v -0.089414 -0.095861 -0.445873
v 0.166044 -0.049169 0.206895
v 0.170388 -0.045099 0.205974
v 0.322963 -0.326481 -0.138477
v 0.154027 -0.054480 0.211691
v 0.125969 -0.194543 -0.485835
v 0.139837 -0.058951 0.214530
v 0.159058 0.005719 0.206937
v -0.232975 -0.148352 -0.379329
v 0.229389 -0.477713 -0.095422
v -0.297261 -0.201876 -0.302419
v 0.324749 -0.318177 -0.149126
v -0.066493 -0.092172 -0.447940
v -0.108238 -0.008691 0.217570
v -0.317846 -0.230149 -0.265781
v -0.303885 -0.352203 -0.099793
v 0.267147 -0.255891 -0.401504
v -0.062851 -0.537884 -0.015871
v 0.117413 -0.447294 0.000597
v 0.126683 -0.454506 -0.012406
v 0.116343 -0.462443 -0.011418
v 0.179755 -0.211818 -0.466018
v -0.116343 -0.462443 -0.011418
v -0.126683 -0.454506 -0.012406
v 0.300970 -0.431089 -0.161876
v -0.226703 -0.231489 -0.438184
v -0.156734 -0.424687 0.013685
v 0.107195 -0.018924 0.218547
v 0.071569 -0.478804 -0.003112
v 0.071601 -0.447772 0.022218
v -0.288023 -0.372100 -0.072392
v 0.107215 -0.034860 0.218551
v 0.112071 -0.041267 0.218648
v 0.059270 -0.487896 -0.004327
v 0.071799 -0.466954 -0.000524
v -0.126443 0.008995 0.213776
v -0.071477 -0.537539 -0.016806
v 0.117588 -0.048272 0.218089
v 0.319166 -0.324443 -0.307844
v 0.134317 -0.057436 0.216305
v 0.139717 -0.058944 0.214579
v 0.141865 0.010337 0.210829
v 0.297720 -0.434146 -0.157258
v -0.122588 -0.524634 -0.033999
v -0.136588 -0.576880 -0.051097
v -0.229817 -0.403895 -0.021234
v -0.140355 -0.428113 0.015549
v 0.177629 -0.034629 0.202527
v -0.321088 -0.238063 -0.253722
v -0.332543 -0.278304 -0.201114
v 0.126679 0.009183 0.213619
v 0.126443 0.008995 0.213776
v 0.121502 0.004227 0.216305
v 0.064505 -0.183934 -0.497610
v 0.123725 -0.433997 0.027221
v -0.297720 -0.434146 -0.157258
v 0.106515 -0.026896 0.218727
v 0.122588 -0.524634 -0.033999
v 0.171825 -0.118871 -0.417763
v 0.174044 -0.112424 -0.416236
v 0.071560 -0.443838 0.026882
v 0.332578 -0.278497 -0.200894
v 0.179104 -0.417822 0.004164
v -0.127752 -0.104387 -0.432494
v -0.105815 -0.033017 0.218346
v -0.118827 -0.049851 0.217824
v 0.000000 -0.544867 -0.006398
v 0.000000 -0.497550 -0.001520
v 0.174950 -0.006803 0.202675
v 0.174663 -0.006163 0.202595
v -0.151432 -0.425647 0.015526
v 0.105815 -0.033017 0.218346
v 0.107170 -0.009767 0.217511
v 0.153170 0.008299 0.207705
v 0.118827 -0.049851 0.217824
vt 0.351141 0.767324
vt 0.362199 0.772475
vt 0.353285 0.779222
vt 0.366501 0.782100
vt 0.359901 0.790897
vt 0.372687 0.793639
vt 0.375853 0.783036
vt 0.382788 0.791234
vt 0.394806 0.776649
vt 0.386350 0.765997
vt 0.394759 0.764583
vt 0.390353 0.752157
vt 0.384466 0.759093
vt 0.379194 0.745145
vt 0.376103 0.756235
vt 0.368480 0.755987
vt 0.357670 0.752646
vt 0.363265 0.763139
vt 0.350765 0.757004
vt 0.384155 0.777055
vt 0.392598 0.787372
vt 0.353159 0.798839
vt 0.368919 0.806575
vt 0.386052 0.804096
vt 0.400481 0.794029
vt 0.406123 0.776850
vt 0.404118 0.758606
vt 0.395543 0.743343
vt 0.381499 0.735573
vt 0.365229 0.734791
vt 0.364954 0.744868
vt 0.354217 0.744150
vt 0.342853 0.754454
vt 0.344231 0.782878
vt 0.341554 0.769443
vt 0.333850 0.768459
vt 0.333482 0.754267
vt 0.341839 0.744056
vt 0.358897 0.726766
vt 0.335951 0.782810
vt 0.326151 0.781445
vt 0.326151 0.756143
vt 0.326151 0.768429
vt 0.326151 0.747872
vt 0.326151 0.738921
vt 0.333524 0.745848
vt 0.333783 0.738232
vt 0.339643 0.734761
vt 0.344621 0.731995
vt 0.347389 0.723300
vt 0.350172 0.737158
vt 0.333092 0.728703
vt 0.339067 0.728650
vt 0.326151 0.718171
vt 0.326151 0.727917
vt 0.334541 0.719037
vt 0.340106 0.722182
vt 0.332914 0.710403
vt 0.326151 0.710477
vt 0.341027 0.712080
vt 0.349482 0.714122
vt 0.371086 0.720458
vt 0.360446 0.716020
vt 0.326151 0.702133
vt 0.334290 0.700037
vt 0.342820 0.700515
vt 0.349979 0.701634
vt 0.384889 0.725599
vt 0.401813 0.734071
vt 0.361910 0.704370
vt 0.372634 0.707398
vt 0.387740 0.712611
vt 0.326151 0.691594
vt 0.334576 0.688683
vt 0.343564 0.688396
vt 0.326151 0.679644
vt 0.335247 0.678447
vt 0.345027 0.678869
vt 0.352280 0.691439
vt 0.361728 0.692748
vt 0.354782 0.681918
vt 0.373786 0.695890
vt 0.362190 0.680219
vt 0.389858 0.698893
vt 0.374296 0.679896
vt 0.392984 0.680906
vt 0.326151 0.659310
vt 0.339783 0.662507
vt 0.352917 0.668740
vt 0.405943 0.720505
vt 0.409593 0.704328
vt 0.338537 0.800976
vt 0.326151 0.802746
vt 0.494276 0.160504
vt 0.513559 0.141662
vt 0.514656 0.168201
vt 0.496134 0.127847
vt 0.497340 0.142059
vt 0.492323 0.120547
vt 0.507824 0.121114
vt 0.506831 0.110988
vt 0.503636 0.108228
vt 0.500647 0.105646
vt 0.492059 0.107409
vt 0.479923 0.125409
vt 0.459295 0.116345
vt 0.481008 0.109678
vt 0.466799 0.133205
vt 0.452541 0.144841
vt 0.485944 0.134825
vt 0.476177 0.151082
vt 0.326151 0.642023
vt 0.350311 0.650189
vt 0.366031 0.665169
vt 0.355256 0.623477
vt 0.370059 0.642012
vt 0.383078 0.660569
vt 0.406323 0.656318
vt 0.394286 0.633617
vt 0.375102 0.610750
vt 0.425198 0.728495
vt 0.411527 0.683635
vt 0.431016 0.710323
vt 0.416929 0.623865
vt 0.437332 0.648726
vt 0.398487 0.597516
vt 0.326151 0.823611
vt 0.344996 0.819462
vt 0.361482 0.822747
vt 0.381638 0.820358
vt 0.418504 0.798233
vt 0.423716 0.779994
vt 0.437046 0.755694
vt 0.445557 0.738021
vt 0.452156 0.719077
vt 0.456378 0.699754
vt 0.435944 0.687648
vt 0.435261 0.669502
vt 0.418335 0.746002
vt 0.446963 0.789614
vt 0.468603 0.749488
vt 0.458591 0.769376
vt 0.476576 0.729518
vt 0.483625 0.709425
vt 0.437151 0.807464
vt 0.397242 0.817223
vt 0.410705 0.812841
vt 0.425632 0.823461
vt 0.407267 0.834952
vt 0.386201 0.841922
vt 0.362879 0.846131
vt 0.344932 0.845586
vt 0.326151 0.879951
vt 0.326151 0.843535
vt 0.347721 0.875825
vt 0.366587 0.874436
vt 0.390189 0.866080
vt 0.422155 0.853837
vt 0.440481 0.836972
vt 0.454581 0.819619
vt 0.468183 0.800929
vt 0.481514 0.781144
vt 0.493229 0.761661
vt 0.504328 0.744675
vt 0.517437 0.720581
vt 0.485015 0.689091
vt 0.459409 0.685204
vt 0.503106 0.689334
vt 0.419780 0.587597
vt 0.452118 0.600356
vt 0.435026 0.613541
vt 0.439088 0.578337
vt 0.451197 0.570335
vt 0.452768 0.598680
vt 0.414319 0.915671
vt 0.391439 0.922681
vt 0.403698 0.906142
vt 0.422535 0.895361
vt 0.450577 0.885560
vt 0.445280 0.878846
vt 0.464170 0.859954
vt 0.477959 0.098030
vt 0.431875 0.116383
vt 0.454789 0.103618
vt 0.500087 0.099239
vt 0.490556 0.098325
vt 0.512359 0.106281
vt 0.505493 0.102778
vt 0.523499 0.141117
vt 0.516221 0.118648
vt 0.539816 0.092471
vt 0.561814 0.106284
vt 0.540768 0.105133
vt 0.519092 0.096941
vt 0.528208 0.095220
vt 0.522445 0.100022
vt 0.409978 0.882174
vt 0.435559 0.868337
vt 0.453586 0.849689
vt 0.380281 0.895416
vt 0.361123 0.912501
vt 0.326151 0.918747
vt 0.376639 0.933120
vt 0.361791 0.946742
vt 0.398316 0.942267
vt 0.403979 0.929699
vt 0.387244 0.962012
vt 0.413004 0.971006
vt 0.423089 0.948493
vt 0.424498 0.937499
vt 0.469818 0.833002
vt 0.487272 0.813714
vt 0.503883 0.793459
vt 0.518285 0.772269
vt 0.484613 0.846859
vt 0.504969 0.828725
vt 0.496487 0.861876
vt 0.470881 0.868424
vt 0.521649 0.845396
vt 0.563927 0.746377
vt 0.567219 0.745430
vt 0.579141 0.773480
vt 0.523621 0.682171
vt 0.486257 0.664603
vt 0.499511 0.652818
vt 0.546212 0.715065
vt 0.540285 0.753458
vt 0.556901 0.783438
vt 0.578043 0.780562
vt 0.536442 0.792674
vt 0.569797 0.819716
vt 0.589745 0.816153
vt 0.594139 0.815499
vt 0.596499 0.827282
vt 0.578873 0.854505
vt 0.613006 0.924441
vt 0.620081 0.947158
vt 0.605555 0.954035
vt 0.525052 0.808677
vt 0.545424 0.825697
vt 0.555250 0.860926
vt 0.581390 0.094281
vt 0.579587 0.112523
vt 0.562605 0.089213
vt 0.586220 0.078652
vt 0.500761 0.879540
vt 0.475536 0.875903
vt 0.480314 0.900362
vt 0.475683 0.887272
vt 0.528231 0.869204
vt 0.532381 0.894513
vt 0.560275 0.897016
vt 0.597702 0.849949
vt 0.586007 0.889335
vt 0.602308 0.852069
vt 0.605676 0.876477
vt 0.607945 0.895350
vt 0.608415 0.900632
vt 0.574529 0.930864
vt 0.595222 0.924091
vt 0.584571 0.963755
vt 0.550900 0.976066
vt 0.544099 0.939871
vt 0.512397 0.948147
vt 0.512753 0.982347
vt 0.478054 0.952421
vt 0.474561 0.981914
vt 0.442973 0.977555
vt 0.448573 0.952468
vt 0.536279 0.911913
vt 0.508973 0.923286
vt 0.485099 0.919856
vt 0.501419 0.902826
vt 0.451438 0.940358
vt 0.559048 0.131710
vt 0.579465 0.138721
vt 0.525018 0.114701
vt 0.526334 0.104586
vt 0.519945 0.105463
vt 0.517173 0.109550
vt 0.534643 0.133008
vt 0.540606 0.122461
vt 0.544008 0.145367
vt 0.533724 0.165372
vt 0.553115 0.161158
vt 0.562972 0.150130
vt 0.453026 0.668870
vt 0.486134 0.638097
vt 0.473155 0.624944
vt 0.474869 0.626458
vt 0.460499 0.639095
vt 0.466159 0.614814
vt 0.470928 0.621305
vt 0.806761 0.601608
vt 0.796565 0.596071
vt 0.803839 0.594474
vt 0.793975 0.587802
vt 0.803713 0.586533
vt 0.793081 0.580421
vt 0.803599 0.580155
vt 0.805156 0.573193
vt 0.793901 0.570597
vt 0.798389 0.604625
vt 0.808905 0.608558
vt 0.801053 0.612070
vt 0.811968 0.615515
vt 0.805336 0.618922
vt 0.815453 0.623739
vt 0.807628 0.628879
vt 0.821189 0.632954
vt 0.806862 0.565607
vt 0.786236 0.597108
vt 0.784074 0.585964
vt 0.786619 0.574793
vt 0.790263 0.607841
vt 0.817678 0.607019
vt 0.819492 0.613817
vt 0.815468 0.599630
vt 0.813030 0.592904
vt 0.821635 0.620947
vt 0.811744 0.586631
vt 0.812060 0.579050
vt 0.812051 0.573330
vt 0.819497 0.578570
vt 0.813141 0.566397
vt 0.819203 0.572056
vt 0.820194 0.585276
vt 0.821542 0.590888
vt 0.823941 0.598183
vt 0.825485 0.606281
vt 0.814573 0.557936
vt 0.819235 0.566639
vt 0.807646 0.557209
vt 0.796715 0.564815
vt 0.795153 0.557168
vt 0.822017 0.547999
vt 0.815514 0.547108
vt 0.808569 0.547031
vt 0.799970 0.546998
vt 0.830463 0.586520
vt 0.834354 0.597368
vt 0.834127 0.608997
vt 0.826356 0.612295
vt 0.821567 0.559422
vt 0.826275 0.567917
vt 0.829647 0.549517
vt 0.826760 0.620069
vt 0.834716 0.619586
vt 0.826990 0.627684
vt 0.832059 0.624936
vt 0.747824 0.547788
vt 0.757284 0.543552
vt 0.753347 0.557487
vt 0.765777 0.550033
vt 0.760875 0.564857
vt 0.773188 0.555189
vt 0.768675 0.569590
vt 0.777532 0.570402
vt 0.784643 0.559433
vt 0.829323 0.575689
vt 0.721478 0.593429
vt 0.733661 0.615691
vt 0.713665 0.608370
vt 0.761085 0.616273
vt 0.762501 0.637691
vt 0.749200 0.625491
vt 0.773580 0.651612
vt 0.776385 0.630761
vt 0.787940 0.647231
vt 0.691884 0.593176
vt 0.691351 0.605344
vt 0.660357 0.594529
vt 0.662635 0.610885
vt 0.219844 0.401378
vt 0.230817 0.417273
vt 0.213763 0.416666
vt 0.196136 0.409766
vt 0.212589 0.391424
vt 0.230717 0.369911
vt 0.227441 0.439055
vt 0.208240 0.437796
vt 0.739529 0.634338
vt 0.724449 0.626234
vt 0.750806 0.644961
vt 0.760873 0.658136
vt 0.782296 0.667856
vt 0.768921 0.674110
vt 0.744080 0.605342
vt 0.706901 0.620647
vt 0.154517 0.419815
vt 0.174205 0.410856
vt 0.170363 0.428138
vt 0.148679 0.432268
vt 0.190532 0.437522
vt 0.775053 0.688211
vt 0.795725 0.661961
vt 0.788696 0.680834
vt 0.158542 0.407818
vt 0.140085 0.410432
vt 0.143359 0.400975
vt 0.135595 0.422184
vt 0.126561 0.398804
vt 0.130199 0.390564
vt 0.122988 0.411976
vt 0.111553 0.385870
vt 0.120866 0.378072
vt 0.108819 0.400763
vt 0.686978 0.618958
vt 0.666630 0.623611
vt 0.737325 0.655228
vt 0.727507 0.645323
vt 0.748455 0.667283
vt 0.754956 0.683893
vt 0.716208 0.637586
vt 0.699965 0.632899
vt 0.093356 0.393516
vt 0.078477 0.390766
vt 0.096620 0.381152
vt 0.058317 0.385044
vt 0.065912 0.395242
vt 0.056568 0.403356
vt 0.051948 0.418722
vt 0.046590 0.399139
vt 0.041036 0.435628
vt 0.052846 0.433918
vt 0.047083 0.453274
vt 0.059772 0.444798
vt 0.068628 0.458495
vt 0.057679 0.468125
vt 0.080287 0.472744
vt 0.070466 0.483495
vt 0.096576 0.487104
vt 0.084295 0.500605
vt 0.099794 0.514057
vt 0.112817 0.498129
vt 0.118747 0.522622
vt 0.129862 0.506914
vt 0.131598 0.527805
vt 0.131151 0.527894
vt 0.167167 0.523405
vt 0.164230 0.524195
vt 0.163428 0.517692
vt 0.185969 0.520516
vt 0.184654 0.521033
vt 0.175156 0.514360
vt 0.202090 0.482939
vt 0.182531 0.500084
vt 0.184944 0.482122
vt 0.184698 0.464698
vt 0.178075 0.453271
vt 0.202127 0.457166
vt 0.224204 0.460743
vt 0.214047 0.511784
vt 0.213100 0.512120
vt 0.197740 0.505922
vt 0.977291 0.509575
vt 0.958019 0.498250
vt 0.972155 0.492092
vt 0.962716 0.474800
vt 0.949220 0.481470
vt 0.950881 0.460572
vt 0.941374 0.466773
vt 0.938263 0.455205
vt 0.926027 0.469603
vt 0.974004 0.523493
vt 0.966168 0.514366
vt 0.953881 0.523950
vt 0.943898 0.505288
vt 0.934230 0.486572
vt 0.908474 0.471655
vt 0.920815 0.455615
vt 0.964088 0.538484
vt 0.939274 0.534280
vt 0.929152 0.511606
vt 0.918450 0.491025
vt 0.892224 0.474063
vt 0.901986 0.457041
vt 0.903032 0.495453
vt 0.913605 0.515847
vt 0.923140 0.534529
vt 0.930549 0.548867
vt 0.951208 0.552307
vt 0.938028 0.565775
vt 0.918002 0.559848
vt 0.923776 0.577447
vt 0.903121 0.570500
vt 0.907900 0.588600
vt 0.908847 0.540973
vt 0.894658 0.548636
vt 0.885424 0.528080
vt 0.899071 0.521472
vt 0.888438 0.500905
vt 0.875826 0.508336
vt 0.875252 0.478444
vt 0.885265 0.458918
vt 0.868422 0.461174
vt 0.853024 0.478371
vt 0.848326 0.462015
vt 0.628596 0.608664
vt 0.635930 0.623956
vt 0.641275 0.637269
vt 0.103881 0.372364
vt 0.114476 0.365070
vt 0.108799 0.351975
vt 0.795033 0.691990
vt 0.801600 0.674107
vt 0.808257 0.682925
vt 0.092914 0.359667
vt 0.888059 0.577373
vt 0.894669 0.597525
vt 0.881263 0.555132
vt 0.875926 0.595591
vt 0.872465 0.534263
vt 0.868218 0.560384
vt 0.829060 0.476264
vt 0.828430 0.462237
vt 0.810773 0.474144
vt 0.810345 0.462194
vt 0.793176 0.473733
vt 0.794138 0.462537
vt 0.863401 0.515109
vt 0.860035 0.539646
vt 0.851751 0.521215
vt 0.777589 0.472934
vt 0.761416 0.469100
vt 0.779410 0.461325
vt 0.880868 0.634402
vt 0.872040 0.621305
vt 0.885768 0.620416
vt 0.874390 0.609546
vt 0.886913 0.608999
vt 0.861151 0.597005
vt 0.860443 0.610119
vt 0.873700 0.580046
vt 0.859536 0.582821
vt 0.855554 0.565146
vt 0.848662 0.544730
vt 0.865265 0.490590
vt 0.852767 0.498580
vt 0.842161 0.505427
vt 0.840760 0.527223
vt 0.832207 0.513001
vt 0.839598 0.486199
vt 0.828418 0.493314
vt 0.819542 0.501034
vt 0.815225 0.484486
vt 0.794920 0.484895
vt 0.807967 0.492323
vt 0.774158 0.483196
vt 0.758771 0.480900
vt 0.867567 0.635142
vt 0.858082 0.622422
vt 0.114557 0.529483
vt 0.096879 0.531169
vt 0.093912 0.531425
vt 0.089273 0.531968
vt 0.062611 0.500032
vt 0.076180 0.517405
vt 0.035440 0.529098
vt 0.047878 0.507002
vt 0.056852 0.523017
vt 0.043634 0.482828
vt 0.023427 0.491296
vt 0.029087 0.510308
vt 0.017263 0.465894
vt 0.033041 0.459145
vt 0.013025 0.439594
vt 0.027259 0.437189
vt 0.011742 0.414039
vt 0.026957 0.414843
vt 0.039757 0.415178
vt 0.013424 0.392661
vt 0.032419 0.395436
vt 0.042514 0.373972
vt 0.018705 0.367689
vt 0.062369 0.361375
vt 0.077640 0.375366
vt 0.024730 0.349122
vt 0.046853 0.353879
vt 0.058264 0.327412
vt 0.036157 0.321297
vt 0.105363 0.336342
vt 0.086161 0.316435
vt 0.107483 0.322962
vt 0.066854 0.307139
vt 0.079695 0.341073
vt 0.049834 0.295353
vt 0.077892 0.285402
vt 0.096943 0.296303
vt 0.686155 0.634001
vt 0.670952 0.639462
vt 0.649127 0.653201
vt 0.797185 0.753476
vt 0.793633 0.761144
vt 0.791849 0.756798
vt 0.786952 0.763845
vt 0.785337 0.757461
vt 0.779952 0.764936
vt 0.778224 0.758224
vt 0.770659 0.767402
vt 0.772457 0.757568
vt 0.800899 0.759907
vt 0.803982 0.751395
vt 0.808097 0.758044
vt 0.809991 0.747853
vt 0.814366 0.754075
vt 0.818080 0.743978
vt 0.824027 0.751745
vt 0.825654 0.738662
vt 0.832395 0.745902
vt 0.764787 0.755854
vt 0.795300 0.770854
vt 0.786091 0.772543
vt 0.776894 0.771366
vt 0.804319 0.767681
vt 0.801866 0.743329
vt 0.807776 0.740889
vt 0.794874 0.747239
vt 0.789525 0.749968
vt 0.813952 0.738111
vt 0.783967 0.751919
vt 0.777133 0.752429
vt 0.772477 0.752150
vt 0.765668 0.750184
vt 0.776910 0.745679
vt 0.771028 0.745358
vt 0.781908 0.745167
vt 0.787480 0.742860
vt 0.792978 0.740329
vt 0.799762 0.737134
vt 0.757375 0.747717
vt 0.765934 0.744702
vt 0.755961 0.754244
vt 0.762668 0.764537
vt 0.754841 0.764954
vt 0.748124 0.738537
vt 0.746666 0.745159
vt 0.745671 0.752372
vt 0.744608 0.762531
vt 0.781737 0.733775
vt 0.789169 0.729519
vt 0.805724 0.734891
vt 0.796183 0.726684
vt 0.802870 0.725546
vt 0.759560 0.740889
vt 0.766811 0.736386
vt 0.759470 0.731614
vt 0.750491 0.729225
vt 0.812509 0.733742
vt 0.820724 0.732715
vt 0.817815 0.725234
vt 0.752742 0.814357
vt 0.747568 0.805547
vt 0.761579 0.807169
vt 0.752639 0.795932
vt 0.769411 0.791192
vt 0.754259 0.787401
vt 0.768271 0.783374
vt 0.757028 0.776854
vt 0.768679 0.774790
vt 0.773550 0.736451
vt 0.223732 0.507662
vt 0.221259 0.485175
vt 0.241608 0.502333
vt 0.311513 0.488936
vt 0.310871 0.489012
vt 0.309802 0.477869
vt 0.301729 0.489674
vt 0.295746 0.490233
vt 0.287244 0.479069
vt 0.265257 0.481393
vt 0.264721 0.495687
vt 0.259942 0.496513
vt 0.335917 0.458676
vt 0.335289 0.479410
vt 0.287679 0.458882
vt 0.266411 0.460034
vt 0.245362 0.461052
vt 0.243393 0.483640
vt 0.247327 0.439045
vt 0.267458 0.438377
vt 0.307137 0.436442
vt 0.287462 0.437502
vt 0.310193 0.458493
vt 0.336604 0.436034
vt 0.309230 0.413730
vt 0.337285 0.413560
vt 0.288447 0.415633
vt 0.268656 0.416411
vt 0.249199 0.416893
vt 0.311844 0.394786
vt 0.290071 0.394191
vt 0.270270 0.394043
vt 0.250808 0.394096
vt 0.233007 0.395704
vt 0.337878 0.394009
vt 0.313946 0.370921
vt 0.338537 0.372239
vt 0.290674 0.371817
vt 0.272281 0.371019
vt 0.251937 0.369263
vt 0.279710 0.348070
vt 0.298219 0.348323
vt 0.258768 0.343559
vt 0.243441 0.339245
vt 0.784243 0.136430
vt 0.801657 0.128657
vt 0.801657 0.134359
vt 0.770631 0.146518
vt 0.779391 0.129469
vt 0.751931 0.154324
vt 0.760255 0.161610
vt 0.744860 0.168799
vt 0.754686 0.175269
vt 0.736416 0.186300
vt 0.749405 0.192049
vt 0.727685 0.204519
vt 0.742637 0.210867
vt 0.720858 0.219507
vt 0.726657 0.246486
vt 0.736312 0.227395
vt 0.732495 0.161266
vt 0.722400 0.179220
vt 0.713053 0.196829
vt 0.705923 0.212414
vt 0.710526 0.238620
vt 0.694571 0.232063
vt 0.754477 0.131673
vt 0.764138 0.139802
vt 0.773913 0.122166
vt 0.801657 0.118616
vt 0.778143 0.109488
vt 0.801657 0.108890
vt 0.759371 0.114499
vt 0.744416 0.124153
vt 0.741694 0.147102
vt 0.730653 0.140320
vt 0.718427 0.154902
vt 0.705573 0.170546
vt 0.693809 0.184887
vt 0.683594 0.202042
vt 0.650963 0.204356
vt 0.671811 0.219974
vt 0.661401 0.189209
vt 0.691051 0.160397
vt 0.677511 0.172765
vt 0.704754 0.146588
vt 0.692963 0.138917
vt 0.680263 0.149357
vt 0.666387 0.160316
vt 0.649899 0.174269
vt 0.635459 0.186440
vt 0.718263 0.132903
vt 0.708075 0.126174
vt 0.729833 0.118333
vt 0.801657 0.101175
vt 0.776021 0.099982
vt 0.754024 0.105812
vt 0.709626 0.115129
vt 0.623243 0.163474
vt 0.641055 0.157723
vt 0.616430 0.136064
vt 0.638135 0.134585
vt 0.636679 0.112699
vt 0.639523 0.092925
vt 0.617135 0.111248
vt 0.622905 0.087651
vt 0.659046 0.149040
vt 0.654563 0.132264
vt 0.674979 0.141551
vt 0.654930 0.114236
vt 0.672787 0.129892
vt 0.672336 0.113864
vt 0.657650 0.096730
vt 0.674672 0.099032
vt 0.690674 0.127207
vt 0.690778 0.114074
vt 0.692478 0.101059
vt 0.710785 0.102747
vt 0.730391 0.104035
vt 0.634414 0.062844
vt 0.649734 0.072320
vt 0.663769 0.079451
vt 0.679410 0.084526
vt 0.695704 0.088145
vt 0.712350 0.090449
vt 0.748644 0.092624
vt 0.649125 0.043846
vt 0.662935 0.055962
vt 0.674875 0.065195
vt 0.687055 0.072273
vt 0.677947 0.041252
vt 0.688950 0.052056
vt 0.700715 0.066089
vt 0.699089 0.076402
vt 0.714532 0.079106
vt 0.729982 0.091407
vt 0.730773 0.079977
vt 0.717221 0.067280
vt 0.693074 0.016984
vt 0.700250 0.030993
vt 0.704732 0.045115
vt 0.718878 0.012285
vt 0.719745 0.041061
vt 0.719986 0.027033
vt 0.735379 0.041307
vt 0.738136 0.013366
vt 0.703828 0.055817
vt 0.719098 0.055146
vt 0.733749 0.057059
vt 0.732985 0.068697
vt 0.737381 0.027743
vt 0.760086 0.019775
vt 0.756168 0.034231
vt 0.749484 0.058262
vt 0.746357 0.069710
vt 0.746186 0.081401
vt 0.794121 0.046528
vt 0.790108 0.065117
vt 0.780339 0.054942
vt 0.790436 0.071604
vt 0.774691 0.067300
vt 0.801657 0.060795
vt 0.801657 0.068010
vt 0.780659 0.031986
vt 0.770243 0.044658
vt 0.752216 0.049248
vt 0.759409 0.056634
vt 0.759393 0.071183
vt 0.759820 0.079983
vt 0.774709 0.079178
vt 0.764138 0.090647
vt 0.791346 0.080928
vt 0.778947 0.088845
vt 0.801657 0.091882
vt 0.801657 0.074819
vt 0.728310 0.680772
vt 0.719949 0.665614
vt 0.701528 0.651725
vt 0.657621 0.674460
vt 0.689125 0.681824
vt 0.664886 0.693490
vt 0.680568 0.661203
vt 0.625423 0.666749
vt 0.616198 0.643434
vt 0.339115 0.353186
vt 0.303478 0.318874
vt 0.317210 0.349031
vt 0.285108 0.315717
vt 0.260509 0.314390
vt 0.600869 0.620786
vt 0.319412 0.270359
vt 0.341118 0.287108
vt 0.309325 0.288852
vt 0.299352 0.264286
vt 0.280043 0.254587
vt 0.289817 0.282490
vt 0.270489 0.274313
vt 0.255904 0.267322
vt 0.265311 0.246122
vt 0.239161 0.251646
vt 0.248470 0.233629
vt 0.221728 0.229766
vt 0.230448 0.216932
vt 0.204174 0.210731
vt 0.215667 0.201703
vt 0.190863 0.183839
vt 0.206044 0.180046
vt 0.331833 0.303410
vt 0.307463 0.303897
vt 0.321601 0.323850
vt 0.286881 0.300495
vt 0.265364 0.294722
vt 0.247974 0.287931
vt 0.587611 0.638104
vt 0.595161 0.660992
vt 0.226220 0.279097
vt 0.210434 0.251296
vt 0.187739 0.234328
vt 0.603218 0.689327
vt 0.634361 0.689947
vt 0.642817 0.709830
vt 0.614834 0.710261
vt 0.595107 0.728557
vt 0.193603 0.254498
vt 0.731814 0.694831
vt 0.758186 0.700132
vt 0.736507 0.708148
vt 0.174151 0.263532
vt 0.179960 0.210854
vt 0.165512 0.191145
vt 0.154874 0.215034
vt 0.145069 0.199753
vt 0.164922 0.237792
vt 0.135491 0.225134
vt 0.122480 0.212716
vt 0.142835 0.242567
vt 0.157948 0.260980
vt 0.110917 0.241984
vt 0.099394 0.230636
vt 0.091697 0.263558
vt 0.078340 0.253360
vt 0.062005 0.275776
vt 0.124272 0.255732
vt 0.146943 0.261641
vt 0.137055 0.271759
vt 0.808273 0.703101
vt 0.816788 0.690596
vt 0.822144 0.705782
vt 0.825651 0.694343
vt 0.840257 0.698244
vt 0.857987 0.706017
vt 0.859499 0.696128
vt 0.878640 0.702983
vt 0.881669 0.695352
vt 0.893038 0.701257
vt 0.633184 0.744503
vt 0.654952 0.742257
vt 0.642659 0.755722
vt 0.693143 0.698032
vt 0.622906 0.728361
vt 0.605027 0.745694
vt 0.632931 0.768146
vt 0.648268 0.729344
vt 0.792763 0.701578
vt 0.778909 0.715484
vt 0.776357 0.700132
vt 0.760394 0.719392
vt 0.818188 0.715172
vt 0.839594 0.709846
vt 0.896443 0.693621
vt 0.907213 0.700094
vt 0.905842 0.711510
vt 0.892889 0.712175
vt 0.858382 0.717738
vt 0.826206 0.722663
vt 0.772356 0.724349
vt 0.785940 0.721236
vt 0.705295 0.673293
vt 0.709850 0.688910
vt 0.737805 0.724699
vt 0.713109 0.715536
vt 0.712166 0.703270
vt 0.698574 0.709553
vt 0.669377 0.709821
vt 0.674769 0.728031
vt 0.696380 0.720830
vt 0.713575 0.728475
vt 0.696028 0.730206
vt 0.676497 0.734666
vt 0.697672 0.742628
vt 0.714562 0.741003
vt 0.642600 0.775836
vt 0.662181 0.773958
vt 0.657491 0.787520
vt 0.649055 0.763512
vt 0.670565 0.761122
vt 0.661507 0.752050
vt 0.677127 0.746574
vt 0.681462 0.755720
vt 0.696447 0.751516
vt 0.878676 0.714944
vt 0.892792 0.722567
vt 0.109023 0.276806
vt 0.712348 0.749078
vt 0.733417 0.738396
vt 0.466469 0.930805
vt 0.163889 0.443141
vt 0.339826 0.329720
vt 0.340528 0.306567
vt 0.831253 0.729218
vt 0.840855 0.722568
vt 0.836318 0.737021
vt 0.845101 0.732259
vt 0.878260 0.723986
vt 0.742014 0.812933
vt 0.734456 0.806234
vt 0.720405 0.805598
vt 0.731368 0.817542
vt 0.718565 0.817278
vt 0.703238 0.802665
vt 0.687234 0.799622
vt 0.699617 0.814402
vt 0.680961 0.809717
vt 0.677642 0.796576
vt 0.666474 0.801865
vt 0.674192 0.787612
vt 0.691615 0.789286
vt 0.706839 0.791507
vt 0.721314 0.794089
vt 0.737846 0.795017
vt 0.815956 0.763113
vt 0.800916 0.714476
vt 0.801791 0.718623
vt 0.810572 0.725318
vt 0.812816 0.718327
vt 0.921313 0.702337
vt 0.907892 0.692354
vt 0.924191 0.689647
vt 0.918671 0.712677
vt 0.907660 0.724500
vt 0.125141 0.289596
vt 0.115611 0.306750
vt 0.676294 0.779161
vt 0.730280 0.749745
vt 0.730651 0.761532
vt 0.711048 0.760279
vt 0.687046 0.762321
vt 0.696870 0.760678
vt 0.741793 0.775240
vt 0.681033 0.765026
vt 0.723934 0.784969
vt 0.727493 0.773244
vt 0.740356 0.785868
vt 0.707937 0.783873
vt 0.693081 0.782203
vt 0.709780 0.770733
vt 0.695741 0.768235
vt 0.845902 0.584562
vt 0.842372 0.568148
vt 0.839484 0.549474
vt 0.832933 0.532782
vt 0.824829 0.519443
vt 0.812790 0.507608
vt 0.802002 0.500026
vt 0.789081 0.494300
vt 0.771673 0.493353
vt 0.756083 0.493182
vt 0.856778 0.636705
vt 0.844744 0.623872
vt 0.847073 0.610467
vt 0.847482 0.597648
vt 0.829509 0.559353
vt 0.817515 0.524947
vt 0.807454 0.514590
vt 0.796504 0.507031
vt 0.785458 0.503169
vt 0.768673 0.503173
vt 0.751824 0.504702
vt 0.846348 0.639057
vt 0.836277 0.639165
vt 0.837751 0.629463
vt 0.829488 0.644080
vt 0.815837 0.638114
vt 0.754215 0.513861
vt 0.768319 0.510312
vt 0.757668 0.522532
vt 0.791351 0.515346
vt 0.780967 0.512247
vt 0.770089 0.517152
vt 0.802505 0.522419
vt 0.817734 0.538904
vt 0.825337 0.538236
vt 0.809471 0.535885
vt 0.801774 0.533753
vt 0.811813 0.530849
vt 0.786250 0.523229
vt 0.794858 0.526957
vt 0.776959 0.519183
vt 0.796145 0.620045
vt 0.788270 0.543761
vt 0.778147 0.538992
vt 0.769911 0.533418
vt 0.762995 0.527719
vt 0.750964 0.536485
vt 0.432073 0.131927
vt 0.801657 0.082565
vt 0.290103 0.772475
vt 0.301161 0.767324
vt 0.299017 0.779222
vt 0.285801 0.782100
vt 0.292402 0.790897
vt 0.279615 0.793639
vt 0.276449 0.783036
vt 0.269514 0.791234
vt 0.268147 0.777055
vt 0.257497 0.776649
vt 0.265952 0.765997
vt 0.261949 0.752157
vt 0.257543 0.764583
vt 0.267836 0.759093
vt 0.273108 0.745145
vt 0.276199 0.756235
vt 0.283822 0.755987
vt 0.287348 0.744868
vt 0.294632 0.752646
vt 0.289037 0.763139
vt 0.259705 0.787372
vt 0.299143 0.798839
vt 0.308071 0.782878
vt 0.283383 0.806575
vt 0.266250 0.804096
vt 0.246179 0.776850
vt 0.248184 0.758606
vt 0.256760 0.743343
vt 0.270803 0.735573
vt 0.287073 0.734791
vt 0.298085 0.744150
vt 0.301537 0.757004
vt 0.310748 0.769443
vt 0.309449 0.754454
vt 0.318452 0.768459
vt 0.318820 0.754267
vt 0.310463 0.744056
vt 0.293405 0.726766
vt 0.302130 0.737158
vt 0.316352 0.782810
vt 0.318778 0.745848
vt 0.318519 0.738232
vt 0.312659 0.734761
vt 0.307681 0.731995
vt 0.304913 0.723300
vt 0.319210 0.728703
vt 0.313235 0.728650
vt 0.317761 0.719037
vt 0.312196 0.722182
vt 0.319388 0.710403
vt 0.311275 0.712080
vt 0.302820 0.714122
vt 0.291856 0.716020
vt 0.281216 0.720458
vt 0.318012 0.700037
vt 0.309482 0.700515
vt 0.267413 0.725599
vt 0.250489 0.734071
vt 0.302323 0.701634
vt 0.290392 0.704370
vt 0.279669 0.707398
vt 0.317726 0.688683
vt 0.308738 0.688396
vt 0.300022 0.691439
vt 0.317056 0.678447
vt 0.307275 0.678869
vt 0.297520 0.681918
vt 0.290575 0.692748
vt 0.290112 0.680219
vt 0.278516 0.695890
vt 0.264562 0.712611
vt 0.262444 0.698893
vt 0.278006 0.679896
vt 0.312519 0.662507
vt 0.299385 0.668740
vt 0.246359 0.720505
vt 0.242710 0.704328
vt 0.259319 0.680906
vt 0.240775 0.683635
vt 0.313765 0.800976
vt 0.392860 0.041955
vt 0.368317 0.030798
vt 0.384861 0.016625
vt 0.381176 0.060875
vt 0.394460 0.063228
vt 0.380077 0.069036
vt 0.394871 0.076833
vt 0.392974 0.080215
vt 0.373135 0.083106
vt 0.366762 0.068683
vt 0.350450 0.084226
vt 0.351769 0.065818
vt 0.334402 0.059728
vt 0.369220 0.057780
vt 0.377474 0.047100
vt 0.354504 0.045817
vt 0.301991 0.650189
vt 0.286272 0.665169
vt 0.297047 0.623477
vt 0.282243 0.642012
vt 0.269224 0.660569
vt 0.245979 0.656318
vt 0.258016 0.633617
vt 0.277200 0.610750
vt 0.227104 0.728495
vt 0.233967 0.746002
vt 0.221286 0.710323
vt 0.235373 0.623865
vt 0.253815 0.597516
vt 0.307306 0.819462
vt 0.290820 0.822747
vt 0.270664 0.820358
vt 0.233798 0.798233
vt 0.228586 0.779994
vt 0.215256 0.755694
vt 0.206745 0.738021
vt 0.200146 0.719077
vt 0.195924 0.699754
vt 0.216358 0.687648
vt 0.217041 0.669502
vt 0.205339 0.789614
vt 0.183699 0.749488
vt 0.175726 0.729518
vt 0.168677 0.709425
vt 0.215152 0.807464
vt 0.255060 0.817223
vt 0.251821 0.794029
vt 0.241598 0.812841
vt 0.226670 0.823461
vt 0.245035 0.834952
vt 0.266101 0.841922
vt 0.289423 0.846131
vt 0.307370 0.845586
vt 0.304581 0.875825
vt 0.285715 0.874436
vt 0.262112 0.866080
vt 0.230147 0.853837
vt 0.211821 0.836972
vt 0.197721 0.819619
vt 0.193711 0.769376
vt 0.184119 0.800929
vt 0.170788 0.781144
vt 0.159073 0.761661
vt 0.147974 0.744675
vt 0.134864 0.720581
vt 0.167287 0.689091
vt 0.149196 0.689334
vt 0.200184 0.600356
vt 0.232522 0.587597
vt 0.217276 0.613541
vt 0.199534 0.598680
vt 0.188682 0.592717
vt 0.201105 0.570335
vt 0.237983 0.915671
vt 0.260863 0.922681
vt 0.248323 0.929699
vt 0.229767 0.895361
vt 0.215825 0.909980
vt 0.201725 0.885560
vt 0.188132 0.859954
vt 0.181421 0.868424
vt 0.374232 0.095096
vt 0.350544 0.097727
vt 0.324653 0.093521
vt 0.386494 0.090332
vt 0.384418 0.081462
vt 0.399145 0.081589
vt 0.402393 0.039084
vt 0.403754 0.012797
vt 0.403195 0.062689
vt 0.403771 0.075632
vt 0.396971 0.073088
vt 0.434289 0.079276
vt 0.450274 0.058800
vt 0.456826 0.074584
vt 0.421918 0.080701
vt 0.430876 0.067045
vt 0.242324 0.882174
vt 0.216743 0.868337
vt 0.207023 0.878846
vt 0.198716 0.849689
vt 0.272021 0.895416
vt 0.248604 0.906142
vt 0.291180 0.912501
vt 0.275663 0.933120
vt 0.290511 0.946742
vt 0.253986 0.942267
vt 0.265058 0.962012
vt 0.239298 0.971006
vt 0.227804 0.937499
vt 0.229213 0.948493
vt 0.182484 0.833002
vt 0.165030 0.813714
vt 0.148418 0.793459
vt 0.134017 0.772269
vt 0.167689 0.846859
vt 0.147333 0.828725
vt 0.127250 0.808677
vt 0.155814 0.861876
vt 0.176766 0.875903
vt 0.130653 0.845396
vt 0.133583 0.672865
vt 0.151142 0.652797
vt 0.152791 0.652818
vt 0.166045 0.664603
vt 0.128681 0.682171
vt 0.106090 0.715065
vt 0.112017 0.753458
vt 0.088375 0.746377
vt 0.095401 0.783438
vt 0.115860 0.792674
vt 0.074259 0.780562
vt 0.082505 0.819716
vt 0.062557 0.816153
vt 0.055803 0.827282
vt 0.058163 0.815499
vt 0.073429 0.854505
vt 0.054601 0.849949
vt 0.106878 0.825697
vt 0.097052 0.860926
vt 0.472767 0.063426
vt 0.482626 0.076479
vt 0.151541 0.879540
vt 0.176619 0.887272
vt 0.171988 0.900362
vt 0.124071 0.869204
vt 0.119921 0.894513
vt 0.150883 0.902826
vt 0.092027 0.897016
vt 0.066295 0.889335
vt 0.046626 0.876477
vt 0.049994 0.852069
vt 0.044357 0.895350
vt 0.048040 0.882031
vt 0.077773 0.930864
vt 0.057080 0.924091
vt 0.067731 0.963755
vt 0.046747 0.954035
vt 0.101403 0.976066
vt 0.139905 0.948147
vt 0.108203 0.939871
vt 0.116023 0.911913
vt 0.174248 0.952421
vt 0.139549 0.982347
vt 0.209329 0.977555
vt 0.203729 0.952468
vt 0.177742 0.981914
vt 0.143329 0.923286
vt 0.167203 0.919856
vt 0.200865 0.940358
vt 0.439021 0.035834
vt 0.464864 0.046886
vt 0.413645 0.062006
vt 0.424827 0.050805
vt 0.407105 0.071031
vt 0.416841 0.070833
vt 0.410751 0.074478
vt 0.415631 0.042917
vt 0.420232 0.028109
vt 0.423422 0.010162
vt 0.436443 0.017177
vt 0.455834 0.022293
vt 0.287590 0.771945
vt 0.287092 0.769032
vt 0.286251 0.775362
vt 0.285226 0.777563
vt 0.268944 0.760651
vt 0.268025 0.762171
vt 0.280061 0.758498
vt 0.277786 0.757459
vt 0.192893 0.685204
vt 0.199276 0.668870
vt 0.166168 0.638097
vt 0.170053 0.634387
vt 0.191803 0.639095
vt 0.186143 0.614814
vt 0.199142 0.599664
vt 0.214970 0.648726
vt 0.766050 0.278973
vt 0.755855 0.284510
vt 0.757678 0.275956
vt 0.753264 0.292779
vt 0.763128 0.286107
vt 0.763003 0.294048
vt 0.752370 0.300160
vt 0.764445 0.307387
vt 0.762888 0.300425
vt 0.768195 0.272022
vt 0.760342 0.268510
vt 0.771257 0.265066
vt 0.774742 0.256842
vt 0.764624 0.261659
vt 0.766917 0.251702
vt 0.780478 0.247627
vt 0.766151 0.314974
vt 0.753190 0.309984
vt 0.745526 0.283473
vt 0.743364 0.294617
vt 0.745908 0.305788
vt 0.749552 0.272740
vt 0.755434 0.260536
vt 0.776967 0.273562
vt 0.774757 0.280950
vt 0.772319 0.287677
vt 0.771033 0.293950
vt 0.778781 0.266764
vt 0.780924 0.259634
vt 0.771349 0.301531
vt 0.771340 0.307251
vt 0.772430 0.314184
vt 0.778786 0.302011
vt 0.778491 0.308525
vt 0.778524 0.313942
vt 0.779483 0.295305
vt 0.780831 0.289693
vt 0.783230 0.282398
vt 0.784774 0.274300
vt 0.785645 0.268285
vt 0.773861 0.322645
vt 0.780856 0.321158
vt 0.766935 0.323372
vt 0.756004 0.315766
vt 0.781306 0.332582
vt 0.774803 0.333473
vt 0.759259 0.333583
vt 0.754442 0.323413
vt 0.789752 0.294060
vt 0.793643 0.283213
vt 0.793416 0.271584
vt 0.785564 0.312664
vt 0.788936 0.331064
vt 0.788798 0.321228
vt 0.786048 0.260512
vt 0.794006 0.260995
vt 0.786279 0.252897
vt 0.791348 0.255645
vt 0.707113 0.332792
vt 0.716574 0.337029
vt 0.710253 0.344096
vt 0.725067 0.330548
vt 0.712637 0.323094
vt 0.720164 0.315724
vt 0.732477 0.325392
vt 0.727964 0.310990
vt 0.736821 0.310179
vt 0.743933 0.321148
vt 0.788612 0.304892
vt 0.841632 0.786353
vt 0.853855 0.764114
vt 0.861641 0.779069
vt 0.814207 0.786884
vt 0.812751 0.808300
vt 0.798880 0.801344
vt 0.801646 0.822201
vt 0.883449 0.763915
vt 0.883960 0.776085
vt 0.914975 0.765327
vt 0.912666 0.781679
vt 0.455248 0.408513
vt 0.443333 0.423715
vt 0.442453 0.402053
vt 0.463093 0.399017
vt 0.478405 0.418322
vt 0.446301 0.376445
vt 0.460392 0.424141
vt 0.445383 0.445661
vt 0.464625 0.445568
vt 0.835729 0.804989
vt 0.826075 0.796125
vt 0.824432 0.815592
vt 0.814340 0.828748
vt 0.787294 0.817793
vt 0.792900 0.838428
vt 0.779481 0.832508
vt 0.806263 0.844707
vt 0.831232 0.775985
vt 0.850823 0.796913
vt 0.868382 0.791358
vt 0.888308 0.789707
vt 0.519339 0.430873
vt 0.500229 0.420738
vt 0.516047 0.418654
vt 0.503017 0.438221
vt 0.524411 0.443657
vt 0.508571 0.453589
vt 0.482317 0.446367
vt 0.800105 0.858797
vt 0.786476 0.851394
vt 0.773585 0.844644
vt 0.534312 0.422382
vt 0.538082 0.434384
vt 0.531617 0.412744
vt 0.548515 0.411594
vt 0.551285 0.424958
vt 0.545384 0.403149
vt 0.564280 0.399593
vt 0.566107 0.414624
vt 0.837894 0.825882
vt 0.826742 0.837918
vt 0.820210 0.854516
vt 0.847730 0.815996
vt 0.859044 0.808281
vt 0.875295 0.803624
vt 0.889104 0.804751
vt 0.581980 0.408327
vt 0.579471 0.395788
vt 0.596998 0.406483
vt 0.617468 0.401993
vt 0.609269 0.411712
vt 0.618104 0.420377
vt 0.628319 0.416772
vt 0.621785 0.435995
vt 0.631653 0.453531
vt 0.634169 0.433195
vt 0.624549 0.470778
vt 0.619969 0.451108
vt 0.602727 0.474685
vt 0.612397 0.461549
vt 0.590226 0.488201
vt 0.613073 0.484960
vt 0.599379 0.499527
vt 0.573097 0.501548
vt 0.568253 0.528256
vt 0.584539 0.515768
vt 0.548816 0.535658
vt 0.556219 0.511569
vt 0.535675 0.540053
vt 0.524690 0.536887
vt 0.538673 0.519305
vt 0.516540 0.535205
vt 0.503321 0.534474
vt 0.504515 0.528031
vt 0.470980 0.514204
vt 0.463648 0.521928
vt 0.455272 0.519460
vt 0.486514 0.509299
vt 0.468029 0.491000
vt 0.485194 0.491223
vt 0.486495 0.473846
vt 0.493797 0.462841
vt 0.469553 0.465272
vt 0.447300 0.467506
vt 0.454348 0.519068
vt 0.448760 0.492071
vt 0.917308 0.382331
vt 0.936580 0.371006
vt 0.931444 0.388489
vt 0.922005 0.405781
vt 0.910170 0.420009
vt 0.908508 0.399110
vt 0.897552 0.425375
vt 0.900663 0.413808
vt 0.885316 0.410978
vt 0.880104 0.424966
vt 0.925457 0.366215
vt 0.933293 0.357087
vt 0.913170 0.356631
vt 0.923378 0.342097
vt 0.903187 0.375293
vt 0.893519 0.394009
vt 0.867763 0.408926
vt 0.861276 0.423540
vt 0.898563 0.346300
vt 0.910496 0.328274
vt 0.888442 0.368975
vt 0.877739 0.389556
vt 0.851513 0.406517
vt 0.844554 0.421663
vt 0.862321 0.385128
vt 0.872894 0.364734
vt 0.882429 0.346052
vt 0.889839 0.331714
vt 0.877292 0.320733
vt 0.897317 0.314806
vt 0.862410 0.310080
vt 0.883065 0.303134
vt 0.868136 0.339607
vt 0.853947 0.331944
vt 0.858361 0.359109
vt 0.844714 0.352501
vt 0.847727 0.379676
vt 0.835115 0.372245
vt 0.834542 0.402137
vt 0.827712 0.419407
vt 0.812313 0.402210
vt 0.946709 0.779521
vt 0.939347 0.794798
vt 0.908647 0.794397
vt 0.555456 0.391245
vt 0.572755 0.386577
vt 0.569081 0.365927
vt 0.562622 0.378653
vt 0.780119 0.862539
vt 0.584471 0.374566
vt 0.598766 0.391162
vt 0.847349 0.303208
vt 0.867189 0.291981
vt 0.840552 0.325449
vt 0.835215 0.284990
vt 0.832990 0.300535
vt 0.831754 0.346318
vt 0.827508 0.320197
vt 0.807615 0.418566
vt 0.788349 0.404317
vt 0.770062 0.406437
vt 0.787719 0.418343
vt 0.769634 0.418387
vt 0.752465 0.406847
vt 0.753427 0.418044
vt 0.822690 0.365472
vt 0.819324 0.340934
vt 0.736879 0.407647
vt 0.720706 0.411481
vt 0.738699 0.419256
vt 0.722299 0.425355
vt 0.840157 0.246179
vt 0.831329 0.259276
vt 0.826856 0.245439
vt 0.833679 0.271035
vt 0.845057 0.260164
vt 0.846202 0.271582
vt 0.820440 0.283575
vt 0.818825 0.297760
vt 0.814843 0.315435
vt 0.811040 0.359366
vt 0.807951 0.335851
vt 0.824554 0.389991
vt 0.812056 0.382002
vt 0.801450 0.375154
vt 0.800049 0.353358
vt 0.791496 0.367580
vt 0.798887 0.394382
vt 0.787708 0.387267
vt 0.774514 0.396095
vt 0.754209 0.395686
vt 0.778831 0.379546
vt 0.767256 0.388258
vt 0.733447 0.397384
vt 0.718060 0.399681
vt 0.817372 0.258159
vt 0.816067 0.243875
vt 0.819733 0.270462
vt 0.577670 0.546772
vt 0.573073 0.545949
vt 0.606217 0.516509
vt 0.631578 0.547168
vt 0.620501 0.524359
vt 0.639057 0.528797
vt 0.610573 0.539801
vt 0.626201 0.500486
vt 0.645859 0.510162
vt 0.653549 0.485181
vt 0.638209 0.477489
vt 0.659373 0.459185
vt 0.645310 0.455923
vt 0.662201 0.433755
vt 0.646966 0.433637
vt 0.661817 0.412315
vt 0.642688 0.413934
vt 0.633912 0.391898
vt 0.658058 0.387069
vt 0.614857 0.378122
vt 0.653168 0.368171
vt 0.630798 0.371579
vt 0.621012 0.344470
vt 0.643448 0.339705
vt 0.573458 0.350530
vt 0.598792 0.356807
vt 0.593830 0.331823
vt 0.613665 0.323713
vt 0.631368 0.312980
vt 0.603964 0.301348
vt 0.620405 0.292702
vt 0.584288 0.311075
vt 0.572152 0.337047
vt 0.565021 0.320372
vt 0.933977 0.808102
vt 0.904296 0.810240
vt 0.777852 0.924021
vt 0.781390 0.931695
vt 0.774127 0.930444
vt 0.788067 0.934408
vt 0.783183 0.927352
vt 0.789693 0.928027
vt 0.795064 0.935512
vt 0.804352 0.937995
vt 0.796805 0.928803
vt 0.802573 0.928159
vt 0.771060 0.921926
vt 0.766932 0.928569
vt 0.765058 0.918374
vt 0.756975 0.914484
vt 0.760671 0.924587
vt 0.751014 0.922240
vt 0.749411 0.909154
vt 0.810246 0.926458
vt 0.779706 0.941402
vt 0.788912 0.943108
vt 0.798111 0.941947
vt 0.770692 0.938212
vt 0.759063 0.933623
vt 0.773191 0.913865
vt 0.780175 0.917787
vt 0.785519 0.920527
vt 0.791074 0.922488
vt 0.761114 0.908625
vt 0.767284 0.911414
vt 0.797906 0.923010
vt 0.802563 0.922740
vt 0.798142 0.916261
vt 0.804025 0.915951
vt 0.809376 0.920786
vt 0.809120 0.915304
vt 0.793145 0.915740
vt 0.787578 0.913422
vt 0.782084 0.910882
vt 0.775306 0.907674
vt 0.769348 0.905420
vt 0.817673 0.918335
vt 0.815500 0.911503
vt 0.819075 0.924864
vt 0.812349 0.935145
vt 0.826942 0.909172
vt 0.828387 0.915797
vt 0.830413 0.933172
vt 0.820175 0.935577
vt 0.793337 0.904348
vt 0.785913 0.900079
vt 0.778904 0.897230
vt 0.808258 0.906986
vt 0.815607 0.902228
vt 0.824591 0.899856
vt 0.762565 0.904258
vt 0.772219 0.896080
vt 0.764517 0.895838
vt 0.754353 0.903215
vt 0.757275 0.895740
vt 0.822183 0.984983
vt 0.827373 0.976183
vt 0.832913 0.983580
vt 0.822320 0.966559
vt 0.813359 0.977779
vt 0.807990 0.969464
vt 0.805557 0.961788
vt 0.806712 0.953972
vt 0.820716 0.958025
vt 0.817967 0.947472
vt 0.806320 0.945387
vt 0.801519 0.907039
vt 0.444930 0.514366
vt 0.427409 0.507965
vt 0.392255 0.495943
vt 0.382591 0.494308
vt 0.383266 0.481980
vt 0.360822 0.479416
vt 0.361605 0.460052
vt 0.384055 0.461803
vt 0.405214 0.464241
vt 0.405073 0.485631
vt 0.426162 0.466532
vt 0.426760 0.489198
vt 0.425534 0.444447
vt 0.405480 0.442560
vt 0.385566 0.440476
vt 0.365991 0.438226
vt 0.365278 0.415428
vt 0.385907 0.418587
vt 0.405615 0.420563
vt 0.425007 0.422222
vt 0.363817 0.396361
vt 0.385585 0.397086
vt 0.405359 0.398138
vt 0.424782 0.399370
vt 0.363163 0.372413
vt 0.386339 0.374717
vt 0.404746 0.375034
vt 0.425160 0.374514
vt 0.398721 0.351677
vt 0.419897 0.348443
vt 0.435458 0.345065
vt 0.819070 0.136430
vt 0.823923 0.129469
vt 0.832682 0.146518
vt 0.839176 0.139802
vt 0.851383 0.154324
vt 0.858453 0.168799
vt 0.843059 0.161610
vt 0.866898 0.186300
vt 0.848627 0.175269
vt 0.853908 0.192049
vt 0.875628 0.204519
vt 0.860677 0.210867
vt 0.882456 0.219507
vt 0.867001 0.227395
vt 0.876657 0.246486
vt 0.870818 0.161266
vt 0.861619 0.147102
vt 0.880914 0.179220
vt 0.890261 0.196829
vt 0.897391 0.212414
vt 0.892787 0.238620
vt 0.908743 0.232063
vt 0.848837 0.131673
vt 0.829401 0.122166
vt 0.825171 0.109488
vt 0.843943 0.114499
vt 0.858897 0.124153
vt 0.872661 0.140320
vt 0.884887 0.154902
vt 0.909505 0.184887
vt 0.919719 0.202042
vt 0.931503 0.219974
vt 0.952350 0.204356
vt 0.941913 0.189209
vt 0.912263 0.160397
vt 0.897741 0.170546
vt 0.898560 0.146588
vt 0.910351 0.138917
vt 0.936927 0.160316
vt 0.925803 0.172765
vt 0.953414 0.174269
vt 0.967855 0.186440
vt 0.885051 0.132903
vt 0.895239 0.126174
vt 0.873481 0.118333
vt 0.827293 0.099982
vt 0.849289 0.105812
vt 0.893687 0.115129
vt 0.980071 0.163474
vt 0.986884 0.136064
vt 0.962259 0.157723
vt 0.965179 0.134585
vt 0.966634 0.112699
vt 0.986179 0.111248
vt 0.963790 0.092925
vt 0.944268 0.149040
vt 0.923050 0.149357
vt 0.928335 0.141551
vt 0.948751 0.132264
vt 0.930527 0.129892
vt 0.948384 0.114236
vt 0.930978 0.113864
vt 0.945664 0.096730
vt 0.912639 0.127207
vt 0.912535 0.114074
vt 0.928642 0.099032
vt 0.910836 0.101059
vt 0.892529 0.102747
vt 0.872923 0.104035
vt 0.968900 0.062844
vt 0.953580 0.072320
vt 0.939544 0.079451
vt 0.923904 0.084526
vt 0.907610 0.088145
vt 0.890963 0.090449
vt 0.873332 0.091407
vt 0.854670 0.092624
vt 0.954188 0.043846
vt 0.940379 0.055962
vt 0.928439 0.065195
vt 0.916259 0.072273
vt 0.925367 0.041252
vt 0.914364 0.052056
vt 0.902598 0.066089
vt 0.904225 0.076402
vt 0.888782 0.079106
vt 0.886093 0.067280
vt 0.872541 0.079977
vt 0.870329 0.068697
vt 0.910240 0.016984
vt 0.933904 0.028318
vt 0.903064 0.030993
vt 0.884436 0.012285
vt 0.883328 0.027033
vt 0.883569 0.041061
vt 0.898581 0.045115
vt 0.867935 0.041307
vt 0.865178 0.013366
vt 0.899485 0.055817
vt 0.884215 0.055146
vt 0.869564 0.057059
vt 0.843227 0.019775
vt 0.865933 0.027743
vt 0.847146 0.034231
vt 0.853830 0.058262
vt 0.851097 0.049248
vt 0.856957 0.069710
vt 0.857127 0.081401
vt 0.813206 0.065117
vt 0.809193 0.046528
vt 0.822974 0.054942
vt 0.812878 0.071604
vt 0.828623 0.067300
vt 0.822655 0.031986
vt 0.833071 0.044658
vt 0.843904 0.056634
vt 0.843920 0.071183
vt 0.843493 0.079983
vt 0.828605 0.079178
vt 0.839176 0.090647
vt 0.824366 0.088845
vt 0.811968 0.080928
vt 0.846862 0.851444
vt 0.855251 0.836301
vt 0.873698 0.822446
vt 0.917562 0.845263
vt 0.886045 0.852568
vt 0.894640 0.831963
vt 0.926096 0.824019
vt 0.949775 0.837611
vt 0.959043 0.814313
vt 0.940794 0.860793
vt 0.361231 0.350365
vt 0.380231 0.350809
vt 0.376764 0.321095
vt 0.358373 0.324964
vt 0.395292 0.319057
vt 0.419926 0.319222
vt 0.974413 0.791694
vt 0.363798 0.271704
vt 0.341529 0.273544
vt 0.372747 0.290774
vt 0.384189 0.266857
vt 0.392604 0.285606
vt 0.404050 0.258346
vt 0.427374 0.272519
vt 0.419268 0.250788
vt 0.445035 0.257886
vt 0.436835 0.239338
vt 0.463761 0.237103
vt 0.455835 0.223764
vt 0.482436 0.219165
vt 0.471511 0.209458
vt 0.497352 0.193129
vt 0.349398 0.303943
vt 0.373694 0.305904
vt 0.394444 0.303755
vt 0.416272 0.299296
vt 0.434041 0.293571
vt 0.412392 0.278614
vt 0.987639 0.809036
vt 0.980047 0.831910
vt 0.456290 0.286071
vt 0.473731 0.259277
vt 0.497412 0.243715
vt 0.971938 0.860230
vt 0.960283 0.881143
vt 0.910263 0.864280
vt 0.979977 0.899475
vt 0.490337 0.263493
vt 0.843332 0.865496
vt 0.816950 0.870749
vt 0.509207 0.273688
vt 0.519978 0.248554
vt 0.506598 0.220755
vt 0.522213 0.201957
vt 0.531385 0.226447
vt 0.542097 0.211787
vt 0.550121 0.237702
vt 0.541735 0.254659
vt 0.525534 0.272122
vt 0.536479 0.273449
vt 0.563860 0.226095
vt 0.573629 0.256009
vt 0.559466 0.268924
vt 0.591507 0.278708
vt 0.585819 0.245380
vt 0.605457 0.269338
vt 0.766858 0.873625
vt 0.766912 0.853449
vt 0.752982 0.876280
vt 0.758366 0.861104
vt 0.734883 0.868709
vt 0.749496 0.864835
vt 0.717139 0.876449
vt 0.735525 0.880311
vt 0.696491 0.873377
vt 0.715645 0.866557
vt 0.693476 0.865741
vt 0.682096 0.871624
vt 0.678705 0.863982
vt 0.941870 0.915351
vt 0.920107 0.913064
vt 0.926814 0.900164
vt 0.881997 0.868769
vt 0.905741 0.880602
vt 0.952177 0.899227
vt 0.932301 0.880660
vt 0.942080 0.938993
vt 0.932374 0.926553
vt 0.782371 0.872131
vt 0.796199 0.886062
vt 0.774194 0.885013
vt 0.814706 0.890005
vt 0.798780 0.870715
vt 0.756920 0.885677
vt 0.667923 0.870435
vt 0.667258 0.862694
vt 0.669273 0.881853
vt 0.716722 0.888169
vt 0.748889 0.893154
vt 0.734240 0.893031
vt 0.802735 0.894940
vt 0.789158 0.891801
vt 0.838615 0.878804
vt 0.837286 0.895353
vt 0.869891 0.844007
vt 0.865307 0.859616
vt 0.861998 0.886236
vt 0.861508 0.899174
vt 0.862965 0.873972
vt 0.900316 0.898802
vt 0.876544 0.880279
vt 0.878718 0.891561
vt 0.879052 0.900937
vt 0.898575 0.905433
vt 0.877386 0.913356
vt 0.860499 0.911700
vt 0.932396 0.946666
vt 0.912819 0.944752
vt 0.925964 0.934330
vt 0.904458 0.931900
vt 0.913533 0.922846
vt 0.897923 0.917340
vt 0.878595 0.922247
vt 0.893571 0.926478
vt 0.696433 0.885338
vt 0.682226 0.882543
vt 0.682303 0.892935
vt 0.573411 0.290882
vt 0.862698 0.919779
vt 0.841648 0.909058
vt 0.415473 0.079279
vt 0.185833 0.930805
vt 0.743829 0.899700
vt 0.738750 0.907493
vt 0.729976 0.902715
vt 0.696833 0.894380
vt 0.713723 0.898139
vt 0.840484 0.976895
vt 0.843551 0.988208
vt 0.854536 0.976285
vt 0.856354 0.987967
vt 0.871708 0.973383
vt 0.875308 0.985127
vt 0.887718 0.970370
vt 0.893972 0.980476
vt 0.897316 0.967342
vt 0.908475 0.972651
vt 0.900782 0.958383
vt 0.917484 0.958323
vt 0.883356 0.960025
vt 0.853649 0.964774
vt 0.837114 0.965671
vt 0.773311 0.889159
vt 0.762286 0.888843
vt 0.653819 0.872653
vt 0.656442 0.882997
vt 0.667431 0.894840
vt 0.556548 0.302673
vt 0.545735 0.284146
vt 0.898696 0.949929
vt 0.893983 0.935785
vt 0.844765 0.920413
vt 0.829368 0.923012
vt 0.844371 0.932199
vt 0.863976 0.930983
vt 0.878154 0.931407
vt 0.887975 0.933069
vt 0.833204 0.945887
vt 0.847508 0.943917
vt 0.851045 0.955648
vt 0.834621 0.956517
vt 0.867045 0.954582
vt 0.868128 0.962218
vt 0.865226 0.941438
vt 0.881903 0.952939
vt 0.879269 0.938967
vt 0.805191 0.296019
vt 0.801661 0.312433
vt 0.798773 0.331107
vt 0.792222 0.347799
vt 0.784118 0.361137
vt 0.772079 0.372973
vt 0.761291 0.380555
vt 0.748370 0.386281
vt 0.730962 0.387228
vt 0.715372 0.387399
vt 0.804033 0.256709
vt 0.805637 0.241524
vt 0.806363 0.270114
vt 0.806771 0.282932
vt 0.784626 0.342345
vt 0.776804 0.355634
vt 0.766743 0.365990
vt 0.755793 0.373549
vt 0.744747 0.377412
vt 0.727961 0.377408
vt 0.795566 0.241416
vt 0.797040 0.251118
vt 0.788777 0.236501
vt 0.775126 0.242467
vt 0.782821 0.232225
vt 0.713504 0.366719
vt 0.727609 0.370269
vt 0.716957 0.358049
vt 0.750641 0.365235
vt 0.740257 0.368333
vt 0.729378 0.363428
vt 0.761794 0.358161
vt 0.777024 0.341677
vt 0.771102 0.349731
vt 0.767858 0.333550
vt 0.768760 0.344696
vt 0.761063 0.346828
vt 0.745539 0.357352
vt 0.736247 0.361397
vt 0.754147 0.353624
vt 0.747559 0.336820
vt 0.737436 0.341588
vt 0.729200 0.347163
vt 0.722284 0.352862
vt 0.970025 0.916594
vt 0.954158 0.932480
vt 0.319550 0.078837
vt 0.394887 0.087071
vt 0.515644 0.101303
vt 0.413450 0.081676
vt 0.408812 0.078779
vt 0.285370 0.012740
vt 0.304539 0.008100
vt 0.304669 0.009495
vt 0.287016 0.089230
vt 0.306218 0.029184
vt 0.306859 0.088525
vt 0.267961 0.090246
vt 0.285731 0.032310
vt 0.248522 0.032825
vt 0.232335 0.090120
vt 0.231361 0.031256
vt 0.287125 0.093478
vt 0.280350 0.091954
vt 0.249785 0.090440
vt 0.266429 0.033341
vt 0.281223 0.013096
vt 0.281837 0.012808
vt 0.138997 0.034703
vt 0.121436 0.088255
vt 0.120968 0.035170
vt 0.135690 0.020650
vt 0.138793 0.019588
vt 0.139880 0.089154
vt 0.157659 0.032671
vt 0.158846 0.089763
vt 0.195559 0.030230
vt 0.178049 0.090534
vt 0.176644 0.031001
vt 0.195626 0.017642
vt 0.213323 0.018812
vt 0.030471 0.014137
vt 0.011800 0.009427
vt 0.030525 0.010999
vt 0.033078 0.012305
vt 0.103340 0.016609
vt 0.114424 0.015593
vt 0.120690 0.016487
vt 0.086716 0.087532
vt 0.103815 0.097395
vt 0.086406 0.099141
vt 0.103765 0.034170
vt 0.103935 0.087451
vt 0.110560 0.093847
vt 0.086741 0.032876
vt 0.050029 0.030654
vt 0.068426 0.014749
vt 0.068967 0.031728
vt 0.086240 0.015914
vt 0.068678 0.087605
vt 0.049613 0.087385
vt 0.085750 0.098924
vt 0.072029 0.102429
vt 0.060626 0.102510
vt 0.058913 0.102864
vt 0.029984 0.087079
vt 0.010765 0.028463
vt 0.030520 0.029871
vt 0.030163 0.101363
vt 0.011078 0.101524
vt 0.010251 0.087266
vt 0.032904 0.112863
vt 0.030324 0.112783
vt 0.011655 0.113215
vt 0.049579 0.014367
vt 0.182686 0.095889
vt 0.178406 0.097266
vt 0.159045 0.094565
vt 0.215058 0.089945
vt 0.213876 0.030207
vt 0.230807 0.096743
vt 0.215363 0.098932
vt 0.207309 0.096741
vt 0.197333 0.098550
vt 0.196987 0.090670
vt 0.258098 0.014827
vt 0.264252 0.013046
vt 0.266427 0.013106
vt 0.266452 0.012411
vt 0.264252 0.013046
vt 0.285370 0.012740
vt 0.285331 0.011221
vt 0.281838 0.012808
vt 0.287016 0.089230
vt 0.285731 0.032310
vt 0.267961 0.090246
vt 0.253951 0.095247
vt 0.264278 0.096091
vt 0.249785 0.090440
vt 0.232654 0.097466
vt 0.250187 0.097054
vt 0.232335 0.090120
vt 0.248522 0.032825
vt 0.231361 0.031256
vt 0.266429 0.033341
vt 0.281223 0.013096
vt 0.272311 0.012992
vt 0.136034 0.092063
vt 0.139963 0.093650
vt 0.139880 0.089154
vt 0.121436 0.088255
vt 0.138997 0.034703
vt 0.120968 0.035170
vt 0.158846 0.089763
vt 0.158958 0.094512
vt 0.156080 0.020824
vt 0.138793 0.019588
vt 0.157659 0.032671
vt 0.163695 0.020003
vt 0.157585 0.020089
vt 0.185799 0.020811
vt 0.184805 0.020930
vt 0.176644 0.031001
vt 0.178049 0.090534
vt 0.195559 0.030230
vt 0.213971 0.018469
vt 0.213876 0.030207
vt 0.068426 0.014749
vt 0.065397 0.010445
vt 0.060793 0.011936
vt 0.085967 0.006392
vt 0.068297 0.008936
vt 0.150550 0.184585
vt 0.088883 0.141881
vt 0.093140 0.191919
vt 0.077404 0.150664
vt 0.034646 0.181161
vt 0.081854 0.188132
vt 0.103340 0.016609
vt 0.102661 0.005846
vt 0.089790 0.006943
vt 0.103765 0.034170
vt 0.086716 0.087532
vt 0.103935 0.087451
vt 0.086741 0.032876
vt 0.120690 0.016487
vt 0.050029 0.030654
vt 0.068967 0.031728
vt 0.086240 0.015914
vt 0.068678 0.087605
vt 0.049613 0.087385
vt 0.029984 0.087079
vt 0.030520 0.029871
vt 0.030163 0.101363
vt 0.033776 0.112055
vt 0.049457 0.102217
vt 0.030324 0.112783
vt 0.030471 0.014137
vt 0.049579 0.014367
vt 0.215058 0.089945
vt 0.196987 0.090670
vt 0.248638 0.013414
vt 0.236132 0.016758
vt 0.315896 0.206699
vt 0.307554 0.188157
vt 0.344468 0.162773
vt 0.387455 0.133251
vt 0.395304 0.151970
vt 0.395761 0.172246
vt 0.388166 0.191173
vt 0.373906 0.205910
vt 0.355156 0.213951
vt 0.334844 0.213972
vt 0.315896 0.206699
vt 0.307554 0.188157
vt 0.310150 0.200885
vt 0.387455 0.133251
vt 0.344468 0.162773
vt 0.395304 0.151970
vt 0.395761 0.172246
vt 0.388166 0.191173
vt 0.373906 0.205910
vt 0.355156 0.213951
vt 0.334844 0.213972
vt 0.391577 0.130422
vt 0.382202 0.128133
vt 0.391769 0.130515
vt 0.408552 0.149167
vt 0.422541 0.167756
vt 0.425261 0.177764
vt 0.426611 0.200075
vt 0.419743 0.211745
vt 0.394525 0.238339
vt 0.395527 0.237628
vt 0.349789 0.238572
vt 0.360680 0.240711
vt 0.312055 0.213276
vt 0.331905 0.229701
vt 0.419743 0.211745
vt 0.368061 0.126357
vt 0.180422 0.609685
vt 0.197362 0.598482
vt 0.325276 0.135047
vt 0.317184 0.145139
vt 0.500438 0.533507
vt 0.493011 0.523994
vt 0.282498 0.759960
vt 0.284191 0.762110
vt 0.163695 0.020003
vt 0.303510 0.171514
vt 0.535952 0.694712
vt 0.588769 0.801146
vt 0.354811 0.490161
vt 0.045680 0.881763
vt 0.279620 0.780527
vt 0.280350 0.091954
vt 0.422541 0.167756
vt 0.425261 0.177764
vt 0.213323 0.018812
vt 0.136034 0.092063
vt 0.552583 0.542760
vt 0.380032 0.758473
vt 0.266452 0.012411
vt 0.266427 0.013106
vt 0.391769 0.130515
vt 0.360680 0.240711
vt 0.230807 0.096743
vt 0.207309 0.096741
vt 0.089790 0.006943
vt 0.063533 0.801146
vt 0.552781 0.718850
vt 0.135690 0.020650
vt 0.287125 0.093478
vt 0.303510 0.171514
vt 0.182686 0.095889
vt 0.116350 0.694712
vt 0.099521 0.718850
vt 0.103815 0.097395
vt 0.086406 0.099141
vt 0.213971 0.018469
vt 0.607330 0.555023
vt 0.034646 0.181161
vt 0.023037 0.169429
vt 0.033510 0.162953
vt 0.277426 0.492463
vt 0.368166 0.491688
vt 0.384277 0.762171
vt 0.482465 0.564860
vt 0.524269 0.580757
vt 0.470063 0.567413
vt 0.139963 0.093650
vt 0.351242 0.125615
vt 0.337486 0.130463
vt 0.118273 0.529033
vt 0.146814 0.514759
vt 0.150991 0.524125
vt 0.059167 0.538408
vt 0.409461 0.501045
vt 0.060626 0.102510
vt 0.365211 0.769032
vt 0.258098 0.014827
vt 0.077404 0.150664
vt 0.093140 0.191919
vt 0.081854 0.188132
vt 0.060793 0.011936
vt 0.065397 0.010445
vt 0.311292 0.156673
vt 0.385554 0.768956
vt 0.110560 0.093847
vt 0.085967 0.006392
vt 0.068297 0.008936
vt 0.114424 0.015593
vt 0.325276 0.135047
vt 0.337486 0.130463
vt 0.068594 0.592081
vt 0.089284 0.608950
vt 0.012330 0.624994
vt 0.311925 0.212747
vt 0.033078 0.012305
vt 0.368061 0.126357
vt 0.311292 0.156673
vt 0.471880 0.609685
vt 0.463620 0.592717
vt 0.478588 0.609770
vt 0.351242 0.125615
vt 0.204590 0.514075
vt 0.382202 0.128133
vt 0.391577 0.130422
vt 0.331905 0.229701
vt 0.120688 0.015370
vt 0.122596 0.016305
vt 0.588695 0.549732
vt 0.591621 0.533029
vt 0.151761 0.651976
vt 0.181374 0.621305
vt 0.426611 0.200075
vt 0.073160 0.773480
vt 0.085084 0.745430
vt 0.156080 0.020824
vt 0.137030 0.594035
vt 0.084522 0.596752
vt 0.272270 0.758473
vt 0.312055 0.213276
vt 0.311925 0.212747
vt 0.310150 0.200885
vt 0.366685 0.764127
vt 0.368111 0.762110
vt 0.033510 0.162953
vt 0.023037 0.169429
vt 0.266748 0.768956
vt 0.268759 0.775956
vt 0.500541 0.651976
vt 0.039296 0.924441
vt 0.232654 0.097466
vt 0.250187 0.097054
vt 0.030525 0.010999
vt 0.481845 0.529485
vt 0.272311 0.012992
vt 0.285331 0.011221
vt 0.548901 0.542085
vt 0.536116 0.540169
vt 0.274303 0.779848
vt 0.518720 0.672865
vt 0.236132 0.016758
vt 0.055690 0.105621
vt 0.049457 0.102217
vt 0.088883 0.141881
vt 0.377999 0.779848
vt 0.159045 0.094565
vt 0.122596 0.016305
vt 0.120688 0.015370
vt 0.372241 0.758498
vt 0.374516 0.757459
vt 0.317184 0.145139
vt 0.366051 0.775362
vt 0.367076 0.777563
vt 0.078088 0.534255
vt 0.055690 0.105621
vt 0.049470 0.109116
vt 0.185799 0.020811
vt 0.253951 0.095247
vt 0.606622 0.881763
vt 0.604263 0.882031
vt 0.543653 0.566823
vt 0.592084 0.599248
vt 0.372682 0.780527
vt 0.072029 0.102429
vt 0.085750 0.098924
vt 0.454940 0.598482
vt 0.453160 0.599664
vt 0.436477 0.909980
vt 0.582199 0.779618
vt 0.567173 0.745300
vt 0.602022 0.849432
vt 0.611234 0.916262
vt 0.482249 0.634387
vt 0.142754 0.525310
vt 0.191601 0.519028
vt 0.763010 0.455226
vt 0.766964 0.798864
vt 0.315151 0.488959
vt 0.335018 0.488335
vt 0.287171 0.491416
vt 0.293495 0.490401
vt 0.242249 0.502051
vt 0.669409 0.028318
vt 0.620864 0.761610
vt 0.861362 0.727713
vt 0.823532 0.648355
vt 0.213214 0.578337
vt 0.126011 0.680558
vt 0.050280 0.849432
vt 0.043887 0.900632
vt 0.041068 0.916262
vt 0.285997 0.764730
vt 0.286526 0.766564
vt 0.287447 0.772376
vt 0.283853 0.779393
vt 0.283923 0.779319
vt 0.266431 0.766254
vt 0.276116 0.757017
vt 0.276150 0.757020
vt 0.282094 0.759494
vt 0.177433 0.626458
vt 0.521277 0.526109
vt 0.518415 0.535649
vt 0.476314 0.527658
vt 0.853958 0.283056
vt 0.742657 0.916382
vt 0.404741 0.499932
vt 0.980408 0.087651
vt 0.482429 0.188424
vt 0.650965 0.859957
vt 0.711114 0.375879
vt 0.306702 0.091894
vt 0.268301 0.096278
vt 0.011574 0.012330
vt 0.049555 0.009573
vt 0.103117 0.006038
vt 0.121464 0.095586
vt 0.068269 0.103124
vt 0.033776 0.112055
vt 0.049470 0.109116
vt 0.248638 0.013414
vt 0.268301 0.096278
vt 0.121464 0.095586
vt 0.176662 0.018380
vt 0.195626 0.017642
vt 0.231505 0.015866
vt 0.049555 0.009573
vt 0.144239 0.129943
vt 0.085405 0.192791
vt 0.103117 0.006038
vt 0.032904 0.112863
vt 0.395527 0.237628
vt 0.173714 0.609770
vt 0.321710 0.136288
vt 0.483126 0.530081
vt 0.285617 0.764127
vt 0.157585 0.020089
vt 0.176662 0.018380
vt 0.526291 0.680558
vt 0.549823 0.713268
vt 0.359080 0.490473
vt 0.358445 0.490359
vt 0.276125 0.780599
vt 0.408552 0.149167
vt 0.570126 0.545514
vt 0.383358 0.760651
vt 0.376186 0.757017
vt 0.394525 0.238339
vt 0.215363 0.098932
vt 0.197333 0.098550
vt 0.102661 0.005846
vt 0.070103 0.779618
vt 0.178406 0.097266
vt 0.102479 0.713268
vt 0.085129 0.745300
vt 0.231505 0.015866
vt 0.625063 0.561855
vt 0.604925 0.554028
vt 0.376340 0.492912
vt 0.374104 0.492608
vt 0.385871 0.766254
vt 0.529181 0.570130
vt 0.158958 0.094512
vt 0.149093 0.524454
vt 0.061628 0.537560
vt 0.041054 0.544152
vt 0.426787 0.507645
vt 0.058913 0.102864
vt 0.068269 0.103124
vt 0.366306 0.764730
vt 0.365776 0.766564
vt 0.364712 0.771945
vt 0.085405 0.192791
vt 0.303033 0.169111
vt 0.383433 0.776175
vt 0.383543 0.775956
vt 0.004865 0.605227
vt 0.354331 0.124582
vt 0.349789 0.238572
vt 0.179147 0.624944
vt 0.150699 0.597722
vt 0.370208 0.759494
vt 0.369804 0.759960
vt 0.354331 0.124582
vt 0.303033 0.169111
vt 0.268869 0.776175
vt 0.032221 0.947158
vt 0.501160 0.652797
vt 0.376177 0.780599
vt 0.376152 0.757020
vt 0.321710 0.136288
vt 0.364855 0.772376
vt 0.368449 0.779393
vt 0.368379 0.779319
vt 0.184805 0.020930
vt 0.264278 0.096091
vt 0.599819 0.582007
vn 0.6653 0.3646 0.6515
vn 0.8573 -0.2065 0.4715
vn 0.5839 0.0811 0.8078
vn 0.4920 -0.3847 0.7810
vn 0.4562 0.0282 0.8894
vn 0.3483 -0.0041 0.9374
vn 0.1737 -0.3495 0.9207
vn 0.3346 0.0160 0.9422
vn 0.2534 0.0669 0.9650
vn -0.1423 0.2670 0.9531
vn 0.1536 0.3105 0.9381
vn 0.2060 0.5182 0.8301
vn -0.0602 0.6077 0.7919
vn 0.3938 0.6575 0.6424
vn 0.2277 0.8875 0.4007
vn 0.6351 0.7410 0.2180
vn 0.7514 0.5260 0.3984
vn 0.8975 0.3698 0.2405
vn 0.6380 0.5512 0.5377
vn 0.0412 -0.1488 0.9880
vn 0.3898 0.0932 0.9162
vn 0.3033 0.3018 0.9038
vn 0.3776 0.3275 0.8661
vn 0.4770 0.3175 0.8195
vn 0.5783 0.2620 0.7726
vn 0.5156 0.2143 0.8296
vn 0.4020 0.3104 0.8614
vn 0.3619 0.3449 0.8660
vn 0.4938 0.3534 0.7946
vn 0.7174 0.3891 0.5779
vn 0.6614 0.5649 0.4934
vn 0.7274 0.5085 0.4608
vn 0.5137 0.7000 0.4961
vn 0.2815 0.3222 0.9039
vn 0.3685 0.5403 0.7565
vn 0.1760 0.7015 0.6906
vn 0.3005 0.8412 0.4494
vn 0.6164 0.6287 0.4741
vn 0.7725 0.2727 0.5735
vn 0.1030 0.4219 0.9008
vn -0.0000 0.4748 0.8801
vn 0.0000 0.8911 0.4537
vn -0.0000 0.7640 0.6452
vn 0.0000 0.8625 0.5061
vn -0.0000 0.5656 0.8247
vn 0.3553 0.8003 0.4830
vn 0.3704 0.5407 0.7552
vn 0.6847 0.3248 0.6525
vn 0.7355 0.2079 0.6448
vn 0.5903 0.1556 0.7920
vn 0.7258 0.4019 0.5583
vn 0.3330 -0.0188 0.9427
vn 0.6137 -0.1068 0.7823
vn 0.0000 -0.3188 0.9478
vn -0.0000 -0.0134 0.9999
vn 0.2889 -0.2078 0.9345
vn 0.4430 -0.0668 0.8940
vn 0.0789 -0.2721 0.9590
vn 0.0000 -0.4048 0.9144
vn 0.2848 -0.1218 0.9508
vn 0.5870 -0.0341 0.8089
vn 0.7097 0.1011 0.6972
vn 0.7746 -0.0098 0.6324
vn 0.0000 -0.5232 0.8522
vn -0.0749 -0.5231 0.8490
vn 0.2412 -0.5163 0.8217
vn 0.5273 -0.4925 0.6924
vn 0.5038 0.1328 0.8536
vn 0.4797 0.1307 0.8677
vn 0.6942 -0.3880 0.6063
vn 0.6243 -0.1906 0.7576
vn 0.4913 -0.0611 0.8688
vn -0.0000 -0.4890 0.8723
vn 0.0239 -0.4540 0.8907
vn 0.3082 -0.5716 0.7605
vn -0.0000 -0.4604 0.8877
vn 0.2477 -0.5560 0.7935
vn 0.4496 -0.5722 0.6859
vn 0.4702 -0.6391 0.6087
vn 0.4988 -0.5328 0.6836
vn 0.5077 -0.5376 0.6733
vn 0.4441 -0.3101 0.8406
vn 0.3510 -0.4461 0.8232
vn 0.4452 -0.2064 0.8713
vn 0.3242 -0.3552 0.8768
vn 0.3945 -0.3719 0.8402
vn -0.0000 -0.7251 0.6887
vn 0.1943 -0.6830 0.7041
vn 0.2987 -0.5537 0.7773
vn 0.5157 -0.0667 0.8542
vn 0.5210 -0.2417 0.8186
vn 0.1112 0.3953 0.9118
vn -0.0000 0.4102 0.9120
vn 0.2925 0.7670 0.5711
vn -0.4415 0.7158 0.5410
vn -0.1933 0.9494 0.2474
vn 0.0168 0.1901 0.9816
vn 0.1391 0.3460 0.9279
vn 0.1744 0.2181 0.9602
vn -0.3046 0.6037 0.7367
vn -0.1760 0.7613 0.6240
vn 0.2218 0.8080 0.5459
vn 0.6240 0.6486 0.4358
vn 0.8055 0.4089 0.4288
vn 0.2298 0.2011 0.9522
vn 0.9440 0.2427 0.2236
vn 0.8754 0.2874 0.3888
vn 0.2851 0.3249 0.9017
vn 0.5888 0.5715 0.5716
vn 0.0450 0.1418 0.9889
vn 0.3426 0.6061 0.7178
vn -0.0000 -0.5823 0.8130
vn 0.1104 -0.5382 0.8355
vn 0.2178 -0.4462 0.8680
vn 0.0000 -0.6320 0.7749
vn 0.1226 -0.5993 0.7911
vn 0.2609 -0.5086 0.8205
vn 0.3390 -0.6382 0.6912
vn 0.1784 -0.7534 0.6329
vn 0.0000 -0.7710 0.6369
vn 0.6676 -0.0853 0.7396
vn 0.4902 -0.4294 0.7585
vn 0.6608 -0.2915 0.6917
vn 0.1797 -0.8756 0.4483
vn 0.3599 -0.8214 0.4424
vn 0.0000 -0.8990 0.4379
vn 0.0000 0.5871 0.8095
vn 0.1698 0.5506 0.8173
vn 0.3152 0.5711 0.7580
vn 0.4510 0.5374 0.7126
vn 0.7079 0.3198 0.6298
vn 0.6969 0.2721 0.6635
vn 0.8024 0.1114 0.5863
vn 0.8392 -0.0981 0.5349
vn 0.8158 -0.2865 0.5025
vn 0.7544 -0.4468 0.4809
vn 0.6024 -0.4785 0.6389
vn 0.5106 -0.6161 0.5998
vn 0.6091 0.1432 0.7800
vn 0.8672 0.2529 0.4289
vn 0.9372 -0.0915 0.3367
vn 0.9221 0.0955 0.3749
vn 0.9117 -0.2770 0.3035
vn 0.8555 -0.4420 0.2695
vn 0.8242 0.3560 0.4405
vn 0.5748 0.4758 0.6658
vn 0.6762 0.4147 0.6090
vn 0.7580 0.4796 0.4421
vn 0.6045 0.6257 0.4931
vn 0.4402 0.7165 0.5411
vn 0.3013 0.7641 0.5704
vn 0.1565 0.7683 0.6207
vn -0.0000 0.8982 0.4395
vn 0.0000 0.7650 0.6441
vn 0.1599 0.8878 0.4315
vn 0.2692 0.8769 0.3983
vn 0.3960 0.8273 0.3986
vn 0.6353 0.6901 0.3466
vn 0.8030 0.5197 0.2918
vn 0.8871 0.3826 0.2581
vn 0.9452 0.2412 0.2200
vn 0.9820 0.0817 0.1706
vn 0.9873 -0.0865 0.1333
vn 0.9612 -0.2637 0.0814
vn 0.8795 -0.4756 0.0182
vn 0.7260 -0.6345 0.2651
vn 0.6727 -0.6014 0.4310
vn 0.7302 -0.6749 0.1061
vn -0.0000 -0.9700 0.2430
vn 0.1503 -0.9045 0.3992
vn 0.1596 -0.9551 0.2498
vn 0.0000 -0.8644 0.5028
vn -0.0000 -0.4228 0.9062
vn -0.4478 0.0937 0.8892
vn 0.1305 0.9654 0.2259
vn 0.2819 0.9039 0.3217
vn 0.4873 0.8396 0.2400
vn 0.6630 0.6861 0.2996
vn 0.8544 0.4696 0.2222
vn 0.7822 0.2532 -0.5692
vn 0.9570 0.1554 -0.2448
vn 0.8104 0.2068 -0.5481
vn 0.6421 0.6746 -0.3641
vn 0.7551 0.3665 -0.5436
vn -0.2439 0.9475 -0.2066
vn 0.2381 0.9317 -0.2743
vn -0.6609 0.7302 -0.1733
vn -0.5415 0.8328 -0.1151
vn 0.4830 0.3096 -0.8191
vn 0.3640 0.2964 -0.8830
vn 0.4306 0.4558 -0.7790
vn 0.4456 0.8410 0.3067
vn 0.6624 0.7080 0.2449
vn 0.8201 0.5305 0.2145
vn 0.2643 0.9121 0.3132
vn 0.1694 0.9460 0.2764
vn -0.0000 0.9577 0.2876
vn 0.1031 0.9852 0.1371
vn 0.0000 0.9910 0.1342
vn 0.0449 0.9989 -0.0121
vn 0.0000 1.0000 -0.0071
vn -0.0000 0.9829 -0.1844
vn 0.0530 0.9758 -0.2122
vn -0.3309 0.9175 -0.2208
vn 0.9198 0.3784 0.1041
vn 0.9734 0.2291 0.0027
vn 0.9955 0.0598 -0.0736
vn 0.9852 -0.1220 -0.1204
vn 0.9500 0.3051 -0.0672
vn 0.9555 0.1922 -0.2240
vn 0.9139 0.2330 -0.3323
vn 0.9359 0.2843 0.2082
vn 0.8728 0.1622 -0.4604
vn 0.8298 -0.4333 -0.3517
vn 0.9456 0.3174 0.0715
vn 0.9395 0.3425 0.0103
vn 0.6854 -0.7270 0.0403
vn 0.5209 -0.8315 0.1932
vn 0.4776 -0.8515 0.2165
vn 0.8037 -0.5755 -0.1513
vn 0.9243 -0.3165 -0.2135
vn 0.8817 -0.1983 -0.4282
vn 0.7961 -0.2968 -0.5273
vn 0.9414 -0.0742 -0.3289
vn 0.7861 -0.0909 -0.6114
vn 0.7127 -0.1892 -0.6755
vn 0.7981 0.5605 -0.2209
vn 0.7560 0.5766 -0.3097
vn 0.6289 -0.0074 -0.7775
vn 0.1493 0.7776 -0.6107
vn -0.0000 0.7990 -0.6013
vn -0.0000 0.0805 -0.9968
vn 0.9506 0.0558 -0.3052
vn 0.8565 0.0371 -0.5148
vn 0.7026 0.1103 -0.7030
vn 0.7729 0.2486 -0.5838
vn 0.5134 0.4040 -0.7571
vn 0.7665 0.2690 -0.5832
vn 0.7576 0.2038 -0.6201
vn 0.5783 0.2947 -0.7607
vn 0.4709 0.1778 -0.8641
vn 0.6034 -0.0645 -0.7949
vn 0.4392 0.0644 -0.8961
vn 0.6017 0.6972 -0.3897
vn 0.5769 0.7097 -0.4044
vn 0.4215 0.7582 -0.4975
vn 0.3917 0.7534 -0.5281
vn 0.2450 0.2176 -0.9448
vn 0.2262 0.0897 -0.9699
vn 0.0000 0.2342 -0.9722
vn 0.0000 0.4326 -0.9016
vn 0.2289 0.3956 -0.8894
vn 0.1765 0.6168 -0.7670
vn 0.0000 0.6520 -0.7582
vn 0.0825 0.7926 -0.6042
vn 0.0000 0.8143 -0.5805
vn 0.0000 0.9186 -0.3951
vn 0.0647 0.9188 -0.3894
vn 0.4037 0.3604 -0.8409
vn 0.3035 0.5398 -0.7851
vn 0.2089 0.5997 -0.7725
vn 0.5082 0.4274 -0.7477
vn -0.1768 0.8717 -0.4570
vn 0.0591 0.5226 -0.8505
vn -0.2102 0.5872 -0.7817
vn 0.2530 0.3366 -0.9070
vn 0.0631 0.6307 -0.7735
vn -0.2699 0.7579 -0.5939
vn -0.4583 0.6035 -0.6526
vn -0.0167 0.4309 -0.9022
vn -0.4427 0.6532 -0.6143
vn -0.0830 0.7318 -0.6765
vn 0.5589 -0.7245 0.4035
vn 0.5208 -0.3252 0.7893
vn 0.3482 -0.3865 0.8540
vn 0.4087 -0.3608 0.8383
vn 0.3412 -0.9153 0.2141
vn 0.0795 0.2715 0.9591
vn 0.0235 -0.0147 0.9996
vn -0.3350 -0.0276 0.9418
vn 0.0189 -0.6634 0.7480
vn -0.0135 -0.1043 0.9945
vn 0.2253 -0.6975 0.6802
vn 0.2483 -0.0417 0.9678
vn 0.3457 -0.6703 0.6566
vn 0.5150 -0.0622 0.8549
vn 0.8392 -0.0429 0.5421
vn 0.6900 -0.6689 0.2765
vn -0.2403 -0.6852 0.6876
vn -0.5166 -0.0365 0.8555
vn -0.3422 -0.6822 0.6461
vn -0.8123 -0.0413 0.5817
vn -0.6891 -0.6055 0.3982
vn -0.9631 -0.2083 0.1706
vn -0.6665 -0.7455 -0.0013
vn -0.9437 -0.3285 -0.0400
vn 0.9586 -0.0768 0.2741
vn 0.0529 -0.9723 0.2275
vn 0.1376 -0.9744 0.1779
vn 0.2406 -0.9355 0.2587
vn -0.0875 -0.9732 0.2127
vn -0.5127 0.5122 0.6891
vn -0.7544 0.4285 0.4972
vn -0.3304 0.5268 0.7832
vn -0.0427 0.5143 0.8566
vn -0.9475 0.1985 0.2505
vn 0.1918 0.5054 0.8413
vn 0.4413 0.5406 0.7162
vn 0.7258 0.4765 0.4962
vn 0.3348 0.7326 0.5926
vn 0.8686 0.3644 0.3358
vn 0.5958 0.6334 0.4937
vn 0.1501 0.7234 0.6739
vn -0.0516 0.7486 0.6610
vn -0.2828 0.7127 0.6419
vn -0.4734 0.6601 0.5833
vn 0.9648 0.1470 0.2180
vn 0.7705 0.5009 0.3942
vn 0.9633 -0.2474 0.1041
vn 0.7816 -0.6118 0.1215
vn 0.6207 -0.7832 0.0358
vn 0.9804 0.0926 0.1740
vn 0.9957 -0.0566 0.0740
vn 0.9471 -0.3209 0.0018
vn 0.7171 -0.6952 -0.0498
vn 0.0399 0.6341 0.7722
vn -0.2821 0.5202 0.8061
vn -0.6124 0.4635 0.6404
vn -0.6690 0.5829 0.4611
vn 0.8639 0.3264 0.3835
vn 0.6496 0.5198 0.5548
vn 0.9420 0.1352 0.3072
vn -0.8768 0.3815 0.2928
vn -0.8607 0.3236 0.3931
vn -0.9934 0.0471 0.1046
vn -0.9307 0.2769 0.2388
vn -0.2586 -0.9633 -0.0722
vn -0.1955 -0.9707 0.1395
vn -0.0718 -0.9973 0.0152
vn 0.0264 -0.9988 0.0416
vn 0.1933 -0.9807 0.0296
vn 0.3649 0.5888 0.7212
vn 0.9112 0.3723 0.1762
vn 0.5864 0.5756 0.5700
vn 0.7080 0.6312 0.3169
vn 0.8088 0.0894 0.5812
vn 0.2754 0.2063 0.9389
vn 0.4172 0.4568 0.7857
vn 0.1540 -0.0694 0.9856
vn 0.7077 -0.1100 0.6979
vn 0.5602 -0.3342 0.7580
vn 0.7940 0.5979 0.1097
vn 0.7371 0.6677 0.1040
vn 0.7316 0.6701 -0.1250
vn 0.7400 0.6588 -0.1359
vn 0.8761 0.4821 0.0103
vn 0.8193 0.5613 -0.1172
vn 0.9348 0.3490 -0.0662
vn 0.8352 0.5061 -0.2151
vn 0.9243 0.3338 -0.1849
vn 0.7334 0.3894 0.5572
vn 0.7518 0.5422 0.3751
vn 0.6915 0.1350 0.7097
vn 0.5691 -0.1515 0.8082
vn 0.0525 -0.3298 0.9426
vn 0.4362 -0.3990 0.8066
vn 0.8755 0.2554 0.4103
vn 0.7681 0.6084 0.1996
vn 0.9045 -0.2546 -0.3421
vn 0.9495 -0.0676 -0.3066
vn 0.8348 -0.1700 -0.5237
vn 0.9595 0.1506 -0.2379
vn 0.2651 -0.6079 0.7485
vn 0.3775 -0.5217 0.7651
vn -0.0664 -0.5408 0.8385
vn 0.8709 -0.3426 -0.3524
vn 0.7457 -0.2799 -0.6047
vn 0.8439 -0.4818 -0.2359
vn 0.6602 -0.3797 -0.6481
vn 0.7383 -0.6728 -0.0477
vn 0.5264 -0.5385 -0.6580
vn 0.7748 0.6322 0.0019
vn 0.7804 0.6045 -0.1598
vn 0.8920 0.0740 0.4459
vn 0.9031 0.2919 0.3149
vn 0.8041 -0.1779 0.5672
vn 0.6962 -0.4229 0.5801
vn 0.8808 0.4258 0.2072
vn 0.8573 0.5118 0.0554
vn 0.2793 -0.7148 -0.6411
vn 0.1090 -0.8863 -0.4502
vn 0.6453 -0.7586 -0.0895
vn 0.3405 -0.9102 0.2357
vn -0.1758 -0.9517 -0.2517
vn -0.4724 -0.8797 0.0542
vn -0.5415 -0.7518 0.3762
vn 0.1988 -0.9012 0.3852
vn 0.2536 -0.7963 0.5492
vn -0.3424 -0.7012 0.6253
vn 0.2212 -0.7347 0.6413
vn -0.4100 -0.5286 0.7433
vn -0.0680 -0.3961 0.9157
vn 0.2745 -0.5818 0.7656
vn 0.1845 -0.3222 0.9285
vn 0.3920 -0.4404 0.8077
vn 0.3284 -0.1800 0.9272
vn 0.4904 -0.2581 0.8324
vn 0.5510 -0.1697 0.8171
vn 0.4073 -0.0675 0.9108
vn 0.6056 -0.0932 0.7903
vn 0.5168 0.0359 0.8553
vn 0.5364 -0.8002 0.2683
vn 0.5605 -0.7849 0.2641
vn 0.9863 -0.0774 0.1458
vn 0.9519 -0.2127 0.2206
vn 0.7545 0.3655 0.5450
vn 0.9910 -0.0558 -0.1220
vn 0.9900 -0.1282 -0.0580
vn 0.8441 0.4255 0.3261
vn 0.8922 0.4270 -0.1474
vn 0.9120 0.3973 0.1017
vn 0.9283 0.3654 -0.0688
vn 0.9243 0.2926 -0.2452
vn 0.9257 0.1723 -0.3367
vn 0.8969 0.3378 -0.2854
vn 0.8298 0.4692 -0.3020
vn 0.9060 0.0081 -0.4231
vn 0.9191 -0.0124 -0.3939
vn 0.8840 0.4626 0.0673
vn 0.9366 0.3166 0.1500
vn 0.9571 0.2883 -0.0283
vn 0.9523 0.2266 -0.2042
vn 0.9611 0.1129 -0.2521
vn 0.8716 0.3239 0.3681
vn 0.8260 0.2019 0.5262
vn 0.9475 0.2209 0.2314
vn 0.9811 0.1933 -0.0016
vn 0.9411 -0.0355 -0.3362
vn 0.9096 0.0058 -0.4154
vn 0.6594 0.1944 0.7262
vn 0.7354 0.0871 0.6721
vn 0.9372 0.1167 0.3288
vn 0.9963 0.0857 0.0029
vn 0.8923 -0.1564 -0.4236
vn 0.9996 -0.0248 -0.0107
vn 0.9303 0.0288 0.3656
vn 0.7706 0.0271 0.6367
vn 0.5330 0.0165 0.8459
vn 0.3887 -0.0575 0.9196
vn 0.2284 -0.1003 0.9684
vn 0.6995 -0.0325 0.7139
vn 0.6079 -0.0683 0.7911
vn 0.8844 -0.1027 0.4553
vn 0.9131 -0.0430 0.4054
vn 0.9929 -0.1187 -0.0071
vn 0.9810 -0.1835 0.0626
vn 0.8264 -0.2433 -0.5078
vn 0.5858 -0.3732 -0.7194
vn 0.6481 0.6878 -0.3270
vn 0.6944 0.6434 -0.3223
vn 0.7523 0.5610 -0.3453
vn 0.6845 -0.7032 0.1924
vn 0.1927 -0.6973 0.6904
vn 0.2017 -0.8205 0.5349
vn -0.1670 -0.6494 0.7419
vn 0.6653 -0.7292 0.1599
vn 0.0794 -0.0682 0.9945
vn 0.5486 -0.0458 0.8348
vn -0.4437 -0.0022 0.8962
vn 0.8656 -0.0910 0.4923
vn 0.5336 0.0448 0.8445
vn 0.1474 -0.4660 -0.8724
vn -0.2843 -0.5388 -0.7930
vn -0.5979 -0.5218 -0.6084
vn 0.9798 -0.1843 0.0774
vn 0.8671 -0.0219 0.4977
vn 0.9855 -0.1550 0.0684
vn -0.8317 -0.3942 -0.3910
vn -0.9803 -0.1920 -0.0474
vn -0.9497 -0.1406 0.2798
vn -0.7948 -0.0497 0.6049
vn -0.4167 0.0753 0.9059
vn -0.7783 0.0204 0.6276
vn 0.0776 0.0604 0.9952
vn 0.0818 0.1325 0.9878
vn 0.5189 0.1314 0.8447
vn 0.8711 0.0351 0.4899
vn 0.8933 -0.2732 -0.3569
vn 0.8889 -0.2953 -0.3501
vn 0.8808 -0.3033 -0.3637
vn 0.9918 -0.1186 0.0484
vn 0.8749 -0.3037 -0.3773
vn 0.5562 -0.3982 -0.7295
vn 0.5038 -0.4577 -0.7326
vn 0.4749 -0.4823 -0.7361
vn -0.0282 -0.5076 -0.8612
vn -0.5130 -0.4311 -0.7423
vn -0.0680 -0.5215 -0.8506
vn -0.8320 -0.2945 -0.4702
vn -0.9834 -0.1404 -0.1150
vn -0.9583 -0.0362 0.2834
vn 0.5287 -0.8462 0.0668
vn 0.5235 -0.8473 0.0898
vn 0.4830 -0.8709 0.0910
vn 0.4127 -0.9027 0.1219
vn 0.3556 -0.3865 0.8510
vn 0.4364 -0.2470 0.8652
vn 0.0000 -0.2982 0.9545
vn 0.1841 -0.4069 0.8947
vn 0.2355 -0.2775 0.9314
vn 0.2066 -0.5644 0.7992
vn 0.0000 -0.5607 0.8280
vn 0.0000 -0.4344 0.9007
vn 0.0000 -0.7104 0.7038
vn 0.1615 -0.7229 0.6718
vn 0.0000 -0.8263 0.5632
vn 0.1392 -0.8219 0.5524
vn 0.0000 -0.8681 0.4964
vn 0.1371 -0.8605 0.4906
vn 0.1998 -0.8564 0.4761
vn -0.0000 -0.8967 0.4427
vn 0.1795 -0.8872 0.4249
vn 0.2497 -0.9040 0.3470
vn -0.0000 -0.9334 0.3587
vn 0.4712 -0.8496 0.2371
vn 0.5737 -0.8141 0.0896
vn 0.0000 -0.9513 0.3082
vn 0.2275 -0.9294 0.2906
vn 0.2752 -0.9378 0.2115
vn 0.0000 -0.9708 0.2400
vn 0.2053 -0.8880 0.4115
vn 0.5308 -0.8361 0.1386
vn 0.1027 -0.9510 0.2917
vn 0.2628 -0.9492 0.1733
vn 0.5703 -0.8033 0.1715
vn 0.0000 -0.9826 0.1855
vn 0.2528 -0.9587 0.1305
vn 0.5065 -0.8550 0.1118
vn 0.8508 0.5200 -0.0766
vn 0.8418 0.5078 -0.1827
vn 0.8157 0.4446 -0.3701
vn -0.1458 0.0495 0.9881
vn -0.0293 -0.4574 0.8888
vn -0.0566 -0.0894 0.9944
vn 0.3957 -0.4937 0.7744
vn 0.3779 -0.0296 0.9254
vn 0.4051 -0.4563 0.7923
vn 0.4036 -0.1065 0.9087
vn 0.5319 -0.5406 0.6518
vn 0.5848 -0.0055 0.8112
vn -0.0464 -0.4620 0.8857
vn -0.3050 0.0130 0.9523
vn -0.2588 -0.6008 0.7563
vn -0.7441 -0.0195 0.6678
vn -0.6703 -0.5853 0.4563
vn -0.9341 -0.2068 0.2909
vn -0.6083 -0.7919 0.0537
vn -0.9236 -0.3440 0.1692
vn -0.4972 -0.8669 0.0355
vn 0.9199 0.0102 0.3919
vn 0.0806 -0.9204 0.3826
vn 0.2697 -0.9073 0.3226
vn 0.2669 -0.8520 0.4504
vn -0.0006 -0.9348 0.3551
vn -0.3577 0.4947 0.7920
vn -0.7226 0.4343 0.5378
vn -0.1989 0.4114 0.8895
vn -0.0520 0.3850 0.9214
vn -0.8942 0.2899 0.3410
vn 0.3148 0.3697 0.8742
vn 0.3541 0.3300 0.8750
vn 0.5483 0.3920 0.7387
vn 0.8258 0.4011 0.3964
vn 0.2507 0.6938 0.6751
vn 0.4371 0.7159 0.5444
vn 0.2311 0.7031 0.6725
vn -0.0227 0.7315 0.6815
vn -0.1746 0.7148 0.6772
vn -0.3335 0.7737 0.5387
vn 0.9335 0.3400 0.1141
vn 0.6596 0.6827 0.3144
vn 0.9891 -0.1369 0.0541
vn 0.7380 -0.6497 0.1822
vn 0.6561 -0.7542 -0.0262
vn 0.8007 0.5980 0.0358
vn 0.9609 0.2769 0.0055
vn 0.9699 -0.2436 -0.0052
vn 0.6857 -0.7263 -0.0474
vn 0.0553 0.8954 0.4418
vn -0.1108 0.9093 0.4010
vn -0.6076 0.7054 0.3649
vn -0.2753 0.9008 0.3358
vn -0.4716 0.8260 0.3088
vn 0.7223 0.6777 0.1381
vn 0.3987 0.8777 0.2659
vn 0.5341 0.8234 0.1918
vn 0.6970 0.6972 0.1678
vn -0.7804 0.5424 0.3110
vn -0.9466 0.2025 0.2510
vn -0.8026 0.5122 0.3056
vn -0.1849 -0.9828 -0.0022
vn -0.1849 -0.9698 0.1588
vn -0.0094 -0.9987 0.0494
vn 0.0592 -0.9951 0.0789
vn 0.2003 -0.9774 0.0670
vn 0.2030 0.8791 0.4312
vn 0.8763 0.0856 -0.4741
vn 0.8402 0.5007 -0.2084
vn 0.8047 0.0789 -0.5885
vn 0.1555 0.3437 -0.9261
vn 0.2153 0.3106 -0.9258
vn 0.1934 0.8131 -0.5491
vn 0.2716 0.3270 -0.9052
vn 0.2557 0.0301 -0.9663
vn 0.3866 0.7805 -0.4912
vn 0.5724 0.7055 -0.4178
vn 0.5921 0.2148 -0.7767
vn 0.6742 0.2121 -0.7074
vn 0.0000 0.8861 -0.4635
vn 0.0000 0.8161 -0.5779
vn 0.3861 0.8113 -0.4390
vn 0.5655 0.7145 -0.4120
vn 0.7164 0.5970 -0.3610
vn 0.7278 0.6036 -0.3256
vn 0.7192 0.6447 -0.2590
vn 0.5736 0.7632 -0.2977
vn 0.2162 0.9158 -0.3385
vn 0.4129 0.8508 -0.3250
vn 0.1809 0.8723 -0.4543
vn -0.0000 0.9420 -0.3355
vn 0.2151 0.9285 -0.3026
vn 0.0000 0.9526 -0.3043
vn 0.4051 0.8716 -0.2759
vn 0.5644 0.7921 -0.2322
vn 0.7045 0.6876 -0.1757
vn 0.2032 0.9196 -0.3361
vn 0.3841 0.8731 -0.3001
vn 0.5394 0.8068 -0.2413
vn 0.6760 0.7195 -0.1592
vn 0.7871 0.6125 -0.0721
vn 0.0000 0.9379 -0.3469
vn 0.1904 0.8986 -0.3953
vn 0.0000 0.9126 -0.4089
vn 0.3646 0.8602 -0.3564
vn 0.5028 0.8078 -0.3076
vn 0.6323 0.7374 -0.2374
vn 0.4375 0.7984 -0.4137
vn 0.3030 0.8395 -0.4510
vn 0.5494 0.7485 -0.3715
vn 0.2311 0.9727 0.0222
vn 0.0000 0.4574 0.8893
vn 0.0000 0.9841 -0.1776
vn 0.6119 0.7735 -0.1651
vn 0.2531 0.3151 0.9147
vn 0.8227 0.2130 0.5270
vn 0.8274 0.4689 -0.3089
vn 0.9583 -0.0694 0.2773
vn 0.8917 0.0514 -0.4496
vn 0.8926 -0.4475 0.0545
vn 0.7844 -0.2622 -0.5620
vn 0.7006 -0.7050 -0.1104
vn 0.6221 -0.4972 -0.6048
vn 0.4197 -0.8852 -0.2006
vn -0.0000 -0.7670 -0.6417
vn 0.3427 -0.6854 -0.6424
vn 0.9489 -0.1654 0.2686
vn 0.8765 -0.4812 0.0173
vn 0.6876 -0.7149 -0.1271
vn 0.4154 -0.8873 -0.2002
vn 0.0000 -0.9798 -0.2001
vn 0.0000 -0.9659 -0.2588
vn 0.5938 0.0232 0.8043
vn 0.5572 0.3239 0.7646
vn 0.3050 -0.0724 0.9496
vn -0.0000 -0.0721 0.9974
vn 0.2034 -0.4374 0.8760
vn -0.0000 -0.4735 0.8808
vn 0.4758 -0.2793 0.8341
vn 0.7581 -0.0839 0.6467
vn 0.8529 0.0216 0.5217
vn 0.9182 -0.0709 0.3898
vn 0.9656 -0.2386 0.1031
vn 0.8628 -0.4820 -0.1524
vn 0.6728 -0.6685 -0.3169
vn 0.3924 -0.8200 -0.4167
vn 0.0000 -0.7662 -0.6426
vn 0.0000 -0.8932 -0.4496
vn 0.3286 -0.7052 -0.6283
vn 0.8486 -0.4148 -0.3285
vn 0.6424 -0.5786 -0.5025
vn 0.9673 -0.2412 -0.0781
vn 0.9440 -0.1910 -0.2692
vn 0.8216 -0.3273 -0.4668
vn 0.6230 -0.4369 -0.6488
vn 0.3193 -0.5358 -0.7817
vn -0.0000 -0.5761 -0.8174
vn 0.9735 -0.0862 0.2118
vn 0.9980 -0.0506 0.0377
vn 0.9132 -0.0549 0.4038
vn 0.0000 -0.7460 0.6660
vn 0.2961 -0.6424 0.7069
vn 0.6549 -0.3282 0.6807
vn 0.9955 0.0389 0.0864
vn 0.0000 -0.3100 -0.9507
vn 0.2904 -0.3234 -0.9006
vn 0.0000 -0.0154 -0.9999
vn 0.2873 -0.0359 -0.9572
vn 0.2391 0.2221 -0.9453
vn 0.1876 0.4083 -0.8933
vn -0.0000 0.2343 -0.9722
vn 0.0000 0.4253 -0.9051
vn 0.5868 -0.2762 -0.7611
vn 0.5592 -0.0523 -0.8274
vn 0.8000 -0.2194 -0.5585
vn 0.5149 0.1625 -0.8417
vn 0.7989 -0.0756 -0.5966
vn 0.7851 0.1223 -0.6072
vn 0.4641 0.3728 -0.8035
vn 0.7607 0.3291 -0.5595
vn 0.9542 -0.0583 -0.2933
vn 0.9575 0.0968 -0.2718
vn 0.9386 0.2546 -0.2330
vn 0.9885 0.1326 0.0729
vn 0.9309 -0.0598 0.3604
vn -0.0000 0.5855 -0.8107
vn 0.1755 0.5799 -0.7955
vn 0.4408 0.5639 -0.6984
vn 0.7244 0.5081 -0.4659
vn 0.8959 0.3998 -0.1939
vn 0.9649 0.2579 0.0504
vn 0.8137 -0.2421 0.5284
vn -0.0000 0.7465 -0.6654
vn 0.1987 0.7486 -0.6326
vn 0.4707 0.7207 -0.5089
vn 0.6917 0.6417 -0.3314
vn 0.2276 0.8774 -0.4224
vn 0.4840 0.8215 -0.3016
vn 0.7343 0.6610 -0.1545
vn 0.8368 0.5263 -0.1510
vn 0.9149 0.4016 0.0398
vn 0.9591 0.0733 0.2734
vn 0.9314 0.2576 0.2570
vn 0.8311 0.5533 0.0570
vn 0.0000 0.9787 -0.2051
vn 0.2761 0.9491 -0.1517
vn 0.4857 0.8677 -0.1054
vn 0.0000 0.9975 0.0704
vn 0.5013 0.8606 0.0898
vn 0.2916 0.9528 0.0842
vn 0.5237 0.7932 0.3109
vn 0.0000 0.9425 0.3341
vn 0.6408 0.7570 -0.1274
vn 0.6877 0.7207 0.0876
vn 0.7272 0.6228 0.2887
vn 0.8643 0.4202 0.2763
vn 0.2896 0.8959 0.3370
vn 0.0000 0.8120 0.5837
vn 0.3015 0.7588 0.5774
vn 0.7243 0.4872 0.4878
vn 0.8498 0.2640 0.4562
vn 0.8808 0.0335 0.4723
vn 0.0000 0.3313 0.9435
vn 0.4437 -0.1729 0.8793
vn 0.4255 0.3017 0.8532
vn 0.4770 -0.6448 0.5972
vn 0.6793 -0.0605 0.7314
vn -0.0000 -0.0750 0.9972
vn 0.0000 -0.6469 0.7626
vn 0.0000 0.5969 0.8023
vn 0.3599 0.5360 0.7637
vn 0.5573 0.6431 0.5251
vn 0.6271 0.3945 0.6716
vn 0.7938 0.0369 0.6071
vn 0.7627 -0.2328 0.6034
vn 0.6210 -0.5291 0.5783
vn 0.5764 -0.5279 0.6237
vn 0.3047 -0.9071 0.2905
vn 0.3637 -0.7856 0.5006
vn -0.0000 -0.9461 0.3238
vn 0.0000 -0.9225 0.3859
vn 0.9488 -0.1737 0.2638
vn 0.9775 0.0979 0.1867
vn 0.9428 0.3330 0.0149
vn 0.8840 0.1827 -0.4303
vn 0.9791 0.0270 -0.2015
vn 0.8794 -0.0819 -0.4690
vn 0.9334 0.3079 -0.1845
vn 0.7295 0.2782 -0.6248
vn 0.6674 0.5233 -0.5298
vn -0.0000 0.8832 -0.4689
vn 0.2448 0.7794 -0.5767
vn 0.1612 0.8652 -0.4749
vn 0.3777 0.7457 -0.5490
vn 0.5349 0.6774 -0.5050
vn 0.0000 0.5989 -0.8008
vn 0.1375 0.6211 -0.7716
vn 0.2858 0.5385 -0.7927
vn 0.3989 0.3843 -0.8326
vn 0.4535 0.1539 -0.8779
vn 0.4448 -0.0650 -0.8933
vn 0.3849 -0.2982 -0.8735
vn 0.2764 -0.4837 -0.8304
vn 0.0000 -0.5507 -0.8347
vn 0.0372 0.6808 -0.7315
vn 0.1808 0.7038 -0.6870
vn 0.1193 0.7978 -0.5910
vn 0.3349 0.6505 -0.6817
vn 0.4842 0.5382 -0.6899
vn 0.5600 0.2992 -0.7726
vn 0.5515 0.0077 -0.8342
vn 0.3803 -0.2941 -0.8768
vn 0.2919 -0.6208 -0.7276
vn 0.7282 -0.0199 -0.6851
vn 0.7008 -0.2048 -0.6834
vn 0.5515 -0.1731 -0.8160
vn 0.2989 -0.6041 -0.7387
vn 0.8900 -0.3688 0.2680
vn 0.5649 -0.6384 0.5228
vn 0.7597 -0.5827 0.2887
vn 0.0878 -0.7619 -0.6417
vn 0.1931 -0.6570 -0.7288
vn 0.0000 -0.7245 -0.6893
vn 0.1705 -0.8372 -0.5197
vn 0.0000 -0.8658 -0.5003
vn 0.2923 -0.8294 -0.4761
vn 0.1676 -0.9276 -0.3338
vn 0.0000 -0.9523 -0.3052
vn 0.3257 -0.9105 -0.2549
vn -0.1126 -0.8196 -0.5618
vn 0.1954 -0.9769 -0.0866
vn 0.0000 -0.9957 -0.0926
vn 0.2363 -0.9690 0.0719
vn 0.0000 -0.9972 0.0754
vn 0.0000 -0.9902 0.1395
vn 0.4058 -0.9136 -0.0280
vn -0.0937 -0.9756 -0.1987
vn -0.2064 -0.9752 0.0802
vn -0.3579 -0.6775 0.6425
vn -0.6187 -0.6509 0.4400
vn -0.1440 -0.9445 0.2952
vn -0.9429 -0.2903 0.1635
vn -0.2227 -0.9596 0.1720
vn -0.9343 -0.3528 0.0513
vn -0.8689 -0.4665 -0.1654
vn 0.2895 -0.4999 -0.8163
vn 0.5679 -0.2509 -0.7840
vn 0.1461 -0.2583 -0.9549
vn 0.9572 -0.1832 -0.2241
vn 0.4964 -0.3806 -0.7802
vn -0.2493 -0.3395 -0.9070
vn 0.6210 -0.2937 -0.7267
vn -0.0529 -0.7255 0.6862
vn 0.1927 -0.1044 0.9757
vn 0.2117 -0.7371 0.6418
vn 0.7486 0.0238 0.6625
vn -0.7914 0.0046 0.6112
vn -0.9075 -0.2557 0.3331
vn -0.6394 -0.3672 -0.6755
vn -0.6212 -0.5023 -0.6015
vn -0.8604 -0.4579 -0.2239
vn -0.9447 -0.3048 0.1212
vn -0.9040 0.2966 0.3080
vn 0.1930 0.8840 0.4258
vn -0.1146 0.8556 0.5048
vn 0.9975 0.0687 -0.0140
vn 0.9873 -0.1591 -0.0023
vn 0.9432 -0.1185 0.3102
vn 0.8581 -0.5130 0.0233
vn 0.9493 -0.3141 0.0109
vn 0.9309 -0.3050 -0.2009
vn 0.8420 -0.2317 -0.4871
vn 0.8391 -0.2572 -0.4793
vn 0.8977 -0.3959 -0.1934
vn 0.9662 -0.2539 0.0446
vn 0.9519 -0.2757 -0.1334
vn 0.8456 -0.2299 -0.4817
vn 0.9532 -0.1875 -0.2371
vn 0.9945 0.0506 -0.0922
vn -0.2367 -0.3987 -0.8860
vn 0.1652 -0.7568 -0.6325
vn -0.2424 -0.8065 -0.5392
vn 0.1634 -0.3522 -0.9215
vn 0.4972 -0.5968 -0.6298
vn 0.5636 -0.3160 -0.7632
vn 0.7885 -0.3072 -0.5328
vn 0.7198 -0.4902 -0.4915
vn 0.8350 -0.4389 -0.3320
vn -0.9068 -0.4216 0.0077
vn -0.5591 -0.7982 -0.2242
vn 0.4847 -0.8711 0.0792
vn 0.9258 -0.3274 -0.1892
vn 0.9417 0.3330 0.0480
vn 0.0000 0.8188 -0.5740
vn -0.0000 0.7044 -0.7098
vn -0.9796 -0.1006 0.1740
vn -0.9694 -0.1417 0.2007
vn -0.7315 -0.6794 0.0578
vn -0.7460 -0.6634 0.0585
vn -0.6591 -0.7520 -0.0035
vn -0.3367 -0.9416 0.0006
vn -0.3632 -0.9314 -0.0236
vn -0.3246 -0.9453 -0.0319
vn -0.3045 -0.9522 -0.0253
vn -0.6906 -0.7228 0.0237
vn -0.2852 -0.9495 -0.1308
vn -0.0770 -0.9645 -0.2526
vn -0.0558 -0.9947 -0.0862
vn -0.0951 -0.9913 -0.0907
vn -0.1430 -0.9864 -0.0804
vn -0.1298 -0.9906 0.0437
vn -0.3495 -0.1641 0.9224
vn -0.4415 0.7052 0.5548
vn -0.6154 0.7153 0.3312
vn -0.5984 0.6415 0.4801
vn 0.1528 -0.9402 -0.3045
vn 0.9682 -0.2305 -0.0970
vn 0.6253 -0.7727 -0.1094
vn 0.6157 -0.7653 -0.1877
vn 0.5631 -0.7361 -0.3755
vn 0.6223 -0.7360 -0.2666
vn 0.2861 -0.9582 -0.0019
vn 0.3851 -0.8097 -0.4428
vn 0.0605 -0.9923 -0.1080
vn 0.2814 -0.9533 -0.1095
vn 0.0946 -0.9938 0.0591
vn 0.0491 -0.9919 -0.1174
vn 0.0794 -0.9856 -0.1495
vn 0.2688 -0.9534 -0.1374
vn 0.2919 -0.9334 -0.2085
vn 0.0828 0.2989 0.9507
vn 0.5296 0.3060 0.7912
vn 0.8693 0.1133 0.4812
vn 0.9950 -0.0878 0.0478
vn 0.8755 -0.3096 -0.3711
vn 0.4602 -0.4956 -0.7366
vn -0.0381 -0.5180 -0.8546
vn -0.5089 -0.4234 -0.7495
vn -0.8020 -0.3109 -0.5100
vn -0.9733 -0.1292 -0.1898
vn -0.9568 0.0980 0.2738
vn -0.7336 0.1851 0.6539
vn -0.3486 0.2314 0.9083
vn 0.7814 0.3407 0.5229
vn 0.8609 -0.3217 -0.3942
vn 0.4838 -0.5037 -0.7157
vn -0.0198 -0.5449 -0.8383
vn -0.4588 -0.4890 -0.7419
vn -0.7749 -0.3539 -0.5237
vn -0.9662 -0.1685 -0.1949
vn -0.9898 0.0992 0.1026
vn -0.8642 -0.4136 -0.2866
vn -0.6503 -0.7508 -0.1155
vn -0.7099 -0.4732 -0.5217
vn -0.6738 -0.6858 -0.2751
vn 0.0105 -0.6834 -0.7299
vn -0.4000 -0.6216 -0.6735
vn -0.5516 -0.7249 -0.4125
vn 0.5288 -0.5755 -0.6239
vn 0.9869 -0.1342 -0.0898
vn 0.9988 -0.0406 0.0265
vn 0.8879 -0.3936 -0.2380
vn 0.6573 -0.6855 -0.3131
vn 0.8518 -0.3709 -0.3699
vn -0.0062 -0.9124 -0.4093
vn 0.3419 -0.8353 -0.4305
vn -0.3031 -0.8491 -0.4326
vn 0.2815 -0.9569 -0.0706
vn 0.0265 -0.9966 -0.0782
vn -0.1815 -0.9755 -0.1242
vn -0.4173 -0.8870 -0.1978
vn 0.0000 -0.9874 0.1583
vn -0.8573 -0.2065 0.4715
vn -0.6653 0.3646 0.6515
vn -0.5839 0.0811 0.8078
vn -0.4920 -0.3847 0.7810
vn -0.4562 0.0282 0.8894
vn -0.3483 -0.0041 0.9374
vn -0.1737 -0.3495 0.9207
vn -0.3346 0.0160 0.9422
vn -0.0412 -0.1488 0.9880
vn -0.2534 0.0669 0.9650
vn 0.1423 0.2670 0.9531
vn -0.2060 0.5182 0.8301
vn -0.1536 0.3105 0.9381
vn 0.0602 0.6077 0.7919
vn -0.3938 0.6575 0.6424
vn -0.2277 0.8875 0.4007
vn -0.6351 0.7410 0.2180
vn -0.6614 0.5649 0.4934
vn -0.7514 0.5260 0.3984
vn -0.8975 0.3698 0.2405
vn -0.3898 0.0932 0.9162
vn -0.3033 0.3018 0.9038
vn -0.2815 0.3222 0.9039
vn -0.3776 0.3275 0.8661
vn -0.4770 0.3175 0.8195
vn -0.5156 0.2143 0.8296
vn -0.4020 0.3104 0.8614
vn -0.3619 0.3449 0.8660
vn -0.4938 0.3534 0.7946
vn -0.7174 0.3891 0.5779
vn -0.7274 0.5085 0.4608
vn -0.6380 0.5512 0.5377
vn -0.3685 0.5403 0.7565
vn -0.5137 0.7000 0.4961
vn -0.1760 0.7015 0.6906
vn -0.3005 0.8412 0.4494
vn -0.6164 0.6287 0.4741
vn -0.7725 0.2727 0.5735
vn -0.7258 0.4019 0.5583
vn -0.1030 0.4219 0.9008
vn -0.3553 0.8003 0.4830
vn -0.3704 0.5407 0.7552
vn -0.6847 0.3248 0.6525
vn -0.7355 0.2079 0.6448
vn -0.5903 0.1556 0.7920
vn -0.3330 -0.0188 0.9427
vn -0.6137 -0.1068 0.7823
vn -0.2889 -0.2078 0.9345
vn -0.4430 -0.0668 0.8940
vn -0.0789 -0.2721 0.9590
vn -0.2848 -0.1218 0.9508
vn -0.5870 -0.0341 0.8089
vn -0.7746 -0.0098 0.6324
vn -0.7097 0.1011 0.6972
vn 0.0749 -0.5231 0.8490
vn -0.2412 -0.5163 0.8217
vn -0.5038 0.1328 0.8536
vn -0.4797 0.1307 0.8677
vn -0.5273 -0.4925 0.6924
vn -0.6942 -0.3880 0.6063
vn -0.6243 -0.1906 0.7576
vn -0.0239 -0.4540 0.8907
vn -0.3082 -0.5716 0.7605
vn -0.4702 -0.6391 0.6087
vn -0.2477 -0.5560 0.7935
vn -0.4496 -0.5722 0.6859
vn -0.5077 -0.5376 0.6733
vn -0.4988 -0.5328 0.6836
vn -0.3510 -0.4461 0.8232
vn -0.4441 -0.3101 0.8406
vn -0.4913 -0.0611 0.8688
vn -0.4452 -0.2064 0.8713
vn -0.3242 -0.3552 0.8768
vn -0.1943 -0.6830 0.7041
vn -0.2987 -0.5537 0.7773
vn -0.5157 -0.0667 0.8542
vn -0.5210 -0.2417 0.8186
vn -0.3945 -0.3719 0.8402
vn -0.4902 -0.4294 0.7585
vn -0.1112 0.3953 0.9118
vn 0.4415 0.7158 0.5410
vn -0.2925 0.7670 0.5711
vn 0.1933 0.9494 0.2474
vn -0.0168 0.1901 0.9816
vn 0.2982 0.6187 0.7269
vn -0.1732 0.2166 0.9608
vn -0.1750 0.8094 0.5606
vn -0.5894 0.6536 0.4747
vn -0.8766 0.2739 0.3956
vn -0.2298 0.2011 0.9522
vn -0.9440 0.2427 0.2236
vn -0.2851 0.3249 0.9017
vn -0.5888 0.5715 0.5716
vn -0.0450 0.1418 0.9889
vn -0.1391 0.3460 0.9279
vn -0.3426 0.6061 0.7178
vn -0.1104 -0.5382 0.8355
vn -0.2178 -0.4462 0.8680
vn -0.1226 -0.5993 0.7911
vn -0.2609 -0.5086 0.8205
vn -0.3390 -0.6382 0.6912
vn -0.1784 -0.7534 0.6329
vn -0.6676 -0.0853 0.7396
vn -0.6091 0.1432 0.7800
vn -0.6608 -0.2915 0.6917
vn -0.1797 -0.8756 0.4483
vn -0.1698 0.5506 0.8173
vn -0.3152 0.5711 0.7580
vn -0.4510 0.5374 0.7126
vn -0.7079 0.3198 0.6298
vn -0.6969 0.2721 0.6635
vn -0.8024 0.1114 0.5863
vn -0.8392 -0.0981 0.5349
vn -0.8158 -0.2865 0.5025
vn -0.7544 -0.4468 0.4809
vn -0.6024 -0.4785 0.6389
vn -0.5106 -0.6161 0.5998
vn -0.8672 0.2529 0.4289
vn -0.9372 -0.0915 0.3367
vn -0.9117 -0.2770 0.3035
vn -0.8555 -0.4420 0.2695
vn -0.8242 0.3560 0.4405
vn -0.5748 0.4758 0.6658
vn -0.5783 0.2620 0.7726
vn -0.6762 0.4147 0.6090
vn -0.7580 0.4796 0.4421
vn -0.6045 0.6257 0.4931
vn -0.4402 0.7165 0.5411
vn -0.3013 0.7641 0.5704
vn -0.1565 0.7683 0.6207
vn -0.1599 0.8878 0.4315
vn -0.2692 0.8769 0.3983
vn -0.3960 0.8273 0.3986
vn -0.6353 0.6901 0.3466
vn -0.8030 0.5197 0.2918
vn -0.8871 0.3826 0.2581
vn -0.9221 0.0955 0.3749
vn -0.9452 0.2412 0.2200
vn -0.9820 0.0817 0.1706
vn -0.9873 -0.0865 0.1333
vn -0.9612 -0.2637 0.0814
vn -0.8795 -0.4756 0.0182
vn -0.7260 -0.6345 0.2651
vn -0.7302 -0.6749 0.1061
vn -0.1503 -0.9045 0.3992
vn -0.1596 -0.9551 0.2498
vn 0.4478 0.0937 0.8892
vn -0.2021 -0.5069 0.8380
vn -0.1305 0.9654 0.2259
vn -0.4873 0.8396 0.2400
vn -0.8544 0.4696 0.2222
vn -0.9359 0.2843 0.2082
vn -0.7849 0.2357 -0.5731
vn -0.8104 0.2068 -0.5481
vn -0.9570 0.1554 -0.2448
vn -0.7593 0.3601 -0.5420
vn -0.8019 0.3888 0.4537
vn -0.1560 0.9421 -0.2967
vn 0.6609 0.7302 -0.1733
vn 0.3309 0.9175 -0.2208
vn 0.5230 0.8454 -0.1082
vn 0.2803 0.9532 -0.1137
vn 0.2092 0.7728 0.5992
vn -0.4830 0.3096 -0.8191
vn -0.3646 0.2861 -0.8861
vn -0.4456 0.8410 0.3067
vn -0.6624 0.7080 0.2449
vn -0.6630 0.6861 0.2996
vn -0.8201 0.5305 0.2145
vn -0.2643 0.9121 0.3132
vn -0.2819 0.9039 0.3217
vn -0.1694 0.9460 0.2764
vn -0.1031 0.9852 0.1371
vn -0.0449 0.9989 -0.0121
vn -0.0530 0.9758 -0.2122
vn -0.9198 0.3784 0.1041
vn -0.9734 0.2291 0.0027
vn -0.9955 0.0598 -0.0736
vn -0.9852 -0.1220 -0.1204
vn -0.9500 0.3051 -0.0672
vn -0.9555 0.1922 -0.2240
vn -0.9506 0.0558 -0.3052
vn -0.9139 0.2330 -0.3323
vn -0.8728 0.1622 -0.4604
vn -0.6866 -0.0954 0.7207
vn -0.6508 -0.1434 0.7456
vn -0.4776 -0.8515 0.2165
vn -0.5209 -0.8315 0.1932
vn -0.6854 -0.7270 0.0403
vn -0.8037 -0.5755 -0.1513
vn -0.9243 -0.3165 -0.2135
vn -0.8298 -0.4333 -0.3517
vn -0.8817 -0.1983 -0.4282
vn -0.9414 -0.0742 -0.3289
vn -0.7961 -0.2968 -0.5273
vn -0.7861 -0.0909 -0.6114
vn -0.7127 -0.1892 -0.6755
vn -0.7560 0.5766 -0.3097
vn -0.7981 0.5605 -0.2209
vn -0.6289 -0.0074 -0.7775
vn -0.6033 -0.0645 -0.7949
vn -0.8565 0.0371 -0.5148
vn -0.7026 0.1103 -0.7030
vn -0.7729 0.2486 -0.5838
vn -0.7665 0.2690 -0.5832
vn -0.5134 0.4040 -0.7571
vn -0.7576 0.2038 -0.6201
vn -0.5783 0.2947 -0.7607
vn -0.5082 0.4274 -0.7477
vn -0.4709 0.1778 -0.8641
vn -0.4392 0.0644 -0.8961
vn -0.5769 0.7097 -0.4044
vn -0.6017 0.6972 -0.3897
vn -0.4215 0.7582 -0.4975
vn -0.4449 0.0344 -0.8949
vn -0.2450 0.2176 -0.9448
vn -0.2262 0.0897 -0.9699
vn -0.1765 0.6168 -0.7670
vn -0.2289 0.3956 -0.8894
vn -0.4037 0.3604 -0.8409
vn -0.0825 0.7926 -0.6042
vn -0.0647 0.9188 -0.3894
vn -0.3035 0.5398 -0.7851
vn -0.2089 0.5997 -0.7725
vn 0.1768 0.8717 -0.4570
vn -0.0591 0.5226 -0.8505
vn 0.2123 0.5895 -0.7794
vn 0.0161 0.4252 -0.9050
vn 0.2110 0.7624 -0.6117
vn -0.1929 0.4083 -0.8922
vn -0.0902 0.6619 -0.7441
vn 0.4608 0.6019 -0.6522
vn 0.4427 0.6532 -0.6143
vn 0.0830 0.7318 -0.6765
vn -0.6102 -0.1794 0.7717
vn -0.6021 0.0539 0.7966
vn -0.4138 -0.3165 0.8536
vn -0.4238 -0.1520 0.8929
vn -0.1812 0.2089 0.9610
vn -0.1355 0.1760 0.9750
vn -0.3441 0.5313 0.7741
vn -0.3804 0.5153 0.7680
vn -0.6727 -0.6014 0.4310
vn -0.5589 -0.7245 0.4035
vn -0.5208 -0.3252 0.7893
vn -0.4836 -0.3685 0.7939
vn -0.3412 -0.9153 0.2141
vn -0.0795 0.2715 0.9591
vn 0.0501 0.3617 0.9310
vn -0.3599 -0.8214 0.4424
vn 0.3350 -0.0276 0.9418
vn -0.0189 -0.6634 0.7480
vn 0.2403 -0.6852 0.6876
vn -0.2253 -0.6975 0.6802
vn 0.0135 -0.1043 0.9945
vn -0.2483 -0.0417 0.9678
vn -0.3457 -0.6703 0.6566
vn -0.8392 -0.0429 0.5421
vn -0.5150 -0.0622 0.8549
vn 0.5166 -0.0365 0.8555
vn 0.3422 -0.6822 0.6461
vn 0.8123 -0.0413 0.5817
vn 0.9631 -0.2083 0.1706
vn 0.6891 -0.6055 0.3982
vn 0.6665 -0.7455 -0.0013
vn 0.9437 -0.3285 -0.0400
vn -0.9586 -0.0768 0.2741
vn -0.6900 -0.6689 0.2765
vn -0.0529 -0.9723 0.2275
vn -0.1376 -0.9744 0.1779
vn -0.2406 -0.9355 0.2587
vn 0.0875 -0.9732 0.2127
vn 0.1955 -0.9707 0.1395
vn 0.5127 0.5122 0.6891
vn 0.3304 0.5268 0.7832
vn 0.0427 0.5143 0.8566
vn -0.1918 0.5054 0.8413
vn 0.7544 0.4285 0.4972
vn 0.9475 0.1985 0.2505
vn -0.4413 0.5406 0.7162
vn -0.7258 0.4765 0.4962
vn -0.8686 0.3644 0.3358
vn -0.3348 0.7326 0.5926
vn -0.5958 0.6334 0.4937
vn -0.7705 0.5009 0.3942
vn -0.1501 0.7234 0.6739
vn 0.0516 0.7486 0.6610
vn 0.2828 0.7127 0.6419
vn 0.4734 0.6601 0.5833
vn 0.6690 0.5829 0.4611
vn -0.9648 0.1470 0.2180
vn -0.8639 0.3264 0.3835
vn -0.9633 -0.2474 0.1041
vn -0.7816 -0.6118 0.1215
vn -0.9804 0.0926 0.1740
vn -0.9957 -0.0566 0.0740
vn -0.7171 -0.6952 -0.0498
vn -0.6207 -0.7832 0.0358
vn -0.0399 0.6341 0.7722
vn 0.2821 0.5202 0.8061
vn 0.6124 0.4635 0.6404
vn -0.6496 0.5198 0.5548
vn -0.9420 0.1352 0.3072
vn -0.7814 0.3407 0.5229
vn 0.8768 0.3815 0.2928
vn 0.8607 0.3236 0.3931
vn 0.9934 0.0471 0.1046
vn 0.9307 0.2769 0.2388
vn 0.2586 -0.9633 -0.0722
vn 0.6503 -0.7508 -0.1155
vn 0.0718 -0.9973 0.0152
vn -0.0264 -0.9988 0.0416
vn -0.1933 -0.9807 0.0296
vn -0.3649 0.5888 0.7212
vn -0.5864 0.5756 0.5700
vn -0.9112 0.3723 0.1762
vn -0.7080 0.6312 0.3169
vn -0.8088 0.0894 0.5812
vn -0.2754 0.2063 0.9389
vn -0.7077 -0.1100 0.6979
vn -0.1540 -0.0694 0.9856
vn -0.7940 0.5979 0.1097
vn -0.7371 0.6677 0.1040
vn -0.7316 0.6701 -0.1250
vn -0.7400 0.6588 -0.1359
vn -0.8761 0.4821 0.0103
vn -0.8193 0.5613 -0.1172
vn -0.7871 0.6125 -0.0721
vn -0.9348 0.3490 -0.0662
vn -0.8352 0.5061 -0.2151
vn -0.9243 0.3338 -0.1849
vn -0.7334 0.3894 0.5572
vn -0.4172 0.4568 0.7857
vn -0.6915 0.1350 0.7097
vn -0.5691 -0.1515 0.8082
vn -0.5602 -0.3342 0.7580
vn -0.0525 -0.3298 0.9426
vn -0.3775 -0.5217 0.7651
vn -0.4362 -0.3990 0.8066
vn -0.8755 0.2554 0.4103
vn -0.7518 0.5422 0.3751
vn -0.7681 0.6084 0.1996
vn -0.7748 0.6322 0.0019
vn -0.9045 -0.2546 -0.3421
vn -0.9495 -0.0676 -0.3066
vn -0.8348 -0.1700 -0.5237
vn -0.9096 0.0058 -0.4154
vn -0.9595 0.1506 -0.2379
vn -0.2651 -0.6079 0.7485
vn 0.0664 -0.5408 0.8385
vn -0.1927 -0.6973 0.6904
vn -0.8709 -0.3426 -0.3524
vn -0.7457 -0.2799 -0.6047
vn -0.8439 -0.4818 -0.2359
vn -0.6602 -0.3797 -0.6481
vn -0.7383 -0.6728 -0.0477
vn -0.5264 -0.5385 -0.6580
vn -0.8920 0.0740 0.4459
vn -0.8041 -0.1779 0.5672
vn -0.6962 -0.4229 0.5801
vn -0.9031 0.2919 0.3149
vn -0.8808 0.4258 0.2072
vn -0.8573 0.5118 0.0554
vn -0.8508 0.5200 -0.0766
vn -0.2793 -0.7148 -0.6411
vn -0.6453 -0.7586 -0.0895
vn -0.1090 -0.8863 -0.4502
vn -0.3405 -0.9102 0.2357
vn 0.1758 -0.9517 -0.2517
vn 0.4724 -0.8797 0.0542
vn -0.1988 -0.9012 0.3852
vn 0.5415 -0.7518 0.3762
vn -0.2536 -0.7963 0.5492
vn -0.1998 -0.8564 0.4761
vn -0.2212 -0.7347 0.6413
vn 0.3424 -0.7012 0.6253
vn 0.0680 -0.3961 0.9157
vn 0.4100 -0.5286 0.7433
vn -0.1845 -0.3222 0.9285
vn -0.2745 -0.5818 0.7656
vn -0.3920 -0.4404 0.8077
vn -0.3284 -0.1800 0.9272
vn -0.5510 -0.1697 0.8171
vn -0.4904 -0.2581 0.8324
vn -0.6056 -0.0932 0.7903
vn -0.4073 -0.0675 0.9108
vn -0.5364 -0.8002 0.2683
vn -0.6361 -0.7471 0.1930
vn -0.5168 0.0359 0.8553
vn -0.9174 -0.2339 0.3219
vn -0.9519 -0.2127 0.2206
vn -0.7545 0.3655 0.5450
vn -0.8840 0.4626 0.0673
vn -0.9765 0.0203 -0.2144
vn -0.9191 -0.0127 -0.3939
vn -0.9120 0.3973 0.1017
vn -0.8922 0.4270 -0.1474
vn -0.9283 0.3654 -0.0688
vn -0.9243 0.2926 -0.2452
vn -0.9257 0.1723 -0.3367
vn -0.8969 0.3378 -0.2854
vn -0.8298 0.4692 -0.3020
vn -0.9060 0.0081 -0.4231
vn -0.8402 0.5007 -0.2084
vn -0.9366 0.3166 0.1500
vn -0.8441 0.4255 0.3261
vn -0.9571 0.2883 -0.0283
vn -0.9523 0.2266 -0.2042
vn -0.9611 0.1129 -0.2521
vn -0.8716 0.3239 0.3681
vn -0.8260 0.2019 0.5262
vn -0.6594 0.1944 0.7262
vn -0.9475 0.2209 0.2314
vn -0.9811 0.1933 -0.0016
vn -0.9411 -0.0355 -0.3362
vn -0.7354 0.0871 0.6721
vn -0.9372 0.1167 0.3288
vn -0.9963 0.0857 0.0029
vn -0.8923 -0.1564 -0.4236
vn -0.9996 -0.0248 -0.0107
vn -0.9303 0.0288 0.3656
vn -0.7706 0.0271 0.6367
vn -0.5330 0.0165 0.8459
vn -0.3887 -0.0575 0.9196
vn -0.2284 -0.1003 0.9684
vn -0.6995 -0.0325 0.7139
vn -0.6079 -0.0683 0.7911
vn -0.9131 -0.0430 0.4054
vn -0.8844 -0.1027 0.4553
vn -0.9929 -0.1187 -0.0071
vn -0.9810 -0.1835 0.0626
vn -0.8264 -0.2433 -0.5078
vn -0.5858 -0.3732 -0.7194
vn -0.6481 0.6878 -0.3270
vn -0.6944 0.6434 -0.3223
vn -0.7804 0.6045 -0.1598
vn -0.6845 -0.7032 0.1924
vn -0.2017 -0.8205 0.5349
vn 0.1670 -0.6494 0.7419
vn -0.6653 -0.7292 0.1599
vn -0.5737 -0.8141 0.0896
vn -0.0794 -0.0682 0.9945
vn -0.5486 -0.0458 0.8348
vn 0.4437 -0.0022 0.8962
vn -0.0776 0.0604 0.9952
vn -0.8656 -0.0910 0.4923
vn -0.5336 0.0448 0.8445
vn -0.1474 -0.4660 -0.8724
vn 0.2843 -0.5388 -0.7930
vn 0.5979 -0.5218 -0.6084
vn -0.9798 -0.1843 0.0774
vn -0.8671 -0.0219 0.4977
vn 0.8317 -0.3942 -0.3910
vn 0.9803 -0.1920 -0.0474
vn 0.9497 -0.1406 0.2798
vn 0.7948 -0.0497 0.6049
vn 0.4167 0.0753 0.9059
vn -0.0818 0.1325 0.9878
vn -0.5189 0.1314 0.8447
vn -0.9855 -0.1550 0.0684
vn -0.8711 0.0351 0.4899
vn -0.8933 -0.2732 -0.3569
vn -0.8889 -0.2953 -0.3501
vn -0.8808 -0.3033 -0.3637
vn -0.9918 -0.1186 0.0484
vn -0.8749 -0.3037 -0.3773
vn -0.5562 -0.3982 -0.7295
vn -0.5038 -0.4577 -0.7326
vn 0.0282 -0.5076 -0.8612
vn 0.5130 -0.4311 -0.7423
vn -0.4749 -0.4823 -0.7361
vn 0.0680 -0.5215 -0.8506
vn 0.8320 -0.2945 -0.4702
vn 0.9834 -0.1404 -0.1150
vn 0.9583 -0.0362 0.2834
vn 0.7783 0.0204 0.6276
vn -0.4127 -0.9027 0.1219
vn -0.4830 -0.8709 0.0910
vn -0.3556 -0.3865 0.8510
vn -0.1841 -0.4069 0.8947
vn -0.2355 -0.2775 0.9314
vn -0.2066 -0.5644 0.7992
vn -0.1615 -0.7229 0.6718
vn -0.1392 -0.8219 0.5524
vn -0.1371 -0.8605 0.4906
vn -0.1795 -0.8872 0.4249
vn -0.2497 -0.9040 0.3470
vn -0.4712 -0.8496 0.2371
vn -0.2275 -0.9294 0.2906
vn -0.2752 -0.9378 0.2115
vn -0.2053 -0.8880 0.4115
vn -0.5703 -0.8033 0.1715
vn -0.5308 -0.8361 0.1386
vn -0.2628 -0.9492 0.1733
vn -0.2528 -0.9587 0.1305
vn -0.5065 -0.8550 0.1118
vn -0.1027 -0.9510 0.2917
vn 0.1440 -0.9445 0.2952
vn -0.7523 0.5610 -0.3453
vn -0.8418 0.5078 -0.1827
vn 0.1458 0.0495 0.9881
vn 0.0293 -0.4574 0.8888
vn 0.0464 -0.4620 0.8857
vn -0.3957 -0.4937 0.7744
vn 0.0566 -0.0894 0.9944
vn -0.3779 -0.0296 0.9254
vn -0.4051 -0.4563 0.7923
vn -0.5319 -0.5406 0.6518
vn -0.4036 -0.1065 0.9087
vn -0.5848 -0.0055 0.8112
vn 0.3050 0.0130 0.9523
vn 0.2588 -0.6008 0.7563
vn 0.7441 -0.0195 0.6678
vn 0.9341 -0.2068 0.2909
vn 0.6703 -0.5853 0.4563
vn 0.6083 -0.7919 0.0537
vn 0.9236 -0.3440 0.1692
vn -0.9199 0.0102 0.3919
vn -0.0806 -0.9204 0.3826
vn -0.2697 -0.9073 0.3226
vn -0.2669 -0.8520 0.4504
vn 0.0006 -0.9348 0.3551
vn 0.1849 -0.9698 0.1588
vn 0.3577 0.4947 0.7920
vn 0.1989 0.4114 0.8895
vn 0.0520 0.3850 0.9214
vn -0.3148 0.3697 0.8742
vn 0.8942 0.2899 0.3410
vn 0.7226 0.4343 0.5378
vn -0.3541 0.3300 0.8750
vn -0.5483 0.3920 0.7387
vn -0.2507 0.6938 0.6751
vn -0.4371 0.7159 0.5444
vn -0.8258 0.4011 0.3964
vn -0.6596 0.6827 0.3144
vn -0.2311 0.7031 0.6725
vn 0.0227 0.7315 0.6815
vn 0.1746 0.7148 0.6772
vn 0.3335 0.7737 0.5387
vn 0.6076 0.7054 0.3649
vn -0.9335 0.3400 0.1141
vn -0.7223 0.6777 0.1381
vn -0.9891 -0.1369 0.0541
vn -0.7380 -0.6497 0.1822
vn -0.8007 0.5980 0.0358
vn -0.9609 0.2769 0.0055
vn -0.6857 -0.7263 -0.0474
vn -0.6561 -0.7542 -0.0262
vn -0.0553 0.8954 0.4418
vn 0.1108 0.9093 0.4010
vn 0.2753 0.9008 0.3358
vn -0.3987 0.8777 0.2659
vn -0.5341 0.8234 0.1918
vn -0.6970 0.6972 0.1678
vn 0.7804 0.5424 0.3110
vn 0.4716 0.8260 0.3088
vn 0.6154 0.7153 0.3312
vn 0.9466 0.2025 0.2510
vn 0.8026 0.5122 0.3056
vn 0.1849 -0.9828 -0.0022
vn 0.4972 -0.8669 0.0355
vn 0.0094 -0.9987 0.0494
vn -0.0592 -0.9951 0.0789
vn -0.2003 -0.9774 0.0670
vn -0.2030 0.8791 0.4312
vn -0.8763 0.0856 -0.4741
vn -0.8047 0.0789 -0.5885
vn -0.4961 0.3015 -0.8142
vn -0.4044 0.2840 -0.8694
vn -0.3866 0.7805 -0.4912
vn -0.1934 0.8131 -0.5491
vn -0.1809 0.8723 -0.4543
vn -0.3861 0.8113 -0.4390
vn -0.5655 0.7145 -0.4120
vn -0.5724 0.7055 -0.4178
vn -0.7164 0.5970 -0.3610
vn -0.7278 0.6036 -0.3256
vn -0.7192 0.6447 -0.2590
vn -0.5736 0.7632 -0.2977
vn -0.4129 0.8508 -0.3250
vn -0.2162 0.9158 -0.3385
vn -0.2151 0.9285 -0.3026
vn -0.4051 0.8716 -0.2759
vn -0.5644 0.7921 -0.2322
vn -0.7045 0.6876 -0.1757
vn -0.2032 0.9196 -0.3361
vn -0.3841 0.8731 -0.3001
vn -0.5394 0.8068 -0.2413
vn -0.6760 0.7195 -0.1592
vn -0.1904 0.8986 -0.3953
vn -0.3646 0.8602 -0.3564
vn -0.5028 0.8078 -0.3076
vn -0.6323 0.7374 -0.2374
vn -0.4375 0.7984 -0.4137
vn -0.5494 0.7485 -0.3715
vn -0.2311 0.9727 0.0222
vn -0.2531 0.3151 0.9147
vn -0.6119 0.7735 -0.1651
vn -0.5572 0.3239 0.7646
vn -0.8227 0.2130 0.5270
vn -0.9583 -0.0694 0.2773
vn -0.8274 0.4689 -0.3089
vn -0.8926 -0.4475 0.0545
vn -0.8917 0.0514 -0.4496
vn -0.7844 -0.2622 -0.5620
vn -0.7006 -0.7050 -0.1104
vn -0.6221 -0.4972 -0.6048
vn -0.4197 -0.8852 -0.2006
vn -0.3427 -0.6854 -0.6424
vn -0.9489 -0.1654 0.2686
vn -0.8529 0.0216 0.5217
vn -0.8765 -0.4812 0.0173
vn -0.6876 -0.7149 -0.1271
vn -0.4154 -0.8873 -0.2002
vn -0.5938 0.0232 0.8043
vn -0.3050 -0.0724 0.9496
vn -0.2034 -0.4374 0.8760
vn -0.4758 -0.2793 0.8341
vn -0.7581 -0.0839 0.6467
vn -0.9182 -0.0709 0.3898
vn -0.9656 -0.2386 0.1031
vn -0.6728 -0.6685 -0.3169
vn -0.3924 -0.8200 -0.4167
vn -0.3286 -0.7052 -0.6283
vn -0.8486 -0.4148 -0.3285
vn -0.8628 -0.4820 -0.1524
vn -0.9673 -0.2412 -0.0781
vn -0.9440 -0.1910 -0.2692
vn -0.6230 -0.4369 -0.6488
vn -0.6424 -0.5786 -0.5025
vn -0.3193 -0.5358 -0.7817
vn -0.9735 -0.0862 0.2118
vn -0.9980 -0.0506 0.0377
vn -0.9132 -0.0549 0.4038
vn -0.2961 -0.6424 0.7069
vn -0.6549 -0.3282 0.6807
vn -0.9955 0.0389 0.0864
vn -0.2904 -0.3234 -0.9006
vn -0.2873 -0.0359 -0.9572
vn -0.2391 0.2221 -0.9453
vn -0.1876 0.4083 -0.8933
vn -0.5868 -0.2762 -0.7611
vn -0.8216 -0.3273 -0.4668
vn -0.8000 -0.2194 -0.5585
vn -0.5592 -0.0523 -0.8274
vn -0.7989 -0.0756 -0.5966
vn -0.5149 0.1625 -0.8417
vn -0.7851 0.1223 -0.6072
vn -0.4641 0.3728 -0.8035
vn -0.9542 -0.0583 -0.2933
vn -0.9575 0.0968 -0.2718
vn -0.7607 0.3291 -0.5595
vn -0.9386 0.2546 -0.2330
vn -0.9885 0.1326 0.0729
vn -0.9309 -0.0598 0.3604
vn -0.1755 0.5799 -0.7955
vn -0.4408 0.5639 -0.6984
vn -0.7244 0.5081 -0.4659
vn -0.8959 0.3998 -0.1939
vn -0.9649 0.2579 0.0504
vn -0.9591 0.0733 0.2734
vn -0.8137 -0.2421 0.5284
vn -0.1987 0.7486 -0.6326
vn -0.4707 0.7207 -0.5089
vn -0.6917 0.6417 -0.3314
vn -0.2276 0.8774 -0.4224
vn -0.4840 0.8215 -0.3016
vn -0.7343 0.6610 -0.1545
vn -0.8368 0.5263 -0.1510
vn -0.9149 0.4016 0.0398
vn -0.8311 0.5533 0.0570
vn -0.9314 0.2576 0.2570
vn -0.8643 0.4202 0.2763
vn -0.0000 0.8814 -0.4723
vn -0.2761 0.9491 -0.1517
vn -0.2916 0.9528 0.0842
vn -0.5013 0.8606 0.0898
vn -0.4857 0.8677 -0.1054
vn -0.5237 0.7932 0.3109
vn -0.6408 0.7570 -0.1274
vn -0.6877 0.7207 0.0876
vn -0.7272 0.6228 0.2887
vn -0.2896 0.8959 0.3370
vn -0.3015 0.7588 0.5774
vn -0.7243 0.4872 0.4878
vn -0.5573 0.6431 0.5251
vn -0.8498 0.2640 0.4562
vn -0.8808 0.0335 0.4723
vn -0.4437 -0.1729 0.8793
vn -0.4255 0.3017 0.8532
vn -0.4770 -0.6448 0.5972
vn -0.6793 -0.0605 0.7314
vn -0.3599 0.5360 0.7637
vn -0.6271 0.3945 0.6716
vn -0.7938 0.0369 0.6071
vn -0.7627 -0.2328 0.6034
vn -0.6210 -0.5291 0.5783
vn -0.5764 -0.5279 0.6237
vn -0.3637 -0.7856 0.5006
vn -0.3047 -0.9071 0.2905
vn -0.9488 -0.1737 0.2638
vn -0.9775 0.0979 0.1867
vn -0.9428 0.3330 0.0149
vn -0.8840 0.1827 -0.4303
vn -0.9791 0.0270 -0.2015
vn -0.9334 0.3079 -0.1845
vn -0.8157 0.4446 -0.3701
vn -0.7295 0.2782 -0.6248
vn -0.6674 0.5233 -0.5298
vn -0.7282 -0.0199 -0.6851
vn -0.1612 0.8652 -0.4749
vn -0.3030 0.8395 -0.4510
vn -0.2448 0.7794 -0.5767
vn -0.1193 0.7978 -0.5910
vn -0.3777 0.7457 -0.5490
vn -0.5349 0.6774 -0.5050
vn -0.1375 0.6211 -0.7716
vn -0.2858 0.5385 -0.7927
vn -0.4535 0.1539 -0.8779
vn -0.4448 -0.0650 -0.8933
vn -0.3849 -0.2982 -0.8735
vn -0.2764 -0.4837 -0.8304
vn -0.0372 0.6808 -0.7315
vn -0.1808 0.7038 -0.6870
vn -0.3349 0.6505 -0.6817
vn -0.4842 0.5382 -0.6899
vn -0.5600 0.2992 -0.7726
vn -0.3989 0.3843 -0.8326
vn -0.5515 0.0077 -0.8342
vn -0.3803 -0.2941 -0.8768
vn -0.2919 -0.6208 -0.7276
vn -0.5515 -0.1731 -0.8160
vn -0.8794 -0.0819 -0.4690
vn -0.2989 -0.6041 -0.7387
vn -0.8900 -0.3688 0.2680
vn -0.5649 -0.6384 0.5228
vn -0.0878 -0.7619 -0.6417
vn -0.2923 -0.8294 -0.4761
vn -0.1931 -0.6570 -0.7288
vn -0.1705 -0.8372 -0.5197
vn -0.1676 -0.9276 -0.3338
vn -0.3257 -0.9105 -0.2549
vn 0.1126 -0.8196 -0.5618
vn 0.0937 -0.9756 -0.1987
vn -0.1954 -0.9769 -0.0866
vn -0.4058 -0.9136 -0.0280
vn -0.2363 -0.9690 0.0719
vn 0.3579 -0.6775 0.6425
vn 0.6187 -0.6509 0.4400
vn 0.9429 -0.2903 0.1635
vn 0.9075 -0.2557 0.3331
vn 0.9343 -0.3528 0.0513
vn 0.2227 -0.9596 0.1720
vn 0.2064 -0.9752 0.0802
vn 0.8689 -0.4665 -0.1654
vn -0.2895 -0.4999 -0.8163
vn -0.5679 -0.2509 -0.7840
vn -0.6210 -0.2937 -0.7267
vn -0.9572 -0.1832 -0.2241
vn -0.8420 -0.2317 -0.4871
vn -0.4964 -0.3806 -0.7802
vn -0.7008 -0.2048 -0.6834
vn 0.2493 -0.3395 -0.9070
vn -0.1461 -0.2583 -0.9549
vn 0.0529 -0.7255 0.6862
vn -0.1927 -0.1044 0.9757
vn 0.3495 -0.1641 0.9224
vn -0.7486 0.0238 0.6625
vn -0.2117 -0.7371 0.6418
vn 0.7914 0.0046 0.6112
vn 0.6394 -0.3672 -0.6755
vn 0.6212 -0.5023 -0.6015
vn 0.9447 -0.3048 0.1212
vn 0.9040 0.2966 0.3080
vn 0.9694 -0.1417 0.2007
vn -0.1930 0.8840 0.4258
vn 0.1146 0.8556 0.5048
vn -0.7597 -0.5827 0.2887
vn -0.9432 -0.1185 0.3102
vn -0.9975 0.0687 -0.0140
vn -0.9873 -0.1591 -0.0023
vn -0.8581 -0.5130 0.0233
vn -0.9662 -0.2539 0.0446
vn -0.9493 -0.3141 0.0109
vn -0.8391 -0.2572 -0.4793
vn -0.9309 -0.3050 -0.2009
vn -0.8977 -0.3959 -0.1934
vn -0.9519 -0.2757 -0.1334
vn -0.8456 -0.2299 -0.4817
vn -0.9532 -0.1875 -0.2371
vn -0.9945 0.0506 -0.0922
vn 0.2367 -0.3987 -0.8860
vn -0.1652 -0.7568 -0.6325
vn -0.1634 -0.3522 -0.9215
vn -0.4972 -0.5968 -0.6298
vn -0.5636 -0.3160 -0.7632
vn -0.7885 -0.3072 -0.5328
vn -0.8350 -0.4389 -0.3320
vn -0.7198 -0.4902 -0.4915
vn 0.9068 -0.4216 0.0077
vn 0.8604 -0.4579 -0.2239
vn 0.5591 -0.7982 -0.2242
vn -0.4847 -0.8711 0.0792
vn -0.9258 -0.3274 -0.1892
vn -0.9417 0.3330 0.0480
vn -0.4250 0.5118 -0.7466
vn 0.9796 -0.1006 0.1740
vn 0.7315 -0.6794 0.0578
vn 0.7460 -0.6634 0.0585
vn 0.6591 -0.7520 -0.0035
vn 0.6906 -0.7228 0.0237
vn 0.3367 -0.9416 0.0006
vn 0.3632 -0.9314 -0.0236
vn 0.3246 -0.9453 -0.0319
vn 0.3045 -0.9522 -0.0253
vn 0.2852 -0.9495 -0.1308
vn 0.0770 -0.9645 -0.2526
vn 0.2424 -0.8065 -0.5392
vn 0.0558 -0.9947 -0.0862
vn 0.1430 -0.9864 -0.0804
vn 0.1298 -0.9906 0.0437
vn 0.4415 0.7052 0.5548
vn 0.5984 0.6415 0.4801
vn -0.1528 -0.9402 -0.3046
vn -0.3851 -0.8097 -0.4428
vn -0.9682 -0.2305 -0.0970
vn -0.9699 -0.2436 -0.0052
vn -0.6253 -0.7727 -0.1094
vn -0.6157 -0.7653 -0.1877
vn -0.6223 -0.7360 -0.2666
vn -0.5631 -0.7361 -0.3755
vn -0.2861 -0.9582 -0.0019
vn -0.2814 -0.9533 -0.1095
vn -0.0605 -0.9923 -0.1080
vn -0.0946 -0.9938 0.0591
vn -0.0491 -0.9919 -0.1174
vn 0.0951 -0.9913 -0.0907
vn -0.2688 -0.9534 -0.1374
vn -0.0794 -0.9856 -0.1495
vn -0.2919 -0.9334 -0.2085
vn -0.0828 0.2989 0.9507
vn -0.5296 0.3060 0.7912
vn -0.8693 0.1133 0.4812
vn -0.9950 -0.0878 0.0478
vn -0.8755 -0.3096 -0.3711
vn -0.4602 -0.4956 -0.7366
vn 0.0381 -0.5180 -0.8546
vn 0.5089 -0.4234 -0.7495
vn 0.8020 -0.3109 -0.5100
vn 0.9733 -0.1292 -0.1898
vn 0.9568 0.0980 0.2738
vn 0.7336 0.1851 0.6539
vn 0.3486 0.2314 0.9083
vn -0.9988 -0.0406 0.0265
vn -0.8609 -0.3217 -0.3942
vn -0.4838 -0.5037 -0.7157
vn 0.0198 -0.5449 -0.8383
vn 0.4588 -0.4890 -0.7419
vn 0.7749 -0.3539 -0.5237
vn 0.9662 -0.1685 -0.1949
vn 0.9898 0.0992 0.1026
vn 0.8642 -0.4136 -0.2866
vn 0.6738 -0.6858 -0.2751
vn 0.7099 -0.4732 -0.5217
vn -0.0105 -0.6834 -0.7299
vn 0.4000 -0.6216 -0.6735
vn 0.5516 -0.7249 -0.4125
vn -0.5288 -0.5755 -0.6239
vn -0.9869 -0.1342 -0.0898
vn -0.8518 -0.3709 -0.3699
vn -0.9471 -0.3209 0.0018
vn -0.8879 -0.3936 -0.2380
vn -0.6573 -0.6855 -0.3131
vn 0.0062 -0.9124 -0.4093
vn 0.3031 -0.8491 -0.4326
vn -0.3419 -0.8353 -0.4305
vn -0.2815 -0.9569 -0.0706
vn -0.0265 -0.9966 -0.0782
vn 0.1815 -0.9755 -0.1242
vn 0.4173 -0.8870 -0.1978
vn -0.6013 0.7092 -0.3680
vn 0.0651 -0.5306 -0.8451
vn 0.0000 -0.0084 -1.0000
vn -0.0000 -0.4979 -0.8672
vn 0.1647 0.9297 -0.3294
vn -0.0000 0.2409 -0.9706
vn -0.0000 0.9380 -0.3466
vn 0.3175 0.9071 -0.2764
vn 0.1712 0.2231 -0.9597
vn 0.4917 0.1337 -0.8605
vn 0.5738 0.8052 -0.1494
vn 0.6397 0.0458 -0.7673
vn 0.2732 0.8064 -0.5245
vn 0.4545 0.8656 -0.2100
vn 0.3239 0.1905 -0.9267
vn 0.9306 -0.3647 -0.0327
vn 0.7518 0.3001 0.5872
vn 0.8688 -0.4798 0.1223
vn 0.7851 0.3919 0.4796
vn 0.9338 -0.2925 -0.2063
vn 0.8102 0.4700 0.3503
vn 0.8344 -0.1045 -0.5412
vn 0.7959 0.5771 0.1831
vn 0.9007 -0.1946 -0.3884
vn 0.0933 -0.9885 -0.1187
vn 0.0000 -0.9729 0.2314
vn 0.0819 -0.9605 0.2659
vn 0.1855 -0.9607 0.2066
vn 0.3471 -0.8831 -0.3156
vn 0.6361 -0.7471 0.1930
vn 0.4012 -0.8398 -0.3657
vn 0.5580 0.0725 0.8267
vn 0.6866 -0.0954 0.7207
vn 0.6508 -0.1434 0.7456
vn 0.7587 -0.5944 0.2664
vn 0.6735 0.1723 0.7189
vn 0.7970 -0.0100 0.6039
vn 0.6290 -0.6764 0.3832
vn 0.3608 -0.7385 0.5696
vn 0.2247 -0.9421 -0.2490
vn 0.4972 -0.7243 0.4777
vn 0.2834 -0.9170 -0.2807
vn 0.4368 0.0189 0.8994
vn 0.3290 -0.0159 0.9442
vn 0.5431 -0.1356 0.8287
vn 0.1940 -0.0286 0.9806
vn 0.0000 -0.7404 0.6721
vn 0.1944 -0.7481 0.6345
vn -0.0167 0.8624 0.5060
vn -0.0000 0.8800 0.4749
vn 0.0000 -0.0414 0.9991
vn -0.2198 0.8921 -0.3947
vn -0.0000 0.8959 -0.4443
vn 0.1728 -0.9674 -0.1849
vn 0.8908 0.4510 -0.0556
vn 0.6790 0.7308 -0.0705
vn 0.7525 -0.0360 -0.6577
vn 0.6665 0.6781 -0.3097
vn 0.8657 0.4700 -0.1722
vn 0.7479 0.6623 0.0451
vn 0.4044 0.2840 -0.8694
vn 0.3489 0.3278 -0.8780
vn -0.0998 -0.5452 -0.8323
vn -0.2557 0.0301 -0.9663
vn -0.3489 0.3278 -0.8780
vn -0.0651 -0.5306 -0.8451
vn -0.0844 0.0122 -0.9964
vn -0.1555 0.3437 -0.9261
vn -0.1647 0.9297 -0.3294
vn -0.1712 0.2231 -0.9597
vn -0.3175 0.9071 -0.2764
vn -0.4768 0.7764 -0.4122
vn -0.4545 0.8656 -0.2100
vn -0.5738 0.8052 -0.1494
vn -0.4917 0.1337 -0.8605
vn -0.6397 0.0458 -0.7673
vn -0.3239 0.1905 -0.9267
vn -0.2153 0.3106 -0.9258
vn -0.2716 0.3270 -0.9052
vn -0.9133 0.1206 0.3890
vn -0.9435 0.1702 0.2844
vn -0.7851 0.3919 0.4796
vn -0.7518 0.3001 0.5872
vn -0.9306 -0.3647 -0.0327
vn -0.8688 -0.4798 0.1223
vn -0.8102 0.4700 0.3503
vn -0.9404 0.2647 0.2135
vn -0.9900 -0.1282 -0.0580
vn -0.9863 -0.0774 0.1458
vn -0.9338 -0.2925 -0.2063
vn -0.9842 -0.0505 -0.1695
vn -0.9910 -0.0558 -0.1220
vn -0.9007 -0.1946 -0.3884
vn -0.7959 0.5771 0.1831
vn -0.8344 -0.1045 -0.5412
vn -0.7440 0.1882 -0.6411
vn -0.7525 -0.0360 -0.6577
vn -0.2247 -0.9421 -0.2490
vn -0.5287 -0.8462 0.0668
vn -0.5235 -0.8473 0.0898
vn 0.3292 0.8443 0.4229
vn 0.2198 0.8921 -0.3947
vn 0.4564 0.7621 0.4592
vn 0.4941 -0.7228 -0.4831
vn 0.7826 -0.5333 -0.3213
vn -0.3471 -0.8831 -0.3156
vn -0.5605 -0.7849 0.2641
vn -0.5616 -0.8258 0.0516
vn -0.7587 -0.5944 0.2664
vn -0.5580 0.0725 0.8267
vn -0.6735 0.1723 0.7189
vn -0.6290 -0.6764 0.3832
vn -0.4012 -0.8398 -0.3657
vn -0.3608 -0.7385 0.5696
vn -0.4972 -0.7243 0.4777
vn -0.2834 -0.9170 -0.2807
vn -0.4368 0.0189 0.8994
vn -0.3290 -0.0159 0.9442
vn -0.1940 -0.0286 0.9806
vn -0.1944 -0.7481 0.6345
vn 0.0167 0.8624 0.5060
vn 0.0118 0.8257 0.5640
vn -0.0933 -0.9885 -0.1187
vn -0.1728 -0.9674 -0.1849
vn -0.6790 0.7308 -0.0705
vn -0.7479 0.6623 0.0451
vn -0.5921 0.2148 -0.7767
vn -0.0000 0.4031 0.9152
vn 0.4138 -0.3165 0.8536
vn -0.0000 -0.0000 1.0000
vn 0.1543 -0.3724 0.9151
vn 0.2850 -0.2850 0.9152
vn 0.3724 -0.1543 0.9152
vn 0.4031 -0.0000 0.9152
vn 0.3724 0.1543 0.9152
vn 0.2850 0.2850 0.9152
vn 0.1543 0.3724 0.9152
vn -0.1543 -0.3724 0.9151
vn -0.2850 -0.2850 0.9152
vn -0.3724 -0.1543 0.9152
vn -0.4031 -0.0000 0.9152
vn -0.3724 0.1543 0.9152
vn -0.2850 0.2850 0.9152
vn -0.1543 0.3724 0.9152
vn -0.3886 0.2887 0.8750
vn -0.2118 0.3385 0.9168
vn -0.2353 0.2203 0.9466
vn -0.0373 0.0735 0.9966
vn -0.0943 -0.0191 0.9954
vn -0.1006 0.0022 0.9949
vn -0.0703 0.0978 0.9927
vn -0.1839 -0.0398 0.9821
vn -0.1688 -0.0716 0.9830
vn -0.3870 -0.1187 0.9144
vn -0.2628 -0.1286 0.9562
vn 0.0943 -0.0192 0.9954
vn 0.3441 0.5313 0.7741
vn -0.4933 0.4283 0.7571
vn -0.6266 -0.0772 0.7755
vn -0.5732 0.3476 0.7421
vn -0.5303 0.3869 0.7544
vn 0.9842 -0.0505 -0.1695
vn 0.3679 -0.3754 0.8507
vn 0.8682 0.0312 0.4952
vn -0.2732 0.8064 -0.5245
vn 0.1812 0.2089 0.9610
vn 0.1355 0.1760 0.9750
vn 0.9133 0.1206 0.3890
vn 0.2353 0.2203 0.9466
vn 0.0998 -0.5452 -0.8323
vn 0.2118 0.3384 0.9169
vn 0.1688 -0.0716 0.9830
vn -0.6665 0.6781 -0.3097
vn 0.5616 -0.8258 0.0516
vn -0.8657 0.4700 -0.1722
vn 0.9435 0.1702 0.2844
vn -0.1493 0.7776 -0.6107
vn -0.3679 -0.3754 0.8507
vn -0.8908 0.4510 -0.0556
vn -0.8682 0.0312 0.4952
vn 0.7440 0.1882 -0.6411
vn -0.0819 -0.9605 0.2659
vn -0.4941 -0.7228 -0.4831
vn -0.8932 -0.1455 0.4254
vn -0.3342 0.8007 0.4972
vn 0.4961 0.3015 -0.8142
vn 0.3342 0.8007 0.4972
vn 0.8932 -0.1455 0.4254
vn 0.9174 -0.2339 0.3219
vn -0.6742 0.2121 -0.7074
vn -0.4087 -0.3608 0.8383
vn 0.6021 0.0539 0.7966
vn -0.4564 0.7621 0.4592
vn -0.7826 -0.5333 -0.3213
vn -0.7970 -0.0100 0.6039
vn 0.4933 0.4283 0.7571
vn 0.5303 0.3869 0.7544
vn -0.3292 0.8443 0.4229
vn 0.2021 -0.5069 0.8380
vn -0.5099 0.0361 0.8595
vn -0.1854 -0.9608 0.2062
vn 0.5732 0.3476 0.7421
vn 0.9765 0.0203 -0.2144
vn 0.3804 0.5153 0.7680
vn 0.3885 0.2887 0.8751
vn 0.2628 -0.1286 0.9562
vn 0.7865 -0.6033 0.1325
vn -0.3035 -0.9254 0.2270
vn -0.4364 -0.2470 0.8652
vn -0.5431 -0.1356 0.8287
vn -0.0235 -0.0147 0.9996
vn 0.0373 0.0735 0.9966
vn -0.9395 0.3425 0.0103
vn -0.9456 0.3174 0.0715
vn 0.3870 -0.1187 0.9144
vn 0.5099 0.0360 0.8595
vn 0.4239 -0.1517 0.8929
vn 0.0844 0.0122 -0.9964
vn -0.0118 0.8257 0.5640
vn -0.7865 -0.6033 0.1325
vn 0.6266 -0.0772 0.7755
vn 0.3035 -0.9254 0.2270
vn 0.4768 0.7764 -0.4122
vn 0.4449 0.0344 -0.8949
vn -0.0501 0.3617 0.9310
vn 0.9404 0.2647 0.2135
vn 0.4836 -0.3685 0.7939
vn -0.3917 0.7534 -0.5281
vn -0.6756 0.2010 0.7094
vn -0.4926 0.4799 0.7260
vn 0.0000 -0.9978 -0.0665
vn -0.0000 0.9381 0.3465
vn 0.0703 0.0973 0.9928
vn 0.1005 0.0023 0.9949
vn -0.3482 -0.3865 0.8540
vn 0.6758 0.2011 0.7092
vn 0.6102 -0.1794 0.7717
vn 0.1839 -0.0398 0.9821
vn 0.4926 0.4799 0.7260
s 1
f 1/1/1 2/2/2 3/3/3
f 3/3/3 4/4/4 5/5/5
f 4/4/4 6/6/6 5/5/5
f 7/7/7 8/8/8 6/6/6
f 9/9/9 10/10/10 11/11/11
f 12/12/12 10/10/10 13/13/13
f 14/14/14 13/13/13 15/15/15
f 16/16/16 14/14/14 15/15/15
f 17/17/17 16/16/16 18/18/18
f 17/17/17 1/1/1 19/19/19
f 20/20/20 21/21/21 8/8/8
f 22/22/22 3/3/3 5/5/5
f 23/23/23 5/5/5 6/6/6
f 24/24/24 6/6/6 8/8/8
f 24/24/24 21/21/21 25/25/25
f 21/21/21 26/26/26 25/25/25
f 26/26/26 11/11/11 27/27/27
f 27/27/27 12/12/12 28/28/28
f 12/12/12 29/29/29 28/28/28
f 30/30/30 14/14/14 31/31/31
f 31/31/31 32/32/32 30/30/30
f 32/32/32 19/19/19 33/33/33
f 1/1/1 34/34/34 35/35/35
f 35/35/35 19/19/19 1/1/1
f 33/33/33 36/36/36 37/37/37
f 38/38/38 32/32/32 33/33/33
f 32/32/32 39/39/39 30/30/30
f 35/35/35 40/40/40 36/36/36
f 41/41/41 36/36/36 40/40/40
f 42/42/42 36/36/36 43/43/43
f 44/44/44 37/37/37 42/42/42
f 37/37/37 38/38/38 33/33/33
f 45/45/45 46/46/46 44/44/44
f 47/47/47 38/38/38 46/46/46
f 38/38/38 48/48/48 49/49/49
f 50/50/50 39/39/39 51/51/51
f 45/45/45 52/52/52 47/47/47
f 52/52/52 48/48/48 47/47/47
f 53/53/53 49/49/49 48/48/48
f 54/54/54 52/52/52 55/55/55
f 56/56/56 53/53/53 52/52/52
f 49/49/49 57/57/57 50/50/50
f 58/58/58 54/54/54 59/59/59
f 60/60/60 56/56/56 58/58/58
f 50/50/50 60/60/60 61/61/61
f 61/61/61 39/39/39 50/50/50
f 62/62/62 39/39/39 63/63/63
f 64/64/64 58/58/58 59/59/59
f 65/65/65 60/60/60 58/58/58
f 61/61/61 66/66/66 67/67/67
f 29/29/29 62/62/62 68/68/68
f 68/68/68 28/28/28 29/29/29
f 69/69/69 27/27/27 28/28/28
f 63/63/63 67/67/67 70/70/70
f 70/70/70 62/62/62 63/63/63
f 68/68/68 71/71/71 72/72/72
f 73/73/73 74/74/74 65/65/65
f 66/66/66 74/74/74 75/75/75
f 75/75/75 67/67/67 66/66/66
f 76/76/76 77/77/77 74/74/74
f 75/75/75 77/77/77 78/78/78
f 78/78/78 79/79/79 75/75/75
f 70/70/70 79/79/79 80/80/80
f 81/81/81 80/80/80 79/79/79
f 71/71/71 80/80/80 82/82/82
f 82/82/82 72/72/72 71/71/71
f 83/83/83 82/82/82 80/80/80
f 84/84/84 85/85/85 86/86/86
f 77/77/77 87/87/87 88/88/88
f 78/78/78 88/88/88 89/89/89
f 81/81/81 89/89/89 83/83/83
f 69/69/69 72/72/72 90/90/90
f 91/91/91 72/72/72 84/84/84
f 86/86/86 91/91/91 84/84/84
f 34/34/34 92/92/92 40/40/40
f 93/93/93 40/40/40 92/92/92
f 94/94/94 95/95/95 96/96/96
f 97/97/97 95/95/95 98/98/98
f 99/99/99 100/100/100 97/97/97
f 101/101/101 99/99/99 102/102/102
f 103/103/103 99/99/99 104/104/104
f 105/105/105 106/106/106 107/107/107
f 106/106/106 108/108/108 109/109/109
f 110/110/110 99/99/99 97/97/97
f 97/97/97 98/98/98 110/110/110
f 110/110/110 111/111/111 108/108/108
f 111/111/111 98/98/98 94/94/94
f 108/108/108 111/111/111 109/109/109
f 88/88/88 112/112/112 113/113/113
f 113/113/113 89/89/89 88/88/88
f 114/114/114 83/83/83 89/89/89
f 115/115/115 113/113/113 112/112/112
f 114/114/114 116/116/116 117/117/117
f 117/117/117 85/85/85 114/114/114
f 118/118/118 86/86/86 117/117/117
f 117/117/117 119/119/119 118/118/118
f 120/120/120 116/116/116 115/115/115
f 121/121/121 69/69/69 90/90/90
f 91/91/91 121/121/121 90/90/90
f 122/122/122 123/123/123 91/91/91
f 118/118/118 124/124/124 125/125/125
f 126/126/126 119/119/119 120/120/120
f 127/127/127 92/92/92 128/128/128
f 22/22/22 128/128/128 92/92/92
f 129/129/129 22/22/22 23/23/23
f 130/130/130 23/23/23 24/24/24
f 131/131/131 26/26/26 132/132/132
f 27/27/27 132/132/132 26/26/26
f 133/133/133 121/121/121 134/134/134
f 121/121/121 135/135/135 134/134/134
f 136/136/136 123/123/123 137/137/137
f 138/138/138 137/137/137 122/122/122
f 139/139/139 133/133/133 132/132/132
f 133/133/133 140/140/140 132/132/132
f 133/133/133 141/141/141 142/142/142
f 134/134/134 143/143/143 141/141/141
f 135/135/135 144/144/144 143/143/143
f 131/131/131 140/140/140 145/145/145
f 146/146/146 24/24/24 25/25/25
f 147/147/147 146/146/146 25/25/25
f 148/148/148 131/131/131 145/145/145
f 147/147/147 149/149/149 146/146/146
f 146/146/146 150/150/150 130/130/130
f 151/151/151 130/130/130 150/150/150
f 129/129/129 152/152/152 128/128/128
f 152/152/152 127/127/127 128/128/128
f 152/152/152 153/153/153 154/154/154
f 155/155/155 151/151/151 156/156/156
f 156/156/156 150/150/150 157/157/157
f 149/149/149 157/157/157 150/150/150
f 148/148/148 158/158/158 149/149/149
f 159/159/159 145/145/145 160/160/160
f 160/160/160 140/140/140 161/161/161
f 161/161/161 142/142/142 162/162/162
f 162/162/162 141/141/141 163/163/163
f 163/163/163 143/143/143 164/164/164
f 164/164/164 144/144/144 165/165/165
f 166/166/166 136/136/136 167/167/167
f 144/144/144 168/168/168 165/165/165
f 169/169/169 170/170/170 171/171/171
f 172/172/172 173/173/173 174/174/174
f 94/175/94 175/176/175 176/177/176
f 177/178/177 94/175/94 176/177/176
f 109/179/109 177/178/177 178/180/178
f 179/181/179 109/179/109 178/180/178
f 106/106/106 180/182/180 107/107/107
f 181/183/181 182/184/182 106/106/106
f 183/185/183 104/104/104 184/186/184
f 185/187/185 102/102/102 186/188/186
f 187/189/187 96/96/96 95/95/95
f 188/190/188 95/95/95 100/100/100
f 101/101/101 188/190/188 100/100/100
f 180/191/180 189/192/189 190/193/190
f 183/194/183 184/195/184 191/196/191
f 192/197/192 158/158/158 193/198/193
f 193/198/193 177/178/177 192/197/192
f 159/159/159 193/198/193 158/158/158
f 194/199/194 178/180/178 193/198/193
f 157/157/157 195/200/195 156/156/156
f 192/197/192 176/177/176 195/200/195
f 196/201/196 156/156/156 195/200/195
f 195/200/195 175/176/175 196/201/196
f 155/155/155 197/202/197 153/153/153
f 198/203/198 196/201/196 175/176/175
f 197/202/197 198/203/198 199/204/199
f 200/205/200 175/176/175 96/206/96
f 198/203/198 201/207/201 199/204/199
f 202/208/202 200/205/200 203/209/203
f 204/210/204 200/205/200 96/206/96
f 160/160/160 194/199/194 159/159/159
f 205/211/205 161/161/161 206/212/206
f 206/212/206 162/162/162 207/213/207
f 163/163/163 207/213/207 162/162/162
f 164/164/164 208/214/208 163/163/163
f 205/211/205 179/181/179 194/199/194
f 206/212/206 209/215/209 205/211/205
f 207/213/207 210/216/210 206/212/206
f 211/217/211 212/218/212 209/215/209
f 211/217/211 210/216/210 213/219/213
f 214/220/214 215/221/215 216/222/216
f 217/223/217 218/224/218 219/225/219
f 217/223/217 165/165/165 168/168/168
f 220/226/220 221/227/221 165/165/165
f 222/228/222 214/220/214 223/229/223
f 221/227/221 208/214/208 164/164/164
f 221/227/221 224/230/224 208/214/208
f 223/229/223 225/231/225 222/228/222
f 226/232/226 227/233/227 228/234/228
f 226/232/226 229/235/229 225/231/225
f 230/236/230 231/237/231 232/238/232
f 207/213/207 224/230/224 233/239/233
f 234/240/234 222/228/222 225/231/225
f 234/240/234 233/239/233 224/230/224
f 213/219/213 233/239/233 234/240/234
f 225/231/225 235/241/235 234/240/234
f 189/192/189 236/242/236 237/243/237
f 182/244/182 181/245/181 236/242/236
f 238/246/238 181/247/181 211/217/211
f 238/246/238 237/248/237 236/249/236
f 239/250/239 211/217/211 213/219/213
f 240/251/240 238/246/238 239/250/239
f 213/219/213 235/241/235 239/250/239
f 235/241/235 240/251/240 239/250/239
f 229/235/229 241/252/241 235/241/235
f 242/253/242 243/254/243 229/235/229
f 242/253/242 244/255/244 245/256/245
f 243/254/243 246/257/246 247/258/247
f 248/259/248 243/254/243 249/260/249
f 249/260/249 250/261/250 248/259/248
f 248/259/248 251/262/251 252/263/252
f 253/264/253 251/262/251 254/265/254
f 252/263/252 241/252/241 248/259/248
f 255/266/255 254/265/254 256/267/256
f 203/209/203 257/268/257 202/208/202
f 256/267/256 258/269/258 255/266/255
f 253/264/253 259/270/259 252/263/252
f 260/271/260 240/251/240 259/270/259
f 261/272/261 237/248/237 262/273/262
f 260/271/260 255/266/255 261/272/261
f 263/274/263 203/209/203 204/210/204
f 264/275/264 237/243/237 261/276/261
f 190/193/190 265/277/265 266/278/266
f 185/187/185 267/279/267 268/280/268
f 264/275/264 269/281/269 270/282/270
f 271/283/271 204/284/204 187/189/187
f 263/285/263 271/283/271 272/286/272
f 272/286/272 264/275/264 261/276/261
f 255/266/255 258/269/258 263/274/263
f 273/287/273 167/167/167 137/137/137
f 274/288/274 219/225/219 218/224/218
f 275/289/275 276/290/276 277/291/277
f 170/170/170 278/292/278 279/293/279
f 171/171/171 126/126/126 169/169/169
f 125/125/125 171/171/171 277/291/277
f 273/287/273 277/291/277 218/224/218
f 167/167/167 218/224/218 166/166/166
f 168/168/168 166/166/166 218/224/218
f 280/294/280 281/295/281 282/296/282
f 283/297/283 282/296/282 281/295/281
f 284/298/284 285/299/285 286/300/286
f 287/301/287 285/299/285 288/302/288
f 289/303/289 290/304/290 291/305/291
f 291/305/291 292/306/292 293/307/293
f 293/307/293 294/308/294 295/309/295
f 295/309/295 294/308/294 296/310/296
f 288/302/288 297/311/297 287/301/287
f 283/297/283 298/312/298 299/313/299
f 285/299/285 299/313/299 300/314/300
f 288/302/288 285/299/285 300/314/300
f 289/303/289 298/312/298 281/295/281
f 291/305/291 301/315/301 289/303/289
f 292/306/292 302/316/302 303/317/303
f 304/318/304 290/304/290 280/294/280
f 280/294/280 305/319/305 304/318/304
f 284/298/284 305/319/305 282/296/282
f 292/306/292 303/317/303 306/320/306
f 307/321/307 286/300/286 308/322/308
f 308/322/308 287/301/287 309/323/309
f 297/311/297 309/323/309 287/301/287
f 309/323/309 310/324/310 308/322/308
f 311/325/311 312/326/312 309/323/309
f 308/322/308 313/327/313 307/321/307
f 307/321/307 314/328/314 305/319/305
f 304/318/304 314/328/314 315/329/315
f 302/316/302 315/329/315 316/330/316
f 316/330/316 303/317/303 302/316/302
f 317/331/317 318/332/318 311/325/311
f 297/311/297 317/331/317 311/325/311
f 319/333/319 320/334/320 321/335/321
f 322/336/322 317/331/317 323/337/323
f 323/337/323 319/333/319 324/338/324
f 319/333/319 325/339/325 324/338/324
f 313/327/313 326/340/326 314/328/314
f 315/329/315 326/340/326 327/341/327
f 327/341/327 316/330/316 315/329/315
f 328/342/328 329/343/329 316/330/316
f 330/344/330 331/345/331 318/332/318
f 332/346/332 330/344/330 322/336/322
f 303/317/303 329/343/329 333/347/333
f 334/348/334 329/343/329 328/342/328
f 335/349/335 296/310/296 294/308/294
f 336/350/336 333/347/333 334/348/334
f 306/320/306 333/347/333 335/349/335
f 295/351/295 337/352/337 338/353/338
f 339/354/339 338/353/338 337/352/337
f 301/355/301 340/356/340 298/357/298
f 299/358/299 340/356/340 341/359/341
f 341/359/341 300/314/300 299/358/299
f 342/360/342 313/327/313 310/324/310
f 342/360/342 312/326/312 331/345/331
f 318/332/318 331/345/331 312/326/312
f 343/361/343 344/362/344 345/363/345
f 346/364/346 347/365/347 348/366/348
f 349/367/349 350/368/350 351/369/351
f 352/370/352 345/363/345 353/371/353
f 354/372/354 353/371/353 355/373/355
f 356/374/356 357/375/357 358/376/358
f 343/377/343 352/378/352 356/374/356
f 356/374/356 352/378/352 354/379/354
f 359/380/359 358/376/358 357/375/357
f 360/381/360 343/377/343 358/376/358
f 344/362/344 361/382/361 362/383/362
f 363/384/363 348/366/348 347/365/347
f 347/365/347 364/385/364 363/384/363
f 351/369/351 365/386/365 349/367/349
f 349/367/349 366/387/366 364/385/364
f 348/366/348 367/388/367 346/364/346
f 345/363/345 362/383/362 368/389/368
f 368/389/368 353/371/353 345/363/345
f 369/390/369 367/391/367 370/392/370
f 370/392/370 371/393/371 369/390/369
f 367/391/367 372/394/372 370/392/370
f 365/386/365 373/395/373 366/387/366
f 374/396/374 375/397/375 365/386/365
f 346/398/346 376/399/376 350/400/350
f 369/390/369 377/401/377 376/399/376
f 350/400/350 378/402/378 351/403/351
f 376/399/376 379/404/379 378/402/378
f 351/403/351 380/405/380 374/406/374
f 381/407/381 378/402/378 379/404/379
f 355/373/355 382/408/382 383/409/383
f 361/382/361 384/410/384 385/411/385
f 363/384/363 386/412/386 384/410/384
f 366/387/366 386/412/386 364/385/364
f 373/395/373 387/413/387 366/387/366
f 362/383/362 385/411/385 388/414/388
f 368/389/368 388/414/388 389/415/389
f 389/415/389 382/408/382 368/389/368
f 390/416/390 380/405/380 381/407/381
f 391/417/391 392/418/392 390/416/390
f 393/419/393 391/417/391 394/420/394
f 395/421/395 393/419/393 394/420/394
f 396/422/396 397/423/397 395/421/395
f 398/424/398 396/422/396 399/425/399
f 400/426/400 399/425/399 401/427/401
f 400/426/400 402/428/402 403/429/403
f 404/430/404 403/429/403 402/428/402
f 405/431/405 406/432/406 407/433/407
f 408/434/408 406/432/406 409/435/409
f 410/436/410 409/435/409 411/437/411
f 412/438/412 413/439/413 411/437/411
f 414/440/414 415/441/415 416/442/416
f 417/443/417 418/444/418 419/445/419
f 420/446/420 421/447/421 422/448/422
f 423/449/423 420/446/420 422/448/422
f 424/450/424 425/451/425 423/449/423
f 372/394/372 360/381/360 425/451/425
f 360/381/360 426/452/426 425/451/425
f 427/453/427 428/454/428 429/455/429
f 426/452/426 420/446/420 425/451/425
f 419/456/419 430/457/430 421/458/421
f 422/459/422 430/457/430 431/460/431
f 423/461/423 431/460/431 432/462/432
f 432/462/432 424/463/424 423/461/423
f 433/464/433 424/463/424 432/462/432
f 416/465/416 434/466/434 419/456/419
f 416/465/416 435/467/435 434/466/434
f 434/466/434 436/468/436 430/457/430
f 436/468/436 431/460/431 430/457/430
f 437/469/437 432/462/432 431/460/431
f 438/470/438 439/471/439 433/464/433
f 440/472/440 441/473/441 435/467/435
f 442/474/442 435/467/435 441/473/441
f 442/474/442 437/469/437 436/468/436
f 443/475/443 433/464/433 437/469/437
f 444/476/444 371/477/371 438/470/438
f 445/478/445 438/470/438 443/475/443
f 446/479/446 443/475/443 442/474/442
f 447/480/447 442/474/442 441/473/441
f 448/481/448 411/482/411 409/483/409
f 441/473/441 448/481/448 447/480/447
f 449/484/449 409/483/409 406/485/406
f 450/486/450 406/485/406 404/487/404
f 451/488/451 448/481/448 449/484/449
f 449/484/449 452/489/452 451/488/451
f 451/488/451 446/479/446 447/480/447
f 451/488/451 453/490/453 454/491/454
f 445/478/445 454/491/454 455/492/455
f 455/492/455 453/490/453 456/493/456
f 457/494/457 377/495/377 444/476/444
f 379/496/379 458/497/458 381/498/381
f 455/492/455 444/476/444 445/478/445
f 355/373/355 459/499/459 354/372/354
f 460/500/460 383/409/383 461/501/461
f 374/406/374 462/502/462 463/503/463
f 380/405/380 392/418/392 462/502/462
f 462/502/462 464/504/464 463/503/463
f 465/505/465 463/506/463 464/507/464
f 392/418/392 466/508/466 462/502/462
f 467/509/467 404/487/404 402/510/402
f 450/486/450 468/511/468 452/489/452
f 469/512/469 467/509/467 402/510/402
f 452/489/452 470/513/470 453/490/453
f 471/514/471 470/513/470 468/511/468
f 470/513/470 456/493/456 453/490/453
f 381/498/381 472/515/472 390/516/390
f 473/517/473 390/516/390 472/515/472
f 391/518/391 474/519/474 394/520/394
f 475/521/475 476/522/476 477/523/477
f 478/524/478 394/520/394 474/519/474
f 479/525/479 395/526/395 478/524/478
f 396/527/396 480/528/480 399/529/399
f 481/530/481 399/529/399 480/528/480
f 401/531/401 469/512/469 402/510/402
f 482/532/482 481/530/481 483/533/483
f 482/532/482 484/534/484 469/512/469
f 485/535/485 471/514/471 484/534/484
f 476/522/476 486/536/486 487/537/487
f 487/537/487 477/523/477 476/522/476
f 488/538/488 455/492/455 456/493/456
f 458/497/458 457/494/457 488/538/488
f 475/521/475 488/538/488 456/493/456
f 489/539/489 477/523/477 490/540/490
f 490/540/490 491/541/491 492/542/492
f 458/497/458 489/539/489 493/543/493
f 493/543/493 490/540/490 494/544/494
f 494/544/494 492/542/492 495/545/495
f 458/497/458 493/543/493 472/515/472
f 494/544/494 472/515/472 493/543/493
f 472/515/472 496/546/496 473/517/473
f 473/517/473 497/547/497 474/519/474
f 495/545/495 496/546/496 494/544/494
f 496/546/496 498/548/498 497/547/497
f 474/519/474 499/549/499 478/524/478
f 478/524/478 500/550/500 479/525/479
f 479/551/479 501/552/501 480/528/480
f 480/528/480 483/533/483 481/530/481
f 502/553/502 503/554/503 408/434/408
f 408/434/408 504/555/504 505/556/505
f 506/557/506 407/433/407 507/558/507
f 508/559/508 509/560/509 510/561/510
f 510/561/510 506/557/506 507/558/507
f 405/431/405 511/562/511 403/429/403
f 512/563/512 509/560/509 513/564/513
f 514/565/514 511/562/511 512/563/512
f 403/429/403 515/566/515 400/426/400
f 516/567/516 515/566/515 514/565/514
f 517/568/517 400/426/400 515/566/515
f 518/569/518 517/568/517 516/567/516
f 398/424/398 519/570/519 520/571/520
f 519/570/519 521/572/521 522/573/522
f 522/573/522 520/571/520 519/570/519
f 397/423/397 523/574/523 393/419/393
f 524/575/524 522/573/522 521/572/521
f 525/576/525 393/419/393 523/574/523
f 525/576/525 466/508/466 526/577/526
f 523/574/523 527/578/527 528/579/528
f 523/574/523 528/579/528 525/576/525
f 529/580/529 525/576/525 528/579/528
f 530/581/530 528/579/528 527/578/527
f 466/508/466 531/582/531 464/504/464
f 531/582/531 532/583/532 533/584/533
f 530/581/530 534/585/534 529/580/529
f 529/580/529 532/583/532 535/586/535
f 536/587/536 537/588/537 534/585/534
f 538/589/538 533/584/533 532/583/532
f 532/583/532 537/588/537 538/589/538
f 539/590/539 383/409/383 382/408/382
f 461/501/461 540/591/540 541/592/541
f 542/593/542 543/594/543 544/595/544
f 545/596/545 544/595/544 543/594/543
f 546/597/546 547/598/547 548/599/548
f 548/599/548 549/600/549 550/601/550
f 551/602/551 552/603/552 553/604/553
f 553/604/553 554/605/554 555/606/555
f 556/607/556 555/606/555 554/605/554
f 557/608/557 558/609/558 559/610/559
f 549/600/549 560/611/560 550/601/550
f 545/596/545 561/612/561 562/613/562
f 547/598/547 562/613/562 563/614/563
f 549/600/549 547/598/547 563/614/563
f 551/602/551 561/612/561 543/594/543
f 553/604/553 564/615/564 551/602/551
f 554/605/554 565/616/565 566/617/566
f 567/618/567 552/603/552 542/593/542
f 542/593/542 568/619/568 567/618/567
f 546/597/546 568/619/568 544/595/544
f 569/620/569 554/605/554 566/617/566
f 570/621/570 548/599/548 571/622/571
f 571/622/571 550/601/550 572/623/572
f 572/623/572 560/611/560 573/624/573
f 572/623/572 574/625/574 571/622/571
f 573/624/573 575/626/575 572/623/572
f 571/622/571 576/627/576 570/621/570
f 570/621/570 577/628/577 568/619/568
f 567/618/567 577/628/577 578/629/578
f 565/616/565 578/629/578 579/630/579
f 579/630/579 566/617/566 565/616/565
f 580/631/580 581/632/581 573/624/573
f 560/611/560 580/631/580 573/624/573
f 582/633/582 583/634/583 584/635/584
f 585/636/585 580/631/580 586/637/586
f 586/637/586 582/633/582 587/638/587
f 582/633/582 588/639/588 587/638/587
f 576/627/576 589/640/589 577/628/577
f 590/641/590 577/628/577 589/640/589
f 590/641/590 579/630/579 578/629/578
f 591/642/591 592/643/592 593/644/593
f 594/645/594 595/646/595 581/632/581
f 596/647/596 585/636/585 597/648/597
f 591/642/591 569/620/569 566/617/566
f 593/644/593 598/649/598 591/642/591
f 599/650/599 556/607/556 569/620/569
f 598/649/598 600/651/600 599/650/599
f 569/620/569 598/649/598 599/650/599
f 557/652/557 601/653/601 602/654/602
f 603/655/603 602/654/602 601/653/601
f 561/656/561 603/655/603 604/657/604
f 562/658/562 604/657/604 605/659/605
f 605/659/605 563/660/563 562/658/562
f 589/640/589 574/625/574 606/661/606
f 606/661/606 575/626/575 595/646/595
f 581/632/581 595/646/595 575/626/575
f 607/662/607 608/663/608 609/664/609
f 610/665/610 611/666/611 612/667/612
f 613/668/613 614/669/614 615/670/615
f 616/671/616 617/672/617 618/673/618
f 612/667/612 619/674/619 620/675/620
f 621/676/621 612/667/612 615/670/615
f 615/670/615 622/677/622 621/676/621
f 616/671/616 623/678/623 622/677/622
f 426/452/426 624/679/624 608/663/608
f 623/678/623 359/380/359 625/680/625
f 622/677/622 625/680/625 626/681/626
f 626/681/626 621/676/621 622/677/622
f 627/682/627 621/676/621 628/683/628
f 629/684/629 630/685/630 619/674/619
f 630/685/630 631/686/631 632/687/632
f 627/682/627 633/688/633 631/686/631
f 628/683/628 634/689/634 633/688/633
f 635/690/635 626/681/626 625/680/625
f 625/680/625 357/375/357 635/690/635
f 636/691/636 632/687/632 631/686/631
f 637/692/637 631/686/631 633/688/633
f 633/688/633 638/693/638 637/692/637
f 639/694/639 634/689/634 635/690/635
f 635/690/635 640/695/640 639/694/639
f 641/696/641 642/697/642 643/698/643
f 644/699/644 636/691/636 637/692/637
f 637/692/637 645/700/645 644/699/644
f 646/701/646 638/693/638 639/694/639
f 639/694/639 354/379/354 646/701/646
f 644/699/644 647/702/647 648/703/648
f 649/704/649 645/700/645 646/701/646
f 459/705/459 646/701/646 354/379/354
f 650/706/650 651/707/651 652/708/652
f 653/709/653 654/710/654 650/706/650
f 655/711/655 653/709/653 656/712/656
f 657/713/657 656/712/656 658/714/658
f 659/715/659 658/714/658 660/716/660
f 660/716/660 661/717/661 659/715/659
f 662/718/662 663/719/663 661/717/661
f 664/720/664 663/719/663 665/721/665
f 666/722/666 655/711/655 657/713/657
f 657/713/657 667/723/667 666/722/666
f 668/724/668 659/715/659 661/717/661
f 661/717/661 669/725/669 668/724/668
f 669/725/669 670/726/670 671/727/671
f 655/711/655 672/728/672 673/729/673
f 673/729/673 674/730/674 654/710/654
f 675/731/675 654/710/654 674/730/674
f 675/731/675 676/732/676 677/733/677
f 678/734/678 672/728/672 679/735/679
f 674/730/674 678/734/678 676/732/676
f 679/735/679 680/736/680 681/737/681
f 666/722/666 681/737/681 680/736/680
f 682/738/682 667/723/667 683/739/683
f 684/740/684 667/723/667 668/724/668
f 668/724/668 685/741/685 684/740/684
f 671/727/671 685/741/685 669/725/669
f 686/742/686 685/741/685 687/743/687
f 688/744/688 684/740/684 685/741/685
f 689/745/689 684/740/684 690/746/690
f 683/739/683 691/747/691 682/738/682
f 692/748/692 689/745/689 693/749/693
f 694/750/694 689/745/689 690/746/690
f 695/751/695 690/746/690 688/744/688
f 688/744/688 696/752/696 695/751/695
f 682/738/682 697/753/697 681/737/681
f 698/754/698 691/747/691 692/748/692
f 699/755/699 681/737/681 697/753/697
f 698/754/698 699/755/699 697/753/697
f 676/732/676 700/756/700 677/733/677
f 701/757/701 678/734/678 702/758/702
f 679/735/679 702/758/702 678/734/678
f 699/755/699 698/754/698 703/759/703
f 695/751/695 704/760/704 705/761/705
f 705/761/705 706/762/706 707/763/707
f 706/762/706 708/764/708 707/763/707
f 709/765/709 710/766/710 711/767/711
f 705/761/705 694/750/694 695/751/695
f 712/768/712 693/749/693 694/750/694
f 712/768/712 707/763/707 713/769/713
f 713/769/713 714/770/714 712/768/712
f 713/769/713 708/764/708 715/771/715
f 716/772/716 715/771/715 717/773/717
f 709/765/709 715/771/715 708/764/708
f 717/773/717 718/774/718 719/775/719
f 716/772/716 692/748/692 714/770/714
f 720/776/720 698/754/698 692/748/692
f 698/754/698 721/777/721 703/759/703
f 717/773/717 720/776/720 716/772/716
f 719/775/719 721/777/721 717/773/717
f 722/778/722 703/759/703 721/777/721
f 723/779/723 699/755/699 703/759/703
f 724/780/724 702/758/702 699/755/699
f 725/781/725 709/765/709 711/767/711
f 718/774/718 726/782/726 727/783/727
f 719/775/719 727/783/727 728/784/728
f 728/784/728 722/778/722 719/775/719
f 729/785/729 723/779/723 722/778/722
f 730/786/730 724/780/724 723/779/723
f 724/780/724 731/787/731 702/758/702
f 726/782/726 732/788/732 733/789/733
f 733/789/733 727/783/727 726/782/726
f 728/784/728 734/790/734 735/791/735
f 735/791/735 729/785/729 728/784/728
f 732/788/732 736/792/736 733/789/733
f 734/790/734 736/792/736 737/793/737
f 737/793/737 738/794/738 735/791/735
f 730/786/730 739/795/739 740/796/740
f 741/797/741 740/796/740 742/798/742
f 739/795/739 735/791/735 738/794/738
f 740/796/740 738/794/738 743/799/743
f 743/799/743 742/798/742 740/796/740
f 736/792/736 744/800/744 745/801/745
f 737/793/737 745/801/745 746/802/746
f 747/803/747 745/801/745 744/800/744
f 745/801/745 748/804/748 746/802/746
f 749/805/749 750/806/750 748/804/748
f 751/807/751 749/805/749 747/803/747
f 737/793/737 752/808/752 738/794/738
f 753/809/753 746/802/746 748/804/748
f 754/810/754 748/804/748 750/806/750
f 755/811/755 753/809/753 754/810/754
f 752/808/752 743/799/743 738/794/738
f 756/812/756 757/813/757 758/814/758
f 758/814/758 750/806/750 756/812/756
f 750/806/750 759/815/759 754/810/754
f 754/810/754 760/816/760 755/811/755
f 761/817/761 755/811/755 760/816/760
f 761/817/761 741/797/741 742/798/742
f 762/818/762 763/819/763 764/820/764
f 763/819/763 765/821/765 766/822/766
f 763/819/763 767/823/767 768/824/768
f 764/820/764 769/825/769 762/818/762
f 758/814/758 769/825/769 770/826/770
f 771/827/771 770/826/770 772/828/772
f 770/826/770 766/822/766 772/828/772
f 759/815/759 773/829/773 760/816/760
f 772/828/772 766/822/766 773/829/773
f 774/830/774 760/816/760 773/829/773
f 775/831/775 773/829/773 766/822/766
f 766/822/766 765/821/765 775/831/775
f 731/787/731 774/830/774 776/832/776
f 776/832/776 701/757/701 702/758/702
f 775/831/775 776/832/776 774/830/774
f 775/831/775 777/833/777 778/834/778
f 778/834/778 701/757/701 776/832/776
f 700/756/700 778/834/778 779/835/779
f 779/835/779 778/834/778 777/833/777
f 780/836/780 777/833/777 765/821/765
f 765/821/765 768/824/768 780/836/780
f 731/787/731 776/832/776 702/758/702
f 781/837/781 384/410/384 386/412/386
f 385/411/385 384/410/384 782/838/782
f 783/839/783 388/414/388 385/411/385
f 783/839/783 539/590/539 389/415/389
f 784/840/784 785/841/785 786/842/786
f 541/592/541 787/843/787 784/840/784
f 788/844/788 461/501/461 541/592/541
f 461/501/461 789/845/789 460/500/460
f 784/840/784 788/844/788 541/592/541
f 642/697/642 790/846/790 643/698/643
f 648/703/648 642/697/642 644/699/644
f 791/847/791 792/848/792 648/703/648
f 793/849/793 648/703/648 647/702/647
f 649/704/649 793/849/793 647/702/647
f 459/705/459 794/850/794 649/704/649
f 794/851/794 460/500/460 789/845/789
f 650/852/650 795/853/795 796/854/796
f 796/854/796 653/855/653 650/852/650
f 656/856/656 797/857/797 798/858/798
f 799/859/799 656/856/656 798/858/798
f 658/860/658 800/861/800 660/862/660
f 660/862/660 801/863/801 662/864/662
f 662/864/662 802/865/802 665/866/665
f 665/866/665 803/867/803 664/868/664
f 796/854/796 804/869/804 805/870/805
f 806/871/806 805/870/805 804/869/804
f 807/872/807 796/854/796 805/870/805
f 793/849/793 805/870/805 791/847/791
f 797/857/797 808/873/808 798/858/798
f 807/872/807 794/850/794 808/873/808
f 809/874/809 798/858/798 808/873/808
f 808/875/808 789/845/789 809/876/809
f 810/877/810 799/859/799 809/874/809
f 800/861/800 811/878/811 801/863/801
f 801/863/801 812/879/812 802/865/802
f 809/876/809 788/844/788 810/880/810
f 813/881/813 810/880/810 788/844/788
f 813/881/813 786/842/786 814/882/814
f 810/880/810 815/883/815 811/884/811
f 816/885/816 812/879/812 811/878/811
f 387/413/387 781/837/781 386/412/386
f 817/886/817 818/887/818 819/888/819
f 783/839/783 385/411/385 782/838/782
f 787/843/787 539/590/539 783/839/783
f 820/889/820 812/879/812 816/885/816
f 821/890/821 803/867/803 802/865/802
f 802/865/802 812/879/812 821/890/821
f 822/891/822 823/892/823 824/893/824
f 825/894/825 821/890/821 812/879/812
f 824/893/824 826/895/826 827/896/827
f 823/892/823 828/897/828 826/895/826
f 829/898/829 828/897/828 825/894/825
f 827/896/827 830/899/830 831/900/831
f 828/897/828 830/899/830 826/895/826
f 832/901/832 831/900/831 830/899/830
f 833/902/833 537/588/537 834/903/834
f 835/904/835 836/905/836 837/906/837
f 838/907/838 464/507/464 531/908/531
f 839/909/839 531/908/531 533/910/533
f 840/911/840 839/909/839 533/910/533
f 841/912/841 840/911/840 842/913/842
f 842/913/842 843/914/843 841/912/841
f 837/915/837 844/916/844 843/914/843
f 845/917/845 846/918/846 847/919/847
f 848/920/848 786/842/786 785/841/785
f 811/884/811 849/921/849 816/922/816
f 815/883/815 814/882/814 849/921/849
f 850/923/850 845/917/845 847/919/847
f 484/534/484 468/511/468 467/509/467
f 851/924/851 849/921/849 814/882/814
f 852/925/852 853/926/853 854/927/854
f 855/928/855 854/927/854 853/926/853
f 854/927/854 818/887/818 373/395/373
f 465/505/465 854/927/854 373/395/373
f 838/907/838 852/925/852 465/505/465
f 856/929/856 838/907/838 839/909/839
f 857/930/857 856/929/856 839/909/839
f 836/931/836 858/932/858 844/916/844
f 844/916/844 859/933/859 860/934/860
f 861/935/861 857/930/857 841/912/841
f 857/930/857 862/936/862 856/929/856
f 595/646/595 863/937/863 606/661/606
f 863/937/863 589/640/589 606/661/606
f 864/938/864 590/641/590 589/640/589
f 855/928/855 819/888/819 818/887/818
f 865/939/865 787/843/787 783/839/783
f 783/839/783 782/838/782 865/939/865
f 865/939/865 781/837/781 866/940/866
f 866/940/866 785/841/785 865/939/865
f 867/941/867 868/942/868 819/888/819
f 869/943/869 819/888/819 868/942/868
f 817/886/817 866/940/866 781/837/781
f 848/920/848 869/943/869 870/944/870
f 871/945/871 814/882/814 786/842/786
f 851/924/851 872/946/872 846/918/846
f 871/945/871 870/944/870 872/946/872
f 868/942/868 870/944/870 869/943/869
f 873/947/873 874/948/874 875/949/875
f 872/946/872 875/949/875 876/950/876
f 872/946/872 876/950/876 846/918/846
f 877/951/877 874/948/874 878/952/878
f 879/953/879 880/954/880 881/955/881
f 882/956/882 883/957/883 880/954/880
f 850/923/850 882/956/882 879/953/879
f 884/958/884 847/919/847 846/918/846
f 846/918/846 885/959/885 884/958/884
f 877/951/877 876/950/876 875/949/875
f 883/957/883 885/959/885 886/960/886
f 885/959/885 887/961/887 886/960/886
f 888/962/888 841/912/841 843/914/843
f 843/914/843 860/934/860 888/962/888
f 859/933/859 889/963/889 860/934/860
f 832/901/832 835/904/835 890/964/890
f 537/588/537 890/964/890 538/589/538
f 877/951/877 891/965/891 887/961/887
f 874/948/874 892/966/892 878/952/878
f 209/215/209 212/218/212 179/181/179
f 188/190/188 269/281/269 187/189/187
f 259/270/259 240/251/240 241/252/241
f 272/967/272 261/272/261 255/266/255
f 372/394/372 439/968/439 370/392/370
f 783/839/783 389/415/389 388/414/388
f 511/562/511 506/557/506 509/560/509
f 787/843/787 540/591/540 539/590/539
f 714/770/714 692/748/692 693/749/693
f 772/828/772 759/815/759 771/827/771
f 270/282/270 269/281/269 265/277/265
f 270/282/270 189/192/189 264/275/264
f 465/505/465 373/395/373 375/397/375
f 873/947/873 872/946/872 870/944/870
f 893/969/893 792/848/792 806/871/806
f 806/871/806 894/970/894 893/969/893
f 804/869/804 795/853/795 894/970/894
f 599/650/599 862/936/862 895/971/895
f 558/609/558 599/650/599 895/971/895
f 862/936/862 896/972/896 895/971/895
f 558/609/558 897/973/897 559/610/559
f 898/974/898 895/971/895 896/972/896
f 861/935/861 898/974/898 896/972/896
f 899/975/899 861/935/861 888/962/888
f 888/962/888 889/963/889 899/975/899
f 559/976/559 900/977/900 601/653/601
f 901/978/901 897/979/897 898/980/898
f 898/980/898 902/981/902 901/978/901
f 903/982/903 904/983/904 899/984/899
f 899/984/899 905/985/905 903/982/903
f 889/986/889 906/987/906 905/985/905
f 880/954/880 906/987/906 881/955/881
f 907/988/907 905/985/905 906/987/906
f 902/981/902 907/988/907 908/989/908
f 902/981/902 909/990/909 901/978/901
f 900/977/900 909/990/909 910/991/910
f 602/992/602 555/606/555 557/608/557
f 601/653/601 910/991/910 603/655/603
f 853/926/853 863/937/863 855/928/855
f 596/647/596 855/928/855 863/937/863
f 892/966/892 597/648/597 585/636/585
f 911/993/911 864/938/864 853/926/853
f 912/994/912 592/643/592 864/938/864
f 912/994/912 913/995/913 593/644/593
f 914/996/914 600/651/600 913/995/913
f 911/993/911 914/996/914 912/994/912
f 600/651/600 856/929/856 862/936/862
f 593/644/593 592/643/592 912/994/912
f 592/643/592 590/641/590 864/938/864
f 864/938/864 589/640/589 863/937/863
f 864/938/864 863/937/863 853/926/853
f 597/648/597 855/928/855 596/647/596
f 596/647/596 863/937/863 595/646/595
f 597/648/597 867/941/867 855/928/855
f 820/889/820 829/898/829 825/894/825
f 850/997/850 829/998/829 820/999/820
f 879/1000/879 858/932/858 850/997/850
f 879/1000/879 881/1001/881 859/933/859
f 538/589/538 842/1002/842 840/1003/840
f 837/906/837 890/964/890 835/904/835
f 883/957/883 915/1004/915 880/954/880
f 916/1005/916 878/952/878 892/966/892
f 586/637/586 916/1005/916 892/966/892
f 917/1006/917 587/638/587 588/639/588
f 918/1007/918 916/1005/916 917/1006/917
f 918/1007/918 887/961/887 891/965/891
f 563/660/563 583/634/583 549/600/549
f 919/1008/919 887/961/887 920/1009/920
f 921/1010/921 917/1006/917 588/639/588
f 886/960/886 922/1011/922 883/957/883
f 923/1012/923 910/991/910 909/990/909
f 924/1013/924 925/1014/925 923/1012/923
f 921/1010/921 584/635/584 605/659/605
f 604/657/604 921/1010/921 605/659/605
f 603/655/603 925/1014/925 604/657/604
f 926/1015/926 907/988/907 927/1016/927
f 928/1017/928 927/1016/927 929/1018/929
f 920/1009/920 928/1017/928 929/1018/929
f 924/1013/924 918/1007/918 917/1006/917
f 923/1012/923 928/1017/928 924/1013/924
f 909/990/909 926/1015/926 923/1012/923
f 915/1004/915 907/988/907 906/987/906
f 922/1011/922 927/1016/927 915/1004/915
f 919/1008/919 920/1009/920 929/1018/929
f 922/1011/922 919/1008/919 929/1018/929
f 892/966/892 585/636/585 586/637/586
f 486/536/486 930/1019/930 931/1020/931
f 932/1021/932 486/536/486 931/1020/931
f 487/537/487 933/1022/933 491/541/491
f 934/1023/934 491/541/491 933/1022/933
f 934/1023/934 495/545/495 492/542/492
f 935/1024/935 498/548/498 495/545/495
f 497/547/497 936/1025/936 937/1026/937
f 499/549/499 937/1026/937 938/1027/938
f 500/550/500 938/1027/938 939/1028/939
f 500/1029/500 940/1030/940 501/552/501
f 501/552/501 941/1031/941 483/533/483
f 942/1032/942 485/535/485 482/532/482
f 942/1032/942 483/533/483 941/1031/941
f 328/342/328 942/1032/942 941/1031/941
f 930/1019/930 327/341/327 326/340/326
f 342/360/342 930/1019/930 326/340/326
f 331/345/331 931/1020/931 342/360/342
f 932/1021/932 943/1033/943 332/346/332
f 332/346/332 933/1022/933 932/1021/932
f 933/1022/933 944/1034/944 934/1023/934
f 935/1024/935 944/1034/944 945/1035/945
f 945/1035/945 936/1025/936 935/1024/935
f 946/1036/946 937/1026/937 936/1025/936
f 938/1027/938 947/1037/947 948/1038/948
f 939/1028/939 948/1038/948 949/1039/949
f 939/1040/939 949/1041/949 950/1042/950
f 334/348/334 941/1031/941 940/1030/940
f 949/1041/949 296/310/296 335/349/335
f 951/1043/951 952/1044/952 296/310/296
f 948/1038/948 951/1045/951 949/1039/949
f 953/1046/953 954/1047/954 951/1045/951
f 947/1037/947 955/1048/955 956/1049/956
f 948/1038/948 956/1049/956 953/1046/953
f 953/1046/953 956/1049/956 957/1050/957
f 945/1035/945 955/1048/955 946/1036/946
f 944/1034/944 958/1051/958 945/1035/945
f 959/1052/959 944/1034/944 960/1053/960
f 959/1052/959 960/1053/960 322/336/322
f 959/1052/959 324/338/324 961/1054/961
f 961/1054/961 325/339/325 962/1055/962
f 963/1056/963 959/1052/959 961/1054/961
f 963/1056/963 962/1055/962 958/1051/958
f 964/1057/964 956/1049/956 955/1048/955
f 958/1051/958 962/1055/962 965/1058/965
f 957/1050/957 956/1049/956 966/1059/966
f 960/1053/960 332/346/332 322/336/322
f 338/1060/338 293/307/293 295/309/295
f 320/334/320 300/314/300 321/335/321
f 955/1048/955 965/1058/965 964/1057/964
f 967/1061/967 962/1055/962 325/339/325
f 968/1062/968 966/1059/966 964/1057/964
f 968/1062/968 965/1058/965 967/1061/967
f 969/1063/969 957/1050/957 966/1059/966
f 957/1050/957 970/1064/970 954/1047/954
f 967/1061/967 321/335/321 341/359/341
f 340/356/340 967/1061/967 341/359/341
f 339/354/339 968/1062/968 340/356/340
f 337/352/337 969/1063/969 339/354/339
f 952/1065/952 970/1064/970 337/352/337
f 950/1042/950 334/348/334 940/1030/940
f 335/349/335 950/1042/950 949/1041/949
f 940/1030/940 939/1040/939 950/1042/950
f 335/349/335 333/347/333 336/350/336
f 931/1020/931 943/1033/943 932/1021/932
f 323/337/323 959/1052/959 322/336/322
f 943/1033/943 931/1020/931 331/345/331
f 167/167/167 136/136/136 137/137/137
f 138/138/138 273/287/273 137/137/137
f 845/917/845 816/922/816 849/921/849
f 958/1051/958 965/1058/965 955/1048/955
f 957/1050/957 954/1047/954 953/1046/953
f 292/306/292 294/308/294 293/307/293
f 306/320/306 303/317/303 333/347/333
f 952/1044/952 295/309/295 296/310/296
f 294/308/294 292/306/292 306/320/306
f 306/320/306 335/349/335 294/308/294
f 51/51/51 38/38/38 49/49/49
f 53/53/53 57/57/57 49/49/49
f 49/49/49 50/50/50 51/51/51
f 64/64/64 73/73/73 65/65/65
f 73/73/73 76/76/76 74/74/74
f 131/131/131 147/147/147 25/25/25
f 130/130/130 24/24/24 146/146/146
f 129/129/129 23/23/23 130/130/130
f 188/190/188 185/187/185 268/280/268
f 271/283/271 264/275/264 272/286/272
f 272/967/272 255/266/255 263/274/263
f 269/281/269 271/283/271 187/189/187
f 105/105/105 110/110/110 108/108/108
f 212/1066/212 106/106/106 109/109/109
f 260/271/260 261/272/261 262/273/262
f 358/376/358 343/377/343 356/374/356
f 640/695/640 356/374/356 354/379/354
f 765/821/765 763/819/763 768/824/768
f 764/820/764 763/819/763 766/822/766
f 971/1067/971 779/835/779 777/833/777
f 746/802/746 752/808/752 737/793/737
f 734/790/734 737/793/737 735/791/735
f 125/125/125 138/138/138 118/118/118
f 122/122/122 118/118/118 138/138/138
f 125/125/125 273/287/273 138/138/138
f 165/165/165 221/227/221 164/164/164
f 212/1066/212 181/183/181 106/106/106
f 262/273/262 237/248/237 238/246/238
f 972/1068/972 973/1069/973 974/1070/974
f 975/1071/975 974/1070/974 976/1072/976
f 975/1071/975 977/1073/977 978/1074/978
f 978/1074/978 979/1075/979 980/1076/980
f 981/1077/981 982/1078/982 980/1076/980
f 983/1079/983 982/1078/982 984/1080/984
f 985/1081/985 986/1082/986 987/1083/987
f 988/1084/988 986/1082/986 989/1085/989
f 988/1084/988 990/1086/990 991/1087/991
f 990/1086/990 973/1069/973 991/1087/991
f 980/1076/980 992/1088/992 981/1077/981
f 993/1089/993 974/1070/974 994/1090/994
f 995/1091/995 976/1072/976 993/1089/993
f 996/1092/996 977/1073/977 995/1091/995
f 996/1092/996 992/1088/992 979/1075/979
f 992/1088/992 997/1093/997 981/1077/981
f 984/1080/984 997/1093/997 998/1094/998
f 983/1079/983 998/1094/998 999/1095/999
f 983/1079/983 1000/1096/1000 986/1082/986
f 1001/1097/1001 986/1082/986 1000/1096/1000
f 989/1085/989 1002/1098/1002 990/1086/990
f 1002/1098/1002 1003/1099/1003 990/1086/990
f 973/1069/973 994/1090/994 974/1070/974
f 1004/1100/1004 1003/1099/1003 1005/1101/1005
f 1006/1102/1006 1005/1101/1005 1007/1103/1007
f 1002/1098/1002 1008/1104/1008 1005/1101/1005
f 1002/1098/1002 1009/1105/1009 1010/1106/1010
f 1004/1100/1004 1011/1107/1011 994/1090/994
f 1006/1102/1006 41/41/41 1011/1107/1011
f 1006/1102/1006 42/42/42 43/43/43
f 44/44/44 1007/1103/1007 1012/1108/1012
f 1007/1103/1007 1008/1104/1008 1012/1108/1012
f 45/45/45 1012/1108/1012 1013/1109/1013
f 1013/1109/1013 1008/1104/1008 1014/1110/1014
f 1014/1110/1014 1008/1104/1008 1015/1111/1015
f 1009/1105/1009 1016/1112/1016 1010/1106/1010
f 1017/1113/1017 45/45/45 1013/1109/1013
f 1014/1110/1014 1017/1113/1017 1013/1109/1013
f 1015/1111/1015 1018/1114/1018 1014/1110/1014
f 54/54/54 1017/1113/1017 1019/1115/1019
f 1019/1115/1019 1018/1114/1018 1020/1116/1020
f 1020/1116/1020 1015/1111/1015 1016/1112/1016
f 1021/1117/1021 54/54/54 1019/1115/1019
f 1022/1118/1022 1019/1115/1019 1020/1116/1020
f 1016/1112/1016 1022/1118/1022 1020/1116/1020
f 1023/1119/1023 1009/1105/1009 1024/1120/1024
f 1025/1121/1025 1009/1105/1009 1001/1097/1001
f 64/64/64 1021/1117/1021 1026/1122/1026
f 1026/1122/1026 1022/1118/1022 1027/1123/1027
f 1023/1119/1023 1027/1123/1027 1022/1118/1022
f 1000/1096/1000 1025/1121/1025 1001/1097/1001
f 999/1095/999 1028/1124/1028 1000/1096/1000
f 998/1094/998 1029/1125/1029 999/1095/999
f 1024/1120/1024 1030/1126/1030 1023/1119/1023
f 1031/1127/1031 1025/1121/1025 1032/1128/1032
f 1028/1124/1028 1032/1128/1032 1025/1121/1025
f 1033/1129/1033 73/73/73 1026/1122/1026
f 1033/1129/1033 1027/1123/1027 1034/1130/1034
f 1034/1130/1034 1030/1126/1030 1035/1131/1035
f 1036/1132/1036 76/76/76 1033/1129/1033
f 1034/1130/1034 1036/1132/1036 1033/1129/1033
f 1037/1133/1037 1035/1131/1035 1038/1134/1038
f 1031/1127/1031 1035/1131/1035 1030/1126/1030
f 1038/1134/1038 1039/1135/1039 1040/1136/1040
f 1032/1128/1032 1039/1135/1039 1031/1127/1031
f 1041/1137/1041 1042/1138/1042 1043/1139/1043
f 1040/1136/1040 1041/1137/1041 1044/1140/1044
f 1043/1139/1043 1044/1140/1044 1041/1137/1041
f 1036/1132/1036 87/87/87 76/76/76
f 1037/1133/1037 1045/1141/1045 1036/1132/1036
f 1038/1134/1038 1046/1142/1046 1037/1133/1037
f 1042/1138/1042 1029/1125/1029 1047/1143/1047
f 1048/1144/1048 1042/1138/1042 1047/1143/1047
f 1049/1145/1049 1048/1144/1048 1050/1146/1050
f 994/1090/994 1051/1147/1051 993/1089/993
f 93/93/93 1011/1107/1011 41/41/41
f 1052/1148/1052 1053/1149/1053 1054/1150/1054
f 1055/1151/1055 1052/1148/1052 1056/1152/1056
f 1056/1152/1056 1057/1153/1057 1055/1151/1055
f 1057/1153/1057 1058/1154/1058 1059/1155/1059
f 1057/1153/1057 1060/1156/1060 1061/1157/1061
f 1062/1158/1062 1061/1157/1061 1060/1156/1060
f 1063/1159/1063 1062/1158/1062 1064/1160/1064
f 1065/1161/1065 1057/1153/1057 1061/1157/1061
f 1066/1162/1066 1055/1151/1055 1065/1161/1065
f 1067/1163/1067 1065/1161/1065 1063/1159/1063
f 1067/1163/1067 1066/1162/1066 1065/1161/1065
f 1067/1163/1067 1063/1159/1063 1064/1160/1064
f 112/112/112 1045/1141/1045 1068/1164/1068
f 1046/1142/1046 1068/1164/1068 1045/1141/1045
f 1069/1165/1069 1040/1136/1040 1044/1140/1044
f 1068/1164/1068 115/1166/115 112/112/112
f 1070/1167/1070 1069/1165/1069 1071/1168/1071
f 1071/1168/1071 1044/1140/1044 1049/1145/1049
f 1072/1169/1072 1049/1145/1049 1050/1146/1050
f 1071/1168/1071 1073/1170/1073 1070/1167/1070
f 1070/1167/1070 120/1171/120 115/1166/115
f 1074/1172/1074 1029/1125/1029 1075/1173/1075
f 1048/1144/1048 1074/1172/1074 1076/1174/1076
f 1076/1174/1076 1050/1146/1050 1048/1144/1048
f 1072/1169/1072 1077/1175/1077 1073/1170/1073
f 126/1176/126 1073/1170/1073 1077/1175/1077
f 1051/1147/1051 127/127/127 1078/1177/1078
f 1078/1177/1078 993/1089/993 1051/1147/1051
f 1079/1178/1079 993/1089/993 1078/1177/1078
f 995/1091/995 1080/1179/1080 996/1092/996
f 997/1093/997 1081/1180/1081 1082/1181/1082
f 1082/1181/1082 998/1094/998 997/1093/997
f 1074/1172/1074 1083/1182/1083 1084/1183/1084
f 1085/1184/1085 1074/1172/1074 1084/1183/1084
f 1076/1174/1076 1086/1185/1086 1087/1186/1087
f 1087/1186/1087 1088/1187/1088 1050/1146/1050
f 1083/1182/1083 1075/1173/1075 1082/1181/1082
f 1089/1188/1089 1083/1182/1083 1082/1181/1082
f 1083/1182/1083 1090/1189/1090 1084/1183/1084
f 1091/1190/1091 1084/1183/1084 1090/1189/1090
f 1085/1184/1085 1092/1191/1092 1086/1185/1086
f 1089/1188/1089 1081/1180/1081 1093/1192/1093
f 996/1092/996 1094/1193/1094 1095/1194/1095
f 1094/1193/1094 1096/1195/1096 1095/1194/1095
f 1081/1180/1081 1097/1196/1097 1093/1192/1093
f 1096/1195/1096 1098/1197/1098 1097/1196/1097
f 1094/1193/1094 1099/1198/1099 1098/1197/1098
f 1100/1199/1100 1080/1179/1080 1079/1178/1079
f 1079/1178/1079 1101/1200/1101 1100/1199/1100
f 1101/1200/1101 127/127/127 154/154/154
f 153/153/153 1101/1200/1101 154/154/154
f 1100/1199/1100 1102/1201/1102 1103/1202/1103
f 1099/1198/1099 1103/1202/1103 1104/1203/1104
f 1104/1203/1104 1098/1197/1098 1099/1198/1099
f 1097/1196/1097 1105/1204/1105 1106/1205/1106
f 1106/1205/1106 1093/1192/1093 1097/1196/1097
f 1107/1206/1107 1089/1188/1089 1093/1192/1093
f 1108/1207/1108 1109/1208/1109 1110/1209/1110
f 1110/1209/1110 1090/1189/1090 1108/1207/1108
f 1091/1190/1091 1111/1210/1111 1112/1211/1112
f 1092/1191/1092 1112/1211/1112 1113/1212/1113
f 1114/1213/1114 1086/1185/1086 1092/1191/1092
f 1092/1191/1092 1115/1214/1115 1114/1213/1114
f 1116/1215/1116 169/1216/169 1117/1217/1117
f 1118/1218/1118 1119/1219/1119 173/1220/173
f 1053/1221/1053 1120/1222/1120 1054/1223/1054
f 1121/1224/1121 1053/1221/1053 1067/1225/1067
f 1064/1226/1064 1121/1224/1121 1067/1225/1067
f 1122/1227/1122 1064/1226/1064 1123/1228/1123
f 1062/1158/1062 1124/1229/1124 1125/1230/1125
f 1125/1230/1125 1126/1231/1126 1062/1158/1062
f 1127/1232/1127 1060/1156/1060 1128/1233/1128
f 1129/1234/1129 1059/1155/1059 1058/1154/1058
f 1130/1235/1130 1054/1150/1054 1131/1236/1131
f 1132/1237/1132 1052/1148/1052 1130/1235/1130
f 1056/1152/1056 1133/1238/1133 1134/1239/1134
f 1124/1240/1124 1135/1241/1135 1125/1242/1125
f 1127/1243/1127 1136/1244/1136 1124/1240/1124
f 1137/1245/1137 1105/1204/1105 1104/1203/1104
f 1138/1246/1138 1121/1224/1121 1139/1247/1139
f 1106/1205/1106 1138/1246/1138 1140/1248/1140
f 1140/1248/1140 1139/1247/1139 1122/1227/1122
f 1104/1203/1104 1141/1249/1141 1137/1245/1137
f 1137/1245/1137 1142/1250/1142 1121/1224/1121
f 1143/1251/1143 1103/1202/1103 1102/1201/1102
f 1141/1249/1141 1120/1222/1120 1142/1250/1142
f 1102/1201/1102 197/202/197 1143/1251/1143
f 1144/1252/1144 1143/1251/1143 197/202/197
f 1144/1252/1144 197/202/197 199/1253/199
f 1145/1254/1145 1120/1222/1120 1144/1252/1144
f 1144/1252/1144 201/1255/201 1145/1254/1145
f 202/1256/202 1145/1254/1145 201/1255/201
f 1131/1257/1131 1145/1254/1145 1146/1258/1146
f 1107/1206/1107 1140/1248/1140 1147/1259/1147
f 1109/1208/1109 1147/1259/1147 1148/1260/1148
f 1148/1260/1148 1110/1209/1110 1109/1208/1109
f 1111/1210/1111 1149/1261/1149 1150/1262/1150
f 1150/1262/1150 1112/1211/1112 1111/1210/1111
f 1147/1259/1147 1122/1227/1122 1151/1263/1151
f 1151/1263/1151 1148/1260/1148 1147/1259/1147
f 1149/1261/1149 1152/1264/1152 1153/1265/1153
f 1154/1266/1154 1123/1228/1123 1126/1267/1126
f 1152/1264/1152 1154/1266/1154 1155/1268/1155
f 1156/1269/1156 1157/1270/1157 1158/1271/1158
f 1159/1272/1159 1160/1273/1160 1158/1271/1158
f 1160/1273/1160 1113/1212/1113 1161/1274/1161
f 1161/1274/1161 1162/1275/1162 1163/1276/1163
f 1164/1277/1164 1163/1276/1163 1162/1275/1162
f 1150/1262/1150 1162/1275/1162 1112/1211/1112
f 1165/1278/1165 1162/1275/1162 1150/1262/1150
f 1166/1279/1166 1167/1280/1167 1168/1281/1168
f 1169/1282/1169 1170/1283/1170 1168/1281/1168
f 1168/1281/1168 1171/1284/1171 1172/1285/1172
f 1149/1261/1149 1165/1278/1165 1150/1262/1150
f 1173/1286/1173 1164/1277/1164 1165/1278/1165
f 1153/1265/1153 1173/1286/1173 1165/1278/1165
f 1155/1268/1155 1153/1265/1153 1152/1264/1152
f 1167/1280/1167 1174/1287/1174 1171/1284/1171
f 1135/1241/1135 1175/1288/1175 1125/1242/1125
f 1126/1289/1126 1125/1242/1125 1175/1288/1175
f 1176/1290/1176 1126/1267/1126 1175/1291/1175
f 1177/1292/1177 1176/1290/1176 1175/1291/1175
f 1178/1293/1178 1154/1266/1154 1176/1290/1176
f 1179/1294/1179 1176/1290/1176 1180/1295/1180
f 1155/1268/1155 1174/1287/1174 1173/1286/1173
f 1174/1287/1174 1179/1294/1179 1181/1296/1181
f 1171/1284/1171 1181/1296/1181 1182/1297/1182
f 1182/1297/1182 1172/1285/1172 1171/1284/1171
f 1183/1298/1183 1184/1299/1184 1172/1285/1172
f 1185/1300/1185 1186/1301/1186 1182/1297/1182
f 1187/1302/1187 1182/1297/1182 1181/1296/1181
f 1188/1303/1188 250/1304/250 232/1305/232
f 1187/1302/1187 251/1306/251 250/1304/250
f 1189/1307/1189 251/1306/251 1190/1308/1190
f 1190/1308/1190 1181/1296/1181 1191/1309/1191
f 1192/1310/1192 254/1311/254 1189/1307/1189
f 1146/1258/1146 257/1312/257 1193/1313/1193
f 256/1314/256 1193/1313/1193 257/1312/257
f 1191/1309/1191 1189/1307/1189 1190/1308/1190
f 1194/1315/1194 1179/1294/1179 1180/1295/1180
f 1177/1292/1177 1195/1316/1195 1180/1295/1180
f 1194/1315/1194 1192/1310/1192 1189/1307/1189
f 1146/1258/1146 1196/1317/1196 1131/1257/1131
f 1197/1318/1197 1177/1319/1177 1135/1241/1135
f 1136/1244/1136 1198/1320/1198 1199/1321/1199
f 1200/1322/1200 1201/1323/1201 1202/1324/1202
f 1203/1325/1203 1197/1318/1197 1199/1321/1199
f 1131/1236/1131 1204/1326/1204 1130/1235/1130
f 1196/1327/1196 1204/1326/1204 1131/1236/1131
f 1197/1318/1197 1205/1328/1205 1195/1329/1195
f 1193/1313/1193 1192/1310/1192 1196/1317/1196
f 972/1068/972 1206/1330/1206 1207/1331/1207
f 1208/1332/1208 972/1068/972 1209/1333/1209
f 985/1081/985 1210/1334/1210 1211/1335/1211
f 988/1084/988 1212/1336/1212 1213/1337/1213
f 1214/1338/1214 1215/1339/1215 1087/1186/1087
f 1216/1340/1216 1217/1341/1217 1218/1342/1218
f 1116/1215/1116 1219/1343/1219 1220/1344/1220
f 1117/1217/1117 126/1176/126 1077/1175/1077
f 1117/1217/1117 1221/1345/1221 1218/1342/1218
f 1215/1339/1215 1218/1342/1218 1221/1345/1221
f 1159/1272/1159 1214/1338/1214 1114/1213/1114
f 1114/1213/1114 1115/1214/1115 1159/1272/1159
f 1222/1346/1222 1223/1347/1223 1224/1348/1224
f 1225/1349/1225 1226/1350/1226 1227/1351/1227
f 1227/1351/1227 1228/1352/1228 1225/1349/1225
f 1229/1353/1229 1228/1352/1228 1230/1354/1230
f 1224/1348/1224 1231/1355/1231 1222/1346/1222
f 1232/1356/1232 1233/1357/1233 1231/1355/1231
f 1234/1358/1234 1235/1359/1235 1236/1360/1236
f 1234/1358/1234 1236/1360/1236 1237/1361/1237
f 1238/1362/1238 1239/1363/1239 1229/1353/1229
f 1225/1349/1225 1240/1364/1240 1223/1347/1223
f 1228/1352/1228 1241/1365/1241 1225/1349/1225
f 1228/1352/1228 1239/1363/1239 1242/1366/1242
f 1224/1348/1224 1240/1364/1240 1243/1367/1243
f 1232/1356/1232 1243/1367/1243 1244/1368/1244
f 1233/1357/1233 1245/1369/1245 1231/1355/1231
f 1246/1370/1246 1231/1355/1231 1245/1369/1245
f 1222/1346/1222 1247/1371/1247 1226/1350/1226
f 1227/1351/1227 1247/1371/1247 1248/1372/1248
f 1249/1373/1249 1233/1357/1233 1250/1374/1250
f 1248/1372/1248 1230/1354/1230 1227/1351/1227
f 1251/1375/1251 1229/1353/1229 1230/1354/1230
f 1238/1362/1238 1252/1376/1252 1253/1377/1253
f 1252/1376/1252 1254/1378/1254 1255/1379/1255
f 1253/1377/1253 1255/1379/1255 1256/1380/1256
f 1251/1375/1251 1257/1381/1257 1254/1378/1254
f 1248/1372/1248 1258/1382/1258 1257/1381/1257
f 1246/1370/1246 1258/1382/1258 1247/1371/1247
f 1245/1369/1245 1259/1383/1259 1246/1370/1246
f 1260/1384/1260 1249/1373/1249 1261/1385/1261
f 1262/1386/1262 1256/1380/1256 1263/1387/1263
f 1238/1362/1238 1262/1386/1262 1264/1388/1264
f 1264/1388/1264 1265/1389/1265 1238/1362/1238
f 1266/1390/1266 1262/1386/1262 1263/1387/1263
f 1267/1391/1267 1264/1388/1264 1262/1386/1262
f 1264/1388/1264 1268/1392/1268 1269/1393/1269
f 1270/1394/1270 1257/1381/1257 1258/1382/1258
f 1270/1394/1270 1259/1383/1259 1271/1395/1271
f 1260/1384/1260 1271/1395/1271 1259/1383/1259
f 1261/1385/1261 1272/1396/1272 1260/1384/1260
f 1273/1397/1273 1263/1387/1263 1256/1380/1256
f 1274/1398/1274 1263/1387/1263 1275/1399/1275
f 1261/1385/1261 1249/1373/1249 1276/1400/1276
f 1261/1385/1261 1277/1401/1277 1272/1396/1272
f 1237/1361/1237 1278/1402/1278 1234/1358/1234
f 1276/1400/1276 1279/1403/1279 1277/1401/1277
f 1276/1400/1276 1250/1374/1250 1278/1402/1278
f 1236/1404/1236 1280/1405/1280 1281/1406/1281
f 1282/1407/1282 1244/1408/1244 1243/1409/1243
f 1283/1410/1283 1243/1409/1243 1240/1411/1240
f 1241/1412/1241 1283/1410/1283 1240/1411/1240
f 1284/1413/1284 1242/1366/1242 1269/1393/1269
f 1257/1381/1257 1285/1414/1285 1254/1378/1254
f 1285/1414/1285 1255/1379/1255 1254/1378/1254
f 1273/1397/1273 1256/1380/1256 1255/1379/1255
f 1286/1415/1286 1287/1416/1287 1288/1417/1288
f 1289/1418/1289 1290/1419/1290 1291/1420/1291
f 1292/1421/1292 1291/1420/1291 1290/1419/1290
f 1293/1422/1293 1288/1417/1288 1287/1416/1287
f 1294/1423/1294 1295/1424/1295 1296/1425/1296
f 1297/1426/1297 1298/1427/1298 1299/1428/1299
f 1293/1429/1293 1287/1430/1287 1297/1426/1297
f 1293/1429/1293 1297/1426/1297 1295/1431/1295
f 1300/1432/1300 1301/1433/1301 1298/1427/1298
f 1287/1430/1287 1302/1434/1302 1300/1432/1300
f 1286/1415/1286 1303/1435/1303 1304/1436/1304
f 1305/1437/1305 1304/1436/1304 1303/1435/1303
f 1290/1419/1290 1306/1438/1306 1292/1421/1292
f 1307/1439/1307 1308/1440/1308 1309/1441/1309
f 1292/1421/1292 1310/1442/1310 1308/1440/1308
f 1304/1436/1304 1311/1443/1311 1286/1415/1286
f 1288/1417/1288 1312/1444/1312 1286/1415/1286
f 1313/1445/1313 1294/1423/1294 1314/1446/1314
f 1315/1447/1315 1311/1448/1311 1289/1449/1289
f 1316/1450/1316 1317/1451/1317 1318/1452/1318
f 1311/1448/1311 1319/1453/1319 1287/1430/1287
f 1308/1440/1308 1320/1454/1320 1321/1455/1321
f 1309/1441/1309 1321/1455/1321 1322/1456/1322
f 1289/1449/1289 1323/1457/1323 1315/1447/1315
f 1324/1458/1324 1315/1447/1315 1323/1457/1323
f 1291/1459/1291 1325/1460/1325 1323/1457/1323
f 1323/1457/1323 1326/1461/1326 1324/1458/1324
f 1307/1462/1307 1327/1463/1327 1325/1460/1325
f 1328/1464/1328 1325/1460/1325 1327/1463/1327
f 1296/1425/1296 1314/1446/1314 1294/1423/1294
f 1303/1435/1303 1329/1465/1329 1305/1437/1305
f 1305/1437/1305 1330/1466/1330 1306/1438/1306
f 1330/1466/1330 1310/1442/1310 1306/1438/1306
f 1331/1467/1331 1320/1454/1320 1310/1442/1310
f 1312/1444/1312 1332/1468/1332 1303/1435/1303
f 1333/1469/1333 1313/1445/1313 1334/1470/1334
f 1334/1470/1334 1314/1446/1314 1335/1471/1335
f 1336/1472/1336 1327/1463/1327 1337/1473/1337
f 1337/1473/1337 1338/1474/1338 1336/1472/1336
f 1338/1474/1338 1339/1475/1339 1340/1476/1340
f 1341/1477/1341 1339/1475/1339 1342/1478/1342
f 1342/1478/1342 1343/1479/1343 1341/1477/1341
f 1344/1480/1344 1343/1479/1343 1345/1481/1345
f 1346/1482/1346 1347/1483/1347 1344/1480/1344
f 1346/1482/1346 1348/1484/1348 1349/1485/1349
f 1350/1486/1350 1351/1487/1351 1352/1488/1352
f 1352/1488/1352 1353/1489/1353 1350/1486/1350
f 1354/1490/1354 1353/1489/1353 1355/1491/1355
f 1356/1492/1356 1357/1493/1357 1354/1490/1354
f 1358/1494/1358 1359/1495/1359 1360/1496/1360
f 1361/1497/1361 1362/1498/1362 1363/1499/1363
f 1364/1500/1364 1365/1501/1365 1366/1502/1366
f 1367/1503/1367 1368/1504/1368 1369/1505/1369
f 1368/1504/1368 1370/1506/1370 1369/1505/1369
f 1371/1507/1371 1372/1508/1372 1319/1453/1319
f 1302/1434/1302 1319/1453/1319 1372/1508/1372
f 1302/1434/1302 1373/1509/1373 1301/1433/1301
f 1364/1500/1364 1366/1502/1366 1374/1510/1374
f 1373/1509/1373 1368/1504/1368 1375/1511/1375
f 1376/1512/1376 1377/1513/1377 1367/1514/1367
f 1369/1515/1369 1376/1512/1376 1367/1514/1367
f 1370/1516/1370 1378/1517/1378 1369/1515/1369
f 1371/1518/1371 1379/1519/1379 1370/1516/1370
f 1380/1520/1380 1371/1518/1371 1318/1521/1318
f 1381/1522/1381 1363/1523/1363 1377/1513/1377
f 1363/1523/1363 1382/1524/1382 1383/1525/1383
f 1381/1522/1381 1384/1526/1384 1382/1524/1382
f 1378/1517/1378 1384/1526/1384 1376/1512/1376
f 1379/1519/1379 1385/1527/1385 1378/1517/1378
f 1386/1528/1386 1318/1521/1318 1317/1529/1317
f 1383/1525/1383 1387/1530/1387 1360/1531/1360
f 1388/1532/1388 1382/1524/1382 1384/1526/1384
f 1385/1527/1385 1388/1532/1388 1384/1526/1384
f 1389/1533/1389 1380/1520/1380 1386/1528/1386
f 1390/1534/1390 1317/1529/1317 1324/1535/1324
f 1391/1536/1391 1386/1528/1386 1390/1534/1390
f 1392/1537/1392 1389/1533/1389 1391/1536/1391
f 1393/1538/1393 1388/1532/1388 1392/1537/1392
f 1394/1539/1394 1360/1531/1360 1387/1530/1387
f 1394/1539/1394 1387/1530/1387 1393/1538/1393
f 1395/1540/1395 1357/1541/1357 1394/1539/1394
f 1396/1542/1396 1353/1543/1353 1395/1540/1395
f 1397/1544/1397 1394/1539/1394 1393/1538/1393
f 1395/1540/1395 1398/1545/1398 1396/1542/1396
f 1397/1544/1397 1392/1537/1392 1399/1546/1399
f 1397/1544/1397 1400/1547/1400 1398/1545/1398
f 1391/1536/1391 1399/1546/1399 1392/1537/1392
f 1400/1547/1400 1401/1548/1401 1402/1549/1402
f 1403/1550/1403 1324/1535/1324 1326/1551/1326
f 1326/1551/1326 1404/1552/1404 1403/1550/1403
f 1401/1548/1401 1390/1534/1390 1403/1550/1403
f 1405/1553/1405 1296/1425/1296 1295/1424/1295
f 1406/1554/1406 1407/1555/1407 1296/1425/1296
f 1309/1556/1309 1408/1557/1408 1327/1463/1327
f 1337/1473/1337 1327/1463/1327 1408/1557/1408
f 1409/1558/1409 1408/1557/1408 1322/1559/1322
f 1410/1560/1410 1322/1456/1322 1321/1455/1321
f 1337/1473/1337 1411/1561/1411 1412/1562/1412
f 1413/1563/1413 1350/1564/1350 1396/1542/1396
f 1396/1542/1396 1414/1565/1414 1413/1563/1413
f 1415/1566/1415 1413/1563/1413 1416/1567/1416
f 1398/1545/1398 1417/1568/1417 1414/1565/1414
f 1417/1568/1417 1418/1569/1418 1414/1565/1414
f 1402/1549/1402 1417/1568/1417 1400/1547/1400
f 1328/1570/1328 1419/1571/1419 1404/1552/1404
f 1420/1572/1420 1336/1573/1336 1338/1574/1338
f 1421/1575/1421 1338/1574/1338 1340/1576/1340
f 1422/1577/1422 1423/1578/1423 1417/1568/1417
f 1340/1576/1340 1424/1579/1424 1421/1575/1421
f 1425/1580/1425 1341/1581/1341 1343/1582/1343
f 1343/1583/1343 1426/1584/1426 1425/1585/1425
f 1427/1586/1427 1347/1587/1347 1349/1588/1349
f 1349/1588/1349 1415/1566/1415 1427/1586/1427
f 1428/1589/1428 1427/1586/1427 1415/1566/1415
f 1416/1567/1416 1428/1589/1428 1415/1566/1415
f 1418/1569/1418 1429/1590/1429 1416/1567/1416
f 1423/1578/1423 1430/1591/1430 1418/1569/1418
f 1431/1592/1431 1432/1593/1432 1423/1578/1423
f 1433/1594/1433 1401/1548/1401 1403/1550/1403
f 1403/1550/1403 1404/1552/1404 1433/1594/1433
f 1422/1577/1422 1433/1594/1433 1434/1595/1434
f 1431/1592/1431 1434/1595/1434 1435/1596/1435
f 1436/1597/1436 1435/1596/1435 1437/1598/1437
f 1404/1552/1404 1434/1595/1434 1433/1594/1433
f 1438/1599/1438 1435/1596/1435 1434/1595/1434
f 1439/1600/1439 1437/1598/1437 1435/1596/1435
f 1438/1599/1438 1404/1552/1404 1419/1571/1419
f 1439/1600/1439 1419/1571/1419 1440/1601/1440
f 1440/1601/1440 1419/1571/1419 1420/1572/1420
f 1420/1572/1420 1441/1602/1441 1440/1601/1440
f 1442/1603/1442 1440/1601/1440 1443/1604/1443
f 1443/1604/1443 1440/1601/1440 1441/1602/1441
f 1421/1575/1421 1444/1605/1444 1441/1602/1441
f 1424/1579/1424 1445/1606/1445 1444/1605/1444
f 1425/1585/1425 1446/1607/1446 1445/1608/1445
f 1426/1584/1426 1447/1609/1447 1446/1607/1446
f 1448/1610/1448 1449/1611/1449 1354/1490/1354
f 1450/1612/1450 1355/1491/1355 1352/1488/1352
f 508/1613/508 1451/1614/1451 513/1615/513
f 1452/1616/1452 1450/1612/1450 1451/1614/1451
f 1352/1488/1352 1453/1617/1453 1450/1612/1450
f 512/1618/512 1451/1614/1451 1453/1617/1453
f 1453/1617/1453 514/1619/514 512/1618/512
f 1351/1487/1351 1454/1620/1454 1453/1617/1453
f 516/1621/516 1454/1620/1454 1455/1622/1455
f 1455/1622/1455 1346/1482/1346 1344/1480/1344
f 518/1623/518 1455/1622/1455 1456/1624/1456
f 1456/1624/1456 1344/1480/1344 1345/1481/1345
f 1456/1624/1456 521/1625/521 518/1623/518
f 1457/1626/1457 1345/1481/1345 1342/1478/1342
f 1342/1478/1342 1458/1627/1458 1457/1626/1457
f 1457/1626/1457 524/1628/524 521/1625/521
f 1459/1629/1459 1339/1475/1339 1412/1562/1412
f 1411/1561/1411 1459/1629/1459 1412/1562/1412
f 1458/1627/1458 527/1630/527 524/1628/524
f 1460/1631/1460 1458/1627/1458 1459/1629/1459
f 1459/1629/1459 1461/1632/1461 1460/1631/1460
f 530/1633/530 1460/1631/1460 1461/1632/1461
f 1411/1561/1411 1462/1634/1462 1463/1635/1463
f 1462/1634/1462 1464/1636/1464 1463/1635/1463
f 530/1633/530 1465/1637/1465 536/1638/536
f 1461/1632/1461 1464/1636/1464 1465/1637/1465
f 536/1638/536 1466/1639/1466 834/1640/834
f 1467/1641/1467 1468/1642/1468 1469/1643/1469
f 1466/1639/1466 1464/1636/1464 1467/1641/1467
f 1407/1555/1407 1335/1471/1335 1314/1446/1314
f 1470/1644/1470 1471/1645/1471 1407/1555/1407
f 1472/1646/1472 1473/1647/1473 1474/1648/1474
f 1475/1649/1475 1476/1650/1476 1477/1651/1477
f 1477/1651/1477 1478/1652/1478 1475/1649/1475
f 1479/1653/1479 1480/1654/1480 1481/1655/1481
f 1474/1648/1474 1482/1656/1482 1472/1646/1472
f 1483/1657/1483 1484/1658/1484 1482/1656/1482
f 1485/1659/1485 1486/1660/1486 1487/1661/1487
f 1487/1661/1487 1488/1662/1488 1485/1659/1485
f 1489/1663/1489 1479/1653/1479 1481/1655/1481
f 1475/1649/1475 1490/1664/1490 1473/1647/1473
f 1478/1652/1478 1491/1665/1491 1475/1649/1475
f 1478/1652/1478 1479/1653/1479 1492/1666/1492
f 1474/1648/1474 1490/1664/1490 1493/1667/1493
f 1483/1657/1483 1493/1667/1493 1494/1668/1494
f 1484/1658/1484 1495/1669/1495 1482/1656/1482
f 1496/1670/1496 1482/1656/1482 1495/1669/1495
f 1472/1646/1472 1497/1671/1497 1476/1650/1476
f 1477/1651/1477 1497/1671/1497 1498/1672/1498
f 1484/1658/1484 1499/1673/1499 1500/1674/1500
f 1498/1672/1498 1480/1654/1480 1477/1651/1477
f 1501/1675/1501 1481/1655/1481 1480/1654/1480
f 1502/1676/1502 1489/1663/1489 1481/1655/1481
f 1502/1676/1502 1503/1677/1503 1504/1678/1504
f 1505/1679/1505 1504/1678/1504 1506/1680/1506
f 1501/1675/1501 1507/1681/1507 1503/1677/1503
f 1498/1672/1498 1508/1682/1508 1507/1681/1507
f 1496/1670/1496 1508/1682/1508 1497/1671/1497
f 1495/1669/1495 1509/1683/1509 1496/1670/1496
f 1510/1684/1510 1500/1674/1500 1511/1685/1511
f 1512/1686/1512 1506/1680/1506 1513/1687/1513
f 1489/1663/1489 1512/1686/1512 1514/1688/1514
f 1514/1688/1514 1515/1689/1515 1489/1663/1489
f 1516/1690/1516 1512/1686/1512 1513/1687/1513
f 1517/1691/1517 1514/1688/1514 1512/1686/1512
f 1514/1688/1514 1518/1692/1518 1519/1693/1519
f 1520/1694/1520 1507/1681/1507 1508/1682/1508
f 1521/1695/1521 1508/1682/1508 1509/1683/1509
f 1510/1684/1510 1521/1695/1521 1509/1683/1509
f 1511/1685/1511 1522/1696/1522 1510/1684/1510
f 1523/1697/1523 1513/1687/1513 1506/1680/1506
f 1516/1690/1516 1524/1698/1524 1525/1699/1525
f 1511/1685/1511 1499/1673/1499 1526/1700/1526
f 1527/1701/1527 1526/1700/1526 1528/1702/1528
f 1529/1703/1529 1485/1659/1485 1488/1662/1488
f 1530/1704/1530 1526/1700/1526 1529/1703/1529
f 1526/1700/1526 1499/1673/1499 1529/1703/1529
f 1487/1705/1487 1531/1706/1531 1532/1707/1532
f 1533/1708/1533 1494/1709/1494 1493/1710/1493
f 1490/1711/1490 1533/1708/1533 1493/1710/1493
f 1491/1712/1491 1534/1713/1534 1490/1711/1490
f 1535/1714/1535 1492/1715/1492 1519/1693/1519
f 1520/1694/1520 1503/1677/1503 1507/1681/1507
f 1536/1716/1536 1504/1678/1504 1503/1677/1503
f 1523/1697/1523 1506/1680/1506 1504/1678/1504
f 1537/1717/1537 1538/1718/1538 1375/1511/1375
f 1539/1719/1539 1540/1720/1540 1541/1721/1541
f 1542/1722/1542 619/674/619 1543/1723/1543
f 1544/1724/1544 1542/1722/1542 1543/1723/1543
f 1541/1721/1541 1545/1725/1545 1546/1726/1546
f 1546/1726/1546 1547/1727/1547 1548/1728/1548
f 1548/1728/1548 1373/1509/1373 1375/1511/1375
f 1547/1727/1547 1301/1433/1301 1373/1509/1373
f 1545/1725/1545 1549/1729/1549 1547/1727/1547
f 1550/1730/1550 1544/1724/1544 1551/1731/1551
f 1544/1724/1544 1552/1732/1552 1551/1731/1551
f 630/685/630 1543/1723/1543 619/674/619
f 630/685/630 1553/1733/1553 1552/1732/1552
f 1552/1732/1552 1554/1734/1554 1551/1731/1551
f 1551/1731/1551 1555/1735/1555 1550/1730/1550
f 1556/1736/1556 1550/1730/1550 1555/1735/1555
f 1549/1729/1549 1298/1427/1298 1301/1433/1301
f 632/687/632 1557/1737/1557 1553/1733/1553
f 1553/1733/1553 1558/1738/1558 1554/1734/1554
f 1554/1734/1554 1559/1739/1559 1555/1735/1555
f 1555/1735/1555 1560/1740/1560 1556/1736/1556
f 1556/1736/1556 1299/1428/1299 1298/1427/1298
f 1561/1741/1561 641/696/641 643/698/643
f 1562/1742/1562 1557/1737/1557 1561/1741/1561
f 1558/1738/1558 1563/1743/1563 1559/1739/1559
f 1564/1744/1564 1559/1739/1559 1563/1743/1563
f 1560/1740/1560 1295/1431/1295 1299/1428/1299
f 1562/1742/1562 1565/1745/1565 1563/1743/1563
f 1566/1746/1566 1563/1743/1563 1565/1745/1565
f 1405/1747/1405 1564/1744/1564 1566/1746/1566
f 1567/1748/1567 651/707/651 1568/1749/1568
f 1569/1750/1569 1568/1749/1568 1570/1751/1570
f 1571/1752/1571 1569/1750/1569 1570/1751/1570
f 1572/1753/1572 1573/1754/1573 1571/1752/1571
f 1574/1755/1574 1575/1756/1575 1572/1753/1572
f 1576/1757/1576 1577/1758/1577 1578/1759/1578
f 1578/1759/1578 1579/1760/1579 1580/1761/1580
f 1579/1760/1579 664/1762/664 1580/1761/1580
f 1581/1763/1581 1571/1752/1571 1582/1764/1582
f 1572/1753/1572 1583/1765/1583 1574/1755/1574
f 1584/1766/1584 1574/1755/1574 1583/1765/1583
f 1577/1758/1577 1585/1767/1585 1579/1760/1579
f 670/1768/670 1585/1767/1585 671/1769/671
f 1571/1752/1571 1586/1770/1586 1582/1764/1582
f 1570/1751/1570 1587/1771/1587 1586/1770/1586
f 675/731/675 1568/1749/1568 651/707/651
f 1588/1772/1588 675/731/675 677/733/677
f 1589/1773/1589 1586/1770/1586 1587/1771/1587
f 1589/1773/1589 1587/1771/1587 1588/1772/1588
f 1582/1764/1582 1590/1774/1590 1591/1775/1591
f 1591/1775/1591 1581/1763/1581 1582/1764/1582
f 1592/1776/1592 1583/1765/1583 1581/1763/1581
f 1583/1765/1583 1593/1777/1593 1584/1766/1584
f 1594/1778/1594 1584/1766/1584 1593/1777/1593
f 671/1769/671 1594/1778/1594 687/1779/687
f 1594/1778/1594 686/1780/686 687/1779/687
f 1593/1777/1593 1595/1781/1595 1594/1778/1594
f 1596/1782/1596 1593/1777/1593 1597/1783/1597
f 1597/1783/1597 1598/1784/1598 1596/1782/1596
f 1599/1785/1599 1596/1782/1596 1598/1784/1598
f 1596/1782/1596 1600/1786/1600 1601/1787/1601
f 1601/1787/1601 1602/1788/1602 1595/1781/1595
f 696/1789/696 1595/1781/1595 1602/1788/1602
f 1592/1776/1592 1603/1790/1603 1598/1784/1598
f 1598/1784/1598 1604/1791/1604 1599/1785/1599
f 1605/1792/1605 1591/1775/1591 1590/1774/1590
f 1605/1792/1605 1604/1791/1604 1603/1790/1603
f 1588/1772/1588 700/756/700 1606/1793/1606
f 1589/1773/1589 1606/1793/1606 1607/1794/1607
f 1590/1774/1590 1607/1794/1607 1605/1792/1605
f 1604/1791/1604 1605/1792/1605 1608/1795/1608
f 1602/1788/1602 704/1796/704 696/1789/696
f 706/1797/706 1609/1798/1609 1610/1799/1610
f 706/1797/706 1611/1800/1611 710/1801/710
f 1612/1802/1612 710/1801/710 1611/1800/1611
f 1609/1798/1609 1600/1786/1600 1613/1803/1613
f 1613/1803/1613 1614/1804/1614 1615/1805/1615
f 1610/1799/1610 1613/1803/1613 1616/1806/1616
f 1616/1806/1616 1615/1805/1615 1617/1807/1617
f 1616/1806/1616 1611/1800/1611 1610/1799/1610
f 1617/1807/1617 1618/1808/1618 1616/1806/1616
f 1618/1808/1618 1612/1802/1612 1611/1800/1611
f 1619/1809/1619 1620/1810/1620 1618/1808/1618
f 1599/1785/1599 1617/1807/1617 1615/1805/1615
f 1604/1791/1604 1621/1811/1621 1599/1785/1599
f 1604/1791/1604 1622/1812/1622 1621/1811/1621
f 1619/1809/1619 1621/1811/1621 1622/1812/1622
f 1623/1813/1623 1622/1812/1622 1624/1814/1624
f 1624/1814/1624 1608/1795/1608 1625/1815/1625
f 1605/1792/1605 1625/1815/1625 1608/1795/1608
f 1607/1794/1607 1626/1816/1626 1605/1792/1605
f 725/1817/725 1612/1802/1612 1627/1818/1627
f 1620/1810/1620 1627/1818/1627 1612/1802/1612
f 1628/1819/1628 1623/1813/1623 1629/1820/1629
f 1629/1820/1629 1624/1814/1624 1630/1821/1630
f 1630/1821/1630 1625/1815/1625 1631/1822/1631
f 1631/1822/1631 1626/1816/1626 1632/1823/1632
f 1626/1816/1626 1633/1824/1633 1632/1823/1632
f 732/1825/732 1627/1818/1627 1634/1826/1634
f 1634/1826/1634 1628/1819/1628 1635/1827/1635
f 1629/1820/1629 1635/1827/1635 1628/1819/1628
f 1630/1821/1630 1636/1828/1636 1629/1820/1629
f 1637/1829/1637 732/1825/732 1634/1826/1634
f 1637/1829/1637 1635/1827/1635 1638/1830/1638
f 1639/1831/1639 1638/1830/1638 1636/1828/1636
f 1631/1822/1631 1640/1832/1640 1630/1821/1630
f 1632/1823/1632 1641/1833/1641 1631/1822/1631
f 1636/1828/1636 1640/1832/1640 1639/1831/1639
f 1639/1831/1639 1641/1833/1641 1642/1834/1642
f 1642/1834/1642 1643/1835/1643 1644/1836/1644
f 1637/1829/1637 744/1837/744 1645/1838/1645
f 1638/1830/1638 1646/1839/1646 1637/1829/1637
f 747/1840/747 1646/1839/1646 1647/1841/1647
f 1648/1842/1648 1646/1839/1646 1649/1843/1649
f 1650/1844/1650 1647/1841/1647 1648/1842/1648
f 1647/1841/1647 751/1845/751 747/1840/747
f 1651/1846/1651 1638/1830/1638 1639/1831/1639
f 1652/1847/1652 1649/1843/1649 1651/1846/1651
f 1653/1848/1653 1648/1842/1648 1652/1847/1652
f 1644/1836/1644 1652/1847/1652 1642/1834/1642
f 1651/1846/1651 1642/1834/1642 1652/1847/1652
f 757/1849/757 1654/1850/1654 1655/1851/1655
f 1650/1844/1650 1655/1851/1655 1654/1850/1654
f 1650/1844/1650 1656/1852/1656 1657/1853/1657
f 1653/1848/1653 1658/1854/1658 1656/1852/1656
f 1659/1855/1659 1644/1836/1644 1643/1835/1643
f 1632/1823/1632 1659/1855/1659 1643/1835/1643
f 1660/1856/1660 762/1857/762 1661/1858/1661
f 1662/1859/1662 1660/1856/1660 1663/1860/1663
f 767/823/767 1660/1856/1660 768/824/768
f 769/1861/769 1661/1858/1661 762/1857/762
f 1655/1851/1655 769/1861/769 757/1849/757
f 1657/1853/1657 1664/1862/1664 1655/1851/1655
f 1663/1860/1663 1664/1862/1664 1665/1863/1665
f 1656/1852/1656 1666/1864/1666 1665/1863/1665
f 1663/1860/1663 1665/1863/1665 1666/1864/1666
f 1667/1865/1667 1658/1854/1658 1659/1855/1659
f 1668/1866/1668 1666/1864/1666 1667/1865/1667
f 1662/1859/1662 1663/1860/1663 1668/1866/1668
f 1633/1824/1633 1667/1865/1667 1659/1855/1659
f 1606/1793/1606 1669/1867/1669 1607/1794/1607
f 1668/1866/1668 1669/1867/1669 1670/1868/1670
f 1668/1866/1668 1671/1869/1671 1662/1859/1662
f 1606/1793/1606 1670/1868/1670 1669/1867/1669
f 700/756/700 1670/1868/1670 1606/1793/1606
f 1670/1868/1670 779/835/779 1671/1869/1671
f 780/836/780 1671/1869/1671 971/1067/971
f 768/824/768 1662/1859/1662 780/836/780
f 1669/1867/1669 1633/1824/1633 1607/1794/1607
f 1329/1465/1329 1672/1870/1672 1330/1466/1330
f 1329/1465/1329 1332/1468/1332 1673/1871/1673
f 1333/1469/1333 1674/1872/1674 1332/1468/1332
f 1335/1471/1335 1674/1872/1674 1334/1470/1334
f 1675/1873/1675 1676/1874/1676 1677/1875/1677
f 1678/1876/1678 1677/1875/1677 1471/1645/1471
f 1679/1877/1679 1470/1644/1470 1680/1878/1680
f 1680/1878/1680 1470/1644/1470 1406/1554/1406
f 1675/1873/1675 1679/1877/1679 1681/1879/1681
f 1561/1741/1561 790/846/790 1682/1880/1682
f 1683/1881/1683 1561/1741/1561 1682/1880/1682
f 1684/1882/1684 1682/1880/1682 1685/1883/1685
f 1686/1884/1686 1683/1881/1683 1684/1882/1684
f 1686/1884/1686 1566/1746/1566 1565/1745/1565
f 1687/1885/1687 1405/1747/1405 1566/1746/1566
f 1406/1554/1406 1687/1886/1687 1680/1878/1680
f 1567/1887/1567 795/853/795 652/1888/652
f 1688/1889/1688 1569/1890/1569 1689/1891/1689
f 1573/1892/1573 1689/1891/1689 1569/1890/1569
f 1690/1893/1690 1573/1892/1573 1575/1894/1575
f 1575/1894/1575 1691/1895/1691 1690/1893/1690
f 1576/1896/1576 1692/1897/1692 1691/1895/1691
f 1578/1898/1578 1693/1899/1693 1692/1897/1692
f 1580/1900/1580 803/1901/803 1693/1899/1693
f 1688/1889/1688 1694/1902/1694 795/853/795
f 1685/1883/1685 1695/1903/1695 1684/1882/1684
f 1696/1904/1696 1688/1889/1688 1689/1891/1689
f 1695/1903/1695 1686/1884/1686 1684/1882/1684
f 1689/1891/1689 1697/1905/1697 1696/1904/1696
f 1696/1904/1696 1687/1885/1687 1686/1884/1686
f 1698/1906/1698 1699/1907/1699 1690/1893/1690
f 1680/1878/1680 1697/1908/1697 1698/1909/1698
f 1700/1910/1700 1690/1893/1690 1691/1895/1691
f 1691/1895/1691 1701/1911/1701 1700/1910/1700
f 1692/1897/1692 1702/1912/1702 1701/1911/1701
f 1698/1909/1698 1679/1877/1679 1680/1878/1680
f 1681/1879/1681 1700/1913/1700 1703/1914/1703
f 1681/1879/1681 1704/1915/1704 1675/1873/1675
f 1703/1914/1703 1700/1913/1700 1701/1916/1701
f 1702/1912/1702 1705/1917/1705 1701/1911/1701
f 1672/1870/1672 1331/1467/1331 1330/1466/1330
f 1706/1918/1706 1707/1919/1707 1331/1467/1331
f 1332/1468/1332 1674/1872/1674 1673/1871/1673
f 1335/1471/1335 1677/1875/1677 1674/1872/1674
f 1708/1920/1708 1702/1912/1702 1709/1921/1709
f 1710/1922/1710 803/1901/803 822/1923/822
f 1702/1912/1702 1693/1899/1693 1710/1922/1710
f 822/1923/822 1711/1924/1711 1710/1922/1710
f 1709/1921/1709 1710/1922/1710 1711/1924/1711
f 824/1925/824 1712/1926/1712 1711/1924/1711
f 1711/1924/1711 1713/1927/1713 1709/1921/1709
f 1714/1928/1714 1713/1927/1713 1715/1929/1715
f 827/1930/827 1716/1931/1716 1712/1926/1712
f 1713/1927/1713 1716/1931/1716 1717/1932/1717
f 1718/1933/1718 831/1934/831 833/1935/833
f 1466/1639/1466 833/1935/833 834/1640/834
f 1717/1932/1717 1715/1929/1715 1713/1927/1713
f 1719/1936/1719 1409/1937/1409 1410/1560/1410
f 1720/1938/1720 1462/1939/1462 1719/1936/1719
f 1720/1938/1720 1469/1940/1469 1468/1941/1468
f 1721/1942/1721 1469/1940/1469 1722/1943/1722
f 1723/1944/1723 1724/1945/1724 1721/1942/1721
f 1725/1946/1725 1726/1947/1726 1715/1948/1715
f 1727/1949/1727 1728/1950/1728 1729/1951/1729
f 1730/1952/1730 1704/1915/1704 1731/1953/1731
f 1701/1916/1701 1732/1954/1732 1703/1914/1703
f 1703/1914/1703 1733/1955/1733 1681/1879/1681
f 1727/1949/1727 1734/1956/1734 1735/1957/1735
f 1414/1565/1414 1416/1567/1416 1413/1563/1413
f 1729/1951/1729 1732/1954/1732 1727/1949/1727
f 1736/1958/1736 1737/1959/1737 1738/1960/1738
f 1739/1961/1739 1740/1962/1740 1707/1919/1707
f 1707/1919/1707 1740/1962/1740 1320/1454/1320
f 1410/1560/1410 1740/1962/1740 1736/1958/1736
f 1719/1936/1719 1736/1958/1736 1738/1960/1738
f 1741/1963/1741 1719/1936/1719 1738/1960/1738
f 1741/1963/1741 1722/1943/1722 1720/1938/1720
f 1715/1948/1715 1742/1964/1742 1714/1965/1714
f 1726/1947/1726 1743/1966/1743 1742/1964/1742
f 1722/1943/1722 1744/1967/1744 1721/1942/1721
f 1722/1943/1722 1745/1968/1745 1746/1969/1746
f 1747/1970/1747 1523/1697/1523 1536/1716/1536
f 1520/1694/1520 1747/1970/1747 1536/1716/1536
f 1521/1695/1521 1748/1971/1748 1520/1694/1520
f 1739/1961/1739 1749/1972/1749 1750/1973/1750
f 1751/1974/1751 1677/1875/1677 1676/1874/1676
f 1673/1871/1673 1674/1872/1674 1751/1974/1751
f 1751/1974/1751 1672/1870/1672 1673/1871/1673
f 1752/1975/1752 1676/1874/1676 1730/1952/1730
f 1750/1973/1750 1753/1976/1753 1754/1977/1754
f 1755/1978/1755 1749/1972/1749 1706/1918/1706
f 1706/1918/1706 1752/1975/1752 1755/1978/1755
f 1730/1952/1730 1755/1978/1755 1752/1975/1752
f 1731/1953/1731 1733/1955/1733 1729/1951/1729
f 1729/1951/1729 1756/1979/1756 1731/1953/1731
f 1731/1953/1731 1757/1980/1757 1730/1952/1730
f 1753/1976/1753 1757/1980/1757 1758/1981/1758
f 1758/1981/1758 1754/1977/1754 1753/1976/1753
f 1759/1982/1759 1756/1979/1756 1760/1983/1760
f 1760/1983/1760 1756/1979/1756 1728/1950/1728
f 1754/1977/1754 1761/1984/1761 1762/1985/1762
f 1763/1986/1763 1764/1987/1764 1765/1988/1765
f 1765/1988/1765 1766/1989/1766 1767/1990/1767
f 1734/1956/1734 1765/1988/1765 1735/1957/1735
f 1767/1990/1767 1735/1957/1735 1765/1988/1765
f 1728/1950/1728 1768/1991/1768 1760/1983/1760
f 1761/1984/1761 1760/1983/1760 1768/1991/1768
f 1766/1989/1766 1768/1991/1768 1767/1990/1767
f 1769/1992/1769 1768/1991/1768 1770/1993/1770
f 1721/1942/1721 1771/1994/1771 1723/1944/1723
f 1723/1944/1723 1772/1995/1772 1726/1947/1726
f 1773/1996/1773 1743/1966/1743 1772/1995/1772
f 1717/1932/1717 1718/1933/1718 1774/1997/1774
f 1466/1639/1466 1774/1997/1774 1718/1933/1718
f 1775/1998/1775 1761/1984/1761 1769/1992/1769
f 1754/1977/1754 1776/1999/1776 1750/1973/1750
f 1123/1228/1123 1151/1263/1151 1122/1227/1122
f 1201/1323/1201 1777/2000/1777 1202/1324/1202
f 1203/1325/1203 1132/1237/1132 1130/1235/1130
f 1179/1294/1179 1191/1309/1191 1181/1296/1181
f 1195/1316/1195 1205/2001/1205 1192/1310/1192
f 1319/1453/1319 1318/1452/1318 1371/1507/1371
f 1334/1470/1334 1674/1872/1674 1333/1469/1333
f 1450/1612/1450 1453/1617/1453 1451/1614/1451
f 1471/1645/1471 1677/1875/1677 1335/1471/1335
f 1599/1785/1599 1615/1805/1615 1614/1804/1614
f 1656/1852/1656 1665/1863/1665 1657/1853/1657
f 1203/1325/1203 1199/1321/1199 1198/1320/1198
f 1199/1321/1199 1135/1241/1135 1136/1244/1136
f 1320/1454/1320 1410/1560/1410 1321/1455/1321
f 1756/1979/1756 1758/1981/1758 1757/1980/1757
f 893/969/893 1682/1880/1682 790/846/790
f 1685/1883/1685 894/970/894 1694/1902/1694
f 1694/1902/1694 894/970/894 795/853/795
f 1745/1968/1745 1529/1703/1529 1778/2002/1778
f 1529/1703/1529 1488/1662/1488 1778/2002/1778
f 1746/1969/1746 1745/1968/1745 1778/2002/1778
f 1488/1662/1488 1779/2003/1779 1778/2002/1778
f 1780/2004/1780 1778/2002/1778 1779/2003/1779
f 1780/2004/1780 1744/1967/1744 1746/1969/1746
f 1781/2005/1781 1744/1967/1744 1782/2006/1782
f 1771/1994/1771 1773/1996/1773 1772/1995/1772
f 1532/1707/1532 1783/2007/1783 1779/2008/1779
f 1784/2009/1784 1779/2008/1779 1783/2007/1783
f 1780/2010/1780 1785/2011/1785 1782/2012/1782
f 1786/2013/1786 1782/2012/1782 1785/2011/1785
f 1781/2014/1781 1787/2015/1787 1773/2016/1773
f 1773/2016/1773 1788/2017/1788 1789/2018/1789
f 1788/2017/1788 1764/1987/1764 1789/2018/1789
f 1790/2019/1790 1787/2015/1787 1786/2013/1786
f 1785/2011/1785 1790/2019/1790 1786/2013/1786
f 1791/2020/1791 1785/2011/1785 1784/2009/1784
f 1783/2007/1783 1791/2020/1791 1784/2009/1784
f 1494/1668/1494 1486/1660/1486 1483/1657/1483
f 1531/1706/1531 1792/2021/1792 1783/2007/1783
f 1747/1970/1747 1737/1959/1737 1739/1961/1739
f 1739/1961/1739 1524/1698/1524 1747/1970/1747
f 1776/1999/1776 1525/1699/1525 1750/1973/1750
f 1738/1960/1738 1748/1971/1748 1793/2022/1793
f 1522/1696/1522 1793/2022/1793 1748/1971/1748
f 1793/2022/1793 1528/1702/1528 1794/2023/1794
f 1530/1704/1530 1794/2023/1794 1528/1702/1528
f 1738/1960/1738 1794/2023/1794 1741/1963/1741
f 1530/1704/1530 1741/1963/1741 1794/2023/1794
f 1522/1696/1522 1527/1701/1527 1793/2022/1793
f 1521/1695/1521 1522/1696/1522 1748/1971/1748
f 1520/1694/1520 1748/1971/1748 1747/1970/1747
f 1747/1970/1747 1748/1971/1748 1737/1959/1737
f 1739/1961/1739 1525/1699/1525 1524/1698/1524
f 1747/1970/1747 1524/1698/1524 1523/1697/1523
f 1750/1973/1750 1525/1699/1525 1739/1961/1739
f 1714/1928/1714 1708/1920/1708 1709/1921/1709
f 1734/2024/1734 1714/1965/1714 1742/1964/1742
f 1763/2025/1763 1742/1964/1742 1743/1966/1743
f 1789/2026/1789 1763/2025/1763 1743/1966/1743
f 1724/2027/1724 1467/1641/1467 1469/1643/1469
f 1725/2028/1725 1774/1997/1774 1724/2027/1724
f 1766/1989/1766 1795/2029/1795 1796/2030/1796
f 1797/2031/1797 1762/1985/1762 1775/1998/1775
f 1517/1691/1517 1797/2031/1797 1798/2032/1798
f 1799/2033/1799 1798/2032/1798 1797/2031/1797
f 1800/2034/1800 1797/2031/1797 1775/1998/1775
f 1800/2034/1800 1769/1992/1769 1801/2035/1801
f 1492/1715/1492 1515/1689/1515 1519/1693/1519
f 1769/1992/1769 1802/2036/1802 1801/2035/1801
f 1803/2037/1803 1799/2033/1799 1804/2038/1804
f 1796/2030/1796 1770/1993/1770 1766/1989/1766
f 1805/2039/1805 1792/2021/1792 1806/2040/1806
f 1804/2038/1804 1806/2040/1806 1803/2037/1803
f 1803/2037/1803 1519/1693/1519 1518/1692/1518
f 1534/1713/1534 1803/2037/1803 1806/2040/1806
f 1533/1708/1533 1806/2040/1806 1792/2021/1792
f 1807/2041/1807 1790/2019/1790 1808/2042/1808
f 1809/2043/1809 1810/2044/1810 1807/2041/1807
f 1801/2035/1801 1809/2043/1809 1800/2034/1800
f 1804/2038/1804 1800/2034/1800 1809/2043/1809
f 1805/2039/1805 1809/2043/1809 1807/2041/1807
f 1791/2020/1791 1807/2041/1807 1808/2042/1808
f 1795/2029/1795 1790/2019/1790 1810/2044/1810
f 1796/2030/1796 1810/2044/1810 1811/2045/1811
f 1801/2035/1801 1802/2036/1802 1811/2045/1811
f 1802/2036/1802 1796/2030/1796 1811/2045/1811
f 1516/1690/1516 1776/1999/1776 1517/1691/1517
f 1812/2046/1812 1430/1591/1430 1813/2047/1813
f 1814/2048/1814 1430/1591/1430 1432/1593/1432
f 1432/1593/1432 1815/2049/1815 1814/2048/1814
f 1816/2050/1816 1436/1597/1436 1437/1598/1437
f 1816/2050/1816 1442/1603/1442 1817/2051/1817
f 1817/2051/1817 1443/1604/1443 1818/2052/1818
f 1441/1602/1441 1818/2052/1818 1443/1604/1443
f 1444/1605/1444 1819/2053/1819 1441/1602/1441
f 1820/2054/1820 1445/1606/1445 1821/2055/1821
f 1445/1608/1445 1822/2056/1822 1821/2057/1821
f 1446/1607/1446 1823/2058/1823 1822/2056/1822
f 1824/2059/1824 1429/1590/1429 1812/2046/1812
f 1824/2059/1824 1447/1609/1447 1428/1589/1428
f 1272/1396/1272 1824/2059/1824 1271/1395/1271
f 1812/2046/1812 1271/1395/1271 1824/2059/1824
f 1285/1414/1285 1812/2046/1812 1813/2047/1813
f 1813/2047/1813 1273/1397/1273 1285/1414/1285
f 1275/1399/1275 1814/2048/1814 1274/1398/1274
f 1274/1398/1274 1815/2049/1815 1825/2060/1825
f 1815/2049/1815 1826/2061/1826 1825/2060/1825
f 1826/2061/1826 1817/2051/1817 1827/2062/1827
f 1818/2052/1818 1827/2062/1827 1817/2051/1817
f 1828/2063/1828 1819/2053/1819 1829/2064/1829
f 1820/2054/1820 1829/2064/1829 1819/2053/1819
f 1821/2055/1821 1830/2065/1830 1820/2054/1820
f 1831/2066/1831 1821/2057/1821 1832/2067/1832
f 1277/1401/1277 1823/2058/1823 1272/1396/1272
f 1237/1361/1237 1831/2066/1831 1278/1402/1278
f 1833/2068/1833 1281/2069/1281 1834/2070/1834
f 1830/2065/1830 1833/2071/1833 1835/2072/1835
f 1834/2073/1834 1835/2072/1835 1833/2071/1833
f 1836/2074/1836 1829/2064/1829 1837/2075/1837
f 1837/2075/1837 1830/2065/1830 1835/2072/1835
f 1837/2075/1837 1835/2072/1835 1838/2076/1838
f 1836/2074/1836 1827/2062/1827 1828/2063/1828
f 1839/2077/1839 1826/2061/1826 1827/2062/1827
f 1840/2078/1840 1826/2061/1826 1841/2079/1841
f 1825/2060/1825 1840/2078/1840 1266/1390/1266
f 1842/2080/1842 1840/2078/1840 1843/2081/1843
f 1268/1392/1268 1843/2081/1843 1844/2082/1844
f 1840/2078/1840 1841/2079/1841 1843/2081/1843
f 1841/2079/1841 1844/2082/1844 1843/2081/1843
f 1845/2083/1845 1837/2075/1837 1846/2084/1846
f 1844/2082/1844 1839/2077/1839 1847/2085/1847
f 1837/2075/1837 1838/2076/1838 1846/2084/1846
f 1274/1398/1274 1825/2060/1825 1266/1390/1266
f 1244/1368/1244 1235/1359/1235 1232/1356/1232
f 1265/1389/1265 1242/1366/1242 1239/1363/1239
f 1847/2085/1847 1836/2074/1836 1845/2083/1845
f 1848/2086/1848 1844/2082/1844 1847/2085/1847
f 1849/2087/1849 1846/2084/1846 1850/2088/1850
f 1849/2087/1849 1847/2085/1847 1845/2083/1845
f 1850/2088/1850 1838/2076/1838 1851/2089/1851
f 1851/2089/1851 1838/2076/1838 1834/2073/1834
f 1848/2086/1848 1269/1393/1269 1268/1392/1268
f 1283/1410/1283 1848/2086/1848 1849/2087/1849
f 1282/1407/1282 1849/2087/1849 1850/2088/1850
f 1280/1405/1280 1850/2088/1850 1851/2089/1851
f 1281/1406/1281 1851/2089/1851 1834/2073/1834
f 1832/2067/1832 1277/1401/1277 1279/1403/1279
f 1278/1402/1278 1832/2067/1832 1279/1403/1279
f 1821/2057/1821 1822/2056/1822 1832/2067/1832
f 1276/1400/1276 1278/1402/1278 1279/1403/1279
f 1275/1399/1275 1813/2047/1813 1814/2048/1814
f 1840/2078/1840 1267/1391/1267 1266/1390/1266
f 1813/2047/1813 1275/1399/1275 1273/1397/1273
f 1086/1185/1086 1214/1338/1214 1087/1186/1087
f 1215/1339/1215 1088/1187/1088 1087/1186/1087
f 1727/1949/1727 1705/2090/1705 1708/2091/1708
f 1847/2085/1847 1839/2077/1839 1836/2074/1836
f 1834/2073/1834 1838/2076/1838 1835/2072/1835
f 1234/1358/1234 1233/1357/1233 1235/1359/1235
f 1249/1373/1249 1250/1374/1250 1276/1400/1276
f 1236/1360/1236 1281/2069/1281 1237/1361/1237
f 1233/1357/1233 1234/1358/1234 1250/1374/1250
f 1278/1402/1278 1250/1374/1250 1234/1358/1234
f 1008/1104/1008 1010/1106/1010 1015/1111/1015
f 1020/1116/1020 1018/1114/1018 1015/1111/1015
f 1016/1112/1016 1015/1111/1015 1010/1106/1010
f 73/73/73 64/64/64 1026/1122/1026
f 76/76/76 73/73/73 1033/1129/1033
f 1096/1195/1096 1081/1180/1081 1095/1194/1095
f 996/1092/996 1080/1179/1080 1094/1193/1094
f 995/1091/995 1079/1178/1079 1080/1179/1080
f 1132/1237/1132 1198/1320/1198 1200/1322/1200
f 1197/1318/1197 1204/1326/1204 1205/1328/1205
f 1192/1310/1192 1205/2001/1205 1196/1317/1196
f 1204/1326/1204 1203/1325/1203 1130/1235/1130
f 1065/1161/1065 1061/1157/1061 1063/1159/1063
f 1062/1158/1062 1123/2092/1123 1064/1160/1064
f 1195/1316/1195 1194/1315/1194 1180/1295/1180
f 1287/1430/1287 1300/1432/1300 1297/1426/1297
f 1297/1426/1297 1299/1428/1299 1295/1431/1295
f 1660/1856/1660 1662/1859/1662 768/824/768
f 1660/1856/1660 1661/1858/1661 1663/1860/1663
f 779/835/779 971/1067/971 1671/1869/1671
f 1651/1846/1651 1649/1843/1649 1638/1830/1638
f 1638/1830/1638 1635/1827/1635 1636/1828/1636
f 1088/1187/1088 1221/1345/1221 1072/1169/1072
f 1072/1169/1072 1050/1146/1050 1088/1187/1088
f 1215/1339/1215 1221/1345/1221 1088/1187/1088
f 1162/1275/1162 1113/1212/1113 1112/1211/1112
f 1126/1231/1126 1123/2092/1123 1062/1158/1062
f 1177/1292/1177 1180/1295/1180 1176/1290/1176
f 99/99/99 107/107/107 104/104/104
f 107/107/107 184/186/184 104/104/104
f 190/193/190 184/195/184 180/191/180
f 1057/1153/1057 1059/1155/1059 1128/1233/1128
f 1128/1233/1128 1852/2093/1852 1127/1232/1127
f 1127/1243/1127 1777/2000/1777 1201/1323/1201
f 99/99/99 103/103/103 102/102/102
f 183/185/183 102/102/102 103/103/103
f 191/196/191 186/2094/186 183/194/183
f 1057/1153/1057 1134/1239/1134 1058/1154/1058
f 1058/1154/1058 1133/1238/1133 1129/1234/1129
f 1127/1243/1127 1852/2095/1852 1777/2000/1777
f 1777/2000/1777 1129/2096/1129 1202/1324/1202
f 1202/1324/1202 1129/2096/1129 1200/1322/1200
f 1200/1322/1200 1133/1238/1133 1132/1237/1132
f 184/195/184 266/278/266 191/196/191
f 191/196/191 266/278/266 267/279/267
f 267/279/267 265/277/265 268/280/268
f 268/280/268 265/277/265 188/190/188
f 267/279/267 266/278/266 265/277/265
f 1129/2096/1129 1133/1238/1133 1200/1322/1200
f 1853/2097/1853 1854/2098/1854 1855/2099/1855
f 1856/2100/1856 1857/2101/1857 1858/2102/1858
f 1859/2103/1859 1860/2104/1860 1856/2100/1856
f 1861/2105/1861 1862/2106/1862 1863/2107/1863
f 1858/2102/1858 230/2108/230 1856/2100/1856
f 1856/2100/1856 1864/2109/1864 1859/2103/1859
f 1865/2110/1865 1866/2111/1866 1859/2103/1859
f 611/2112/611 610/2113/610 1860/2104/1860
f 1857/2101/1857 1853/2097/1853 1855/2099/1855
f 1867/2114/1867 1868/2115/1868 1869/2116/1869
f 415/2117/415 414/2118/414 1867/2114/1867
f 1870/2119/1870 1871/2120/1871 1872/2121/1872
f 1873/2122/1873 1874/2123/1874 1875/2124/1875
f 1873/2122/1873 607/2125/607 609/2126/609
f 1876/2127/1876 1877/2128/1877 1878/2129/1878
f 1876/2127/1876 1878/2129/1878 1879/2130/1879
f 1880/2131/1880 1881/2132/1881 1882/2133/1882
f 1883/2134/1883 1884/2135/1884 1885/2136/1885
f 1883/2134/1883 1886/2137/1886 1887/2138/1887
f 1888/2139/1888 1884/2135/1884 1887/2138/1887
f 1887/2138/1887 1869/2116/1869 1868/2115/1868
f 1889/2140/1889 1880/2131/1880 1886/2137/1886
f 1886/2137/1886 1882/2133/1882 1869/2116/1869
f 1890/2141/1890 1891/2142/1891 1892/2143/1892
f 1892/2143/1892 1893/2144/1893 1889/2140/1889
f 1894/2145/1894 1889/2140/1889 1883/2134/1883
f 1892/2143/1892 1895/2146/1895 1890/2141/1890
f 1896/2147/1896 274/2148/274 1883/2134/1883
f 276/2149/276 275/2150/275 1895/2146/1895
f 1897/2151/1897 1898/2152/1898 1899/2153/1899
f 1895/2146/1895 1900/2154/1900 1897/2151/1897
f 1897/2151/1897 1901/2155/1901 1902/2156/1902
f 1895/2146/1895 1899/2153/1899 1890/2141/1890
f 174/2157/174 1903/2158/1903 1900/2154/1900
f 1904/2159/1904 1900/2154/1900 1903/2158/1903
f 1898/2152/1898 1876/2127/1876 1899/2153/1899
f 1899/2153/1899 1905/2160/1905 1890/2141/1890
f 1875/2124/1875 1872/2121/1872 1871/2120/1871
f 1906/2161/1906 216/2162/216 1874/2123/1874
f 1874/2123/1874 215/2163/215 1872/2121/1872
f 1863/2107/1863 1907/2164/1907 1908/2165/1908
f 1909/2166/1909 228/2167/228 1907/2164/1907
f 227/2168/227 1910/2169/1910 1911/2170/1911
f 1908/2165/1908 1911/2170/1911 1873/2122/1873
f 1912/2171/1912 1913/2172/1913 1866/2111/1866
f 1914/2173/1914 1915/2174/1915 1916/2175/1916
f 1917/2176/1917 1918/2177/1918 1919/2178/1919
f 1857/2101/1857 1920/2179/1920 1858/2102/1858
f 1921/2180/1921 1922/2181/1922 1920/2179/1920
f 1923/2182/1923 1185/2183/1185 1922/2181/1922
f 1924/2184/1924 1184/2185/1184 1183/2186/1183
f 1925/2187/1925 1926/2188/1926 1927/2189/1927
f 1928/2190/1928 1924/2184/1924 1922/2181/1922
f 1929/2191/1929 1930/2192/1930 1921/2180/1921
f 1917/2176/1917 1857/2101/1857 1855/2099/1855
f 1931/2193/1931 1932/2194/1932 1933/2195/1933
f 1934/2196/1934 1935/2197/1935 1936/2198/1936
f 1937/2199/1937 1932/2194/1932 1938/2200/1938
f 1939/2201/1939 1940/2202/1940 1935/2197/1935
f 1941/2203/1941 1933/2195/1933 1937/2199/1937
f 1942/2204/1942 1943/2205/1943 1941/2203/1941
f 1374/2206/1374 1366/2207/1366 1944/2208/1944
f 1945/2209/1945 1946/2210/1946 1944/2208/1944
f 1927/2189/1927 1947/2211/1947 1948/2212/1948
f 1949/2213/1949 1449/2214/1449 1448/2215/1448
f 1949/2213/1949 1950/2216/1950 1951/2217/1951
f 1904/2218/1904 1952/2219/1952 1953/2220/1953
f 1954/2221/1954 1955/2222/1955 1956/2223/1956
f 1957/2224/1957 1958/2225/1958 1959/2226/1959
f 1960/2227/1960 1961/2228/1961 1962/2229/1962
f 1936/2198/1936 1962/2229/1962 1934/2196/1934
f 1957/2224/1957 1963/2230/1963 1960/2227/1960
f 1964/2231/1964 1960/2227/1960 1936/2198/1936
f 1949/2213/1949 1965/2232/1965 1966/2233/1966
f 1967/2234/1967 1966/2233/1966 1963/2230/1963
f 1963/2230/1963 1968/2235/1968 1961/2228/1961
f 1969/2236/1969 1966/2233/1966 1965/2232/1965
f 1898/2152/1898 1970/2237/1970 1971/2238/1971
f 1972/2239/1972 1969/2236/1969 1970/2237/1970
f 1901/2155/1901 1970/2237/1970 1902/2156/1902
f 1971/2238/1971 1969/2236/1969 1965/2232/1965
f 1220/2240/1220 1973/2241/1973 1972/2239/1972
f 1972/2239/1972 1904/2159/1904 1953/2242/1953
f 1974/2243/1974 1898/2152/1898 1971/2238/1971
f 1975/2244/1975 1971/2238/1971 1965/2232/1965
f 1937/2199/1937 1944/2208/1944 1941/2203/1941
f 1976/2245/1976 1927/2189/1927 1948/2212/1948
f 1977/2246/1977 1948/2212/1948 1946/2210/1946
f 1926/2188/1926 1539/2247/1539 1978/2248/1978
f 1979/2249/1979 1980/2250/1980 1981/2251/1981
f 1982/2252/1982 1983/2253/1983 1981/2251/1981
f 1983/2253/1983 1984/2254/1984 1981/2251/1981
f 1984/2254/1984 1985/2255/1985 1981/2251/1981
f 1985/2255/1985 1986/2256/1986 1981/2251/1981
f 1986/2256/1986 1987/2257/1987 1981/2251/1981
f 1987/2257/1987 1988/2258/1988 1981/2251/1981
f 1988/2258/1988 1979/2249/1979 1981/2251/1981
f 1989/2259/1979 1208/2260/1208 1209/2261/1209
f 1990/2262/1989 1991/2263/1981 1992/2264/1990
f 1992/2264/1990 1991/2263/1981 1993/2265/1991
f 1993/2265/1991 1991/2263/1981 1994/2266/1992
f 1994/2266/1992 1991/2263/1981 1995/2267/1993
f 1995/2267/1993 1991/2263/1981 1996/2268/1994
f 1996/2268/1994 1991/2263/1981 1997/2269/1995
f 1997/2269/1995 1991/2263/1981 1989/2259/1979
f 1990/2262/1989 1998/2270/1996 1213/2271/1213
f 1990/2262/1989 1999/2272/1997 1998/2270/1996
f 2000/2273/1998 1993/2265/1991 1210/2274/1210
f 1211/2275/1211 1994/2266/1992 2001/2276/1999
f 1995/2267/1993 2002/2277/2000 1994/2266/1992
f 2003/2278/2001 2004/2279/2002 1995/2267/1993
f 2005/2280/2003 2006/2281/2004 1996/2268/1994
f 2007/2282/2005 2008/2283/2006 1997/2269/1995
f 2009/2284/2007 1986/2256/1986 1985/2255/1985
f 2010/2285/2008 1982/2252/1982 1981/2251/1981
f 1955/2286/1955 1119/1219/1119 1956/2287/1956
f 2011/2288/2009 2012/2289/2010 1991/2263/1981
f 1940/2290/1940 1377/2291/1377 1363/1499/1363
f 2013/2292/2011 988/1084/988 2014/2293/2012
f 2015/2294/2013 1875/2124/1875 1871/2120/1871
f 1980/2250/1980 2016/2295/2014 1981/2251/1981
f 2017/2296/2015 220/226/220 217/223/217
f 1910/2297/1910 226/232/226 223/229/223
f 1542/1722/1542 1918/2298/1918 620/675/620
f 1185/1300/1185 1923/2299/1923 1186/1301/1186
f 2008/2300/2006 975/1071/975 978/1074/978
f 1930/2192/1930 1915/2174/1915 1914/2173/1914
f 2018/2301/2016 1920/2179/1920 1922/2181/1922
f 2019/2302/2017 2020/2303/2018 1984/2254/1984
f 1538/2304/1538 1946/2210/1946 1948/2212/1948
f 2021/2305/2019 1868/2115/1868 1870/2119/1870
f 1354/1490/1354 1950/2306/1950 1356/1492/1356
f 2022/2307/2020 15/15/15 13/13/13
f 1913/2172/1913 614/2308/614 2023/2309/2021
f 2024/2310/2022 1983/2253/1983 1982/2252/1982
f 2025/2311/2023 1987/2257/1987 1986/2256/1986
f 2026/2312/2024 1925/2187/1925 1976/2245/1976
f 1170/2313/1170 1976/2245/1976 1977/2246/1977
f 1880/2131/1880 1893/2144/1893 2027/2314/2025
f 2028/2315/2026 1166/1279/1166 1168/1281/1168
f 2029/2316/2027 214/220/214 220/226/220
f 1936/2198/1936 1935/2197/1935 1362/2317/1362
f 2030/2318/2028 1858/2102/1858 1920/2179/1920
f 2031/2319/2029 1208/2260/1208 1991/2263/1981
f 2032/2320/2030 1977/2246/1977 1945/2209/1945
f 2033/2321/2031 1160/1273/1160 1161/1274/1161
f 1932/2322/1932 1161/1274/1161 1163/1276/1163
f 1156/2323/1156 1961/2228/1961 1157/2324/1157
f 2034/2325/2032 1863/2107/1863 1908/2165/1908
f 2035/2326/2033 1452/1616/1452 508/1613/508
f 2036/2327/2034 2037/2328/2035 2038/2329/2036
f 2039/2330/2037 616/671/616 615/670/615
f 1542/1722/1542 1541/1721/1541 1930/2331/1930
f 2020/2332/2018 13/13/13 10/10/10
f 2040/2333/2038 1119/2334/1119 2041/2335/2039
f 2029/2336/2027 1870/2119/1870 1872/2121/1872
f 2013/2337/2011 2014/2338/2012 1991/2263/1981
f 413/439/413 2027/2339/2025 410/436/410
f 440/2340/440 416/442/416 2042/2341/2040
f 1878/2342/1878 508/559/508 510/561/510
f 2043/2343/2041 1546/1726/1546 1548/1728/1548
f 1968/2235/1968 1969/2236/1969 2044/2344/2042
f 2045/2345/2043 2/2/2 18/18/18
f 1926/2188/1926 1928/2190/1928 1540/2346/1540
f 2046/2347/2044 1903/2348/1903 2047/2349/2045
f 2014/2338/2012 2011/2288/2009 1991/2263/1981
f 505/2350/505 504/2351/504 1891/2142/1891
f 2016/2295/2014 2045/2352/2043 1981/2251/1981
f 2009/2353/2007 10/10/10 20/20/20
f 2048/2354/2046 1934/2196/1934 1962/2229/1962
f 502/2355/502 1891/2142/1891 503/2356/503
f 1359/2357/1359 1957/2224/1957 1964/2231/1964
f 2049/2358/2047 2050/2359/2048 1981/2251/1981
f 2051/2360/2049 2052/2361/2050 173/2362/173
f 1209/2261/1209 2053/2363/2051 1989/2259/1979
f 2054/2364/2052 1974/2243/1974 1975/2244/1975
f 1212/2365/1212 2013/2337/2011 1991/2263/1981
f 2012/2289/2010 1207/2366/1207 1991/2263/1981
f 2036/2367/2034 2052/2368/2050 2037/2369/2035
f 2050/2359/2048 2055/2370/2053 1981/2251/1981
f 2056/2371/2054 429/455/429 428/454/428
f 2057/2372/2055 2058/2373/2056 1982/2252/1982
f 2059/2374/2057 1988/2258/1988 1987/2257/1987
f 2060/2375/2058 2042/2376/2040 1882/2133/1882
f 2061/2377/2059 2062/2378/2060 1452/1616/1452
f 2063/2379/2061 1216/1340/1216 1158/1271/1158
f 1117/1217/1117 1218/1342/1218 2064/2380/2062
f 2065/2381/2063 2009/2284/2007 1985/2255/1985
f 2066/2382/2064 2067/2383/2065 1163/1276/1163
f 1854/2098/1854 1917/2176/1917 1855/2099/1855
f 418/2384/418 1871/2120/1871 1867/2114/1867
f 2038/2385/2036 2052/2361/2050 2046/2386/2044
f 1212/2365/1212 1990/2262/1989 1213/2271/1213
f 2000/2387/1998 985/1081/985 987/1083/987
f 2068/2388/2066 1979/2249/1979 1988/2258/1988
f 2069/2389/2067 2070/2390/2068 1979/2249/1979
f 2049/2391/2047 18/18/18 2050/2392/2048
f 2040/2393/2038 2041/2394/2039 1955/2222/1955
f 2055/2370/2053 2010/2285/2008 1981/2251/1981
f 1207/2366/1207 2031/2319/2029 1991/2263/1981
f 2002/2395/2000 2004/2396/2002 980/1076/980
f 274/288/274 1896/2397/1896 219/225/219
f 2030/2398/2028 1188/1303/1188 232/1305/232
f 244/2399/244 1865/2110/1865 245/2400/245
f 1877/2128/1877 1974/2243/1974 2035/2401/2033
f 1367/1503/1367 1377/2291/1377 1943/2402/1943
f 614/2308/614 613/2403/613 2023/2309/2021
f 610/2113/610 2071/2404/2069 1853/2097/1853
f 1959/2405/1959 1958/2406/1958 1356/1492/1356
f 2006/2407/2004 978/1074/978 980/1076/980
f 1884/2408/1884 217/223/217 219/225/219
f 617/2409/617 1861/2105/1861 1863/2107/1863
f 279/2410/279 2072/2411/2070 275/2150/275
f 2051/2412/2049 1904/2218/1904 1903/2348/1903
f 2025/2413/2023 20/20/20 7/7/7
f 2067/2414/2065 1945/2209/1945 1937/2199/1937
f 1361/2415/1361 2073/2416/2071 1964/2231/1964
f 2010/2417/2008 16/16/16 2057/2418/2055
f 2045/2352/2043 2074/2419/2072 1981/2251/1981
f 2074/2419/2072 2049/2358/2047 1981/2251/1981
f 2/2/2 1980/2420/1980 2070/2421/2068
f 2075/2422/2073 510/561/510 507/558/507
f 2064/2423/2062 1973/2241/1973 1219/2424/1219
f 427/2425/427 1873/2122/1873 1875/2124/1875
f 2076/2426/2074 1865/2110/1865 1859/2103/1859
f 2076/2427/2074 246/257/246 2077/2428/2075
f 1952/2429/1952 173/2430/173 1119/2334/1119
f 2059/2431/2057 7/7/7 4/4/4
f 1216/2432/1216 2063/2433/2061 1961/2228/1961
f 1/1/1 18/18/18 2/2/2
f 3/3/3 2/2/2 4/4/4
f 4/4/4 7/7/7 6/6/6
f 7/7/7 20/20/20 8/8/8
f 9/9/9 20/20/20 10/10/10
f 12/12/12 11/11/11 10/10/10
f 14/14/14 12/12/12 13/13/13
f 16/16/16 31/31/31 14/14/14
f 17/17/17 31/31/31 16/16/16
f 17/17/17 18/18/18 1/1/1
f 20/20/20 9/9/9 21/21/21
f 22/22/22 34/34/34 3/3/3
f 23/23/23 22/22/22 5/5/5
f 24/24/24 23/23/23 6/6/6
f 24/24/24 8/8/8 21/21/21
f 21/21/21 9/9/9 26/26/26
f 26/26/26 9/9/9 11/11/11
f 27/27/27 11/11/11 12/12/12
f 12/12/12 14/14/14 29/29/29
f 30/30/30 29/29/29 14/14/14
f 31/31/31 17/17/17 32/32/32
f 32/32/32 17/17/17 19/19/19
f 1/1/1 3/3/3 34/34/34
f 35/35/35 33/33/33 19/19/19
f 33/33/33 35/35/35 36/36/36
f 38/38/38 51/51/51 32/32/32
f 32/32/32 51/51/51 39/39/39
f 35/35/35 34/34/34 40/40/40
f 41/41/41 43/43/43 36/36/36
f 42/42/42 37/37/37 36/36/36
f 44/44/44 46/46/46 37/37/37
f 37/37/37 46/46/46 38/38/38
f 45/45/45 47/47/47 46/46/46
f 47/47/47 48/48/48 38/38/38
f 45/45/45 55/55/55 52/52/52
f 52/52/52 53/53/53 48/48/48
f 54/54/54 56/56/56 52/52/52
f 56/56/56 57/57/57 53/53/53
f 58/58/58 56/56/56 54/54/54
f 60/60/60 57/57/57 56/56/56
f 50/50/50 57/57/57 60/60/60
f 61/61/61 63/63/63 39/39/39
f 62/62/62 30/30/30 39/39/39
f 64/64/64 65/65/65 58/58/58
f 65/65/65 66/66/66 60/60/60
f 61/61/61 60/60/60 66/66/66
f 29/29/29 30/30/30 62/62/62
f 68/68/68 69/69/69 28/28/28
f 69/69/69 139/139/139 27/27/27
f 63/63/63 61/61/61 67/67/67
f 70/70/70 71/71/71 62/62/62
f 68/68/68 62/62/62 71/71/71
f 66/66/66 65/65/65 74/74/74
f 75/75/75 79/79/79 67/67/67
f 75/75/75 74/74/74 77/77/77
f 78/78/78 81/81/81 79/79/79
f 70/70/70 67/67/67 79/79/79
f 81/81/81 83/83/83 80/80/80
f 71/71/71 70/70/70 80/80/80
f 82/82/82 84/84/84 72/72/72
f 83/83/83 85/85/85 82/82/82
f 84/84/84 82/82/82 85/85/85
f 77/77/77 76/76/76 87/87/87
f 78/78/78 77/77/77 88/88/88
f 81/81/81 78/78/78 89/89/89
f 69/69/69 68/68/68 72/72/72
f 91/91/91 90/90/90 72/72/72
f 86/86/86 122/122/122 91/91/91
f 34/34/34 22/22/22 92/92/92
f 93/93/93 41/41/41 40/40/40
f 94/94/94 98/98/98 95/95/95
f 97/97/97 100/100/100 95/95/95
f 99/99/99 101/101/101 100/100/100
f 105/105/105 108/108/108 106/106/106
f 110/110/110 105/105/105 99/99/99
f 111/111/111 110/110/110 98/98/98
f 88/88/88 87/87/87 112/112/112
f 113/113/113 114/114/114 89/89/89
f 114/114/114 85/85/85 83/83/83
f 115/115/115 116/116/116 113/113/113
f 114/114/114 113/113/113 116/116/116
f 117/117/117 86/86/86 85/85/85
f 118/118/118 122/122/122 86/86/86
f 117/117/117 116/116/116 119/119/119
f 120/120/120 119/119/119 116/116/116
f 121/121/121 139/139/139 69/69/69
f 91/91/91 123/123/123 121/121/121
f 122/122/122 137/137/137 123/123/123
f 118/118/118 119/119/119 124/124/124
f 126/126/126 124/124/124 119/119/119
f 127/127/127 93/93/93 92/92/92
f 129/129/129 128/128/128 22/22/22
f 131/131/131 25/25/25 26/26/26
f 27/27/27 139/139/139 132/132/132
f 133/133/133 139/139/139 121/121/121
f 121/121/121 123/123/123 135/135/135
f 136/136/136 135/135/135 123/123/123
f 133/133/133 142/142/142 140/140/140
f 133/133/133 134/134/134 141/141/141
f 134/134/134 135/135/135 143/143/143
f 135/135/135 136/136/136 144/144/144
f 131/131/131 132/132/132 140/140/140
f 148/148/148 147/147/147 131/131/131
f 147/147/147 148/148/148 149/149/149
f 146/146/146 149/149/149 150/150/150
f 151/151/151 129/129/129 130/130/130
f 129/129/129 151/151/151 152/152/152
f 152/152/152 154/154/154 127/127/127
f 152/152/152 155/155/155 153/153/153
f 155/155/155 152/152/152 151/151/151
f 156/156/156 151/151/151 150/150/150
f 149/149/149 158/158/158 157/157/157
f 148/148/148 159/159/159 158/158/158
f 159/159/159 148/148/148 145/145/145
f 160/160/160 145/145/145 140/140/140
f 161/161/161 140/140/140 142/142/142
f 162/162/162 142/142/142 141/141/141
f 163/163/163 141/141/141 143/143/143
f 164/164/164 143/143/143 144/144/144
f 166/166/166 144/144/144 136/136/136
f 144/144/144 166/166/166 168/168/168
f 169/169/169 172/172/172 170/170/170
f 173/173/173 2052/2368/2050 174/174/174
f 2052/2368/2050 2047/2434/2045 174/174/174
f 174/174/174 2078/2435/2076 170/170/170
f 170/170/170 172/172/172 174/174/174
f 94/175/94 96/206/96 175/176/175
f 177/178/177 111/2436/111 94/175/94
f 109/179/109 111/2436/111 177/178/177
f 179/181/179 212/218/212 109/179/109
f 106/106/106 182/184/182 180/182/180
f 183/185/183 103/103/103 104/104/104
f 185/187/185 101/101/101 102/102/102
f 187/189/187 204/284/204 96/96/96
f 188/190/188 187/189/187 95/95/95
f 101/101/101 185/187/185 188/190/188
f 180/191/180 182/244/182 189/192/189
f 192/197/192 157/157/157 158/158/158
f 193/198/193 178/180/178 177/178/177
f 159/159/159 194/199/194 193/198/193
f 194/199/194 179/181/179 178/180/178
f 157/157/157 192/197/192 195/200/195
f 192/197/192 177/178/177 176/177/176
f 196/201/196 155/155/155 156/156/156
f 195/200/195 176/177/176 175/176/175
f 155/155/155 196/201/196 197/202/197
f 198/203/198 197/202/197 196/201/196
f 200/205/200 198/203/198 175/176/175
f 198/203/198 200/205/200 201/207/201
f 202/208/202 201/207/201 200/205/200
f 204/210/204 203/209/203 200/205/200
f 160/160/160 205/211/205 194/199/194
f 205/211/205 160/160/160 161/161/161
f 206/212/206 161/161/161 162/162/162
f 163/163/163 208/214/208 207/213/207
f 205/211/205 209/215/209 179/181/179
f 206/212/206 210/216/210 209/215/209
f 207/213/207 233/239/233 210/216/210
f 211/217/211 181/247/181 212/218/212
f 211/217/211 209/215/209 210/216/210
f 1906/2437/1906 223/229/223 216/222/216
f 223/229/223 214/220/214 216/222/216
f 214/220/214 2079/2438/2077 215/221/215
f 217/223/217 168/168/168 218/224/218
f 217/223/217 220/226/220 165/165/165
f 220/226/220 214/220/214 221/227/221
f 222/228/222 221/227/221 214/220/214
f 221/227/221 222/228/222 224/230/224
f 223/229/223 226/232/226 225/231/225
f 1909/2439/1909 242/253/242 228/234/228
f 242/253/242 226/232/226 228/234/228
f 226/232/226 242/253/242 229/235/229
f 232/238/232 249/260/249 230/236/230
f 249/260/249 1864/2440/1864 230/236/230
f 207/213/207 208/214/208 224/230/224
f 234/240/234 224/230/224 222/228/222
f 213/219/213 210/216/210 233/239/233
f 225/231/225 229/235/229 235/241/235
f 189/192/189 182/244/182 236/242/236
f 238/246/238 236/249/236 181/247/181
f 239/250/239 238/246/238 211/217/211
f 240/251/240 262/273/262 238/246/238
f 213/219/213 234/240/234 235/241/235
f 235/241/235 241/252/241 240/251/240
f 229/235/229 243/254/243 241/252/241
f 242/253/242 2077/2428/2075 243/254/243
f 2076/2427/2074 2077/2428/2075 245/256/245
f 2077/2428/2075 242/253/242 245/256/245
f 242/253/242 1909/2439/1909 244/255/244
f 1864/2440/1864 249/260/249 247/258/247
f 249/260/249 243/254/243 247/258/247
f 243/254/243 2077/2428/2075 246/257/246
f 248/259/248 241/252/241 243/254/243
f 249/260/249 232/238/232 250/261/250
f 248/259/248 250/261/250 251/262/251
f 253/264/253 252/263/252 251/262/251
f 252/263/252 259/270/259 241/252/241
f 255/266/255 253/264/253 254/265/254
f 203/209/203 258/269/258 257/268/257
f 256/267/256 257/268/257 258/269/258
f 253/264/253 260/271/260 259/270/259
f 260/271/260 262/273/262 240/251/240
f 260/271/260 253/264/253 255/266/255
f 263/274/263 258/269/258 203/209/203
f 264/275/264 189/192/189 237/243/237
f 190/193/190 270/282/270 265/277/265
f 185/187/185 186/2094/186 267/279/267
f 264/275/264 271/283/271 269/281/269
f 263/285/263 204/284/204 271/283/271
f 218/224/218 277/291/277 274/288/274
f 277/291/277 276/290/276 2080/2441/2078
f 2080/2441/2078 274/288/274 277/291/277
f 277/291/277 171/171/171 279/293/279
f 171/171/171 170/170/170 279/293/279
f 277/291/277 279/293/279 275/289/275
f 170/170/170 2078/2435/2076 278/292/278
f 171/171/171 124/124/124 126/126/126
f 125/125/125 124/124/124 171/171/171
f 273/287/273 125/125/125 277/291/277
f 167/167/167 273/287/273 218/224/218
f 280/294/280 289/303/289 281/295/281
f 283/297/283 284/298/284 282/296/282
f 284/298/284 283/297/283 285/299/285
f 287/301/287 286/300/286 285/299/285
f 289/303/289 280/294/280 290/304/290
f 291/305/291 290/304/290 292/306/292
f 288/302/288 320/334/320 297/311/297
f 283/297/283 281/295/281 298/312/298
f 285/299/285 283/297/283 299/313/299
f 289/303/289 301/315/301 298/312/298
f 291/305/291 338/1060/338 301/315/301
f 292/306/292 290/304/290 302/316/302
f 304/318/304 302/316/302 290/304/290
f 280/294/280 282/296/282 305/319/305
f 284/298/284 307/321/307 305/319/305
f 307/321/307 284/298/284 286/300/286
f 308/322/308 286/300/286 287/301/287
f 297/311/297 311/325/311 309/323/309
f 309/323/309 312/326/312 310/324/310
f 311/325/311 318/332/318 312/326/312
f 308/322/308 310/324/310 313/327/313
f 307/321/307 313/327/313 314/328/314
f 304/318/304 305/319/305 314/328/314
f 302/316/302 304/318/304 315/329/315
f 316/330/316 329/343/329 303/317/303
f 317/331/317 330/344/330 318/332/318
f 297/311/297 319/333/319 317/331/317
f 319/333/319 297/311/297 320/334/320
f 322/336/322 330/344/330 317/331/317
f 323/337/323 317/331/317 319/333/319
f 319/333/319 321/335/321 325/339/325
f 315/329/315 314/328/314 326/340/326
f 327/341/327 328/342/328 316/330/316
f 330/344/330 943/1033/943 331/345/331
f 332/346/332 943/1033/943 330/344/330
f 334/348/334 333/347/333 329/343/329
f 295/351/295 952/1065/952 337/352/337
f 339/354/339 301/355/301 338/353/338
f 301/355/301 339/354/339 340/356/340
f 299/358/299 298/357/298 340/356/340
f 341/359/341 321/335/321 300/314/300
f 342/360/342 326/340/326 313/327/313
f 342/360/342 310/324/310 312/326/312
f 343/361/343 367/388/367 344/362/344
f 346/364/346 350/368/350 347/365/347
f 349/367/349 347/365/347 350/368/350
f 352/370/352 343/361/343 345/363/345
f 354/372/354 352/370/352 353/371/353
f 356/374/356 640/695/640 357/375/357
f 359/380/359 360/381/360 358/376/358
f 360/381/360 372/394/372 343/377/343
f 344/362/344 348/366/348 361/382/361
f 363/384/363 361/382/361 348/366/348
f 347/365/347 349/367/349 364/385/364
f 351/369/351 374/396/374 365/386/365
f 349/367/349 365/386/365 366/387/366
f 348/366/348 344/362/344 367/388/367
f 345/363/345 344/362/344 362/383/362
f 368/389/368 382/408/382 353/371/353
f 369/390/369 346/398/346 367/391/367
f 370/392/370 439/968/439 371/393/371
f 367/391/367 343/377/343 372/394/372
f 365/386/365 375/397/375 373/395/373
f 374/396/374 463/506/463 375/397/375
f 346/398/346 369/390/369 376/399/376
f 369/390/369 371/393/371 377/401/377
f 350/400/350 376/399/376 378/402/378
f 376/399/376 377/401/377 379/404/379
f 351/403/351 378/402/378 380/405/380
f 381/407/381 380/405/380 378/402/378
f 355/373/355 353/371/353 382/408/382
f 361/382/361 363/384/363 384/410/384
f 363/384/363 364/385/364 386/412/386
f 366/387/366 387/413/387 386/412/386
f 373/395/373 818/887/818 387/413/387
f 362/383/362 361/382/361 385/411/385
f 368/389/368 362/383/362 388/414/388
f 389/415/389 539/590/539 382/408/382
f 390/416/390 392/418/392 380/405/380
f 391/417/391 526/577/526 392/418/392
f 393/419/393 526/577/526 391/417/391
f 395/421/395 397/423/397 393/419/393
f 396/422/396 520/571/520 397/423/397
f 398/424/398 520/571/520 396/422/396
f 400/426/400 398/424/398 399/425/399
f 400/426/400 401/427/401 402/428/402
f 404/430/404 405/431/405 403/429/403
f 405/431/405 404/430/404 406/432/406
f 408/434/408 407/433/407 406/432/406
f 410/436/410 408/434/408 409/435/409
f 410/436/410 411/437/411 413/439/413
f 411/437/411 440/2340/440 1881/2442/1881
f 412/438/412 411/437/411 1881/2442/1881
f 416/442/416 419/445/419 414/440/414
f 419/445/419 418/444/418 414/440/414
f 419/445/419 421/447/421 417/443/417
f 421/447/421 429/455/429 2015/2443/2013
f 417/443/417 421/447/421 2015/2443/2013
f 420/446/420 429/455/429 421/447/421
f 423/449/423 425/451/425 420/446/420
f 424/450/424 372/394/372 425/451/425
f 360/381/360 359/380/359 426/452/426
f 420/446/420 608/663/608 429/455/429
f 608/663/608 427/453/427 429/455/429
f 426/452/426 608/663/608 420/446/420
f 419/456/419 434/466/434 430/457/430
f 422/459/422 421/458/421 430/457/430
f 423/461/423 422/459/422 431/460/431
f 433/464/433 439/471/439 424/463/424
f 416/465/416 440/472/440 435/467/435
f 434/466/434 435/467/435 436/468/436
f 436/468/436 437/469/437 431/460/431
f 437/469/437 433/464/433 432/462/432
f 438/470/438 371/477/371 439/471/439
f 440/472/440 411/482/411 441/473/441
f 442/474/442 436/468/436 435/467/435
f 442/474/442 443/475/443 437/469/437
f 443/475/443 438/470/438 433/464/433
f 444/476/444 377/495/377 371/477/371
f 445/478/445 444/476/444 438/470/438
f 446/479/446 445/478/445 443/475/443
f 447/480/447 446/479/446 442/474/442
f 448/481/448 441/473/441 411/482/411
f 449/484/449 448/481/448 409/483/409
f 450/486/450 449/484/449 406/485/406
f 451/488/451 447/480/447 448/481/448
f 449/484/449 450/486/450 452/489/452
f 451/488/451 454/491/454 446/479/446
f 451/488/451 452/489/452 453/490/453
f 445/478/445 446/479/446 454/491/454
f 455/492/455 454/491/454 453/490/453
f 457/494/457 379/496/379 377/495/377
f 379/496/379 457/494/457 458/497/458
f 455/492/455 457/494/457 444/476/444
f 355/373/355 460/500/460 459/499/459
f 460/500/460 355/373/355 383/409/383
f 374/406/374 380/405/380 462/502/462
f 462/502/462 466/508/466 464/504/464
f 465/505/465 375/397/375 463/506/463
f 392/418/392 526/577/526 466/508/466
f 467/509/467 450/486/450 404/487/404
f 450/486/450 467/509/467 468/511/468
f 469/512/469 484/534/484 467/509/467
f 452/489/452 468/511/468 470/513/470
f 471/514/471 476/522/476 470/513/470
f 470/513/470 475/521/475 456/493/456
f 381/498/381 458/497/458 472/515/472
f 473/517/473 391/518/391 390/516/390
f 391/518/391 473/517/473 474/519/474
f 475/521/475 470/513/470 476/522/476
f 478/524/478 395/526/395 394/520/394
f 479/525/479 396/2444/396 395/526/395
f 396/527/396 479/551/479 480/528/480
f 481/530/481 401/531/401 399/529/399
f 401/531/401 481/530/481 469/512/469
f 482/532/482 469/512/469 481/530/481
f 482/532/482 485/535/485 484/534/484
f 485/535/485 486/536/486 471/514/471
f 476/522/476 471/514/471 486/536/486
f 487/537/487 491/541/491 477/523/477
f 488/538/488 457/494/457 455/492/455
f 475/521/475 489/539/489 488/538/488
f 489/539/489 475/521/475 477/523/477
f 490/540/490 477/523/477 491/541/491
f 458/497/458 488/538/488 489/539/489
f 493/543/493 489/539/489 490/540/490
f 494/544/494 490/540/490 492/542/492
f 494/544/494 496/546/496 472/515/472
f 473/517/473 496/546/496 497/547/497
f 495/545/495 498/548/498 496/546/496
f 474/519/474 497/547/497 499/549/499
f 478/524/478 499/549/499 500/550/500
f 479/551/479 500/1029/500 501/552/501
f 480/528/480 501/552/501 483/533/483
f 504/555/504 408/434/408 503/554/503
f 408/434/408 410/436/410 502/553/502
f 410/436/410 2027/2339/2025 502/553/502
f 505/556/505 507/558/507 408/434/408
f 507/558/507 407/433/407 408/434/408
f 506/557/506 405/431/405 407/433/407
f 508/559/508 513/564/513 509/560/509
f 510/561/510 509/560/509 506/557/506
f 405/431/405 506/557/506 511/562/511
f 512/563/512 511/562/511 509/560/509
f 514/565/514 515/566/515 511/562/511
f 403/429/403 511/562/511 515/566/515
f 516/567/516 517/568/517 515/566/515
f 517/568/517 398/424/398 400/426/400
f 518/569/518 519/570/519 517/568/517
f 398/424/398 517/568/517 519/570/519
f 519/570/519 518/569/518 521/572/521
f 522/573/522 397/423/397 520/571/520
f 397/423/397 522/573/522 523/574/523
f 524/575/524 523/574/523 522/573/522
f 525/576/525 526/577/526 393/419/393
f 525/576/525 535/586/535 466/508/466
f 523/574/523 524/575/524 527/578/527
f 529/580/529 535/586/535 525/576/525
f 530/581/530 529/580/529 528/579/528
f 466/508/466 535/586/535 531/582/531
f 531/582/531 535/586/535 532/583/532
f 530/581/530 536/587/536 534/585/534
f 529/580/529 534/585/534 532/583/532
f 536/587/536 834/903/834 537/588/537
f 538/589/538 840/1003/840 533/584/533
f 532/583/532 534/585/534 537/588/537
f 539/590/539 540/591/540 383/409/383
f 461/501/461 383/409/383 540/591/540
f 542/593/542 551/602/551 543/594/543
f 545/596/545 546/597/546 544/595/544
f 546/597/546 545/596/545 547/598/547
f 548/599/548 547/598/547 549/600/549
f 551/602/551 542/593/542 552/603/552
f 553/604/553 552/603/552 554/605/554
f 556/607/556 557/608/557 555/606/555
f 557/608/557 556/607/556 558/609/558
f 549/600/549 583/634/583 560/611/560
f 545/596/545 543/594/543 561/612/561
f 547/598/547 545/596/545 562/613/562
f 551/602/551 564/615/564 561/612/561
f 553/604/553 602/992/602 564/615/564
f 554/605/554 552/603/552 565/616/565
f 567/618/567 565/616/565 552/603/552
f 542/593/542 544/595/544 568/619/568
f 546/597/546 570/621/570 568/619/568
f 569/620/569 556/607/556 554/605/554
f 570/621/570 546/597/546 548/599/548
f 571/622/571 548/599/548 550/601/550
f 572/623/572 550/601/550 560/611/560
f 572/623/572 575/626/575 574/625/574
f 573/624/573 581/632/581 575/626/575
f 571/622/571 574/625/574 576/627/576
f 570/621/570 576/627/576 577/628/577
f 567/618/567 568/619/568 577/628/577
f 565/616/565 567/618/567 578/629/578
f 579/630/579 591/642/591 566/617/566
f 580/631/580 594/645/594 581/632/581
f 560/611/560 582/633/582 580/631/580
f 582/633/582 560/611/560 583/634/583
f 585/636/585 594/645/594 580/631/580
f 586/637/586 580/631/580 582/633/582
f 582/633/582 584/635/584 588/639/588
f 590/641/590 578/629/578 577/628/577
f 590/641/590 592/643/592 579/630/579
f 591/642/591 579/630/579 592/643/592
f 594/645/594 596/647/596 595/646/595
f 596/647/596 594/645/594 585/636/585
f 591/642/591 598/649/598 569/620/569
f 593/644/593 913/995/913 598/649/598
f 599/650/599 558/609/558 556/607/556
f 598/649/598 913/995/913 600/651/600
f 557/652/557 559/976/559 601/653/601
f 603/655/603 564/2445/564 602/654/602
f 561/656/561 564/2445/564 603/655/603
f 562/658/562 561/656/561 604/657/604
f 605/659/605 584/635/584 563/660/563
f 589/640/589 576/627/576 574/625/574
f 606/661/606 574/625/574 575/626/575
f 427/453/427 608/663/608 607/662/607
f 608/663/608 624/679/624 609/664/609
f 612/667/612 620/675/620 2071/2446/2069
f 620/675/620 1854/2447/1854 2071/2446/2069
f 2071/2446/2069 610/665/610 612/667/612
f 1912/2448/1912 615/670/615 1913/2449/1913
f 615/670/615 612/667/612 613/668/613
f 1913/2449/1913 615/670/615 614/669/614
f 612/667/612 611/666/611 613/668/613
f 609/664/609 624/679/624 2034/2450/2032
f 624/679/624 616/671/616 618/673/618
f 2034/2450/2032 624/679/624 618/673/618
f 612/667/612 629/684/629 619/674/619
f 621/676/621 629/684/629 612/667/612
f 615/670/615 616/671/616 622/677/622
f 616/671/616 624/679/624 623/678/623
f 426/452/426 623/678/623 624/679/624
f 623/678/623 426/452/426 359/380/359
f 622/677/622 623/678/623 625/680/625
f 626/681/626 628/683/628 621/676/621
f 627/682/627 629/684/629 621/676/621
f 629/684/629 627/682/627 630/685/630
f 630/685/630 627/682/627 631/686/631
f 627/682/627 628/683/628 633/688/633
f 628/683/628 626/681/626 634/689/634
f 635/690/635 634/689/634 626/681/626
f 625/680/625 359/380/359 357/375/357
f 636/691/636 641/696/641 632/687/632
f 637/692/637 636/691/636 631/686/631
f 633/688/633 634/689/634 638/693/638
f 639/694/639 638/693/638 634/689/634
f 635/690/635 357/375/357 640/695/640
f 641/696/641 636/691/636 642/697/642
f 644/699/644 642/697/642 636/691/636
f 637/692/637 638/693/638 645/700/645
f 646/701/646 645/700/645 638/693/638
f 639/694/639 640/695/640 354/379/354
f 644/699/644 645/700/645 647/702/647
f 649/704/649 647/702/647 645/700/645
f 459/705/459 649/704/649 646/701/646
f 650/706/650 654/710/654 651/707/651
f 653/709/653 673/729/673 654/710/654
f 655/711/655 673/729/673 653/709/653
f 657/713/657 655/711/655 656/712/656
f 659/715/659 657/713/657 658/714/658
f 660/716/660 662/718/662 661/717/661
f 662/718/662 665/721/665 663/719/663
f 664/720/664 670/726/670 663/719/663
f 666/722/666 680/736/680 655/711/655
f 657/713/657 659/715/659 667/723/667
f 668/724/668 667/723/667 659/715/659
f 661/717/661 663/719/663 669/725/669
f 669/725/669 663/719/663 670/726/670
f 655/711/655 680/736/680 672/728/672
f 673/729/673 672/728/672 674/730/674
f 675/731/675 651/707/651 654/710/654
f 675/731/675 674/730/674 676/732/676
f 678/734/678 674/730/674 672/728/672
f 679/735/679 672/728/672 680/736/680
f 666/722/666 682/738/682 681/737/681
f 682/738/682 666/722/666 667/723/667
f 684/740/684 683/739/683 667/723/667
f 668/724/668 669/725/669 685/741/685
f 671/727/671 687/743/687 685/741/685
f 686/742/686 688/744/688 685/741/685
f 688/744/688 690/746/690 684/740/684
f 689/745/689 683/739/683 684/740/684
f 683/739/683 689/745/689 691/747/691
f 692/748/692 691/747/691 689/745/689
f 694/750/694 693/749/693 689/745/689
f 695/751/695 694/750/694 690/746/690
f 688/744/688 686/742/686 696/752/696
f 682/738/682 691/747/691 697/753/697
f 698/754/698 697/753/697 691/747/691
f 699/755/699 679/735/679 681/737/681
f 676/732/676 701/757/701 700/756/700
f 701/757/701 676/732/676 678/734/678
f 679/735/679 699/755/699 702/758/702
f 695/751/695 696/752/696 704/760/704
f 705/761/705 704/760/704 706/762/706
f 706/762/706 710/766/710 708/764/708
f 709/765/709 708/764/708 710/766/710
f 705/761/705 712/768/712 694/750/694
f 712/768/712 714/770/714 693/749/693
f 712/768/712 705/761/705 707/763/707
f 713/769/713 716/772/716 714/770/714
f 713/769/713 707/763/707 708/764/708
f 716/772/716 713/769/713 715/771/715
f 709/765/709 718/774/718 715/771/715
f 717/773/717 715/771/715 718/774/718
f 716/772/716 720/776/720 692/748/692
f 698/754/698 720/776/720 721/777/721
f 717/773/717 721/777/721 720/776/720
f 719/775/719 722/778/722 721/777/721
f 722/778/722 723/779/723 703/759/703
f 723/779/723 724/780/724 699/755/699
f 725/781/725 726/782/726 709/765/709
f 718/774/718 709/765/709 726/782/726
f 719/775/719 718/774/718 727/783/727
f 728/784/728 729/785/729 722/778/722
f 729/785/729 730/786/730 723/779/723
f 730/786/730 741/797/741 724/780/724
f 724/780/724 741/797/741 731/787/731
f 726/782/726 725/781/725 732/788/732
f 733/789/733 734/790/734 727/783/727
f 728/784/728 727/783/727 734/790/734
f 735/791/735 739/795/739 729/785/729
f 732/788/732 1645/2451/1645 736/792/736
f 734/790/734 733/789/733 736/792/736
f 730/786/730 729/785/729 739/795/739
f 741/797/741 730/786/730 740/796/740
f 740/796/740 739/795/739 738/794/738
f 743/799/743 755/811/755 742/798/742
f 736/792/736 1645/2451/1645 744/800/744
f 737/793/737 736/792/736 745/801/745
f 747/803/747 749/805/749 745/801/745
f 745/801/745 749/805/749 748/804/748
f 749/805/749 756/812/756 750/806/750
f 751/807/751 756/812/756 749/805/749
f 753/809/753 752/808/752 746/802/746
f 754/810/754 753/809/753 748/804/748
f 755/811/755 743/799/743 753/809/753
f 752/808/752 753/809/753 743/799/743
f 756/812/756 751/807/751 757/813/757
f 758/814/758 771/827/771 750/806/750
f 750/806/750 771/827/771 759/815/759
f 754/810/754 759/815/759 760/816/760
f 761/817/761 742/798/742 755/811/755
f 761/817/761 731/787/731 741/797/741
f 762/818/762 767/823/767 763/819/763
f 764/820/764 770/826/770 769/825/769
f 758/814/758 757/813/757 769/825/769
f 771/827/771 758/814/758 770/826/770
f 770/826/770 764/820/764 766/822/766
f 759/815/759 772/828/772 773/829/773
f 774/830/774 761/817/761 760/816/760
f 775/831/775 774/830/774 773/829/773
f 731/787/731 761/817/761 774/830/774
f 775/831/775 778/834/778 776/832/776
f 775/831/775 765/821/765 777/833/777
f 700/756/700 701/757/701 778/834/778
f 780/836/780 971/1067/971 777/833/777
f 781/837/781 782/838/782 384/410/384
f 784/840/784 787/843/787 785/841/785
f 541/592/541 540/591/540 787/843/787
f 788/844/788 789/845/789 461/501/461
f 784/840/784 813/881/813 788/844/788
f 642/697/642 792/848/792 790/846/790
f 648/703/648 792/848/792 642/697/642
f 791/847/791 806/871/806 792/848/792
f 793/849/793 791/847/791 648/703/648
f 649/704/649 794/850/794 793/849/793
f 794/851/794 459/499/459 460/500/460
f 650/852/650 652/1888/652 795/853/795
f 796/854/796 797/857/797 653/855/653
f 656/856/656 653/855/653 797/857/797
f 799/859/799 658/860/658 656/856/656
f 658/860/658 799/859/799 800/861/800
f 660/862/660 800/861/800 801/863/801
f 662/864/662 801/863/801 802/865/802
f 665/866/665 802/865/802 803/867/803
f 796/854/796 795/853/795 804/869/804
f 806/871/806 791/847/791 805/870/805
f 807/872/807 797/857/797 796/854/796
f 793/849/793 807/872/807 805/870/805
f 797/857/797 807/872/807 808/873/808
f 807/872/807 793/849/793 794/850/794
f 809/874/809 799/859/799 798/858/798
f 808/875/808 794/851/794 789/845/789
f 810/877/810 800/861/800 799/859/799
f 800/861/800 810/877/810 811/878/811
f 801/863/801 811/878/811 812/879/812
f 809/876/809 789/845/789 788/844/788
f 813/881/813 815/883/815 810/880/810
f 813/881/813 784/840/784 786/842/786
f 387/413/387 817/886/817 781/837/781
f 817/886/817 387/413/387 818/887/818
f 820/889/820 825/894/825 812/879/812
f 821/890/821 822/891/822 803/867/803
f 822/891/822 821/890/821 823/892/823
f 825/894/825 823/892/823 821/890/821
f 824/893/824 823/892/823 826/895/826
f 823/892/823 825/894/825 828/897/828
f 829/898/829 836/905/836 828/897/828
f 827/896/827 826/895/826 830/899/830
f 828/897/828 835/904/835 830/899/830
f 832/901/832 833/902/833 831/900/831
f 833/902/833 832/901/832 537/588/537
f 835/904/835 828/897/828 836/905/836
f 838/907/838 465/505/465 464/507/464
f 839/909/839 838/907/838 531/908/531
f 840/911/840 857/930/857 839/909/839
f 841/912/841 857/930/857 840/911/840
f 842/913/842 837/915/837 843/914/843
f 837/915/837 836/931/836 844/916/844
f 845/917/845 851/924/851 846/918/846
f 848/920/848 871/945/871 786/842/786
f 811/884/811 815/883/815 849/921/849
f 815/883/815 813/881/813 814/882/814
f 850/923/850 820/2452/820 845/917/845
f 484/534/484 471/514/471 468/511/468
f 851/924/851 845/917/845 849/921/849
f 852/925/852 911/993/911 853/926/853
f 855/928/855 818/887/818 854/927/854
f 465/505/465 852/925/852 854/927/854
f 838/907/838 911/993/911 852/925/852
f 856/929/856 911/993/911 838/907/838
f 836/931/836 829/998/829 858/932/858
f 844/916/844 858/932/858 859/933/859
f 861/935/861 896/972/896 857/930/857
f 857/930/857 896/972/896 862/936/862
f 855/928/855 867/941/867 819/888/819
f 865/939/865 785/841/785 787/843/787
f 865/939/865 782/838/782 781/837/781
f 866/940/866 848/920/848 785/841/785
f 867/941/867 874/948/874 868/942/868
f 869/943/869 817/886/817 819/888/819
f 817/886/817 869/943/869 866/940/866
f 848/920/848 866/940/866 869/943/869
f 871/945/871 851/924/851 814/882/814
f 851/924/851 871/945/871 872/946/872
f 871/945/871 848/920/848 870/944/870
f 868/942/868 873/947/873 870/944/870
f 873/947/873 868/942/868 874/948/874
f 872/946/872 873/947/873 875/949/875
f 877/951/877 875/949/875 874/948/874
f 879/953/879 882/956/882 880/954/880
f 882/956/882 884/958/884 883/957/883
f 850/923/850 847/919/847 882/956/882
f 884/958/884 882/956/882 847/919/847
f 846/918/846 876/950/876 885/959/885
f 877/951/877 885/959/885 876/950/876
f 883/957/883 884/958/884 885/959/885
f 885/959/885 877/951/877 887/961/887
f 888/962/888 861/935/861 841/912/841
f 843/914/843 844/916/844 860/934/860
f 859/933/859 881/1001/881 889/963/889
f 832/901/832 830/899/830 835/904/835
f 537/588/537 832/901/832 890/964/890
f 877/951/877 878/952/878 891/965/891
f 874/948/874 867/941/867 892/966/892
f 188/190/188 265/277/265 269/281/269
f 372/394/372 424/450/424 439/968/439
f 270/282/270 190/193/190 189/192/189
f 893/969/893 790/846/790 792/848/792
f 806/871/806 804/869/804 894/970/894
f 599/650/599 600/651/600 862/936/862
f 558/609/558 895/971/895 897/973/897
f 898/974/898 897/973/897 895/971/895
f 861/935/861 904/2453/904 898/974/898
f 899/975/899 904/2453/904 861/935/861
f 888/962/888 860/934/860 889/963/889
f 559/976/559 897/979/897 900/977/900
f 901/978/901 900/977/900 897/979/897
f 898/980/898 904/983/904 902/981/902
f 903/982/903 902/981/902 904/983/904
f 899/984/899 889/986/889 905/985/905
f 889/986/889 881/955/881 906/987/906
f 880/954/880 915/1004/915 906/987/906
f 907/988/907 903/982/903 905/985/905
f 902/981/902 903/982/903 907/988/907
f 902/981/902 908/989/908 909/990/909
f 900/977/900 901/978/901 909/990/909
f 602/992/602 553/604/553 555/606/555
f 601/653/601 900/977/900 910/991/910
f 892/966/892 867/941/867 597/648/597
f 911/993/911 912/994/912 864/938/864
f 912/994/912 914/996/914 913/995/913
f 911/993/911 856/929/856 914/996/914
f 600/651/600 914/996/914 856/929/856
f 850/997/850 858/932/858 829/998/829
f 879/1000/879 859/933/859 858/932/858
f 538/589/538 890/964/890 842/1002/842
f 837/906/837 842/1002/842 890/964/890
f 883/957/883 922/1011/922 915/1004/915
f 916/1005/916 891/965/891 878/952/878
f 586/637/586 587/638/587 916/1005/916
f 917/1006/917 916/1005/916 587/638/587
f 918/1007/918 891/965/891 916/1005/916
f 918/1007/918 920/1009/920 887/961/887
f 563/660/563 584/635/584 583/634/583
f 919/1008/919 886/960/886 887/961/887
f 921/1010/921 924/1013/924 917/1006/917
f 886/960/886 919/1008/919 922/1011/922
f 923/1012/923 925/1014/925 910/991/910
f 924/1013/924 921/1010/921 925/1014/925
f 921/1010/921 588/639/588 584/635/584
f 604/657/604 925/1014/925 921/1010/921
f 603/655/603 910/991/910 925/1014/925
f 926/1015/926 908/989/908 907/988/907
f 928/1017/928 926/1015/926 927/1016/927
f 920/1009/920 918/1007/918 928/1017/928
f 924/1013/924 928/1017/928 918/1007/918
f 923/1012/923 926/1015/926 928/1017/928
f 909/990/909 908/989/908 926/1015/926
f 915/1004/915 927/1016/927 907/988/907
f 922/1011/922 929/1018/929 927/1016/927
f 486/536/486 485/535/485 930/1019/930
f 932/1021/932 487/537/487 486/536/486
f 487/537/487 932/1021/932 933/1022/933
f 934/1023/934 492/542/492 491/541/491
f 934/1023/934 935/1024/935 495/545/495
f 935/1024/935 936/1025/936 498/548/498
f 497/547/497 498/548/498 936/1025/936
f 499/549/499 497/547/497 937/1026/937
f 500/550/500 499/549/499 938/1027/938
f 500/1029/500 939/1040/939 940/1030/940
f 501/552/501 940/1030/940 941/1031/941
f 942/1032/942 930/1019/930 485/535/485
f 942/1032/942 482/532/482 483/533/483
f 328/342/328 327/341/327 942/1032/942
f 930/1019/930 942/1032/942 327/341/327
f 342/360/342 931/1020/931 930/1019/930
f 332/346/332 960/1053/960 933/1022/933
f 933/1022/933 960/1053/960 944/1034/944
f 935/1024/935 934/1023/934 944/1034/944
f 945/1035/945 946/1036/946 936/1025/936
f 946/1036/946 947/1037/947 937/1026/937
f 938/1027/938 937/1026/937 947/1037/947
f 939/1028/939 938/1027/938 948/1038/948
f 334/348/334 328/342/328 941/1031/941
f 949/1041/949 951/1043/951 296/310/296
f 951/1043/951 954/2454/954 952/1044/952
f 948/1038/948 953/1046/953 951/1045/951
f 947/1037/947 946/1036/946 955/1048/955
f 948/1038/948 947/1037/947 956/1049/956
f 945/1035/945 958/1051/958 955/1048/955
f 944/1034/944 963/1056/963 958/1051/958
f 959/1052/959 963/1056/963 944/1034/944
f 959/1052/959 323/337/323 324/338/324
f 961/1054/961 324/338/324 325/339/325
f 963/1056/963 961/1054/961 962/1055/962
f 964/1057/964 966/1059/966 956/1049/956
f 338/1060/338 291/305/291 293/307/293
f 320/334/320 288/302/288 300/314/300
f 967/1061/967 965/1058/965 962/1055/962
f 968/1062/968 969/1063/969 966/1059/966
f 968/1062/968 964/1057/964 965/1058/965
f 969/1063/969 970/1064/970 957/1050/957
f 967/1061/967 325/339/325 321/335/321
f 340/356/340 968/1062/968 967/1061/967
f 339/354/339 969/1063/969 968/1062/968
f 337/352/337 970/1064/970 969/1063/969
f 952/1065/952 954/1047/954 970/1064/970
f 950/1042/950 336/350/336 334/348/334
f 335/349/335 336/350/336 950/1042/950
f 845/917/845 820/2452/820 816/922/816
f 972/1068/972 991/1087/991 973/1069/973
f 975/1071/975 972/1068/972 974/1070/974
f 975/1071/975 976/1072/976 977/1073/977
f 978/1074/978 977/1073/977 979/1075/979
f 981/1077/981 984/1080/984 982/1078/982
f 983/1079/983 985/1081/985 982/1078/982
f 985/1081/985 983/1079/983 986/1082/986
f 988/1084/988 987/1083/987 986/1082/986
f 988/1084/988 989/1085/989 990/1086/990
f 990/1086/990 1003/1099/1003 973/1069/973
f 980/1076/980 979/1075/979 992/1088/992
f 993/1089/993 976/1072/976 974/1070/974
f 995/1091/995 977/1073/977 976/1072/976
f 996/1092/996 979/1075/979 977/1073/977
f 996/1092/996 1095/1194/1095 992/1088/992
f 992/1088/992 1095/1194/1095 997/1093/997
f 984/1080/984 981/1077/981 997/1093/997
f 983/1079/983 984/1080/984 998/1094/998
f 983/1079/983 999/1095/999 1000/1096/1000
f 1001/1097/1001 989/1085/989 986/1082/986
f 989/1085/989 1001/1097/1001 1002/1098/1002
f 1002/1098/1002 1005/1101/1005 1003/1099/1003
f 973/1069/973 1004/1100/1004 994/1090/994
f 1004/1100/1004 973/1069/973 1003/1099/1003
f 1006/1102/1006 1004/1100/1004 1005/1101/1005
f 1002/1098/1002 1010/1106/1010 1008/1104/1008
f 1002/1098/1002 1001/1097/1001 1009/1105/1009
f 1004/1100/1004 1006/1102/1006 1011/1107/1011
f 1006/1102/1006 43/43/43 41/41/41
f 1006/1102/1006 1007/1103/1007 42/42/42
f 44/44/44 42/42/42 1007/1103/1007
f 1007/1103/1007 1005/1101/1005 1008/1104/1008
f 45/45/45 44/44/44 1012/1108/1012
f 1013/1109/1013 1012/1108/1012 1008/1104/1008
f 1017/1113/1017 55/55/55 45/45/45
f 1014/1110/1014 1018/1114/1018 1017/1113/1017
f 54/54/54 55/55/55 1017/1113/1017
f 1019/1115/1019 1017/1113/1017 1018/1114/1018
f 1021/1117/1021 59/59/59 54/54/54
f 1022/1118/1022 1021/1117/1021 1019/1115/1019
f 1016/1112/1016 1023/1119/1023 1022/1118/1022
f 1023/1119/1023 1016/1112/1016 1009/1105/1009
f 1025/1121/1025 1024/1120/1024 1009/1105/1009
f 64/64/64 59/59/59 1021/1117/1021
f 1026/1122/1026 1021/1117/1021 1022/1118/1022
f 1023/1119/1023 1030/1126/1030 1027/1123/1027
f 1000/1096/1000 1028/1124/1028 1025/1121/1025
f 999/1095/999 1029/1125/1029 1028/1124/1028
f 998/1094/998 1075/1173/1075 1029/1125/1029
f 1024/1120/1024 1031/1127/1031 1030/1126/1030
f 1031/1127/1031 1024/1120/1024 1025/1121/1025
f 1028/1124/1028 1042/1138/1042 1032/1128/1032
f 1033/1129/1033 1026/1122/1026 1027/1123/1027
f 1034/1130/1034 1027/1123/1027 1030/1126/1030
f 1034/1130/1034 1037/1133/1037 1036/1132/1036
f 1037/1133/1037 1034/1130/1034 1035/1131/1035
f 1031/1127/1031 1039/1135/1039 1035/1131/1035
f 1038/1134/1038 1035/1131/1035 1039/1135/1039
f 1032/1128/1032 1041/1137/1041 1039/1135/1039
f 1041/1137/1041 1032/1128/1032 1042/1138/1042
f 1040/1136/1040 1039/1135/1039 1041/1137/1041
f 1043/1139/1043 1049/1145/1049 1044/1140/1044
f 1036/1132/1036 1045/1141/1045 87/87/87
f 1037/1133/1037 1046/1142/1046 1045/1141/1045
f 1038/1134/1038 1040/1136/1040 1046/1142/1046
f 1042/1138/1042 1028/1124/1028 1029/1125/1029
f 1048/1144/1048 1043/1139/1043 1042/1138/1042
f 1049/1145/1049 1043/1139/1043 1048/1144/1048
f 994/1090/994 1011/1107/1011 1051/1147/1051
f 93/93/93 1051/1147/1051 1011/1107/1011
f 1052/1148/1052 1066/1162/1066 1053/1149/1053
f 1055/1151/1055 1066/1162/1066 1052/1148/1052
f 1056/1152/1056 1134/1239/1134 1057/1153/1057
f 1057/1153/1057 1128/1233/1128 1060/1156/1060
f 1062/1158/1062 1063/1159/1063 1061/1157/1061
f 1065/1161/1065 1055/1151/1055 1057/1153/1057
f 1067/1163/1067 1053/1149/1053 1066/1162/1066
f 112/112/112 87/87/87 1045/1141/1045
f 1046/1142/1046 1069/1165/1069 1068/1164/1068
f 1069/1165/1069 1046/1142/1046 1040/1136/1040
f 1068/1164/1068 1070/1167/1070 115/1166/115
f 1070/1167/1070 1068/1164/1068 1069/1165/1069
f 1071/1168/1071 1069/1165/1069 1044/1140/1044
f 1072/1169/1072 1071/1168/1071 1049/1145/1049
f 1071/1168/1071 1072/1169/1072 1073/1170/1073
f 1070/1167/1070 1073/1170/1073 120/1171/120
f 1074/1172/1074 1047/1143/1047 1029/1125/1029
f 1048/1144/1048 1047/1143/1047 1074/1172/1074
f 1076/1174/1076 1087/1186/1087 1050/1146/1050
f 1072/1169/1072 1221/1345/1221 1077/1175/1077
f 126/1176/126 120/1171/120 1073/1170/1073
f 1051/1147/1051 93/93/93 127/127/127
f 1079/1178/1079 995/1091/995 993/1089/993
f 997/1093/997 1095/1194/1095 1081/1180/1081
f 1082/1181/1082 1075/1173/1075 998/1094/998
f 1074/1172/1074 1075/1173/1075 1083/1182/1083
f 1085/1184/1085 1076/1174/1076 1074/1172/1074
f 1076/1174/1076 1085/1184/1085 1086/1185/1086
f 1089/1188/1089 1108/1207/1108 1083/1182/1083
f 1083/1182/1083 1108/1207/1108 1090/1189/1090
f 1091/1190/1091 1085/1184/1085 1084/1183/1084
f 1085/1184/1085 1091/1190/1091 1092/1191/1092
f 1089/1188/1089 1082/1181/1082 1081/1180/1081
f 1081/1180/1081 1096/1195/1096 1097/1196/1097
f 1096/1195/1096 1094/1193/1094 1098/1197/1098
f 1094/1193/1094 1080/1179/1080 1099/1198/1099
f 1100/1199/1100 1099/1198/1099 1080/1179/1080
f 1079/1178/1079 1078/1177/1078 1101/1200/1101
f 1101/1200/1101 1078/1177/1078 127/127/127
f 153/153/153 1102/1201/1102 1101/1200/1101
f 1100/1199/1100 1101/1200/1101 1102/1201/1102
f 1099/1198/1099 1100/1199/1100 1103/1202/1103
f 1104/1203/1104 1105/1204/1105 1098/1197/1098
f 1097/1196/1097 1098/1197/1098 1105/1204/1105
f 1106/1205/1106 1107/1206/1107 1093/1192/1093
f 1107/1206/1107 1109/1208/1109 1089/1188/1089
f 1108/1207/1108 1089/1188/1089 1109/1208/1109
f 1110/1209/1110 1111/1210/1111 1090/1189/1090
f 1091/1190/1091 1090/1189/1090 1111/1210/1111
f 1092/1191/1092 1091/1190/1091 1112/1211/1112
f 1114/1213/1114 1214/1338/1214 1086/1185/1086
f 1092/1191/1092 1113/1212/1113 1115/1214/1115
f 1116/1215/1116 172/2455/172 169/1216/169
f 173/1220/173 172/2455/172 1118/1218/1118
f 172/2455/172 1116/1215/1116 1118/1218/1118
f 1116/1215/1116 1220/1344/1220 1118/1218/1118
f 1118/1218/1118 1956/2287/1956 1119/1219/1119
f 1053/1221/1053 1142/1250/1142 1120/1222/1120
f 1121/1224/1121 1142/1250/1142 1053/1221/1053
f 1064/1226/1064 1139/1247/1139 1121/1224/1121
f 1122/1227/1122 1139/1247/1139 1064/1226/1064
f 1062/1158/1062 1060/1156/1060 1124/1229/1124
f 1127/1232/1127 1124/1229/1124 1060/1156/1060
f 1129/1234/1129 1852/2093/1852 1059/1155/1059
f 1130/1235/1130 1052/1148/1052 1054/1150/1054
f 1132/1237/1132 1056/1152/1056 1052/1148/1052
f 1056/1152/1056 1132/1237/1132 1133/1238/1133
f 1124/1240/1124 1136/1244/1136 1135/1241/1135
f 1127/1243/1127 1201/1323/1201 1136/1244/1136
f 1137/1245/1137 1138/1246/1138 1105/1204/1105
f 1138/1246/1138 1137/1245/1137 1121/1224/1121
f 1106/1205/1106 1105/1204/1105 1138/1246/1138
f 1140/1248/1140 1138/1246/1138 1139/1247/1139
f 1104/1203/1104 1103/1202/1103 1141/1249/1141
f 1137/1245/1137 1141/1249/1141 1142/1250/1142
f 1143/1251/1143 1141/1249/1141 1103/1202/1103
f 1141/1249/1141 1143/1251/1143 1120/1222/1120
f 1102/1201/1102 153/153/153 197/202/197
f 1144/1252/1144 1120/1222/1120 1143/1251/1143
f 1145/1254/1145 1054/1223/1054 1120/1222/1120
f 1144/1252/1144 199/1253/199 201/1255/201
f 202/1256/202 1146/1258/1146 1145/1254/1145
f 1131/1257/1131 1054/1223/1054 1145/1254/1145
f 1107/1206/1107 1106/1205/1106 1140/1248/1140
f 1109/1208/1109 1107/1206/1107 1147/1259/1147
f 1148/1260/1148 1149/1261/1149 1110/1209/1110
f 1111/1210/1111 1110/1209/1110 1149/1261/1149
f 1147/1259/1147 1140/1248/1140 1122/1227/1122
f 1151/1263/1151 1152/1264/1152 1148/1260/1148
f 1149/1261/1149 1148/1260/1148 1152/1264/1152
f 1154/1266/1154 1151/1263/1151 1123/1228/1123
f 1152/1264/1152 1151/1263/1151 1154/1266/1154
f 1160/1273/1160 2048/2456/2046 1156/1269/1156
f 1157/1270/1157 2063/2379/2061 1158/1271/1158
f 1160/1273/1160 1156/1269/1156 1158/1271/1158
f 1159/1272/1159 1115/1214/1115 1160/1273/1160
f 1160/1273/1160 1115/1214/1115 1113/1212/1113
f 1161/1274/1161 1113/1212/1113 1162/1275/1162
f 1164/1277/1164 1166/1279/1166 1163/1276/1163
f 1165/1278/1165 1164/1277/1164 1162/1275/1162
f 1166/1279/1166 1164/1277/1164 1167/1280/1167
f 1168/1281/1168 1172/1285/1172 1169/1282/1169
f 1172/1285/1172 2026/2457/2024 1169/1282/1169
f 1168/1281/1168 1167/1280/1167 1171/1284/1171
f 1149/1261/1149 1153/1265/1153 1165/1278/1165
f 1173/1286/1173 1167/1280/1167 1164/1277/1164
f 1155/1268/1155 1173/1286/1173 1153/1265/1153
f 1167/1280/1167 1173/1286/1173 1174/1287/1174
f 1135/1241/1135 1177/1319/1177 1175/1288/1175
f 1176/1290/1176 1154/1266/1154 1126/1267/1126
f 1178/1293/1178 1155/1268/1155 1154/1266/1154
f 1179/1294/1179 1178/1293/1178 1176/1290/1176
f 1155/1268/1155 1178/1293/1178 1174/1287/1174
f 1174/1287/1174 1178/1293/1178 1179/1294/1179
f 1171/1284/1171 1174/1287/1174 1181/1296/1181
f 1182/1297/1182 1186/1301/1186 1172/1285/1172
f 1172/1285/1172 1186/1301/1186 1183/1298/1183
f 1186/1301/1186 1923/2299/1923 1183/1298/1183
f 1184/1299/1184 2026/2457/2024 1172/1285/1172
f 1182/1297/1182 1188/1303/1188 2081/2458/2079
f 1188/1303/1188 2018/2459/2016 2081/2458/2079
f 2081/2458/2079 1185/1300/1185 1182/1297/1182
f 1187/1302/1187 1188/1303/1188 1182/1297/1182
f 1188/1303/1188 1187/1302/1187 250/1304/250
f 1187/1302/1187 1190/1308/1190 251/1306/251
f 1189/1307/1189 254/1311/254 251/1306/251
f 1190/1308/1190 1187/1302/1187 1181/1296/1181
f 1192/1310/1192 256/1314/256 254/1311/254
f 1146/1258/1146 202/1256/202 257/1312/257
f 256/1314/256 1192/1310/1192 1193/1313/1193
f 1191/1309/1191 1194/1315/1194 1189/1307/1189
f 1194/1315/1194 1191/1309/1191 1179/1294/1179
f 1194/1315/1194 1195/1316/1195 1192/1310/1192
f 1146/1258/1146 1193/1313/1193 1196/1317/1196
f 1197/1318/1197 1195/1329/1195 1177/1319/1177
f 1136/1244/1136 1201/1323/1201 1198/1320/1198
f 1200/1322/1200 1198/1320/1198 1201/1323/1201
f 1203/1325/1203 1204/1326/1204 1197/1318/1197
f 1196/1327/1196 1205/1328/1205 1204/1326/1204
f 2082/2460/2080 991/1087/991 2012/2461/2010
f 991/1087/991 972/1068/972 1207/1331/1207
f 2012/2461/2010 991/1087/991 1207/1331/1207
f 1206/1330/1206 972/1068/972 2031/2462/2029
f 972/1068/972 975/1071/975 1209/1333/1209
f 2031/2462/2029 972/1068/972 1208/1332/1208
f 975/1071/975 2007/2463/2005 2053/2464/2051
f 975/1071/975 2053/2464/2051 1209/1333/1209
f 2001/2465/1999 982/1078/982 1211/1335/1211
f 982/1078/982 985/1081/985 1211/1335/1211
f 1999/2466/1997 987/1083/987 1998/2467/1996
f 987/1083/987 988/1084/988 1213/1337/1213
f 1998/2467/1996 987/1083/987 1213/1337/1213
f 988/1084/988 2083/2468/2081 1212/1336/1212
f 1159/1272/1159 1158/1271/1158 1216/1340/1216
f 1217/1341/1217 2044/2469/2042 1218/1342/1218
f 1159/1272/1159 1216/1340/1216 1218/1342/1218
f 1116/1215/1116 2064/2380/2062 1219/1343/1219
f 1117/1217/1117 169/1216/169 126/1176/126
f 1117/1217/1117 1077/1175/1077 1221/1345/1221
f 1215/1339/1215 1159/1272/1159 1218/1342/1218
f 1159/1272/1159 1215/1339/1215 1214/1338/1214
f 1222/1346/1222 1226/1350/1226 1223/1347/1223
f 1225/1349/1225 1223/1347/1223 1226/1350/1226
f 1227/1351/1227 1230/1354/1230 1228/1352/1228
f 1229/1353/1229 1239/1363/1239 1228/1352/1228
f 1224/1348/1224 1232/1356/1232 1231/1355/1231
f 1232/1356/1232 1235/1359/1235 1233/1357/1233
f 1238/1362/1238 1265/1389/1265 1239/1363/1239
f 1225/1349/1225 1241/1365/1241 1240/1364/1240
f 1228/1352/1228 1242/1366/1242 1241/1365/1241
f 1224/1348/1224 1223/1347/1223 1240/1364/1240
f 1232/1356/1232 1224/1348/1224 1243/1367/1243
f 1233/1357/1233 1249/1373/1249 1245/1369/1245
f 1246/1370/1246 1222/1346/1222 1231/1355/1231
f 1222/1346/1222 1246/1370/1246 1247/1371/1247
f 1227/1351/1227 1226/1350/1226 1247/1371/1247
f 1248/1372/1248 1251/1375/1251 1230/1354/1230
f 1251/1375/1251 1252/1376/1252 1229/1353/1229
f 1238/1362/1238 1229/1353/1229 1252/1376/1252
f 1252/1376/1252 1251/1375/1251 1254/1378/1254
f 1253/1377/1253 1252/1376/1252 1255/1379/1255
f 1251/1375/1251 1248/1372/1248 1257/1381/1257
f 1248/1372/1248 1247/1371/1247 1258/1382/1258
f 1246/1370/1246 1259/1383/1259 1258/1382/1258
f 1245/1369/1245 1260/1384/1260 1259/1383/1259
f 1260/1384/1260 1245/1369/1245 1249/1373/1249
f 1262/1386/1262 1253/1377/1253 1256/1380/1256
f 1238/1362/1238 1253/1377/1253 1262/1386/1262
f 1264/1388/1264 1269/1393/1269 1265/1389/1265
f 1266/1390/1266 1267/1391/1267 1262/1386/1262
f 1267/1391/1267 1842/2080/1842 1264/1388/1264
f 1264/1388/1264 1842/2080/1842 1268/1392/1268
f 1270/1394/1270 1258/1382/1258 1259/1383/1259
f 1260/1384/1260 1272/1396/1272 1271/1395/1271
f 1273/1397/1273 1275/1399/1275 1263/1387/1263
f 1274/1398/1274 1266/1390/1266 1263/1387/1263
f 1261/1385/1261 1276/1400/1276 1277/1401/1277
f 1236/1404/1236 1244/1408/1244 1280/1405/1280
f 1282/1407/1282 1280/1405/1280 1244/1408/1244
f 1283/1410/1283 1282/1407/1282 1243/1409/1243
f 1241/1412/1241 1284/1413/1284 1283/1410/1283
f 1284/1413/1284 1241/1412/1241 1242/1366/1242
f 1257/1381/1257 1270/1394/1270 1285/1414/1285
f 1285/1414/1285 1273/1397/1273 1255/1379/1255
f 1286/1415/1286 1311/1443/1311 1287/1416/1287
f 1289/1418/1289 1304/1436/1304 1290/1419/1290
f 1292/1421/1292 1307/1439/1307 1291/1420/1291
f 1293/1422/1293 1294/1423/1294 1288/1417/1288
f 1294/1423/1294 1293/1422/1293 1295/1424/1295
f 1297/1426/1297 1300/1432/1300 1298/1427/1298
f 1300/1432/1300 1302/1434/1302 1301/1433/1301
f 1287/1430/1287 1319/1453/1319 1302/1434/1302
f 1286/1415/1286 1312/1444/1312 1303/1435/1303
f 1305/1437/1305 1290/1419/1290 1304/1436/1304
f 1290/1419/1290 1305/1437/1305 1306/1438/1306
f 1307/1439/1307 1292/1421/1292 1308/1440/1308
f 1292/1421/1292 1306/1438/1306 1310/1442/1310
f 1304/1436/1304 1289/1418/1289 1311/1443/1311
f 1288/1417/1288 1313/1445/1313 1312/1444/1312
f 1313/1445/1313 1288/1417/1288 1294/1423/1294
f 1315/1447/1315 1316/1450/1316 1311/1448/1311
f 1316/1450/1316 1315/1447/1315 1317/1451/1317
f 1311/1448/1311 1316/1450/1316 1319/1453/1319
f 1308/1440/1308 1310/1442/1310 1320/1454/1320
f 1309/1441/1309 1308/1440/1308 1321/1455/1321
f 1289/1449/1289 1291/1459/1291 1323/1457/1323
f 1324/1458/1324 1317/1451/1317 1315/1447/1315
f 1291/1459/1291 1307/1462/1307 1325/1460/1325
f 1323/1457/1323 1325/1460/1325 1326/1461/1326
f 1307/1462/1307 1309/1556/1309 1327/1463/1327
f 1328/1464/1328 1326/1461/1326 1325/1460/1325
f 1296/1425/1296 1407/1555/1407 1314/1446/1314
f 1303/1435/1303 1332/1468/1332 1329/1465/1329
f 1305/1437/1305 1329/1465/1329 1330/1466/1330
f 1330/1466/1330 1331/1467/1331 1310/1442/1310
f 1331/1467/1331 1707/1919/1707 1320/1454/1320
f 1312/1444/1312 1333/1469/1333 1332/1468/1332
f 1333/1469/1333 1312/1444/1312 1313/1445/1313
f 1334/1470/1334 1313/1445/1313 1314/1446/1314
f 1336/1472/1336 1328/1464/1328 1327/1463/1327
f 1337/1473/1337 1412/1562/1412 1338/1474/1338
f 1338/1474/1338 1412/1562/1412 1339/1475/1339
f 1341/1477/1341 1340/1476/1340 1339/1475/1339
f 1342/1478/1342 1345/1481/1345 1343/1479/1343
f 1344/1480/1344 1347/1483/1347 1343/1479/1343
f 1346/1482/1346 1349/1485/1349 1347/1483/1347
f 1346/1482/1346 1351/1487/1351 1348/1484/1348
f 1350/1486/1350 1348/1484/1348 1351/1487/1351
f 1352/1488/1352 1355/1491/1355 1353/1489/1353
f 1354/1490/1354 1357/1493/1357 1353/1489/1353
f 1356/1492/1356 1360/1496/1360 1357/1493/1357
f 1383/2470/1383 1360/1496/1360 1359/1495/1359
f 1360/1496/1360 1356/1492/1356 1958/2406/1958
f 1358/1494/1358 1360/1496/1360 1958/2406/1958
f 1363/1499/1363 1383/2470/1383 1361/1497/1361
f 1383/2470/1383 1359/1495/1359 2073/2471/2071
f 1361/1497/1361 1383/2470/1383 2073/2471/2071
f 1364/1500/1364 1942/2472/1942 1365/1501/1365
f 1367/1503/1367 1364/1500/1364 1368/1504/1368
f 1368/1504/1368 1372/1508/1372 1370/1506/1370
f 1371/1507/1371 1370/1506/1370 1372/1508/1372
f 1302/1434/1302 1372/1508/1372 1373/1509/1373
f 1374/1510/1374 1375/1511/1375 1364/1500/1364
f 1375/1511/1375 1368/1504/1368 1364/1500/1364
f 1373/1509/1373 1372/1508/1372 1368/1504/1368
f 1376/1512/1376 1381/1522/1381 1377/1513/1377
f 1369/1515/1369 1378/1517/1378 1376/1512/1376
f 1370/1516/1370 1379/1519/1379 1378/1517/1378
f 1380/1520/1380 1379/1519/1379 1371/1518/1371
f 1363/1523/1363 1381/1522/1381 1382/1524/1382
f 1381/1522/1381 1376/1512/1376 1384/1526/1384
f 1378/1517/1378 1385/1527/1385 1384/1526/1384
f 1379/1519/1379 1380/1520/1380 1385/1527/1385
f 1386/1528/1386 1380/1520/1380 1318/1521/1318
f 1383/1525/1383 1382/1524/1382 1387/1530/1387
f 1388/1532/1388 1387/1530/1387 1382/1524/1382
f 1385/1527/1385 1389/1533/1389 1388/1532/1388
f 1389/1533/1389 1385/1527/1385 1380/1520/1380
f 1390/1534/1390 1386/1528/1386 1317/1529/1317
f 1391/1536/1391 1389/1533/1389 1386/1528/1386
f 1392/1537/1392 1388/1532/1388 1389/1533/1389
f 1393/1538/1393 1387/1530/1387 1388/1532/1388
f 1394/1539/1394 1357/1541/1357 1360/1531/1360
f 1395/1540/1395 1353/1543/1353 1357/1541/1357
f 1396/1542/1396 1350/1564/1350 1353/1543/1353
f 1397/1544/1397 1395/1540/1395 1394/1539/1394
f 1395/1540/1395 1397/1544/1397 1398/1545/1398
f 1397/1544/1397 1393/1538/1393 1392/1537/1392
f 1397/1544/1397 1399/1546/1399 1400/1547/1400
f 1391/1536/1391 1401/1548/1401 1399/1546/1399
f 1400/1547/1400 1399/1546/1399 1401/1548/1401
f 1403/1550/1403 1390/1534/1390 1324/1535/1324
f 1326/1551/1326 1328/1570/1328 1404/1552/1404
f 1401/1548/1401 1391/1536/1391 1390/1534/1390
f 1405/1553/1405 1406/1554/1406 1296/1425/1296
f 1406/1554/1406 1470/1644/1470 1407/1555/1407
f 1309/1556/1309 1322/1559/1322 1408/1557/1408
f 1409/1558/1409 1411/1561/1411 1408/1557/1408
f 1410/1560/1410 1409/1937/1409 1322/1456/1322
f 1337/1473/1337 1408/1557/1408 1411/1561/1411
f 1413/1563/1413 1348/2473/1348 1350/1564/1350
f 1396/1542/1396 1398/1545/1398 1414/1565/1414
f 1415/1566/1415 1348/2473/1348 1413/1563/1413
f 1398/1545/1398 1400/1547/1400 1417/1568/1417
f 1417/1568/1417 1423/1578/1423 1418/1569/1418
f 1402/1549/1402 1422/1577/1422 1417/1568/1417
f 1328/1570/1328 1336/1573/1336 1419/1571/1419
f 1420/1572/1420 1419/1571/1419 1336/1573/1336
f 1421/1575/1421 1420/1572/1420 1338/1574/1338
f 1422/1577/1422 1431/1592/1431 1423/1578/1423
f 1340/1576/1340 1341/1581/1341 1424/1579/1424
f 1425/1580/1425 1424/1579/1424 1341/1581/1341
f 1343/1583/1343 1347/1587/1347 1426/1584/1426
f 1427/1586/1427 1426/1584/1426 1347/1587/1347
f 1349/1588/1349 1348/2473/1348 1415/1566/1415
f 1428/1589/1428 1447/1609/1447 1427/1586/1427
f 1416/1567/1416 1429/1590/1429 1428/1589/1428
f 1418/1569/1418 1430/1591/1430 1429/1590/1429
f 1423/1578/1423 1432/1593/1432 1430/1591/1430
f 1431/1592/1431 1436/1597/1436 1432/1593/1432
f 1433/1594/1433 1402/1549/1402 1401/1548/1401
f 1422/1577/1422 1402/1549/1402 1433/1594/1433
f 1431/1592/1431 1422/1577/1422 1434/1595/1434
f 1436/1597/1436 1431/1592/1431 1435/1596/1435
f 1404/1552/1404 1438/1599/1438 1434/1595/1434
f 1438/1599/1438 1439/1600/1439 1435/1596/1435
f 1439/1600/1439 1442/1603/1442 1437/1598/1437
f 1439/1600/1439 1438/1599/1438 1419/1571/1419
f 1420/1572/1420 1421/1575/1421 1441/1602/1441
f 1442/1603/1442 1439/1600/1439 1440/1601/1440
f 1421/1575/1421 1424/1579/1424 1444/1605/1444
f 1424/1579/1424 1425/1580/1425 1445/1606/1445
f 1425/1585/1425 1426/1584/1426 1446/1607/1446
f 1426/1584/1426 1427/1586/1427 1447/1609/1447
f 1355/1491/1355 2062/2378/2060 1354/1490/1354
f 2062/2378/2060 1448/1610/1448 1354/1490/1354
f 1450/1612/1450 2062/2378/2060 1355/1491/1355
f 508/1613/508 1452/1616/1452 1451/1614/1451
f 1452/1616/1452 2062/2378/2060 1450/1612/1450
f 1352/1488/1352 1351/1487/1351 1453/1617/1453
f 512/1618/512 513/1615/513 1451/1614/1451
f 1453/1617/1453 1454/1620/1454 514/1619/514
f 1351/1487/1351 1346/1482/1346 1454/1620/1454
f 516/1621/516 514/1619/514 1454/1620/1454
f 1455/1622/1455 1454/1620/1454 1346/1482/1346
f 518/1623/518 516/1621/516 1455/1622/1455
f 1456/1624/1456 1455/1622/1455 1344/1480/1344
f 1456/1624/1456 1457/1626/1457 521/1625/521
f 1457/1626/1457 1456/1624/1456 1345/1481/1345
f 1342/1478/1342 1339/1475/1339 1458/1627/1458
f 1457/1626/1457 1458/1627/1458 524/1628/524
f 1459/1629/1459 1458/1627/1458 1339/1475/1339
f 1411/1561/1411 1463/1635/1463 1459/1629/1459
f 1458/1627/1458 1460/1631/1460 527/1630/527
f 1459/1629/1459 1463/1635/1463 1461/1632/1461
f 530/1633/530 527/1630/527 1460/1631/1460
f 1411/1561/1411 1409/1558/1409 1462/1634/1462
f 1462/1634/1462 1468/1642/1468 1464/1636/1464
f 530/1633/530 1461/1632/1461 1465/1637/1465
f 1461/1632/1461 1463/1635/1463 1464/1636/1464
f 536/1638/536 1465/1637/1465 1466/1639/1466
f 1467/1641/1467 1464/1636/1464 1468/1642/1468
f 1466/1639/1466 1465/1637/1465 1464/1636/1464
f 1407/1555/1407 1471/1645/1471 1335/1471/1335
f 1470/1644/1470 1678/1876/1678 1471/1645/1471
f 1472/1646/1472 1476/1650/1476 1473/1647/1473
f 1475/1649/1475 1473/1647/1473 1476/1650/1476
f 1477/1651/1477 1480/1654/1480 1478/1652/1478
f 1479/1653/1479 1478/1652/1478 1480/1654/1480
f 1474/1648/1474 1483/1657/1483 1482/1656/1482
f 1483/1657/1483 1486/1660/1486 1484/1658/1484
f 1485/1659/1485 1484/1658/1484 1486/1660/1486
f 1487/1661/1487 1532/2474/1532 1488/1662/1488
f 1489/1663/1489 1515/1689/1515 1479/1653/1479
f 1475/1649/1475 1491/1665/1491 1490/1664/1490
f 1478/1652/1478 1492/1666/1492 1491/1665/1491
f 1474/1648/1474 1473/1647/1473 1490/1664/1490
f 1483/1657/1483 1474/1648/1474 1493/1667/1493
f 1484/1658/1484 1500/1674/1500 1495/1669/1495
f 1496/1670/1496 1472/1646/1472 1482/1656/1482
f 1472/1646/1472 1496/1670/1496 1497/1671/1497
f 1477/1651/1477 1476/1650/1476 1497/1671/1497
f 1484/1658/1484 1485/1659/1485 1499/1673/1499
f 1498/1672/1498 1501/1675/1501 1480/1654/1480
f 1501/1675/1501 1502/1676/1502 1481/1655/1481
f 1502/1676/1502 1505/1679/1505 1489/1663/1489
f 1502/1676/1502 1501/1675/1501 1503/1677/1503
f 1505/1679/1505 1502/1676/1502 1504/1678/1504
f 1501/1675/1501 1498/1672/1498 1507/1681/1507
f 1498/1672/1498 1497/1671/1497 1508/1682/1508
f 1496/1670/1496 1509/1683/1509 1508/1682/1508
f 1495/1669/1495 1510/1684/1510 1509/1683/1509
f 1510/1684/1510 1495/1669/1495 1500/1674/1500
f 1512/1686/1512 1505/1679/1505 1506/1680/1506
f 1489/1663/1489 1505/1679/1505 1512/1686/1512
f 1514/1688/1514 1519/1693/1519 1515/1689/1515
f 1516/1690/1516 1517/1691/1517 1512/1686/1512
f 1517/1691/1517 1798/2032/1798 1514/1688/1514
f 1514/1688/1514 1798/2032/1798 1518/1692/1518
f 1521/1695/1521 1520/1694/1520 1508/1682/1508
f 1510/1684/1510 1522/1696/1522 1521/1695/1521
f 1511/1685/1511 1527/1701/1527 1522/1696/1522
f 1523/1697/1523 1524/1698/1524 1513/1687/1513
f 1516/1690/1516 1513/1687/1513 1524/1698/1524
f 1511/1685/1511 1500/1674/1500 1499/1673/1499
f 1527/1701/1527 1511/1685/1511 1526/1700/1526
f 1529/1703/1529 1499/1673/1499 1485/1659/1485
f 1530/1704/1530 1528/1702/1528 1526/1700/1526
f 1487/1705/1487 1494/1709/1494 1531/1706/1531
f 1533/1708/1533 1531/1706/1531 1494/1709/1494
f 1490/1711/1490 1534/1713/1534 1533/1708/1533
f 1491/1712/1491 1535/1714/1535 1534/1713/1534
f 1535/1714/1535 1491/1712/1491 1492/1715/1492
f 1520/1694/1520 1536/1716/1536 1503/1677/1503
f 1536/1716/1536 1523/1697/1523 1504/1678/1504
f 1548/1728/1548 1375/1511/1375 1538/1718/1538
f 1375/1511/1375 1374/1510/1374 1537/1717/1537
f 1541/1721/1541 1546/1726/1546 1539/1719/1539
f 1546/1726/1546 1978/2475/1978 1539/1719/1539
f 1542/1722/1542 620/675/620 619/674/619
f 1544/1724/1544 1541/1721/1541 1542/1722/1542
f 1541/1721/1541 1544/1724/1544 1545/1725/1545
f 1546/1726/1546 1545/1725/1545 1547/1727/1547
f 1548/1728/1548 1547/1727/1547 1373/1509/1373
f 1547/1727/1547 1549/1729/1549 1301/1433/1301
f 1545/1725/1545 1550/1730/1550 1549/1729/1549
f 1550/1730/1550 1545/1725/1545 1544/1724/1544
f 1544/1724/1544 1543/1723/1543 1552/1732/1552
f 630/685/630 1552/1732/1552 1543/1723/1543
f 630/685/630 632/687/632 1553/1733/1553
f 1552/1732/1552 1553/1733/1553 1554/1734/1554
f 1551/1731/1551 1554/1734/1554 1555/1735/1555
f 1556/1736/1556 1549/1729/1549 1550/1730/1550
f 1549/1729/1549 1556/1736/1556 1298/1427/1298
f 632/687/632 641/696/641 1557/1737/1557
f 1553/1733/1553 1557/1737/1557 1558/1738/1558
f 1554/1734/1554 1558/1738/1558 1559/1739/1559
f 1555/1735/1555 1559/1739/1559 1560/1740/1560
f 1556/1736/1556 1560/1740/1560 1299/1428/1299
f 1561/1741/1561 1557/1737/1557 641/696/641
f 1562/1742/1562 1558/1738/1558 1557/1737/1557
f 1558/1738/1558 1562/1742/1562 1563/1743/1563
f 1564/1744/1564 1560/1740/1560 1559/1739/1559
f 1560/1740/1560 1564/1744/1564 1295/1431/1295
f 1562/1742/1562 1683/1881/1683 1565/1745/1565
f 1566/1746/1566 1564/1744/1564 1563/1743/1563
f 1405/1747/1405 1295/1431/1295 1564/1744/1564
f 1567/1748/1567 652/708/652 651/707/651
f 1569/1750/1569 1567/1748/1567 1568/1749/1568
f 1571/1752/1571 1573/1754/1573 1569/1750/1569
f 1572/1753/1572 1575/1756/1575 1573/1754/1573
f 1574/1755/1574 1576/1757/1576 1575/1756/1575
f 1576/1757/1576 1574/1755/1574 1577/1758/1577
f 1578/1759/1578 1577/1758/1577 1579/1760/1579
f 1579/1760/1579 670/1768/670 664/1762/664
f 1581/1763/1581 1572/1753/1572 1571/1752/1571
f 1572/1753/1572 1581/1763/1581 1583/1765/1583
f 1584/1766/1584 1577/1758/1577 1574/1755/1574
f 1577/1758/1577 1584/1766/1584 1585/1767/1585
f 670/1768/670 1579/1760/1579 1585/1767/1585
f 1571/1752/1571 1570/1751/1570 1586/1770/1586
f 1570/1751/1570 1568/1749/1568 1587/1771/1587
f 675/731/675 1587/1771/1587 1568/1749/1568
f 1588/1772/1588 1587/1771/1587 675/731/675
f 1589/1773/1589 1590/1774/1590 1586/1770/1586
f 1582/1764/1582 1586/1770/1586 1590/1774/1590
f 1591/1775/1591 1592/1776/1592 1581/1763/1581
f 1592/1776/1592 1597/1783/1597 1583/1765/1583
f 1583/1765/1583 1597/1783/1597 1593/1777/1593
f 1594/1778/1594 1585/1767/1585 1584/1766/1584
f 671/1769/671 1585/1767/1585 1594/1778/1594
f 1594/1778/1594 1595/1781/1595 686/1780/686
f 1593/1777/1593 1601/1787/1601 1595/1781/1595
f 1596/1782/1596 1601/1787/1601 1593/1777/1593
f 1597/1783/1597 1592/1776/1592 1598/1784/1598
f 1599/1785/1599 1614/1804/1614 1596/1782/1596
f 1596/1782/1596 1614/1804/1614 1600/1786/1600
f 1601/1787/1601 1600/1786/1600 1602/1788/1602
f 696/1789/696 686/1780/686 1595/1781/1595
f 1592/1776/1592 1591/1775/1591 1603/1790/1603
f 1598/1784/1598 1603/1790/1603 1604/1791/1604
f 1605/1792/1605 1603/1790/1603 1591/1775/1591
f 1588/1772/1588 677/733/677 700/756/700
f 1589/1773/1589 1588/1772/1588 1606/1793/1606
f 1590/1774/1590 1589/1773/1589 1607/1794/1607
f 1602/1788/1602 1609/1798/1609 704/1796/704
f 706/1797/706 704/1796/704 1609/1798/1609
f 706/1797/706 1610/1799/1610 1611/1800/1611
f 1612/1802/1612 711/2476/711 710/1801/710
f 1609/1798/1609 1602/1788/1602 1600/1786/1600
f 1613/1803/1613 1600/1786/1600 1614/1804/1614
f 1610/1799/1610 1609/1798/1609 1613/1803/1613
f 1616/1806/1616 1613/1803/1613 1615/1805/1615
f 1616/1806/1616 1618/1808/1618 1611/1800/1611
f 1617/1807/1617 1619/1809/1619 1618/1808/1618
f 1618/1808/1618 1620/1810/1620 1612/1802/1612
f 1619/1809/1619 1623/1813/1623 1620/1810/1620
f 1599/1785/1599 1621/1811/1621 1617/1807/1617
f 1604/1791/1604 1608/1795/1608 1622/1812/1622
f 1619/1809/1619 1617/1807/1617 1621/1811/1621
f 1623/1813/1623 1619/1809/1619 1622/1812/1622
f 1624/1814/1624 1622/1812/1622 1608/1795/1608
f 1605/1792/1605 1626/1816/1626 1625/1815/1625
f 725/1817/725 711/2476/711 1612/1802/1612
f 1620/1810/1620 1628/1819/1628 1627/1818/1627
f 1628/1819/1628 1620/1810/1620 1623/1813/1623
f 1629/1820/1629 1623/1813/1623 1624/1814/1624
f 1630/1821/1630 1624/1814/1624 1625/1815/1625
f 1631/1822/1631 1625/1815/1625 1626/1816/1626
f 1626/1816/1626 1607/1794/1607 1633/1824/1633
f 732/1825/732 725/1817/725 1627/1818/1627
f 1634/1826/1634 1627/1818/1627 1628/1819/1628
f 1629/1820/1629 1636/1828/1636 1635/1827/1635
f 1630/1821/1630 1640/1832/1640 1636/1828/1636
f 1637/1829/1637 1645/1838/1645 732/1825/732
f 1637/1829/1637 1634/1826/1634 1635/1827/1635
f 1631/1822/1631 1641/1833/1641 1640/1832/1640
f 1632/1823/1632 1643/1835/1643 1641/1833/1641
f 1639/1831/1639 1640/1832/1640 1641/1833/1641
f 1642/1834/1642 1641/1833/1641 1643/1835/1643
f 1637/1829/1637 1646/1839/1646 744/1837/744
f 1638/1830/1638 1649/1843/1649 1646/1839/1646
f 747/1840/747 744/1837/744 1646/1839/1646
f 1648/1842/1648 1647/1841/1647 1646/1839/1646
f 1650/1844/1650 1654/1850/1654 1647/1841/1647
f 1647/1841/1647 1654/1850/1654 751/1845/751
f 1652/1847/1652 1648/1842/1648 1649/1843/1649
f 1653/1848/1653 1650/1844/1650 1648/1842/1648
f 1644/1836/1644 1653/1848/1653 1652/1847/1652
f 1651/1846/1651 1639/1831/1639 1642/1834/1642
f 757/1849/757 751/1845/751 1654/1850/1654
f 1650/1844/1650 1657/1853/1657 1655/1851/1655
f 1650/1844/1650 1653/1848/1653 1656/1852/1656
f 1653/1848/1653 1644/1836/1644 1658/1854/1658
f 1659/1855/1659 1658/1854/1658 1644/1836/1644
f 1632/1823/1632 1633/1824/1633 1659/1855/1659
f 1660/1856/1660 767/823/767 762/1857/762
f 769/1861/769 1664/1862/1664 1661/1858/1661
f 1655/1851/1655 1664/1862/1664 769/1861/769
f 1657/1853/1657 1665/1863/1665 1664/1862/1664
f 1663/1860/1663 1661/1858/1661 1664/1862/1664
f 1656/1852/1656 1658/1854/1658 1666/1864/1666
f 1667/1865/1667 1666/1864/1666 1658/1854/1658
f 1668/1866/1668 1663/1860/1663 1666/1864/1666
f 1633/1824/1633 1669/1867/1669 1667/1865/1667
f 1668/1866/1668 1667/1865/1667 1669/1867/1669
f 1668/1866/1668 1670/1868/1670 1671/1869/1671
f 700/756/700 779/835/779 1670/1868/1670
f 780/836/780 1662/1859/1662 1671/1869/1671
f 1329/1465/1329 1673/1871/1673 1672/1870/1672
f 1675/1873/1675 1704/1915/1704 1676/1874/1676
f 1678/1876/1678 1675/1873/1675 1677/1875/1677
f 1679/1877/1679 1678/1876/1678 1470/1644/1470
f 1675/1873/1675 1678/1876/1678 1679/1877/1679
f 1561/1741/1561 643/698/643 790/846/790
f 1683/1881/1683 1562/1742/1562 1561/1741/1561
f 1684/1882/1684 1683/1881/1683 1682/1880/1682
f 1686/1884/1686 1565/1745/1565 1683/1881/1683
f 1686/1884/1686 1687/1885/1687 1566/1746/1566
f 1406/1554/1406 1405/1553/1405 1687/1886/1687
f 1567/1887/1567 1688/1889/1688 795/853/795
f 1688/1889/1688 1567/1887/1567 1569/1890/1569
f 1573/1892/1573 1699/1907/1699 1689/1891/1689
f 1690/1893/1690 1699/1907/1699 1573/1892/1573
f 1575/1894/1575 1576/1896/1576 1691/1895/1691
f 1576/1896/1576 1578/1898/1578 1692/1897/1692
f 1578/1898/1578 1580/1900/1580 1693/1899/1693
f 1580/1900/1580 664/2477/664 803/1901/803
f 1688/1889/1688 1695/1903/1695 1694/1902/1694
f 1685/1883/1685 1694/1902/1694 1695/1903/1695
f 1696/1904/1696 1695/1903/1695 1688/1889/1688
f 1695/1903/1695 1696/1904/1696 1686/1884/1686
f 1689/1891/1689 1699/1907/1699 1697/1905/1697
f 1696/1904/1696 1697/1905/1697 1687/1885/1687
f 1698/1906/1698 1697/1905/1697 1699/1907/1699
f 1680/1878/1680 1687/1886/1687 1697/1908/1697
f 1700/1910/1700 1698/1906/1698 1690/1893/1690
f 1691/1895/1691 1692/1897/1692 1701/1911/1701
f 1692/1897/1692 1693/1899/1693 1702/1912/1702
f 1698/1909/1698 1700/1913/1700 1679/1877/1679
f 1681/1879/1681 1679/1877/1679 1700/1913/1700
f 1681/1879/1681 1733/1955/1733 1704/1915/1704
f 1672/1870/1672 1706/1918/1706 1331/1467/1331
f 1706/1918/1706 1749/1972/1749 1707/1919/1707
f 1708/1920/1708 1705/1917/1705 1702/1912/1702
f 1710/1922/1710 1693/1899/1693 803/1901/803
f 822/1923/822 824/1925/824 1711/1924/1711
f 1709/1921/1709 1702/1912/1702 1710/1922/1710
f 824/1925/824 827/1930/827 1712/1926/1712
f 1711/1924/1711 1712/1926/1712 1713/1927/1713
f 1714/1928/1714 1709/1921/1709 1713/1927/1713
f 827/1930/827 831/1934/831 1716/1931/1716
f 1713/1927/1713 1712/1926/1712 1716/1931/1716
f 1718/1933/1718 1716/1931/1716 831/1934/831
f 1466/1639/1466 1718/1933/1718 833/1935/833
f 1717/1932/1717 1725/2028/1725 1715/1929/1715
f 1719/1936/1719 1462/1939/1462 1409/1937/1409
f 1720/1938/1720 1468/1941/1468 1462/1939/1462
f 1720/1938/1720 1722/1943/1722 1469/1940/1469
f 1721/1942/1721 1724/1945/1724 1469/1940/1469
f 1723/1944/1723 1725/1946/1725 1724/1945/1724
f 1725/1946/1725 1723/1944/1723 1726/1947/1726
f 1727/1949/1727 1735/1957/1735 1728/1950/1728
f 1730/1952/1730 1676/1874/1676 1704/1915/1704
f 1701/1916/1701 1705/2090/1705 1732/1954/1732
f 1703/1914/1703 1732/1954/1732 1733/1955/1733
f 1727/1949/1727 1708/2091/1708 1734/1956/1734
f 1414/1565/1414 1418/1569/1418 1416/1567/1416
f 1729/1951/1729 1733/1955/1733 1732/1954/1732
f 1736/1958/1736 1740/1962/1740 1737/1959/1737
f 1739/1961/1739 1737/1959/1737 1740/1962/1740
f 1410/1560/1410 1320/1454/1320 1740/1962/1740
f 1719/1936/1719 1410/1560/1410 1736/1958/1736
f 1741/1963/1741 1720/1938/1720 1719/1936/1719
f 1715/1948/1715 1726/1947/1726 1742/1964/1742
f 1726/1947/1726 1772/1995/1772 1743/1966/1743
f 1722/1943/1722 1746/1969/1746 1744/1967/1744
f 1722/1943/1722 1741/1963/1741 1745/1968/1745
f 1739/1961/1739 1707/1919/1707 1749/1972/1749
f 1751/1974/1751 1674/1872/1674 1677/1875/1677
f 1751/1974/1751 1752/1975/1752 1672/1870/1672
f 1752/1975/1752 1751/1974/1751 1676/1874/1676
f 1750/1973/1750 1749/1972/1749 1753/1976/1753
f 1755/1978/1755 1753/1976/1753 1749/1972/1749
f 1706/1918/1706 1672/1870/1672 1752/1975/1752
f 1730/1952/1730 1757/1980/1757 1755/1978/1755
f 1731/1953/1731 1704/1915/1704 1733/1955/1733
f 1729/1951/1729 1728/1950/1728 1756/1979/1756
f 1731/1953/1731 1756/1979/1756 1757/1980/1757
f 1753/1976/1753 1755/1978/1755 1757/1980/1757
f 1758/1981/1758 1759/1982/1759 1754/1977/1754
f 1759/1982/1759 1758/1981/1758 1756/1979/1756
f 1754/1977/1754 1759/1982/1759 1761/1984/1761
f 1763/1986/1763 1789/2018/1789 1764/1987/1764
f 1765/1988/1765 1764/1987/1764 1766/1989/1766
f 1734/1956/1734 1763/1986/1763 1765/1988/1765
f 1767/1990/1767 1728/1950/1728 1735/1957/1735
f 1728/1950/1728 1767/1990/1767 1768/1991/1768
f 1761/1984/1761 1759/1982/1759 1760/1983/1760
f 1766/1989/1766 1770/1993/1770 1768/1991/1768
f 1769/1992/1769 1761/1984/1761 1768/1991/1768
f 1721/1942/1721 1744/1967/1744 1771/1994/1771
f 1723/1944/1723 1771/1994/1771 1772/1995/1772
f 1773/1996/1773 1789/2026/1789 1743/1966/1743
f 1717/1932/1717 1716/1931/1716 1718/1933/1718
f 1466/1639/1466 1467/1641/1467 1774/1997/1774
f 1775/1998/1775 1762/1985/1762 1761/1984/1761
f 1754/1977/1754 1762/1985/1762 1776/1999/1776
f 1203/1325/1203 1198/1320/1198 1132/1237/1132
f 1319/1453/1319 1316/1450/1316 1318/1452/1318
f 1199/1321/1199 1197/1318/1197 1135/1241/1135
f 893/969/893 1685/1883/1685 1682/1880/1682
f 1685/1883/1685 893/969/893 894/970/894
f 1745/1968/1745 1530/1704/1530 1529/1703/1529
f 1488/1662/1488 1532/2474/1532 1779/2003/1779
f 1780/2004/1780 1746/1969/1746 1778/2002/1778
f 1780/2004/1780 1782/2006/1782 1744/1967/1744
f 1781/2005/1781 1771/1994/1771 1744/1967/1744
f 1771/1994/1771 1781/2005/1781 1773/1996/1773
f 1532/1707/1532 1531/1706/1531 1783/2007/1783
f 1784/2009/1784 1780/2010/1780 1779/2008/1779
f 1780/2010/1780 1784/2009/1784 1785/2011/1785
f 1786/2013/1786 1781/2014/1781 1782/2012/1782
f 1781/2014/1781 1786/2013/1786 1787/2015/1787
f 1773/2016/1773 1787/2015/1787 1788/2017/1788
f 1788/2017/1788 1795/2029/1795 1764/1987/1764
f 1790/2019/1790 1788/2017/1788 1787/2015/1787
f 1785/2011/1785 1808/2042/1808 1790/2019/1790
f 1791/2020/1791 1808/2042/1808 1785/2011/1785
f 1783/2007/1783 1792/2021/1792 1791/2020/1791
f 1494/1668/1494 1487/1661/1487 1486/1660/1486
f 1531/1706/1531 1533/1708/1533 1792/2021/1792
f 1776/1999/1776 1516/1690/1516 1525/1699/1525
f 1738/1960/1738 1737/1959/1737 1748/1971/1748
f 1793/2022/1793 1527/1701/1527 1528/1702/1528
f 1738/1960/1738 1793/2022/1793 1794/2023/1794
f 1530/1704/1530 1745/1968/1745 1741/1963/1741
f 1734/2024/1734 1708/2478/1708 1714/1965/1714
f 1763/2025/1763 1734/2024/1734 1742/1964/1742
f 1724/2027/1724 1774/1997/1774 1467/1641/1467
f 1725/2028/1725 1717/1932/1717 1774/1997/1774
f 1766/1989/1766 1764/1987/1764 1795/2029/1795
f 1797/2031/1797 1776/1999/1776 1762/1985/1762
f 1517/1691/1517 1776/1999/1776 1797/2031/1797
f 1799/2033/1799 1518/1692/1518 1798/2032/1798
f 1800/2034/1800 1799/2033/1799 1797/2031/1797
f 1800/2034/1800 1775/1998/1775 1769/1992/1769
f 1492/1715/1492 1479/1653/1479 1515/1689/1515
f 1769/1992/1769 1770/1993/1770 1802/2036/1802
f 1803/2037/1803 1518/1692/1518 1799/2033/1799
f 1796/2030/1796 1802/2036/1802 1770/1993/1770
f 1805/2039/1805 1791/2020/1791 1792/2021/1792
f 1804/2038/1804 1805/2039/1805 1806/2040/1806
f 1803/2037/1803 1535/1714/1535 1519/1693/1519
f 1534/1713/1534 1535/1714/1535 1803/2037/1803
f 1533/1708/1533 1534/1713/1534 1806/2040/1806
f 1807/2041/1807 1810/2044/1810 1790/2019/1790
f 1809/2043/1809 1811/2045/1811 1810/2044/1810
f 1801/2035/1801 1811/2045/1811 1809/2043/1809
f 1804/2038/1804 1799/2033/1799 1800/2034/1800
f 1805/2039/1805 1804/2038/1804 1809/2043/1809
f 1791/2020/1791 1805/2039/1805 1807/2041/1807
f 1795/2029/1795 1788/2017/1788 1790/2019/1790
f 1796/2030/1796 1795/2029/1795 1810/2044/1810
f 1812/2046/1812 1429/1590/1429 1430/1591/1430
f 1814/2048/1814 1813/2047/1813 1430/1591/1430
f 1432/1593/1432 1436/1597/1436 1815/2049/1815
f 1816/2050/1816 1815/2049/1815 1436/1597/1436
f 1816/2050/1816 1437/1598/1437 1442/1603/1442
f 1817/2051/1817 1442/1603/1442 1443/1604/1443
f 1441/1602/1441 1819/2053/1819 1818/2052/1818
f 1444/1605/1444 1820/2054/1820 1819/2053/1819
f 1820/2054/1820 1444/1605/1444 1445/1606/1445
f 1445/1608/1445 1446/1607/1446 1822/2056/1822
f 1446/1607/1446 1447/1609/1447 1823/2058/1823
f 1824/2059/1824 1428/1589/1428 1429/1590/1429
f 1824/2059/1824 1823/2058/1823 1447/1609/1447
f 1272/1396/1272 1823/2058/1823 1824/2059/1824
f 1812/2046/1812 1270/1394/1270 1271/1395/1271
f 1285/1414/1285 1270/1394/1270 1812/2046/1812
f 1274/1398/1274 1814/2048/1814 1815/2049/1815
f 1815/2049/1815 1816/2050/1816 1826/2061/1826
f 1826/2061/1826 1816/2050/1816 1817/2051/1817
f 1818/2052/1818 1828/2063/1828 1827/2062/1827
f 1828/2063/1828 1818/2052/1818 1819/2053/1819
f 1820/2054/1820 1830/2065/1830 1829/2064/1829
f 1821/2055/1821 1831/2479/1831 1830/2065/1830
f 1277/1401/1277 1822/2056/1822 1823/2058/1823
f 1237/1361/1237 1833/2068/1833 1831/2066/1831
f 1833/2068/1833 1237/1361/1237 1281/2069/1281
f 1830/2065/1830 1831/2479/1831 1833/2071/1833
f 1836/2074/1836 1828/2063/1828 1829/2064/1829
f 1837/2075/1837 1829/2064/1829 1830/2065/1830
f 1836/2074/1836 1839/2077/1839 1827/2062/1827
f 1839/2077/1839 1841/2079/1841 1826/2061/1826
f 1840/2078/1840 1825/2060/1825 1826/2061/1826
f 1842/2080/1842 1267/1391/1267 1840/2078/1840
f 1268/1392/1268 1842/2080/1842 1843/2081/1843
f 1841/2079/1841 1839/2077/1839 1844/2082/1844
f 1845/2083/1845 1836/2074/1836 1837/2075/1837
f 1244/1368/1244 1236/1360/1236 1235/1359/1235
f 1265/1389/1265 1269/1393/1269 1242/1366/1242
f 1848/2086/1848 1268/1392/1268 1844/2082/1844
f 1849/2087/1849 1845/2083/1845 1846/2084/1846
f 1849/2087/1849 1848/2086/1848 1847/2085/1847
f 1850/2088/1850 1846/2084/1846 1838/2076/1838
f 1848/2086/1848 1284/1413/1284 1269/1393/1269
f 1283/1410/1283 1284/1413/1284 1848/2086/1848
f 1282/1407/1282 1283/1410/1283 1849/2087/1849
f 1280/1405/1280 1282/1407/1282 1850/2088/1850
f 1281/1406/1281 1280/1405/1280 1851/2089/1851
f 1832/2067/1832 1822/2056/1822 1277/1401/1277
f 1278/1402/1278 1831/2066/1831 1832/2067/1832
f 1727/1949/1727 1732/1954/1732 1705/2090/1705
f 99/99/99 105/105/105 107/107/107
f 107/107/107 180/182/180 184/186/184
f 190/193/190 266/278/266 184/195/184
f 1128/1233/1128 1059/1155/1059 1852/2093/1852
f 183/185/183 186/188/186 102/102/102
f 191/196/191 267/279/267 186/2094/186
f 1058/1154/1058 1134/1239/1134 1133/1238/1133
f 1777/2000/1777 1852/2095/1852 1129/2096/1129
f 1853/2097/1853 2071/2404/2069 1854/2098/1854
f 1856/2100/1856 1860/2104/1860 1857/2101/1857
f 1859/2103/1859 1866/2111/1866 1860/2104/1860
f 1861/2105/1861 1865/2110/1865 1862/2106/1862
f 1858/2102/1858 231/2480/231 230/2108/230
f 1856/2100/1856 230/2108/230 1864/2109/1864
f 1864/2109/1864 247/2481/247 1859/2103/1859
f 1865/2110/1865 1861/2105/1861 1866/2111/1866
f 1853/2097/1853 1860/2104/1860 610/2113/610
f 1860/2104/1860 1866/2111/1866 613/2403/613
f 611/2112/611 1860/2104/1860 613/2403/613
f 1866/2111/1866 2023/2309/2021 613/2403/613
f 1857/2101/1857 1860/2104/1860 1853/2097/1853
f 1867/2114/1867 1870/2119/1870 1868/2115/1868
f 1867/2114/1867 1869/2116/1869 415/2117/415
f 1869/2116/1869 1882/2133/1882 2042/2376/2040
f 415/2117/415 1869/2116/1869 2042/2376/2040
f 1870/2119/1870 1867/2114/1867 1871/2120/1871
f 1873/2122/1873 1911/2170/1911 1874/2123/1874
f 2034/2325/2032 1908/2165/1908 609/2126/609
f 1908/2165/1908 1873/2122/1873 609/2126/609
f 1876/2127/1876 2084/2482/2082 1877/2128/1877
f 2075/2483/2073 1905/2160/1905 1879/2130/1879
f 1905/2160/1905 1876/2127/1876 1879/2130/1879
f 1880/2131/1880 412/2484/412 1881/2132/1881
f 1881/2132/1881 2060/2375/2058 1882/2133/1882
f 1883/2134/1883 1887/2138/1887 1884/2135/1884
f 1883/2134/1883 1889/2140/1889 1886/2137/1886
f 1887/2138/1887 1868/2115/1868 1888/2139/1888
f 1868/2115/1868 2017/2485/2015 1888/2139/1888
f 1887/2138/1887 1886/2137/1886 1869/2116/1869
f 1889/2140/1889 1893/2144/1893 1880/2131/1880
f 1886/2137/1886 1880/2131/1880 1882/2133/1882
f 1890/2141/1890 1905/2160/1905 1891/2142/1891
f 1892/2143/1892 1891/2142/1891 1893/2144/1893
f 1894/2145/1894 1892/2143/1892 1889/2140/1889
f 1892/2143/1892 1894/2145/1894 1895/2146/1895
f 2080/2486/2078 1894/2145/1894 274/2148/274
f 1894/2145/1894 1883/2134/1883 274/2148/274
f 1883/2134/1883 1885/2136/1885 1896/2147/1896
f 2072/2411/2070 1895/2146/1895 275/2150/275
f 1895/2146/1895 1894/2145/1894 276/2149/276
f 1894/2145/1894 2080/2486/2078 276/2149/276
f 1897/2151/1897 1902/2156/1902 1898/2152/1898
f 1895/2146/1895 2072/2411/2070 1900/2154/1900
f 1897/2151/1897 1900/2154/1900 1901/2155/1901
f 1895/2146/1895 1897/2151/1897 1899/2153/1899
f 1900/2154/1900 2072/2411/2070 2078/2487/2076
f 2072/2411/2070 278/2488/278 2078/2487/2076
f 2078/2487/2076 174/2157/174 1900/2154/1900
f 1904/2159/1904 1901/2155/1901 1900/2154/1900
f 1898/2152/1898 2084/2482/2082 1876/2127/1876
f 1899/2153/1899 1876/2127/1876 1905/2160/1905
f 1875/2124/1875 1874/2123/1874 1872/2121/1872
f 1874/2123/1874 1911/2170/1911 1906/2161/1906
f 1911/2170/1911 1910/2169/1910 1906/2161/1906
f 1874/2123/1874 216/2162/216 215/2163/215
f 1863/2107/1863 1862/2106/1862 1907/2164/1907
f 1907/2164/1907 1862/2106/1862 1909/2166/1909
f 1862/2106/1862 244/2399/244 1909/2166/1909
f 1911/2170/1911 1907/2164/1907 227/2168/227
f 1907/2164/1907 228/2167/228 227/2168/227
f 1908/2165/1908 1907/2164/1907 1911/2170/1911
f 2023/2309/2021 1866/2111/1866 1913/2172/1913
f 1866/2111/1866 1861/2105/1861 1912/2171/1912
f 1861/2105/1861 2039/2489/2037 1912/2171/1912
f 1857/2101/1857 1921/2180/1921 1920/2179/1920
f 1921/2180/1921 1928/2190/1928 1922/2181/1922
f 2081/2490/2079 1922/2181/1922 1185/2183/1185
f 1922/2181/1922 1924/2184/1924 1923/2182/1923
f 1924/2184/1924 1183/2186/1183 1923/2182/1923
f 1924/2184/1924 1925/2187/1925 1184/2185/1184
f 1925/2187/1925 1924/2184/1924 1926/2188/1926
f 1928/2190/1928 1926/2188/1926 1924/2184/1924
f 1930/2192/1930 1914/2173/1914 1928/2190/1928
f 1928/2190/1928 1921/2180/1921 1930/2192/1930
f 1921/2180/1921 1917/2176/1917 1919/2178/1919
f 1929/2191/1929 1921/2180/1921 1919/2178/1919
f 1917/2176/1917 1921/2180/1921 1857/2101/1857
f 1933/2195/1933 1934/2196/1934 1931/2193/1931
f 1934/2196/1934 2033/2491/2031 1931/2193/1931
f 1934/2196/1934 1933/2195/1933 1935/2197/1935
f 1937/2199/1937 1933/2195/1933 1932/2194/1932
f 1938/2200/1938 2067/2414/2065 1937/2199/1937
f 1935/2197/1935 1941/2203/1941 1939/2201/1939
f 1941/2203/1941 1943/2205/1943 1939/2201/1939
f 1941/2203/1941 1935/2197/1935 1933/2195/1933
f 1941/2203/1941 1944/2208/1944 1942/2204/1942
f 1944/2208/1944 1365/2492/1365 1942/2204/1942
f 1944/2208/1944 1946/2210/1946 1374/2206/1374
f 1946/2210/1946 1537/2493/1537 1374/2206/1374
f 1366/2207/1366 1365/2492/1365 1944/2208/1944
f 1945/2209/1945 1977/2246/1977 1946/2210/1946
f 1927/2189/1927 2043/2494/2041 1947/2211/1947
f 2061/2495/2059 1975/2244/1975 1448/2215/1448
f 1975/2244/1975 1949/2213/1949 1448/2215/1448
f 1949/2213/1949 1951/2217/1951 1449/2214/1449
f 1949/2213/1949 1967/2234/1967 1950/2216/1950
f 1904/2218/1904 2085/2496/2083 1952/2219/1952
f 1118/2497/1118 1953/2220/1953 1956/2223/1956
f 1953/2220/1953 1952/2219/1952 1954/2221/1954
f 1954/2221/1954 2040/2393/2038 1955/2222/1955
f 1953/2220/1953 1954/2221/1954 1956/2223/1956
f 1950/2216/1950 1967/2234/1967 1959/2226/1959
f 1967/2234/1967 1957/2224/1957 1959/2226/1959
f 1957/2224/1957 1358/2498/1358 1958/2225/1958
f 1960/2227/1960 1963/2230/1963 1961/2228/1961
f 1936/2198/1936 1960/2227/1960 1962/2229/1962
f 1957/2224/1957 1967/2234/1967 1963/2230/1963
f 1964/2231/1964 1957/2224/1957 1960/2227/1960
f 1949/2213/1949 1975/2244/1975 1965/2232/1965
f 1967/2234/1967 1949/2213/1949 1966/2233/1966
f 1963/2230/1963 1966/2233/1966 1968/2235/1968
f 1969/2236/1969 1968/2235/1968 1966/2233/1966
f 1898/2152/1898 1902/2156/1902 1970/2237/1970
f 1972/2239/1972 1973/2241/1973 1969/2236/1969
f 1901/2155/1901 1972/2239/1972 1970/2237/1970
f 1971/2238/1971 1970/2237/1970 1969/2236/1969
f 1972/2239/1972 1953/2242/1953 1118/2499/1118
f 1220/2240/1220 1219/2424/1219 1973/2241/1973
f 1972/2239/1972 1118/2499/1118 1220/2240/1220
f 1972/2239/1972 1901/2155/1901 1904/2159/1904
f 1974/2243/1974 2084/2482/2082 1898/2152/1898
f 1975/2244/1975 1974/2243/1974 1971/2238/1971
f 1937/2199/1937 1945/2209/1945 1944/2208/1944
f 1976/2245/1976 1925/2187/1925 1927/2189/1927
f 1977/2246/1977 1976/2245/1976 1948/2212/1948
f 2043/2494/2041 1927/2189/1927 1978/2248/1978
f 1927/2189/1927 1926/2188/1926 1978/2248/1978
f 1979/2249/1979 2070/2390/2068 1980/2250/1980
f 1989/2259/1979 1991/2263/1981 1208/2260/1208
f 1990/2262/1989 1992/2264/1990 1999/2272/1997
f 1992/2264/1990 2000/2273/1998 1999/2272/1997
f 1992/2264/1990 1993/2265/1991 2000/2273/1998
f 1993/2265/1991 1211/2275/1211 1210/2274/1210
f 1993/2265/1991 1994/2266/1992 1211/2275/1211
f 1994/2266/1992 2002/2277/2000 2001/2276/1999
f 1995/2267/1993 2004/2279/2002 2002/2277/2000
f 1995/2267/1993 1996/2268/1994 2006/2281/2004
f 2006/2281/2004 2003/2278/2001 1995/2267/1993
f 1996/2268/1994 1997/2269/1995 2008/2283/2006
f 2008/2283/2006 2005/2280/2003 1996/2268/1994
f 1997/2269/1995 1989/2259/1979 2007/2282/2005
f 1989/2259/1979 2053/2363/2051 2007/2282/2005
f 2009/2284/2007 2086/2500/2084 1986/2256/1986
f 2010/2285/2008 2057/2372/2055 1982/2252/1982
f 1955/2286/1955 2041/2501/2039 1119/1219/1119
f 2011/2288/2009 2082/2502/2080 2012/2289/2010
f 1363/1499/1363 1362/1498/1362 1940/2290/1940
f 1940/2290/1940 1939/2503/1939 1377/2291/1377
f 991/1087/991 2082/2460/2080 2011/2504/2009
f 991/1087/991 2011/2504/2009 2014/2293/2012
f 2083/2468/2081 988/1084/988 2013/2292/2011
f 988/1084/988 991/1087/991 2014/2293/2012
f 1871/2120/1871 417/2505/417 2015/2294/2013
f 2015/2294/2013 2056/2506/2054 1875/2124/1875
f 217/223/217 1888/2507/1888 2017/2296/2015
f 2017/2296/2015 2021/2508/2019 220/226/220
f 223/229/223 1906/2437/1906 1910/2297/1910
f 1910/2297/1910 227/233/227 226/232/226
f 1542/1722/1542 1929/2509/1929 1919/2510/1919
f 1919/2510/1919 1918/2298/1918 1542/1722/1542
f 1918/2298/1918 1854/2447/1854 620/675/620
f 978/1074/978 2005/2511/2003 2008/2300/2006
f 2008/2300/2006 2007/2463/2005 975/1071/975
f 1922/2181/1922 2081/2490/2079 2018/2301/2016
f 2018/2301/2016 2030/2318/2028 1920/2179/1920
f 1983/2253/1983 2022/2512/2020 1984/2254/1984
f 2022/2512/2020 2019/2302/2017 1984/2254/1984
f 1948/2212/1948 1947/2211/1947 1538/2304/1538
f 1538/2304/1538 1537/2493/1537 1946/2210/1946
f 1870/2119/1870 2029/2336/2027 2021/2305/2019
f 2021/2305/2019 2017/2485/2015 1868/2115/1868
f 1354/1490/1354 1449/1611/1449 1951/2513/1951
f 1951/2513/1951 1950/2306/1950 1354/1490/1354
f 1950/2306/1950 1959/2405/1959 1356/1492/1356
f 13/13/13 2019/2514/2017 2022/2307/2020
f 2022/2307/2020 2024/2515/2022 15/15/15
f 1982/2252/1982 2058/2373/2056 2024/2310/2022
f 2024/2310/2022 2022/2512/2020 1983/2253/1983
f 1986/2256/1986 2086/2500/2084 2087/2516/2085
f 2087/2516/2085 2025/2311/2023 1986/2256/1986
f 1976/2245/1976 1169/2517/1169 2026/2312/2024
f 2026/2312/2024 1184/2185/1184 1925/2187/1925
f 1977/2246/1977 2028/2518/2026 1170/2313/1170
f 1170/2313/1170 1169/2517/1169 1976/2245/1976
f 1893/2144/1893 502/2355/502 2027/2314/2025
f 2027/2314/2025 413/2519/413 1880/2131/1880
f 413/2519/413 412/2484/412 1880/2131/1880
f 1168/1281/1168 1170/1283/1170 2028/2315/2026
f 2028/2315/2026 2032/2520/2030 1166/1279/1166
f 220/226/220 2021/2508/2019 2029/2316/2027
f 2029/2316/2027 2079/2438/2077 214/220/214
f 1935/2197/1935 1940/2202/1940 1362/2317/1362
f 1362/2317/1362 1361/2415/1361 1936/2198/1936
f 1361/2415/1361 1964/2231/1964 1936/2198/1936
f 2030/2318/2028 231/2480/231 1858/2102/1858
f 1945/2209/1945 2066/2521/2064 2032/2320/2030
f 2032/2320/2030 2028/2518/2026 1977/2246/1977
f 1161/1274/1161 1931/2522/1931 2033/2321/2031
f 2033/2321/2031 2048/2456/2046 1160/1273/1160
f 1163/1276/1163 1938/2523/1938 1932/2322/1932
f 1932/2322/1932 1931/2522/1931 1161/1274/1161
f 1156/2323/1156 1962/2229/1962 1961/2228/1961
f 2034/2325/2032 618/2524/618 1863/2107/1863
f 508/1613/508 1877/2525/1877 2035/2326/2033
f 2035/2326/2033 2054/2526/2052 1452/1616/1452
f 615/670/615 1912/2448/1912 2039/2330/2037
f 2039/2330/2037 617/672/617 616/671/616
f 1541/1721/1541 1540/1720/1540 1916/2527/1916
f 1916/2527/1916 1915/2528/1915 1541/1721/1541
f 1915/2528/1915 1930/2331/1930 1541/1721/1541
f 1930/2331/1930 1929/2509/1929 1542/1722/1542
f 10/10/10 2065/2529/2063 2020/2332/2018
f 2020/2332/2018 2019/2514/2017 13/13/13
f 2040/2333/2038 1954/2530/1954 1119/2334/1119
f 1872/2121/1872 215/2163/215 2079/2531/2077
f 2079/2531/2077 2029/2336/2027 1872/2121/1872
f 416/442/416 415/441/415 2042/2341/2040
f 2042/2341/2040 2060/2532/2058 440/2340/440
f 2060/2532/2058 1881/2442/1881 440/2340/440
f 510/561/510 1879/2533/1879 1878/2342/1878
f 1878/2342/1878 1877/2534/1877 508/559/508
f 1548/1728/1548 1538/1718/1538 1947/2535/1947
f 2043/2343/2041 1978/2475/1978 1546/1726/1546
f 1548/1728/1548 1947/2535/1947 2043/2343/2041
f 1973/2241/1973 2088/2536/2086 1969/2236/1969
f 2088/2536/2086 2044/2344/2042 1969/2236/1969
f 2044/2344/2042 1217/2537/1217 1968/2235/1968
f 18/18/18 2089/2538/2087 2074/2539/2072
f 2045/2345/2043 2090/2540/2088 2/2/2
f 18/18/18 2074/2539/2072 2045/2345/2043
f 1914/2173/1914 1916/2175/1916 1928/2190/1928
f 1916/2175/1916 1540/2346/1540 1928/2190/1928
f 1540/2346/1540 1539/2247/1539 1926/2188/1926
f 2036/2327/2034 2038/2329/2036 2046/2347/2044
f 2046/2347/2044 2051/2412/2049 1903/2348/1903
f 1903/2348/1903 174/2541/174 2047/2349/2045
f 2047/2349/2045 2036/2327/2034 2046/2347/2044
f 1905/2160/1905 2075/2483/2073 505/2350/505
f 504/2351/504 503/2356/503 1891/2142/1891
f 1891/2142/1891 1905/2160/1905 505/2350/505
f 2016/2295/2014 2090/2542/2088 2045/2352/2043
f 20/20/20 2087/2543/2085 2086/2544/2084
f 2009/2353/2007 2065/2529/2063 10/10/10
f 20/20/20 2086/2544/2084 2009/2353/2007
f 1962/2229/1962 1156/2323/1156 2048/2354/2046
f 2048/2354/2046 2033/2491/2031 1934/2196/1934
f 502/2355/502 1893/2144/1893 1891/2142/1891
f 1964/2231/1964 2073/2416/2071 1359/2357/1359
f 1359/2357/1359 1358/2498/1358 1957/2224/1957
f 173/2362/173 2085/2545/2083 2051/2360/2049
f 2051/2360/2049 2046/2386/2044 2052/2361/2050
f 1975/2244/1975 2061/2495/2059 2054/2364/2052
f 2054/2364/2052 2035/2401/2033 1974/2243/1974
f 1212/2365/1212 2083/2546/2081 2013/2337/2011
f 2036/2367/2034 2047/2434/2045 2052/2368/2050
f 2056/2371/2054 2015/2443/2013 429/455/429
f 1987/2257/1987 2025/2311/2023 2091/2547/2089
f 2091/2547/2089 2059/2374/2057 1987/2257/1987
f 1452/1616/1452 2054/2526/2052 2061/2377/2059
f 2061/2377/2059 1448/1610/1448 2062/2378/2060
f 1218/1342/1218 2044/2469/2042 2088/2548/2086
f 2088/2548/2086 2064/2380/2062 1218/1342/1218
f 2064/2380/2062 1116/1215/1116 1117/1217/1117
f 1984/2254/1984 2020/2303/2018 1985/2255/1985
f 2020/2303/2018 2065/2381/2063 1985/2255/1985
f 1166/1279/1166 2032/2520/2030 2066/2382/2064
f 2067/2383/2065 1938/2523/1938 1163/1276/1163
f 1166/1279/1166 2066/2382/2064 1163/1276/1163
f 1854/2098/1854 1918/2177/1918 1917/2176/1917
f 1867/2114/1867 414/2118/414 418/2384/418
f 418/2384/418 417/2505/417 1871/2120/1871
f 2038/2385/2036 2037/2549/2035 2052/2361/2050
f 1212/2365/1212 1991/2263/1981 1990/2262/1989
f 987/1083/987 1999/2466/1997 2000/2387/1998
f 2000/2387/1998 1210/1334/1210 985/1081/985
f 1988/2258/1988 2059/2374/2057 2068/2388/2066
f 2068/2388/2066 2069/2389/2067 1979/2249/1979
f 16/16/16 2092/2550/2090 2055/2551/2053
f 16/16/16 2055/2551/2053 2050/2392/2048
f 2089/2538/2087 18/18/18 2049/2391/2047
f 18/18/18 16/16/16 2050/2392/2048
f 2055/2370/2053 2092/2552/2090 2010/2285/2008
f 1207/2366/1207 1206/2553/1206 2031/2319/2029
f 982/1078/982 2001/2465/1999 2002/2395/2000
f 2004/2396/2002 2003/2554/2001 980/1076/980
f 980/1076/980 982/1078/982 2002/2395/2000
f 232/1305/232 231/2555/231 2030/2398/2028
f 2030/2398/2028 2018/2459/2016 1188/1303/1188
f 244/2399/244 1862/2106/1862 1865/2110/1865
f 1877/2128/1877 2084/2482/2082 1974/2243/1974
f 1377/2291/1377 1939/2503/1939 1943/2402/1943
f 1943/2402/1943 1942/2472/1942 1367/1503/1367
f 1942/2472/1942 1364/1500/1364 1367/1503/1367
f 980/1076/980 2003/2554/2001 2006/2407/2004
f 2006/2407/2004 2005/2511/2003 978/1074/978
f 219/225/219 1896/2397/1896 1885/2556/1885
f 1884/2408/1884 1888/2507/1888 217/223/217
f 219/225/219 1885/2556/1885 1884/2408/1884
f 1863/2107/1863 618/2524/618 617/2409/617
f 617/2409/617 2039/2489/2037 1861/2105/1861
f 279/2410/279 278/2488/278 2072/2411/2070
f 2051/2412/2049 2085/2496/2083 1904/2218/1904
f 7/7/7 2091/2557/2089 2025/2413/2023
f 2025/2413/2023 2087/2543/2085 20/20/20
f 2067/2414/2065 2066/2521/2064 1945/2209/1945
f 15/15/15 2024/2515/2022 2058/2558/2056
f 15/15/15 2058/2558/2056 2057/2418/2055
f 2092/2550/2090 16/16/16 2010/2417/2008
f 16/16/16 15/15/15 2057/2418/2055
f 2074/2419/2072 2089/2559/2087 2049/2358/2047
f 2/2/2 2090/2540/2088 2016/2560/2014
f 2/2/2 2016/2560/2014 1980/2420/1980
f 2068/2561/2066 4/4/4 2069/2562/2067
f 4/4/4 2/2/2 2070/2421/2068
f 2069/2562/2067 4/4/4 2070/2421/2068
f 507/558/507 505/556/505 2075/2422/2073
f 2075/2422/2073 1879/2533/1879 510/561/510
f 2064/2423/2062 2088/2536/2086 1973/2241/1973
f 1875/2124/1875 2056/2506/2054 428/2563/428
f 427/2425/427 607/2125/607 1873/2122/1873
f 1875/2124/1875 428/2563/428 427/2425/427
f 1859/2103/1859 247/2481/247 246/2564/246
f 2076/2426/2074 245/2400/245 1865/2110/1865
f 1859/2103/1859 246/2564/246 2076/2426/2074
f 1119/2334/1119 1954/2530/1954 1952/2429/1952
f 1952/2429/1952 2085/2565/2083 173/2430/173
f 4/4/4 2068/2561/2066 2059/2431/2057
f 2059/2431/2057 2091/2557/2089 7/7/7
f 1968/2235/1968 1217/2537/1217 1216/2432/1216
f 2063/2433/2061 1157/2324/1157 1961/2228/1961
f 1968/2235/1968 1216/2432/1216 1961/2228/1961
