# Blender v3.1.2 OBJ File: ''
# www.blender.org
o sphereuv
v 0.000000 -0.195091 -0.980785
v 0.000000 -0.098017 -0.995185
v 0.097545 -0.098017 -0.990393
v 0.096134 -0.195091 -0.976062
v 0.000000 0.881921 -0.471397
v 0.000000 0.923880 -0.382683
v 0.037510 0.923880 -0.380841
v 0.046205 0.881921 -0.469127
v 0.000000 -1.000000 0.000001
v 0.000000 -0.995185 -0.098016
v 0.009607 -0.995185 -0.097544
v 0.000000 -0.290285 -0.956940
v 0.093797 -0.290285 -0.952332
v 0.000000 0.831470 -0.555570
v 0.054455 0.831470 -0.552895
v 0.000000 -0.382684 -0.923880
v 0.090556 -0.382684 -0.919431
v 0.000000 0.773010 -0.634393
v 0.062181 0.773010 -0.631338
v 0.000000 -0.471397 -0.881921
v 0.086443 -0.471397 -0.877674
v 0.000000 0.707107 -0.707107
v 0.069309 0.707107 -0.703702
v 0.000000 -0.555571 -0.831469
v 0.081498 -0.555571 -0.827466
v 0.000000 0.634393 -0.773010
v 0.075768 0.634393 -0.769288
v 0.000000 -0.634394 -0.773010
v 0.075768 -0.634394 -0.769288
v 0.000000 0.555570 -0.831470
v 0.081498 0.555570 -0.827466
v 0.000000 -0.707107 -0.707106
v 0.069309 -0.707107 -0.703701
v 0.000000 0.471397 -0.881921
v 0.086443 0.471397 -0.877675
v 0.000000 -0.773011 -0.634393
v 0.062181 -0.773011 -0.631338
v 0.000000 0.382683 -0.923880
v 0.090556 0.382683 -0.919431
v 0.000000 -0.831470 -0.555570
v 0.054455 -0.831470 -0.552895
v 0.000000 0.290285 -0.956940
v 0.093797 0.290285 -0.952332
v 0.000000 -0.881922 -0.471396
v 0.046205 -0.881922 -0.469126
v 0.000000 0.195090 -0.980785
v 0.096134 0.195090 -0.976063
v 0.000000 0.995185 -0.098017
v -0.000001 1.000000 0.000001
v 0.009607 0.995185 -0.097545
v 0.000000 -0.923880 -0.382682
v 0.037510 -0.923880 -0.380840
v 0.000000 0.098017 -0.995185
v 0.097545 0.098017 -0.990393
v 0.000000 0.980785 -0.195090
v 0.019122 0.980785 -0.194151
v 0.000000 -0.956941 -0.290284
v 0.028453 -0.956941 -0.288886
v 0.000000 0.000000 -1.000000
v 0.098017 0.000000 -0.995185
v 0.000000 0.956940 -0.290285
v 0.028453 0.956940 -0.288887
v 0.000000 -0.980785 -0.195090
v 0.019122 -0.980785 -0.194150
v 0.180240 0.382683 -0.906127
v 0.186690 0.290285 -0.938553
v 0.108386 -0.831470 -0.544895
v 0.091965 -0.881922 -0.462338
v 0.191342 0.195090 -0.961940
v 0.019122 0.995185 -0.096134
v 0.074658 -0.923880 -0.375330
v 0.194151 0.098017 -0.976062
v 0.038060 0.980785 -0.191342
v 0.056632 -0.956941 -0.284706
v 0.195090 0.000000 -0.980785
v 0.056632 0.956940 -0.284707
v 0.038060 -0.980785 -0.191341
v 0.194151 -0.098017 -0.976062
v 0.074658 0.923880 -0.375330
v 0.019122 -0.995185 -0.096133
v 0.191342 -0.195091 -0.961940
v 0.091965 0.881921 -0.462339
v 0.186690 -0.290285 -0.938553
v 0.108387 0.831470 -0.544895
v 0.180240 -0.382684 -0.906127
v 0.123764 0.773010 -0.622204
v 0.172054 -0.471397 -0.864975
v 0.137950 0.707107 -0.693520
v 0.162212 -0.555571 -0.815493
v 0.150807 0.634393 -0.758157
v 0.150807 -0.634394 -0.758157
v 0.162212 0.555570 -0.815493
v 0.137950 -0.707107 -0.693520
v 0.172054 0.471397 -0.864975
v 0.123764 -0.773011 -0.622203
v 0.284707 0.195090 -0.938553
v 0.288887 0.098017 -0.952332
v 0.028453 0.995185 -0.093797
v 0.056632 0.980785 -0.186690
v 0.111087 -0.923880 -0.366205
v 0.084265 -0.956941 -0.277784
v 0.290285 0.000000 -0.956940
v 0.084265 0.956940 -0.277785
v 0.056632 -0.980785 -0.186689
v 0.288887 -0.098017 -0.952332
v 0.111087 0.923880 -0.366205
v 0.028453 -0.995185 -0.093796
v 0.284707 -0.195091 -0.938553
v 0.136839 0.881921 -0.451099
v 0.277785 -0.290285 -0.915735
v 0.161274 0.831470 -0.531648
v 0.268188 -0.382684 -0.884097
v 0.184155 0.773010 -0.607076
v 0.256008 -0.471397 -0.843946
v 0.205262 0.707107 -0.676659
v 0.241363 -0.555571 -0.795667
v 0.224393 0.634393 -0.739725
v 0.224393 -0.634394 -0.739725
v 0.241363 0.555570 -0.795667
v 0.205262 -0.707107 -0.676659
v 0.256008 0.471397 -0.843946
v 0.184155 -0.773011 -0.607076
v 0.268188 0.382683 -0.884098
v 0.161274 -0.831470 -0.531648
v 0.277785 0.290285 -0.915735
v 0.136839 -0.881922 -0.451098
v 0.382684 0.000000 -0.923880
v 0.380841 -0.098017 -0.919431
v 0.111087 0.956940 -0.268188
v 0.146447 0.923880 -0.353553
v 0.074658 -0.980785 -0.180239
v 0.037510 -0.995185 -0.090555
v 0.375331 -0.195091 -0.906127
v 0.180396 0.881921 -0.435514
v 0.366205 -0.290285 -0.884098
v 0.212608 0.831470 -0.513280
v 0.353554 -0.382684 -0.853553
v 0.242772 0.773010 -0.586103
v 0.337497 -0.471397 -0.814789
v 0.270598 0.707107 -0.653281
v 0.318190 -0.555571 -0.768178
v 0.295819 0.634393 -0.714168
v 0.295819 -0.634394 -0.714168
v 0.318190 0.555570 -0.768178
v 0.270598 -0.707107 -0.653281
v 0.337497 0.471397 -0.814789
v 0.242772 -0.773011 -0.586102
v 0.353554 0.382683 -0.853553
v 0.212608 -0.831470 -0.513279
v 0.366206 0.290285 -0.884098
v 0.180396 -0.881922 -0.435513
v 0.375331 0.195090 -0.906127
v 0.037510 0.995185 -0.090556
v 0.146447 -0.923880 -0.353553
v 0.380841 0.098017 -0.919431
v 0.074658 0.980785 -0.180240
v 0.111087 -0.956941 -0.268187
v 0.462339 -0.195091 -0.864975
v 0.451099 -0.290285 -0.843946
v 0.222215 0.881921 -0.415735
v 0.261894 0.831470 -0.489969
v 0.435514 -0.382684 -0.814789
v 0.299051 0.773010 -0.559485
v 0.415735 -0.471397 -0.777785
v 0.333328 0.707107 -0.623612
v 0.391952 -0.555571 -0.733290
v 0.364395 0.634393 -0.681735
v 0.364395 -0.634394 -0.681735
v 0.391952 0.555570 -0.733291
v 0.333328 -0.707107 -0.623612
v 0.415735 0.471397 -0.777785
v 0.299051 -0.773011 -0.559484
v 0.435514 0.382683 -0.814789
v 0.261894 -0.831470 -0.489969
v 0.451099 0.290285 -0.843946
v 0.222215 -0.881922 -0.415734
v 0.462339 0.195090 -0.864975
v 0.046205 0.995185 -0.086443
v 0.180396 -0.923880 -0.337496
v 0.469127 0.098017 -0.877674
v 0.091965 0.980785 -0.172054
v 0.136839 -0.956941 -0.256008
v 0.471397 0.000000 -0.881921
v 0.136840 0.956940 -0.256008
v 0.091965 -0.980785 -0.172054
v 0.469127 -0.098017 -0.877674
v 0.180396 0.923880 -0.337497
v 0.046205 -0.995185 -0.086443
v 0.513279 -0.382684 -0.768178
v 0.489970 -0.471397 -0.733290
v 0.352450 0.773010 -0.527479
v 0.392848 0.707107 -0.587938
v 0.461940 -0.555571 -0.691341
v 0.429462 0.634393 -0.642735
v 0.429462 -0.634394 -0.642734
v 0.461940 0.555570 -0.691342
v 0.392848 -0.707107 -0.587937
v 0.489970 0.471397 -0.733290
v 0.352450 -0.773011 -0.527478
v 0.513279 0.382683 -0.768178
v 0.308658 -0.831470 -0.461939
v 0.531648 0.290285 -0.795667
v 0.261894 -0.881922 -0.391951
v 0.544896 0.195090 -0.815493
v 0.054456 0.995185 -0.081498
v 0.212608 -0.923880 -0.318189
v 0.552895 0.098017 -0.827466
v 0.108387 0.980785 -0.162212
v 0.161274 -0.956941 -0.241362
v 0.555571 0.000000 -0.831470
v 0.161274 0.956940 -0.241363
v 0.108386 -0.980785 -0.162211
v 0.552895 -0.098017 -0.827466
v 0.212608 0.923880 -0.318190
v 0.054455 -0.995185 -0.081497
v 0.544896 -0.195091 -0.815493
v 0.261894 0.881921 -0.391952
v 0.531648 -0.290285 -0.795667
v 0.308659 0.831470 -0.461940
v 0.527479 -0.555571 -0.642734
v 0.490393 -0.634394 -0.597546
v 0.490393 0.634393 -0.597546
v 0.527479 0.555570 -0.642735
v 0.448584 -0.707107 -0.546600
v 0.559485 0.471397 -0.681735
v 0.402455 -0.773011 -0.490392
v 0.586103 0.382683 -0.714168
v 0.352450 -0.831470 -0.429461
v 0.607077 0.290285 -0.739725
v 0.299051 -0.881922 -0.364394
v 0.622204 0.195090 -0.758157
v 0.062182 0.995185 -0.075768
v 0.242772 -0.923880 -0.295818
v 0.631339 0.098017 -0.769288
v 0.123765 0.980785 -0.150807
v 0.184155 -0.956941 -0.224392
v 0.634394 0.000000 -0.773010
v 0.184155 0.956940 -0.224393
v 0.123764 -0.980785 -0.150806
v 0.631339 -0.098017 -0.769288
v 0.242772 0.923880 -0.295818
v 0.062181 -0.995185 -0.075767
v 0.622204 -0.195091 -0.758157
v 0.299051 0.881921 -0.364394
v 0.607077 -0.290285 -0.739725
v 0.352451 0.831470 -0.429461
v 0.586103 -0.382684 -0.714168
v 0.402455 0.773010 -0.490392
v 0.559485 -0.471397 -0.681735
v 0.448584 0.707107 -0.546601
v 0.500000 -0.707107 -0.499999
v 0.448584 -0.773011 -0.448583
v 0.623613 0.471397 -0.623612
v 0.653282 0.382683 -0.653281
v 0.392848 -0.831470 -0.392847
v 0.676660 0.290285 -0.676659
v 0.333328 -0.881922 -0.333327
v 0.693520 0.195090 -0.693520
v 0.069309 0.995185 -0.069308
v 0.270598 -0.923880 -0.270597
v 0.703701 0.098017 -0.703702
v 0.137950 0.980785 -0.137949
v 0.205262 -0.956941 -0.205262
v 0.707107 0.000000 -0.707107
v 0.205263 0.956940 -0.205262
v 0.137950 -0.980785 -0.137949
v 0.703701 -0.098017 -0.703702
v 0.270599 0.923880 -0.270598
v 0.069309 -0.995185 -0.069308
v 0.693520 -0.195091 -0.693520
v 0.333328 0.881921 -0.333328
v 0.676660 -0.290285 -0.676659
v 0.392848 0.831470 -0.392847
v 0.653282 -0.382684 -0.653281
v 0.448584 0.773010 -0.448584
v 0.623613 -0.471397 -0.623612
v 0.500001 0.707107 -0.500000
v 0.587938 -0.555571 -0.587937
v 0.546601 0.634393 -0.546601
v 0.546601 -0.634394 -0.546600
v 0.587938 0.555570 -0.587938
v 0.429462 -0.831470 -0.352449
v 0.364395 -0.881922 -0.299050
v 0.739726 0.290285 -0.607076
v 0.758158 0.195090 -0.622203
v 0.075769 0.995185 -0.062181
v 0.295818 -0.923880 -0.242771
v 0.769289 0.098017 -0.631338
v 0.150807 0.980785 -0.123764
v 0.224393 -0.956941 -0.184154
v 0.773011 0.000000 -0.634393
v 0.224394 0.956940 -0.184154
v 0.150807 -0.980785 -0.123763
v 0.769289 -0.098017 -0.631338
v 0.295819 0.923880 -0.242771
v 0.075768 -0.995185 -0.062181
v 0.758158 -0.195091 -0.622203
v 0.364395 0.881921 -0.299051
v 0.739725 -0.290285 -0.607076
v 0.429462 0.831470 -0.352450
v 0.714169 -0.382684 -0.586103
v 0.490393 0.773010 -0.402455
v 0.681735 -0.471397 -0.559485
v 0.546602 0.707107 -0.448583
v 0.642735 -0.555571 -0.527478
v 0.597546 0.634393 -0.490392
v 0.597546 -0.634394 -0.490392
v 0.642735 0.555570 -0.527478
v 0.546601 -0.707107 -0.448583
v 0.681735 0.471397 -0.559485
v 0.490393 -0.773011 -0.402454
v 0.714169 0.382683 -0.586103
v 0.081499 0.995185 -0.054455
v 0.162212 0.980785 -0.108386
v 0.318190 -0.923880 -0.212607
v 0.241363 -0.956941 -0.161273
v 0.827466 0.098017 -0.552895
v 0.831470 0.000000 -0.555570
v 0.241364 0.956940 -0.161273
v 0.162212 -0.980785 -0.108386
v 0.827466 -0.098017 -0.552895
v 0.318190 0.923880 -0.212607
v 0.081498 -0.995185 -0.054455
v 0.815494 -0.195091 -0.544895
v 0.391953 0.881921 -0.261894
v 0.795667 -0.290285 -0.531648
v 0.461940 0.831470 -0.308658
v 0.768178 -0.382684 -0.513280
v 0.527479 0.773010 -0.352450
v 0.733290 -0.471397 -0.489969
v 0.587938 0.707107 -0.392847
v 0.691342 -0.555571 -0.461939
v 0.642735 0.634393 -0.429461
v 0.642735 -0.634394 -0.429461
v 0.691342 0.555570 -0.461939
v 0.587938 -0.707107 -0.392847
v 0.733290 0.471397 -0.489969
v 0.527479 -0.773011 -0.352449
v 0.768178 0.382683 -0.513279
v 0.461940 -0.831470 -0.308658
v 0.795668 0.290285 -0.531648
v 0.391952 -0.881922 -0.261893
v 0.815494 0.195090 -0.544895
v 0.256009 0.956940 -0.136839
v 0.337497 0.923880 -0.180395
v 0.172054 -0.980785 -0.091964
v 0.086443 -0.995185 -0.046204
v 0.877675 -0.098017 -0.469126
v 0.864976 -0.195091 -0.462339
v 0.415736 0.881921 -0.222214
v 0.843947 -0.290285 -0.451098
v 0.489970 0.831470 -0.261894
v 0.814789 -0.382684 -0.435513
v 0.559485 0.773010 -0.299051
v 0.777786 -0.471397 -0.415734
v 0.623613 0.707107 -0.333327
v 0.733290 -0.555571 -0.391951
v 0.681735 0.634393 -0.364394
v 0.681735 -0.634394 -0.364394
v 0.733290 0.555570 -0.391952
v 0.623613 -0.707107 -0.333327
v 0.777786 0.471397 -0.415734
v 0.559485 -0.773011 -0.299050
v 0.814789 0.382683 -0.435513
v 0.489970 -0.831470 -0.261893
v 0.843947 0.290285 -0.451098
v 0.415735 -0.881922 -0.222214
v 0.864976 0.195090 -0.462339
v 0.086444 0.995185 -0.046204
v 0.337497 -0.923880 -0.180395
v 0.877675 0.098017 -0.469126
v 0.172055 0.980785 -0.091965
v 0.256008 -0.956941 -0.136839
v 0.881922 0.000000 -0.471396
v 0.435515 0.881921 -0.180395
v 0.513281 0.831470 -0.212607
v 0.884098 -0.290285 -0.366205
v 0.853554 -0.382684 -0.353553
v 0.586103 0.773010 -0.242771
v 0.814789 -0.471397 -0.337496
v 0.653282 0.707107 -0.270598
v 0.768178 -0.555571 -0.318189
v 0.714169 0.634393 -0.295818
v 0.714169 -0.634394 -0.295818
v 0.768178 0.555570 -0.318189
v 0.653282 -0.707107 -0.270597
v 0.814790 0.471397 -0.337496
v 0.586103 -0.773011 -0.242771
v 0.853554 0.382683 -0.353553
v 0.513279 -0.831470 -0.212607
v 0.884098 0.290285 -0.366205
v 0.435514 -0.881922 -0.180395
v 0.906128 0.195090 -0.375330
v 0.090557 0.995185 -0.037509
v 0.353554 -0.923880 -0.146446
v 0.919430 0.098017 -0.380840
v 0.180241 0.980785 -0.074657
v 0.268188 -0.956941 -0.111086
v 0.923880 0.000000 -0.382683
v 0.268189 0.956940 -0.111087
v 0.180240 -0.980785 -0.074657
v 0.919430 -0.098017 -0.380840
v 0.353554 0.923880 -0.146446
v 0.090556 -0.995185 -0.037509
v 0.906128 -0.195091 -0.375330
v 0.607077 0.773010 -0.184154
v 0.676660 0.707107 -0.205262
v 0.843947 -0.471397 -0.256008
v 0.795667 -0.555571 -0.241362
v 0.739726 0.634393 -0.224393
v 0.739725 -0.634394 -0.224392
v 0.795667 0.555570 -0.241362
v 0.676659 -0.707107 -0.205262
v 0.843947 0.471397 -0.256008
v 0.607077 -0.773011 -0.184154
v 0.884098 0.382683 -0.268187
v 0.531648 -0.831470 -0.161273
v 0.915736 0.290285 -0.277785
v 0.451099 -0.881922 -0.136838
v 0.938554 0.195090 -0.284707
v 0.093797 0.995185 -0.028452
v 0.366205 -0.923880 -0.111086
v 0.952332 0.098017 -0.288886
v 0.186691 0.980785 -0.056631
v 0.277785 -0.956941 -0.084264
v 0.956941 0.000000 -0.290284
v 0.277786 0.956940 -0.084265
v 0.186690 -0.980785 -0.056631
v 0.952332 -0.098017 -0.288886
v 0.366206 0.923880 -0.111087
v 0.093797 -0.995185 -0.028452
v 0.938554 -0.195091 -0.284706
v 0.451099 0.881921 -0.136839
v 0.915735 -0.290285 -0.277785
v 0.531648 0.831470 -0.161273
v 0.884098 -0.382684 -0.268188
v 0.758158 0.634393 -0.150806
v 0.815494 0.555570 -0.162211
v 0.758158 -0.634394 -0.150806
v 0.693520 -0.707107 -0.137949
v 0.864976 0.471397 -0.172054
v 0.622204 -0.773011 -0.123763
v 0.906128 0.382683 -0.180239
v 0.544895 -0.831470 -0.108386
v 0.938554 0.290285 -0.186689
v 0.462339 -0.881922 -0.091964
v 0.961940 0.195090 -0.191341
v 0.096135 0.995185 -0.019122
v 0.375330 -0.923880 -0.074657
v 0.976063 0.098017 -0.194150
v 0.191343 0.980785 -0.038060
v 0.284707 -0.956941 -0.056631
v 0.980786 0.000000 -0.195090
v 0.284708 0.956940 -0.056631
v 0.191342 -0.980785 -0.038059
v 0.976063 -0.098017 -0.194150
v 0.375331 0.923880 -0.074657
v 0.096134 -0.995185 -0.019121
v 0.961940 -0.195091 -0.191341
v 0.462340 0.881921 -0.091964
v 0.938554 -0.290285 -0.186689
v 0.544896 0.831470 -0.108386
v 0.906128 -0.382684 -0.180239
v 0.622204 0.773010 -0.123763
v 0.864976 -0.471397 -0.172054
v 0.693521 0.707107 -0.137949
v 0.815493 -0.555571 -0.162211
v 0.877675 0.471397 -0.086443
v 0.919430 0.382683 -0.090555
v 0.631339 -0.773011 -0.062181
v 0.552895 -0.831470 -0.054455
v 0.952332 0.290285 -0.093796
v 0.469127 -0.881922 -0.046204
v 0.976063 0.195090 -0.096133
v 0.097546 0.995185 -0.009607
v 0.380841 -0.923880 -0.037509
v 0.990393 0.098017 -0.097544
v 0.194152 0.980785 -0.019121
v 0.288887 -0.956941 -0.028452
v 0.995185 0.000000 -0.098017
v 0.288888 0.956940 -0.028452
v 0.194151 -0.980785 -0.019121
v 0.990393 -0.098017 -0.097544
v 0.380842 0.923880 -0.037509
v 0.097545 -0.995185 -0.009607
v 0.976063 -0.195091 -0.096133
v 0.469128 0.881921 -0.046204
v 0.952332 -0.290285 -0.093796
v 0.552896 0.831470 -0.054455
v 0.919430 -0.382684 -0.090555
v 0.631339 0.773010 -0.062181
v 0.877675 -0.471397 -0.086443
v 0.703703 0.707107 -0.069308
v 0.827466 -0.555571 -0.081498
v 0.769289 0.634393 -0.075768
v 0.769289 -0.634394 -0.075768
v 0.827466 0.555570 -0.081498
v 0.703701 -0.707107 -0.069308
v 0.956941 0.290285 0.000001
v 0.980786 0.195090 0.000001
v 0.098018 0.995185 0.000001
v 0.471397 -0.881922 0.000001
v 0.382684 -0.923880 0.000001
v 0.995185 0.098017 0.000001
v 0.195091 0.980785 0.000001
v 0.290285 -0.956941 0.000001
v 1.000000 -0.000000 0.000001
v 0.290286 0.956940 0.000001
v 0.195090 -0.980785 0.000001
v 0.995185 -0.098017 0.000001
v 0.382684 0.923880 0.000001
v 0.098017 -0.995185 0.000001
v 0.980786 -0.195091 0.000001
v 0.471398 0.881921 0.000001
v 0.956941 -0.290285 0.000001
v 0.555571 0.831470 0.000001
v 0.923880 -0.382684 0.000001
v 0.634394 0.773010 0.000001
v 0.881922 -0.471397 0.000001
v 0.707107 0.707107 0.000001
v 0.831470 -0.555571 0.000001
v 0.773011 0.634393 0.000001
v 0.773011 -0.634394 0.000001
v 0.831470 0.555570 0.000001
v 0.707107 -0.707107 0.000001
v 0.881922 0.471397 0.000001
v 0.634394 -0.773011 0.000001
v 0.923880 0.382683 0.000001
v 0.555570 -0.831470 0.000001
v 0.990393 0.098017 0.097546
v 0.995185 -0.000000 0.098018
v 0.194152 0.980785 0.019123
v 0.288888 0.956940 0.028454
v 0.288887 -0.956941 0.028454
v 0.194151 -0.980785 0.019123
v 0.990393 -0.098017 0.097546
v 0.380842 0.923880 0.037510
v 0.097545 -0.995185 0.009608
v 0.976063 -0.195091 0.096135
v 0.469128 0.881921 0.046206
v 0.952332 -0.290285 0.093797
v 0.552896 0.831470 0.054456
v 0.919430 -0.382684 0.090557
v 0.631339 0.773010 0.062182
v 0.877675 -0.471397 0.086444
v 0.703703 0.707107 0.069309
v 0.827466 -0.555571 0.081499
v 0.769289 0.634393 0.075769
v 0.769288 -0.634394 0.075769
v 0.827466 0.555570 0.081499
v 0.703701 -0.707107 0.069309
v 0.877675 0.471397 0.086444
v 0.631339 -0.773011 0.062182
v 0.919430 0.382683 0.090557
v 0.552895 -0.831470 0.054456
v 0.952332 0.290285 0.093797
v 0.469127 -0.881922 0.046206
v 0.976063 0.195090 0.096134
v 0.097546 0.995185 0.009608
v 0.380841 -0.923880 0.037510
v 0.976063 -0.098017 0.194152
v 0.961940 -0.195091 0.191343
v 0.375331 0.923880 0.074659
v 0.462340 0.881921 0.091966
v 0.096134 -0.995185 0.019123
v 0.938552 -0.290285 0.186691
v 0.544896 0.831470 0.108387
v 0.906128 -0.382684 0.180241
v 0.622204 0.773010 0.123765
v 0.864976 -0.471397 0.172055
v 0.693521 0.707107 0.137951
v 0.815493 -0.555571 0.162213
v 0.758158 0.634393 0.150808
v 0.758157 -0.634394 0.150808
v 0.815494 0.555570 0.162213
v 0.693520 -0.707107 0.137951
v 0.864976 0.471397 0.172055
v 0.622204 -0.773011 0.123765
v 0.906128 0.382683 0.180241
v 0.544895 -0.831470 0.108387
v 0.938554 0.290285 0.186691
v 0.462339 -0.881922 0.091966
v 0.961940 0.195090 0.191343
v 0.096135 0.995185 0.019123
v 0.375330 -0.923880 0.074659
v 0.976063 0.098017 0.194152
v 0.191343 0.980785 0.038061
v 0.284707 -0.956941 0.056633
v 0.980786 -0.000000 0.195091
v 0.284708 0.956940 0.056633
v 0.191342 -0.980785 0.038061
v 0.915735 -0.290285 0.277786
v 0.884098 -0.382684 0.268189
v 0.531648 0.831470 0.161275
v 0.607077 0.773010 0.184156
v 0.843946 -0.471397 0.256009
v 0.676660 0.707107 0.205263
v 0.795667 -0.555571 0.241364
v 0.739725 0.634393 0.224394
v 0.739725 -0.634394 0.224394
v 0.795667 0.555570 0.241364
v 0.676659 -0.707107 0.205263
v 0.843946 0.471397 0.256009
v 0.607077 -0.773011 0.184155
v 0.884098 0.382683 0.268189
v 0.531648 -0.831470 0.161274
v 0.915735 0.290285 0.277786
v 0.451099 -0.881922 0.136840
v 0.938554 0.195090 0.284708
v 0.093797 0.995185 0.028454
v 0.366205 -0.923880 0.111088
v 0.952332 0.098017 0.288888
v 0.186691 0.980785 0.056633
v 0.277785 -0.956941 0.084266
v 0.956941 -0.000000 0.290286
v 0.277786 0.956940 0.084266
v 0.186690 -0.980785 0.056633
v 0.952332 -0.098017 0.288888
v 0.366206 0.923880 0.111088
v 0.093797 -0.995185 0.028454
v 0.938554 -0.195091 0.284708
v 0.451099 0.881921 0.136840
v 0.814789 -0.471397 0.337498
v 0.768178 -0.555571 0.318191
v 0.653282 0.707107 0.270599
v 0.714169 0.634393 0.295819
v 0.714169 -0.634394 0.295819
v 0.768178 0.555570 0.318191
v 0.653282 -0.707107 0.270599
v 0.814789 0.471397 0.337498
v 0.586103 -0.773011 0.242773
v 0.853554 0.382683 0.353554
v 0.513279 -0.831470 0.212608
v 0.884098 0.290285 0.366206
v 0.435514 -0.881922 0.180397
v 0.906128 0.195090 0.375331
v 0.090557 0.995185 0.037511
v 0.353554 -0.923880 0.146447
v 0.919430 0.098017 0.380842
v 0.180241 0.980785 0.074659
v 0.268188 -0.956941 0.111088
v 0.923880 -0.000000 0.382684
v 0.268189 0.956940 0.111088
v 0.180240 -0.980785 0.074659
v 0.919430 -0.098017 0.380842
v 0.353554 0.923880 0.146448
v 0.090556 -0.995185 0.037510
v 0.906128 -0.195091 0.375331
v 0.435515 0.881921 0.180397
v 0.884098 -0.290285 0.366206
v 0.513281 0.831470 0.212609
v 0.853554 -0.382684 0.353554
v 0.586103 0.773010 0.242773
v 0.681735 -0.634394 0.364395
v 0.623613 -0.707107 0.333329
v 0.733290 0.555570 0.391953
v 0.777785 0.471397 0.415736
v 0.559485 -0.773011 0.299052
v 0.814789 0.382683 0.435515
v 0.489969 -0.831470 0.261895
v 0.843947 0.290285 0.451100
v 0.415735 -0.881922 0.222216
v 0.864976 0.195090 0.462340
v 0.086444 0.995185 0.046206
v 0.337497 -0.923880 0.180397
v 0.877675 0.098017 0.469128
v 0.172055 0.980785 0.091966
v 0.256008 -0.956941 0.136840
v 0.881922 -0.000000 0.471398
v 0.256009 0.956940 0.136841
v 0.172054 -0.980785 0.091966
v 0.877675 -0.098017 0.469128
v 0.337497 0.923880 0.180397
v 0.086443 -0.995185 0.046206
v 0.864976 -0.195091 0.462340
v 0.415736 0.881921 0.222216
v 0.843946 -0.290285 0.451100
v 0.489970 0.831470 0.261895
v 0.814789 -0.382684 0.435515
v 0.559485 0.773010 0.299052
v 0.777785 -0.471397 0.415736
v 0.623613 0.707107 0.333329
v 0.733290 -0.555571 0.391953
v 0.681735 0.634393 0.364396
v 0.527479 -0.773011 0.352451
v 0.461940 -0.831470 0.308659
v 0.768178 0.382683 0.513281
v 0.795667 0.290285 0.531649
v 0.391952 -0.881922 0.261895
v 0.815494 0.195090 0.544896
v 0.081499 0.995185 0.054457
v 0.318190 -0.923880 0.212608
v 0.827466 0.098017 0.552896
v 0.162212 0.980785 0.108388
v 0.241363 -0.956941 0.161274
v 0.831470 -0.000000 0.555571
v 0.241364 0.956940 0.161275
v 0.162212 -0.980785 0.108387
v 0.827466 -0.098017 0.552896
v 0.318190 0.923880 0.212609
v 0.081498 -0.995185 0.054456
v 0.815494 -0.195091 0.544896
v 0.391953 0.881921 0.261895
v 0.795667 -0.290285 0.531649
v 0.461940 0.831470 0.308659
v 0.768178 -0.382684 0.513281
v 0.527479 0.773010 0.352451
v 0.733290 -0.471397 0.489970
v 0.587938 0.707107 0.392849
v 0.691342 -0.555571 0.461941
v 0.642735 0.634393 0.429463
v 0.642735 -0.634394 0.429462
v 0.691342 0.555570 0.461941
v 0.587938 -0.707107 0.392848
v 0.733290 0.471397 0.489970
v 0.364395 -0.881922 0.299052
v 0.295818 -0.923880 0.242773
v 0.758158 0.195090 0.622205
v 0.769288 0.098017 0.631339
v 0.075769 0.995185 0.062183
v 0.150807 0.980785 0.123765
v 0.224393 -0.956941 0.184156
v 0.773011 -0.000000 0.634394
v 0.224394 0.956940 0.184156
v 0.150807 -0.980785 0.123765
v 0.769288 -0.098017 0.631339
v 0.295819 0.923880 0.242773
v 0.075768 -0.995185 0.062182
v 0.758158 -0.195091 0.622205
v 0.364395 0.881921 0.299052
v 0.739725 -0.290285 0.607078
v 0.429462 0.831470 0.352451
v 0.714169 -0.382684 0.586103
v 0.490393 0.773010 0.402456
v 0.681735 -0.471397 0.559485
v 0.546601 0.707107 0.448585
v 0.642735 -0.555571 0.527480
v 0.597546 0.634393 0.490394
v 0.597545 -0.634394 0.490394
v 0.642735 0.555570 0.527480
v 0.546601 -0.707107 0.448585
v 0.681735 0.471397 0.559485
v 0.490393 -0.773011 0.402456
v 0.714169 0.382683 0.586103
v 0.429462 -0.831470 0.352451
v 0.739725 0.290285 0.607078
v 0.205262 -0.956941 0.205263
v 0.137950 -0.980785 0.137951
v 0.707107 -0.000000 0.707108
v 0.703701 -0.098017 0.703703
v 0.205263 0.956940 0.205264
v 0.270599 0.923880 0.270599
v 0.069309 -0.995185 0.069309
v 0.693520 -0.195091 0.693521
v 0.333328 0.881921 0.333329
v 0.676659 -0.290285 0.676660
v 0.392848 0.831470 0.392849
v 0.653282 -0.382684 0.653282
v 0.448584 0.773010 0.448585
v 0.623613 -0.471397 0.623613
v 0.500000 0.707107 0.500001
v 0.587938 -0.555571 0.587939
v 0.546601 0.634393 0.546602
v 0.546601 -0.634394 0.546602
v 0.587938 0.555570 0.587939
v 0.500000 -0.707107 0.500001
v 0.623613 0.471397 0.623614
v 0.448584 -0.773011 0.448585
v 0.653282 0.382683 0.653282
v 0.392848 -0.831470 0.392848
v 0.676659 0.290285 0.676660
v 0.333328 -0.881922 0.333329
v 0.693520 0.195090 0.693521
v 0.069309 0.995185 0.069310
v 0.270598 -0.923880 0.270599
v 0.703701 0.098017 0.703703
v 0.137950 0.980785 0.137951
v 0.062181 -0.995185 0.075769
v 0.622204 -0.195091 0.758159
v 0.607077 -0.290285 0.739726
v 0.299051 0.881921 0.364396
v 0.352451 0.831470 0.429463
v 0.586103 -0.382684 0.714169
v 0.402455 0.773010 0.490394
v 0.559485 -0.471397 0.681735
v 0.448584 0.707107 0.546602
v 0.527479 -0.555571 0.642736
v 0.490393 0.634393 0.597546
v 0.490393 -0.634394 0.597546
v 0.527479 0.555570 0.642736
v 0.448584 -0.707107 0.546602
v 0.559485 0.471397 0.681735
v 0.402455 -0.773011 0.490393
v 0.586103 0.382683 0.714170
v 0.352450 -0.831470 0.429463
v 0.607077 0.290285 0.739726
v 0.299051 -0.881922 0.364396
v 0.622204 0.195090 0.758158
v 0.062182 0.995185 0.075770
v 0.242772 -0.923880 0.295819
v 0.631339 0.098017 0.769289
v 0.123764 0.980785 0.150808
v 0.184155 -0.956941 0.224394
v 0.634394 -0.000000 0.773012
v 0.184155 0.956940 0.224395
v 0.123764 -0.980785 0.150808
v 0.631339 -0.098017 0.769289
v 0.242772 0.923880 0.295820
v 0.513279 -0.382684 0.768179
v 0.489969 -0.471397 0.733292
v 0.352450 0.773010 0.527480
v 0.392848 0.707107 0.587939
v 0.461940 -0.555571 0.691343
v 0.429462 0.634393 0.642736
v 0.429462 -0.634394 0.642736
v 0.461940 0.555570 0.691343
v 0.392848 -0.707107 0.587939
v 0.489969 0.471397 0.733292
v 0.352450 -0.773011 0.527480
v 0.513279 0.382683 0.768179
v 0.308658 -0.831470 0.461941
v 0.531648 0.290285 0.795668
v 0.261894 -0.881922 0.391953
v 0.544896 0.195090 0.815494
v 0.054456 0.995185 0.081500
v 0.212608 -0.923880 0.318191
v 0.552895 0.098017 0.827467
v 0.108387 0.980785 0.162213
v 0.161274 -0.956941 0.241364
v 0.555570 -0.000000 0.831471
v 0.161274 0.956940 0.241364
v 0.108386 -0.980785 0.162213
v 0.552895 -0.098017 0.827467
v 0.212608 0.923880 0.318191
v 0.054455 -0.995185 0.081499
v 0.544896 -0.195091 0.815494
v 0.261894 0.881921 0.391954
v 0.531648 -0.290285 0.795668
v 0.308659 0.831470 0.461941
v 0.333328 0.707107 0.623614
v 0.364395 0.634393 0.681736
v 0.391952 -0.555571 0.733292
v 0.364395 -0.634394 0.681735
v 0.391952 0.555570 0.733292
v 0.333328 -0.707107 0.623613
v 0.415735 0.471397 0.777786
v 0.299051 -0.773011 0.559485
v 0.435514 0.382683 0.814790
v 0.261894 -0.831470 0.489970
v 0.451099 0.290285 0.843947
v 0.222215 -0.881922 0.415736
v 0.462339 0.195090 0.864977
v 0.046205 0.995185 0.086445
v 0.180396 -0.923880 0.337498
v 0.469127 0.098017 0.877675
v 0.091965 0.980785 0.172056
v 0.136839 -0.956941 0.256009
v 0.471397 -0.000000 0.881922
v 0.136840 0.956940 0.256010
v 0.091965 -0.980785 0.172055
v 0.469127 -0.098017 0.877675
v 0.180396 0.923880 0.337498
v 0.046205 -0.995185 0.086444
v 0.462339 -0.195091 0.864977
v 0.222215 0.881921 0.415736
v 0.451099 -0.290285 0.843947
v 0.261894 0.831470 0.489971
v 0.435514 -0.382684 0.814790
v 0.299051 0.773010 0.559485
v 0.415735 -0.471397 0.777786
v 0.318190 0.555570 0.768179
v 0.337497 0.471397 0.814790
v 0.270598 -0.707107 0.653282
v 0.242772 -0.773011 0.586103
v 0.353554 0.382683 0.853554
v 0.212608 -0.831470 0.513281
v 0.366205 0.290285 0.884099
v 0.180396 -0.881922 0.435515
v 0.375331 0.195090 0.906129
v 0.037510 0.995185 0.090558
v 0.146447 -0.923880 0.353554
v 0.380841 0.098017 0.919432
v 0.074658 0.980785 0.180241
v 0.111087 -0.956941 0.268189
v 0.382684 -0.000000 0.923881
v 0.111088 0.956940 0.268190
v 0.074658 -0.980785 0.180241
v 0.380841 -0.098017 0.919432
v 0.146447 0.923880 0.353555
v 0.037510 -0.995185 0.090557
v 0.375331 -0.195091 0.906129
v 0.180396 0.881921 0.435515
v 0.366205 -0.290285 0.884099
v 0.212608 0.831470 0.513281
v 0.353554 -0.382684 0.853554
v 0.242772 0.773010 0.586103
v 0.337497 -0.471397 0.814790
v 0.270598 0.707107 0.653283
v 0.318190 -0.555571 0.768179
v 0.295818 0.634393 0.714170
v 0.295818 -0.634394 0.714169
v 0.268188 0.382683 0.884099
v 0.277785 0.290285 0.915736
v 0.161274 -0.831470 0.531649
v 0.136839 -0.881922 0.451100
v 0.284707 0.195090 0.938554
v 0.028453 0.995185 0.093798
v 0.111087 -0.923880 0.366206
v 0.288887 0.098017 0.952332
v 0.056632 0.980785 0.186691
v 0.084265 -0.956941 0.277786
v 0.290285 -0.000000 0.956941
v 0.084266 0.956940 0.277787
v 0.056632 -0.980785 0.186691
v 0.288887 -0.098017 0.952332
v 0.111087 0.923880 0.366207
v 0.028453 -0.995185 0.093797
v 0.284707 -0.195091 0.938554
v 0.136840 0.881921 0.451100
v 0.277785 -0.290285 0.915736
v 0.161274 0.831470 0.531649
v 0.268188 -0.382684 0.884098
v 0.184155 0.773010 0.607078
v 0.256008 -0.471397 0.843947
v 0.205262 0.707107 0.676660
v 0.241363 -0.555571 0.795668
v 0.224393 0.634393 0.739726
v 0.224393 -0.634394 0.739726
v 0.241363 0.555570 0.795668
v 0.205262 -0.707107 0.676660
v 0.256008 0.471397 0.843947
v 0.184155 -0.773011 0.607077
v 0.191342 0.195090 0.961941
v 0.194151 0.098017 0.976063
v 0.019122 0.995185 0.096135
v 0.038060 0.980785 0.191343
v 0.074658 -0.923880 0.375331
v 0.056632 -0.956941 0.284708
v 0.195090 -0.000000 0.980786
v 0.056632 0.956940 0.284709
v 0.038060 -0.980785 0.191343
v 0.194151 -0.098017 0.976063
v 0.074658 0.923880 0.375332
v 0.019122 -0.995185 0.096135
v 0.191342 -0.195091 0.961941
v 0.091965 0.881921 0.462341
v 0.186690 -0.290285 0.938554
v 0.108387 0.831470 0.544897
v 0.180240 -0.382684 0.906128
v 0.123764 0.773010 0.622205
v 0.172054 -0.471397 0.864976
v 0.137950 0.707107 0.693521
v 0.162212 -0.555571 0.815494
v 0.150807 0.634393 0.758158
v 0.150807 -0.634394 0.758158
v 0.162212 0.555570 0.815494
v 0.137950 -0.707107 0.693521
v 0.172054 0.471397 0.864977
v 0.123764 -0.773011 0.622204
v 0.180240 0.382683 0.906128
v 0.108386 -0.831470 0.544896
v 0.186690 0.290285 0.938554
v 0.091965 -0.881922 0.462340
v 0.098017 -0.000000 0.995185
v 0.097545 -0.098017 0.990394
v 0.028453 0.956940 0.288889
v 0.037510 0.923880 0.380842
v 0.019122 -0.980785 0.194152
v 0.009607 -0.995185 0.097546
v 0.096134 -0.195091 0.976064
v 0.046205 0.881921 0.469128
v 0.093796 -0.290285 0.952332
v 0.054456 0.831470 0.552896
v 0.090556 -0.382684 0.919432
v 0.062181 0.773010 0.631340
v 0.086443 -0.471397 0.877676
v 0.069309 0.707107 0.703703
v 0.081498 -0.555571 0.827467
v 0.075768 0.634393 0.769289
v 0.075768 -0.634394 0.769289
v 0.081498 0.555570 0.827467
v 0.069309 -0.707107 0.703703
v 0.086443 0.471397 0.877676
v 0.062181 -0.773011 0.631339
v 0.090556 0.382683 0.919432
v 0.054455 -0.831470 0.552896
v 0.093797 0.290285 0.952334
v 0.046205 -0.881922 0.469128
v 0.096134 0.195090 0.976064
v 0.009607 0.995185 0.097547
v 0.037510 -0.923880 0.380842
v 0.097545 0.098017 0.990394
v 0.019122 0.980785 0.194152
v 0.028453 -0.956941 0.288888
v 0.000000 -0.195091 0.980787
v 0.000000 -0.290285 0.956941
v 0.000000 0.881921 0.471398
v 0.000000 0.831470 0.555571
v 0.000000 -0.382684 0.923880
v 0.000000 0.773010 0.634395
v 0.000000 -0.471397 0.881922
v 0.000000 0.707107 0.707108
v 0.000000 -0.555571 0.831470
v 0.000000 0.634393 0.773012
v 0.000000 -0.634394 0.773011
v 0.000000 0.555570 0.831471
v 0.000000 -0.707107 0.707108
v 0.000000 0.471397 0.881922
v 0.000000 -0.773011 0.634394
v 0.000000 0.382683 0.923881
v 0.000000 -0.831470 0.555571
v 0.000000 0.290285 0.956941
v 0.000000 -0.881922 0.471398
v 0.000000 0.195090 0.980787
v 0.000000 0.995185 0.098019
v 0.000000 -0.923880 0.382684
v 0.000000 0.098017 0.995185
v 0.000000 0.980785 0.195092
v 0.000000 -0.956941 0.290286
v 0.000000 -0.000000 1.000000
v 0.000000 0.956940 0.290286
v 0.000000 -0.980785 0.195091
v 0.000000 -0.098017 0.995185
v 0.000000 0.923880 0.382685
v 0.000000 -0.995185 0.098018
v -0.090556 -0.382684 0.919432
v -0.086443 -0.471397 0.877676
v -0.062181 0.773010 0.631340
v -0.069309 0.707107 0.703703
v -0.081498 -0.555571 0.827467
v -0.075768 0.634393 0.769289
v -0.075768 -0.634394 0.769289
v -0.081498 0.555570 0.827467
v -0.069309 -0.707107 0.703703
v -0.086443 0.471397 0.877676
v -0.062181 -0.773011 0.631339
v -0.090556 0.382683 0.919432
v -0.054455 -0.831470 0.552896
v -0.093797 0.290285 0.952334
v -0.046205 -0.881922 0.469128
v -0.096134 0.195090 0.976064
v -0.009607 0.995185 0.097547
v -0.037509 -0.923880 0.380842
v -0.097545 0.098017 0.990394
v -0.019122 0.980785 0.194152
v -0.028453 -0.956941 0.288888
v -0.098017 -0.000000 0.995185
v -0.028453 0.956940 0.288889
v -0.019122 -0.980785 0.194152
v -0.097545 -0.098017 0.990394
v -0.037510 0.923880 0.380842
v -0.009607 -0.995185 0.097546
v -0.096134 -0.195091 0.976064
v -0.046205 0.881921 0.469128
v -0.093797 -0.290285 0.952332
v -0.054455 0.831470 0.552896
v -0.162212 -0.555571 0.815494
v -0.150807 -0.634394 0.758158
v -0.150807 0.634393 0.758158
v -0.162212 0.555570 0.815494
v -0.137950 -0.707107 0.693521
v -0.172054 0.471397 0.864976
v -0.123764 -0.773011 0.622204
v -0.180240 0.382683 0.906128
v -0.108386 -0.831470 0.544896
v -0.186690 0.290285 0.938554
v -0.091965 -0.881922 0.462340
v -0.191342 0.195090 0.961941
v -0.019122 0.995185 0.096135
v -0.074658 -0.923880 0.375331
v -0.194151 0.098017 0.976063
v -0.038060 0.980785 0.191343
v -0.056632 -0.956941 0.284708
v -0.195090 -0.000000 0.980786
v -0.056632 0.956940 0.284709
v -0.038060 -0.980785 0.191343
v -0.194151 -0.098017 0.976063
v -0.074658 0.923880 0.375332
v -0.019122 -0.995185 0.096135
v -0.191342 -0.195091 0.961941
v -0.091965 0.881921 0.462341
v -0.186690 -0.290285 0.938554
v -0.108386 0.831470 0.544897
v -0.180240 -0.382684 0.906128
v -0.123764 0.773010 0.622205
v -0.172054 -0.471397 0.864976
v -0.137950 0.707107 0.693521
v -0.205262 -0.707107 0.676660
v -0.184155 -0.773011 0.607077
v -0.256008 0.471397 0.843947
v -0.268188 0.382683 0.884099
v -0.161274 -0.831470 0.531649
v -0.277785 0.290285 0.915736
v -0.136839 -0.881922 0.451100
v -0.284707 0.195090 0.938554
v -0.028453 0.995185 0.093798
v -0.111087 -0.923880 0.366206
v -0.288887 0.098017 0.952332
v -0.056632 0.980785 0.186691
v -0.084265 -0.956941 0.277786
v -0.290285 -0.000000 0.956941
v -0.084265 0.956940 0.277787
v -0.056632 -0.980785 0.186691
v -0.288887 -0.098017 0.952332
v -0.111087 0.923880 0.366207
v -0.028453 -0.995185 0.093797
v -0.284707 -0.195091 0.938554
v -0.136839 0.881921 0.451100
v -0.277785 -0.290285 0.915736
v -0.161274 0.831470 0.531649
v -0.268188 -0.382684 0.884098
v -0.184155 0.773010 0.607078
v -0.256008 -0.471397 0.843947
v -0.205262 0.707107 0.676660
v -0.241363 -0.555571 0.795667
v -0.224393 0.634393 0.739726
v -0.224393 -0.634394 0.739726
v -0.241363 0.555570 0.795668
v -0.212608 -0.831470 0.513281
v -0.180396 -0.881922 0.435515
v -0.366205 0.290285 0.884099
v -0.375330 0.195090 0.906129
v -0.037510 0.995185 0.090558
v -0.146447 -0.923880 0.353554
v -0.380841 0.098017 0.919432
v -0.074658 0.980785 0.180241
v -0.111087 -0.956941 0.268189
v -0.382683 -0.000000 0.923881
v -0.111087 0.956940 0.268190
v -0.074658 -0.980785 0.180241
v -0.380841 -0.098017 0.919432
v -0.146447 0.923880 0.353555
v -0.037510 -0.995185 0.090557
v -0.375330 -0.195091 0.906129
v -0.180396 0.881921 0.435515
v -0.366205 -0.290285 0.884098
v -0.212608 0.831470 0.513281
v -0.353553 -0.382684 0.853554
v -0.242772 0.773010 0.586103
v -0.337497 -0.471397 0.814790
v -0.270598 0.707107 0.653283
v -0.318190 -0.555571 0.768178
v -0.295818 0.634393 0.714170
v -0.295818 -0.634394 0.714169
v -0.318190 0.555570 0.768179
v -0.270598 -0.707107 0.653282
v -0.337497 0.471397 0.814790
v -0.242772 -0.773011 0.586103
v -0.353553 0.382683 0.853554
v -0.046205 0.995185 0.086445
v -0.091965 0.980785 0.172056
v -0.180396 -0.923880 0.337498
v -0.136839 -0.956941 0.256009
v -0.469127 0.098017 0.877675
v -0.471397 -0.000000 0.881922
v -0.136840 0.956940 0.256010
v -0.091965 -0.980785 0.172055
v -0.469127 -0.098017 0.877675
v -0.180396 0.923880 0.337498
v -0.046205 -0.995185 0.086444
v -0.462339 -0.195091 0.864977
v -0.222215 0.881921 0.415736
v -0.451099 -0.290285 0.843947
v -0.261894 0.831470 0.489971
v -0.435514 -0.382684 0.814790
v -0.299051 0.773010 0.559485
v -0.415735 -0.471397 0.777786
v -0.333328 0.707107 0.623614
v -0.391952 -0.555571 0.733290
v -0.364395 0.634393 0.681735
v -0.364395 -0.634394 0.681735
v -0.391952 0.555570 0.733292
v -0.333328 -0.707107 0.623613
v -0.415735 0.471397 0.777786
v -0.299051 -0.773011 0.559485
v -0.435514 0.382683 0.814790
v -0.261894 -0.831470 0.489970
v -0.451099 0.290285 0.843947
v -0.222215 -0.881922 0.415736
v -0.462339 0.195090 0.864977
v -0.161274 0.956940 0.241364
v -0.212608 0.923880 0.318191
v -0.108386 -0.980785 0.162212
v -0.054455 -0.995185 0.081499
v -0.552895 -0.098017 0.827467
v -0.544895 -0.195091 0.815494
v -0.261894 0.881921 0.391953
v -0.531648 -0.290285 0.795668
v -0.308659 0.831470 0.461941
v -0.513280 -0.382684 0.768179
v -0.352450 0.773010 0.527480
v -0.489969 -0.471397 0.733292
v -0.392848 0.707107 0.587939
v -0.461940 -0.555571 0.691342
v -0.429462 0.634393 0.642736
v -0.429462 -0.634394 0.642735
v -0.461940 0.555570 0.691343
v -0.392848 -0.707107 0.587939
v -0.489969 0.471397 0.733292
v -0.352450 -0.773011 0.527479
v -0.513280 0.382683 0.768179
v -0.308658 -0.831470 0.461941
v -0.531648 0.290285 0.795668
v -0.261894 -0.881922 0.391953
v -0.544895 0.195090 0.815494
v -0.054456 0.995185 0.081500
v -0.212608 -0.923880 0.318191
v -0.552895 0.098017 0.827467
v -0.108387 0.980785 0.162213
v -0.161274 -0.956941 0.241364
v -0.555570 -0.000000 0.831471
v -0.299051 0.881921 0.364396
v -0.352450 0.831470 0.429463
v -0.607077 -0.290285 0.739726
v -0.586103 -0.382684 0.714170
v -0.402455 0.773010 0.490394
v -0.559485 -0.471397 0.681735
v -0.448584 0.707107 0.546602
v -0.527479 -0.555571 0.642735
v -0.490393 0.634393 0.597546
v -0.490393 -0.634394 0.597546
v -0.527479 0.555570 0.642736
v -0.448584 -0.707107 0.546602
v -0.559485 0.471397 0.681735
v -0.402455 -0.773011 0.490393
v -0.586103 0.382683 0.714169
v -0.352450 -0.831470 0.429463
v -0.607077 0.290285 0.739726
v -0.299051 -0.881922 0.364396
v -0.622204 0.195090 0.758159
v -0.062182 0.995185 0.075770
v -0.242772 -0.923880 0.295819
v -0.631338 0.098017 0.769289
v -0.123764 0.980785 0.150808
v -0.184155 -0.956941 0.224394
v -0.634393 -0.000000 0.773011
v -0.184155 0.956940 0.224395
v -0.123764 -0.980785 0.150808
v -0.631338 -0.098017 0.769289
v -0.242772 0.923880 0.295820
v -0.062181 -0.995185 0.075769
v -0.622204 -0.195091 0.758159
v -0.448584 0.773010 0.448585
v -0.500000 0.707107 0.500001
v -0.623613 -0.471397 0.623613
v -0.587938 -0.555571 0.587938
v -0.546601 0.634393 0.546602
v -0.546601 -0.634394 0.546602
v -0.587938 0.555570 0.587939
v -0.500000 -0.707107 0.500001
v -0.623613 0.471397 0.623614
v -0.448584 -0.773011 0.448585
v -0.653282 0.382683 0.653282
v -0.392848 -0.831470 0.392848
v -0.676659 0.290285 0.676660
v -0.333328 -0.881922 0.333329
v -0.693520 0.195090 0.693521
v -0.069309 0.995185 0.069310
v -0.270598 -0.923880 0.270599
v -0.703702 0.098017 0.703703
v -0.137950 0.980785 0.137951
v -0.205262 -0.956941 0.205263
v -0.707107 -0.000000 0.707108
v -0.205263 0.956940 0.205264
v -0.137950 -0.980785 0.137950
v -0.703702 -0.098017 0.703703
v -0.270599 0.923880 0.270599
v -0.069309 -0.995185 0.069309
v -0.693520 -0.195091 0.693521
v -0.333328 0.881921 0.333329
v -0.676659 -0.290285 0.676660
v -0.392848 0.831470 0.392849
v -0.653281 -0.382684 0.653282
v -0.597546 0.634393 0.490394
v -0.642735 0.555570 0.527480
v -0.597546 -0.634394 0.490393
v -0.546601 -0.707107 0.448585
v -0.681735 0.471397 0.559485
v -0.490392 -0.773011 0.402456
v -0.714170 0.382683 0.586103
v -0.429462 -0.831470 0.352451
v -0.739725 0.290285 0.607077
v -0.364395 -0.881922 0.299052
v -0.758159 0.195090 0.622205
v -0.075769 0.995185 0.062183
v -0.295818 -0.923880 0.242773
v -0.769288 0.098017 0.631339
v -0.150807 0.980785 0.123765
v -0.224393 -0.956941 0.184156
v -0.773012 -0.000000 0.634394
v -0.224394 0.956940 0.184156
v -0.150807 -0.980785 0.123765
v -0.769288 -0.098017 0.631339
v -0.295819 0.923880 0.242773
v -0.075768 -0.995185 0.062182
v -0.758159 -0.195091 0.622205
v -0.364395 0.881921 0.299052
v -0.739725 -0.290285 0.607077
v -0.429462 0.831470 0.352451
v -0.714168 -0.382684 0.586103
v -0.490393 0.773010 0.402456
v -0.681735 -0.471397 0.559485
v -0.546601 0.707107 0.448585
v -0.642735 -0.555571 0.527479
v -0.733291 0.471397 0.489970
v -0.768178 0.382683 0.513281
v -0.527479 -0.773011 0.352451
v -0.461940 -0.831470 0.308659
v -0.795667 0.290285 0.531648
v -0.391952 -0.881922 0.261895
v -0.815494 0.195090 0.544896
v -0.081499 0.995185 0.054457
v -0.318190 -0.923880 0.212608
v -0.827466 0.098017 0.552896
v -0.162212 0.980785 0.108388
v -0.241363 -0.956941 0.161274
v -0.831470 -0.000000 0.555571
v -0.241364 0.956940 0.161275
v -0.162212 -0.980785 0.108387
v -0.827466 -0.098017 0.552896
v -0.318190 0.923880 0.212609
v -0.081498 -0.995185 0.054456
v -0.815494 -0.195091 0.544896
v -0.391953 0.881921 0.261895
v -0.795667 -0.290285 0.531648
v -0.461940 0.831470 0.308659
v -0.768178 -0.382684 0.513281
v -0.527479 0.773010 0.352451
v -0.733291 -0.471397 0.489970
v -0.587938 0.707107 0.392849
v -0.691342 -0.555571 0.461940
v -0.642735 0.634393 0.429463
v -0.642735 -0.634394 0.429462
v -0.691342 0.555570 0.461941
v -0.587938 -0.707107 0.392848
v -0.843946 0.290285 0.451099
v -0.864976 0.195090 0.462340
v -0.086444 0.995185 0.046206
v -0.415735 -0.881922 0.222216
v -0.337497 -0.923880 0.180397
v -0.877675 0.098017 0.469128
v -0.172055 0.980785 0.091966
v -0.256008 -0.956941 0.136840
v -0.881922 -0.000000 0.471398
v -0.256009 0.956940 0.136840
v -0.172054 -0.980785 0.091966
v -0.877675 -0.098017 0.469128
v -0.337497 0.923880 0.180397
v -0.086443 -0.995185 0.046206
v -0.864976 -0.195091 0.462340
v -0.415735 0.881921 0.222216
v -0.843946 -0.290285 0.451099
v -0.489970 0.831470 0.261895
v -0.814789 -0.382684 0.435515
v -0.559485 0.773010 0.299052
v -0.777785 -0.471397 0.415736
v -0.623613 0.707107 0.333329
v -0.733291 -0.555571 0.391953
v -0.681735 0.634393 0.364396
v -0.681735 -0.634394 0.364395
v -0.733291 0.555570 0.391953
v -0.623613 -0.707107 0.333329
v -0.777785 0.471397 0.415736
v -0.559485 -0.773011 0.299052
v -0.814789 0.382683 0.435515
v -0.489969 -0.831470 0.261895
v -0.919431 0.098017 0.380841
v -0.923880 -0.000000 0.382684
v -0.180241 0.980785 0.074659
v -0.268189 0.956940 0.111088
v -0.268188 -0.956941 0.111088
v -0.180240 -0.980785 0.074659
v -0.919431 -0.098017 0.380841
v -0.353554 0.923880 0.146448
v -0.090556 -0.995185 0.037510
v -0.906128 -0.195091 0.375331
v -0.435514 0.881921 0.180397
v -0.884098 -0.290285 0.366206
v -0.513281 0.831470 0.212609
v -0.853553 -0.382684 0.353554
v -0.586103 0.773010 0.242773
v -0.814789 -0.471397 0.337498
v -0.653282 0.707107 0.270599
v -0.768178 -0.555571 0.318190
v -0.714170 0.634393 0.295819
v -0.714170 -0.634394 0.295819
v -0.768178 0.555570 0.318190
v -0.653282 -0.707107 0.270599
v -0.814789 0.471397 0.337498
v -0.586103 -0.773011 0.242773
v -0.853553 0.382683 0.353554
v -0.513280 -0.831470 0.212608
v -0.884098 0.290285 0.366206
v -0.435514 -0.881922 0.180397
v -0.906128 0.195090 0.375331
v -0.090557 0.995185 0.037511
v -0.353553 -0.923880 0.146447
v -0.952332 -0.098017 0.288888
v -0.938554 -0.195091 0.284708
v -0.366206 0.923880 0.111088
v -0.451099 0.881921 0.136840
v -0.093797 -0.995185 0.028454
v -0.915735 -0.290285 0.277786
v -0.531648 0.831470 0.161275
v -0.884098 -0.382684 0.268189
v -0.607077 0.773010 0.184155
v -0.843946 -0.471397 0.256009
v -0.676660 0.707107 0.205263
v -0.795667 -0.555571 0.241364
v -0.739725 0.634393 0.224394
v -0.739725 -0.634394 0.224394
v -0.795667 0.555570 0.241364
v -0.676659 -0.707107 0.205263
v -0.843946 0.471397 0.256009
v -0.607076 -0.773011 0.184155
v -0.884098 0.382683 0.268189
v -0.531648 -0.831470 0.161274
v -0.915735 0.290285 0.277786
v -0.451099 -0.881922 0.136840
v -0.938554 0.195090 0.284708
v -0.093797 0.995185 0.028454
v -0.366205 -0.923880 0.111088
v -0.952332 0.098017 0.288888
v -0.186691 0.980785 0.056633
v -0.277785 -0.956941 0.084266
v -0.956941 -0.000000 0.290285
v -0.277786 0.956940 0.084266
v -0.186690 -0.980785 0.056633
v -0.938553 -0.290285 0.186691
v -0.906127 -0.382684 0.180241
v -0.544896 0.831470 0.108387
v -0.622204 0.773010 0.123765
v -0.864976 -0.471397 0.172055
v -0.693520 0.707107 0.137951
v -0.815493 -0.555571 0.162212
v -0.758159 0.634393 0.150808
v -0.758157 -0.634394 0.150808
v -0.815493 0.555570 0.162212
v -0.693520 -0.707107 0.137950
v -0.864976 0.471397 0.172055
v -0.622204 -0.773011 0.123765
v -0.906127 0.382683 0.180241
v -0.544895 -0.831470 0.108387
v -0.938553 0.290285 0.186690
v -0.462339 -0.881922 0.091966
v -0.961940 0.195090 0.191343
v -0.096135 0.995185 0.019123
v -0.375330 -0.923880 0.074659
v -0.976063 0.098017 0.194152
v -0.191342 0.980785 0.038061
v -0.284707 -0.956941 0.056633
v -0.980787 -0.000000 0.195091
v -0.284708 0.956940 0.056633
v -0.191342 -0.980785 0.038061
v -0.976063 -0.098017 0.194152
v -0.375331 0.923880 0.074659
v -0.096134 -0.995185 0.019123
v -0.961940 -0.195091 0.191343
v -0.462340 0.881921 0.091966
v -0.877675 -0.471397 0.086444
v -0.827466 -0.555571 0.081499
v -0.703702 0.707107 0.069309
v -0.769289 0.634393 0.075769
v -0.769288 -0.634394 0.075769
v -0.827466 0.555570 0.081499
v -0.703702 -0.707107 0.069309
v -0.877675 0.471397 0.086444
v -0.631338 -0.773011 0.062182
v -0.919431 0.382683 0.090557
v -0.552895 -0.831470 0.054456
v -0.952333 0.290285 0.093797
v -0.469127 -0.881922 0.046206
v -0.976063 0.195090 0.096135
v -0.097546 0.995185 0.009608
v -0.380841 -0.923880 0.037510
v -0.990393 0.098017 0.097546
v -0.194152 0.980785 0.019123
v -0.288887 -0.956941 0.028454
v -0.995185 -0.000000 0.098018
v -0.288888 0.956940 0.028454
v -0.194151 -0.980785 0.019123
v -0.990393 -0.098017 0.097546
v -0.380841 0.923880 0.037510
v -0.097545 -0.995185 0.009608
v -0.976063 -0.195091 0.096135
v -0.469127 0.881921 0.046206
v -0.952333 -0.290285 0.093797
v -0.552896 0.831470 0.054456
v -0.919431 -0.382684 0.090557
v -0.631339 0.773010 0.062182
v -0.773010 -0.634394 0.000001
v -0.707107 -0.707107 0.000001
v -0.831470 0.555570 0.000001
v -0.881922 0.471397 0.000001
v -0.634393 -0.773011 0.000001
v -0.923880 0.382683 0.000001
v -0.555571 -0.831470 0.000001
v -0.956941 0.290285 0.000001
v -0.471397 -0.881922 0.000001
v -0.980787 0.195090 0.000001
v -0.098018 0.995185 0.000001
v -0.382683 -0.923880 0.000001
v -0.995185 0.098017 0.000001
v -0.195091 0.980785 0.000001
v -0.290285 -0.956941 0.000001
v -1.000000 -0.000000 0.000001
v -0.290286 0.956940 0.000001
v -0.195090 -0.980785 0.000001
v -0.995185 -0.098017 0.000001
v -0.382684 0.923880 0.000001
v -0.098017 -0.995185 0.000001
v -0.980787 -0.195091 0.000001
v -0.471397 0.881921 0.000001
v -0.956940 -0.290285 0.000001
v -0.555571 0.831470 0.000001
v -0.923880 -0.382684 0.000001
v -0.634394 0.773010 0.000001
v -0.881922 -0.471397 0.000001
v -0.707107 0.707107 0.000001
v -0.831470 -0.555571 0.000001
v -0.773012 0.634393 0.000001
v -0.631338 -0.773011 -0.062181
v -0.552895 -0.831470 -0.054455
v -0.919431 0.382683 -0.090555
v -0.952333 0.290285 -0.093796
v -0.469127 -0.881922 -0.046204
v -0.976063 0.195090 -0.096133
v -0.097546 0.995185 -0.009607
v -0.380841 -0.923880 -0.037509
v -0.990393 0.098017 -0.097545
v -0.194152 0.980785 -0.019121
v -0.288887 -0.956941 -0.028452
v -0.995185 0.000000 -0.098016
v -0.288888 0.956940 -0.028452
v -0.194151 -0.980785 -0.019121
v -0.990393 -0.098017 -0.097545
v -0.380841 0.923880 -0.037509
v -0.097545 -0.995185 -0.009607
v -0.976063 -0.195091 -0.096133
v -0.469127 0.881921 -0.046204
v -0.952333 -0.290285 -0.093796
v -0.552896 0.831470 -0.054455
v -0.919431 -0.382684 -0.090555
v -0.631339 0.773010 -0.062181
v -0.877675 -0.471397 -0.086443
v -0.703702 0.707107 -0.069308
v -0.827466 -0.555571 -0.081498
v -0.769289 0.634393 -0.075768
v -0.769288 -0.634394 -0.075768
v -0.827466 0.555570 -0.081498
v -0.703702 -0.707107 -0.069308
v -0.877675 0.471397 -0.086443
v -0.462339 -0.881922 -0.091964
v -0.375330 -0.923880 -0.074657
v -0.961940 0.195090 -0.191341
v -0.976062 0.098017 -0.194150
v -0.096135 0.995185 -0.019122
v -0.191342 0.980785 -0.038060
v -0.284707 -0.956941 -0.056631
v -0.980785 0.000000 -0.195090
v -0.284708 0.956940 -0.056631
v -0.191342 -0.980785 -0.038059
v -0.976062 -0.098017 -0.194150
v -0.375331 0.923880 -0.074657
v -0.096134 -0.995185 -0.019121
v -0.961940 -0.195091 -0.191341
v -0.462340 0.881921 -0.091964
v -0.938553 -0.290285 -0.186689
v -0.544896 0.831470 -0.108386
v -0.906128 -0.382684 -0.180239
v -0.622204 0.773010 -0.123763
v -0.864976 -0.471397 -0.172054
v -0.693520 0.707107 -0.137949
v -0.815493 -0.555571 -0.162211
v -0.758159 0.634393 -0.150806
v -0.758157 -0.634394 -0.150806
v -0.815493 0.555570 -0.162211
v -0.693520 -0.707107 -0.137949
v -0.864976 0.471397 -0.172054
v -0.622204 -0.773011 -0.123763
v -0.906128 0.382683 -0.180239
v -0.544895 -0.831470 -0.108386
v -0.938553 0.290285 -0.186689
v -0.277785 -0.956941 -0.084264
v -0.186690 -0.980785 -0.056631
v -0.956941 0.000000 -0.290284
v -0.952332 -0.098017 -0.288886
v -0.277786 0.956940 -0.084265
v -0.366206 0.923880 -0.111086
v -0.093797 -0.995185 -0.028452
v -0.938554 -0.195091 -0.284706
v -0.451099 0.881921 -0.136839
v -0.915735 -0.290285 -0.277784
v -0.531648 0.831470 -0.161273
v -0.884098 -0.382684 -0.268187
v -0.607077 0.773010 -0.184154
v -0.843946 -0.471397 -0.256008
v -0.676660 0.707107 -0.205262
v -0.795667 -0.555571 -0.241362
v -0.739725 0.634393 -0.224392
v -0.739725 -0.634394 -0.224392
v -0.795667 0.555570 -0.241362
v -0.676659 -0.707107 -0.205262
v -0.843946 0.471397 -0.256008
v -0.607077 -0.773011 -0.184154
v -0.884098 0.382683 -0.268187
v -0.531648 -0.831470 -0.161273
v -0.915735 0.290285 -0.277785
v -0.451099 -0.881922 -0.136838
v -0.938554 0.195090 -0.284706
v -0.093797 0.995185 -0.028452
v -0.366205 -0.923880 -0.111086
v -0.952332 0.098017 -0.288886
v -0.186691 0.980785 -0.056631
v -0.714170 0.634393 -0.295818
v -0.768178 0.555570 -0.318189
v -0.714170 -0.634394 -0.295818
v -0.653282 -0.707107 -0.270597
v -0.814789 0.471397 -0.337496
v -0.586103 -0.773011 -0.242771
v -0.853554 0.382683 -0.353553
v -0.513280 -0.831470 -0.212607
v -0.884098 0.290285 -0.366205
v -0.435514 -0.881922 -0.180395
v -0.906128 0.195090 -0.375330
v -0.090557 0.995185 -0.037509
v -0.353553 -0.923880 -0.146446
v -0.919431 0.098017 -0.380840
v -0.180241 0.980785 -0.074657
v -0.268188 -0.956941 -0.111086
v -0.923880 0.000000 -0.382683
v -0.268189 0.956940 -0.111087
v -0.180240 -0.980785 -0.074657
v -0.919431 -0.098017 -0.380840
v -0.353554 0.923880 -0.146446
v -0.090556 -0.995185 -0.037509
v -0.906128 -0.195091 -0.375330
v -0.435514 0.881921 -0.180395
v -0.884098 -0.290285 -0.366205
v -0.513281 0.831470 -0.212607
v -0.853554 -0.382684 -0.353553
v -0.586103 0.773010 -0.242771
v -0.814789 -0.471397 -0.337496
v -0.653282 0.707107 -0.270598
v -0.768178 -0.555571 -0.318189
v -0.777785 0.471397 -0.415734
v -0.814789 0.382683 -0.435513
v -0.559485 -0.773011 -0.299050
v -0.489970 -0.831470 -0.261893
v -0.843946 0.290285 -0.451098
v -0.415735 -0.881922 -0.222214
v -0.864976 0.195090 -0.462338
v -0.086444 0.995185 -0.046205
v -0.337496 -0.923880 -0.180395
v -0.877675 0.098017 -0.469126
v -0.172055 0.980785 -0.091965
v -0.256008 -0.956941 -0.136839
v -0.881921 0.000000 -0.471396
v -0.256009 0.956940 -0.136839
v -0.172054 -0.980785 -0.091964
v -0.877675 -0.098017 -0.469126
v -0.337497 0.923880 -0.180395
v -0.086443 -0.995185 -0.046204
v -0.864976 -0.195091 -0.462338
v -0.415735 0.881921 -0.222214
v -0.843946 -0.290285 -0.451098
v -0.489970 0.831470 -0.261894
v -0.814789 -0.382684 -0.435513
v -0.559485 0.773010 -0.299050
v -0.777785 -0.471397 -0.415734
v -0.623613 0.707107 -0.333327
v -0.733291 -0.555571 -0.391951
v -0.681735 0.634393 -0.364394
v -0.681735 -0.634394 -0.364394
v -0.733291 0.555570 -0.391951
v -0.623613 -0.707107 -0.333327
v -0.795667 0.290285 -0.531648
v -0.815494 0.195090 -0.544895
v -0.081499 0.995185 -0.054455
v -0.391952 -0.881922 -0.261893
v -0.318189 -0.923880 -0.212607
v -0.827466 0.098017 -0.552894
v -0.162212 0.980785 -0.108386
v -0.241363 -0.956941 -0.161273
v -0.831470 0.000000 -0.555570
v -0.241364 0.956940 -0.161273
v -0.162212 -0.980785 -0.108386
v -0.827466 -0.098017 -0.552894
v -0.318190 0.923880 -0.212607
v -0.081498 -0.995185 -0.054455
v -0.815494 -0.195091 -0.544895
v -0.391952 0.881921 -0.261893
v -0.795667 -0.290285 -0.531648
v -0.461940 0.831470 -0.308658
v -0.768178 -0.382684 -0.513279
v -0.527479 0.773010 -0.352449
v -0.733291 -0.471397 -0.489969
v -0.587938 0.707107 -0.392847
v -0.691342 -0.555571 -0.461939
v -0.642735 0.634393 -0.429461
v -0.642735 -0.634394 -0.429461
v -0.691342 0.555570 -0.461939
v -0.587938 -0.707107 -0.392847
v -0.733291 0.471397 -0.489969
v -0.527479 -0.773011 -0.352449
v -0.768178 0.382683 -0.513279
v -0.461940 -0.831470 -0.308658
v -0.769288 0.098017 -0.631338
v -0.773012 0.000000 -0.634393
v -0.150807 0.980785 -0.123764
v -0.224394 0.956940 -0.184154
v -0.224393 -0.956941 -0.184154
v -0.150807 -0.980785 -0.123763
v -0.769288 -0.098017 -0.631338
v -0.295819 0.923880 -0.242771
v -0.075768 -0.995185 -0.062181
v -0.758159 -0.195091 -0.622203
v -0.364395 0.881921 -0.299050
v -0.739725 -0.290285 -0.607076
v -0.429462 0.831470 -0.352450
v -0.714170 -0.382684 -0.586102
v -0.490393 0.773010 -0.402454
v -0.681735 -0.471397 -0.559484
v -0.546601 0.707107 -0.448583
v -0.642735 -0.555571 -0.527478
v -0.597546 0.634393 -0.490392
v -0.597546 -0.634394 -0.490392
v -0.642735 0.555570 -0.527478
v -0.546601 -0.707107 -0.448583
v -0.681735 0.471397 -0.559484
v -0.490393 -0.773011 -0.402454
v -0.714170 0.382683 -0.586102
v -0.429462 -0.831470 -0.352449
v -0.739725 0.290285 -0.607076
v -0.364395 -0.881922 -0.299050
v -0.758159 0.195090 -0.622203
v -0.075769 0.995185 -0.062181
v -0.295818 -0.923880 -0.242771
v -0.703702 -0.098017 -0.703701
v -0.693521 -0.195091 -0.693520
v -0.270598 0.923880 -0.270598
v -0.333328 0.881921 -0.333327
v -0.069309 -0.995185 -0.069308
v -0.676659 -0.290285 -0.676658
v -0.392848 0.831470 -0.392847
v -0.653282 -0.382684 -0.653281
v -0.448584 0.773010 -0.448583
v -0.623613 -0.471397 -0.623612
v -0.500000 0.707107 -0.500000
v -0.587938 -0.555571 -0.587937
v -0.546601 0.634393 -0.546600
v -0.546601 -0.634394 -0.546600
v -0.587938 0.555570 -0.587937
v -0.500000 -0.707107 -0.499999
v -0.623613 0.471397 -0.623612
v -0.448584 -0.773011 -0.448583
v -0.653282 0.382683 -0.653281
v -0.392848 -0.831470 -0.392847
v -0.676659 0.290285 -0.676659
v -0.333328 -0.881922 -0.333327
v -0.693521 0.195090 -0.693520
v -0.069309 0.995185 -0.069308
v -0.270598 -0.923880 -0.270597
v -0.703702 0.098017 -0.703701
v -0.137950 0.980785 -0.137949
v -0.205262 -0.956941 -0.205262
v -0.707107 0.000000 -0.707106
v -0.205263 0.956940 -0.205262
v -0.137950 -0.980785 -0.137949
v -0.607077 -0.290285 -0.739724
v -0.586103 -0.382684 -0.714168
v -0.352451 0.831470 -0.429461
v -0.402455 0.773010 -0.490392
v -0.559485 -0.471397 -0.681735
v -0.448584 0.707107 -0.546601
v -0.527479 -0.555571 -0.642734
v -0.490393 0.634393 -0.597546
v -0.490393 -0.634394 -0.597546
v -0.527479 0.555570 -0.642734
v -0.448584 -0.707107 -0.546600
v -0.559485 0.471397 -0.681735
v -0.402455 -0.773011 -0.490392
v -0.586103 0.382683 -0.714168
v -0.352450 -0.831470 -0.429461
v -0.607077 0.290285 -0.739725
v -0.299051 -0.881922 -0.364394
v -0.622204 0.195090 -0.758157
v -0.062182 0.995185 -0.075768
v -0.242772 -0.923880 -0.295817
v -0.631339 0.098017 -0.769288
v -0.123764 0.980785 -0.150807
v -0.184155 -0.956941 -0.224392
v -0.634393 0.000000 -0.773010
v -0.184155 0.956940 -0.224393
v -0.123764 -0.980785 -0.150806
v -0.631339 -0.098017 -0.769288
v -0.242772 0.923880 -0.295818
v -0.062181 -0.995185 -0.075767
v -0.622204 -0.195091 -0.758157
v -0.299051 0.881921 -0.364394
v -0.489969 -0.471397 -0.733290
v -0.461940 -0.555571 -0.691341
v -0.392848 0.707107 -0.587938
v -0.429462 0.634393 -0.642734
v -0.429462 -0.634394 -0.642734
v -0.461940 0.555570 -0.691341
v -0.392848 -0.707107 -0.587937
v -0.489969 0.471397 -0.733290
v -0.352450 -0.773011 -0.527478
v -0.513280 0.382683 -0.768177
v -0.308658 -0.831470 -0.461939
v -0.531648 0.290285 -0.795666
v -0.261894 -0.881922 -0.391951
v -0.544896 0.195090 -0.815493
v -0.054456 0.995185 -0.081498
v -0.212607 -0.923880 -0.318189
v -0.552895 0.098017 -0.827465
v -0.108387 0.980785 -0.162211
v -0.161274 -0.956941 -0.241362
v -0.555570 0.000000 -0.831469
v -0.161274 0.956940 -0.241363
v -0.108386 -0.980785 -0.162211
v -0.552895 -0.098017 -0.827465
v -0.212608 0.923880 -0.318189
v -0.054455 -0.995185 -0.081497
v -0.544896 -0.195091 -0.815493
v -0.261894 0.881921 -0.391952
v -0.531648 -0.290285 -0.795666
v -0.308659 0.831470 -0.461940
v -0.513280 -0.382684 -0.768177
v -0.352450 0.773010 -0.527478
v -0.364395 -0.634394 -0.681735
v -0.333328 -0.707107 -0.623612
v -0.391952 0.555570 -0.733290
v -0.415735 0.471397 -0.777785
v -0.299051 -0.773011 -0.559484
v -0.435514 0.382683 -0.814788
v -0.261894 -0.831470 -0.489969
v -0.451099 0.290285 -0.843946
v -0.222215 -0.881922 -0.415734
v -0.462340 0.195090 -0.864975
v -0.046205 0.995185 -0.086443
v -0.180396 -0.923880 -0.337496
v -0.469127 0.098017 -0.877674
v -0.091965 0.980785 -0.172054
v -0.136839 -0.956941 -0.256008
v -0.471397 0.000000 -0.881921
v -0.136840 0.956940 -0.256008
v -0.091965 -0.980785 -0.172053
v -0.469127 -0.098017 -0.877674
v -0.180396 0.923880 -0.337496
v -0.046205 -0.995185 -0.086443
v -0.462340 -0.195091 -0.864975
v -0.222215 0.881921 -0.415734
v -0.451099 -0.290285 -0.843946
v -0.261894 0.831470 -0.489969
v -0.435514 -0.382684 -0.814788
v -0.299051 0.773010 -0.559484
v -0.415735 -0.471397 -0.777785
v -0.333328 0.707107 -0.623612
v -0.391952 -0.555571 -0.733290
v -0.364395 0.634393 -0.681735
v -0.242772 -0.773011 -0.586102
v -0.212608 -0.831470 -0.513279
v -0.353553 0.382683 -0.853553
v -0.366205 0.290285 -0.884097
v -0.180396 -0.881922 -0.435513
v -0.375331 0.195090 -0.906127
v -0.037510 0.995185 -0.090556
v -0.146446 -0.923880 -0.353552
v -0.380841 0.098017 -0.919430
v -0.074658 0.980785 -0.180240
v -0.111087 -0.956941 -0.268187
v -0.382684 0.000000 -0.923880
v -0.111087 0.956940 -0.268188
v -0.074658 -0.980785 -0.180239
v -0.380841 -0.098017 -0.919430
v -0.146447 0.923880 -0.353553
v -0.037510 -0.995185 -0.090555
v -0.375331 -0.195091 -0.906127
v -0.180396 0.881921 -0.435513
v -0.366205 -0.290285 -0.884097
v -0.212608 0.831470 -0.513280
v -0.353554 -0.382684 -0.853553
v -0.242772 0.773010 -0.586103
v -0.337497 -0.471397 -0.814788
v -0.270598 0.707107 -0.653281
v -0.318190 -0.555571 -0.768177
v -0.295818 0.634393 -0.714168
v -0.295818 -0.634394 -0.714168
v -0.318190 0.555570 -0.768177
v -0.270598 -0.707107 -0.653281
v -0.337497 0.471397 -0.814789
v -0.136839 -0.881922 -0.451098
v -0.111087 -0.923880 -0.366204
v -0.284707 0.195090 -0.938553
v -0.288887 0.098017 -0.952332
v -0.028453 0.995185 -0.093796
v -0.056632 0.980785 -0.186690
v -0.084265 -0.956941 -0.277784
v -0.290285 0.000000 -0.956940
v -0.084265 0.956940 -0.277785
v -0.056632 -0.980785 -0.186689
v -0.288887 -0.098017 -0.952332
v -0.111087 0.923880 -0.366205
v -0.028453 -0.995185 -0.093796
v -0.284707 -0.195091 -0.938553
v -0.136839 0.881921 -0.451098
v -0.277785 -0.290285 -0.915734
v -0.161274 0.831470 -0.531648
v -0.268188 -0.382684 -0.884097
v -0.184155 0.773010 -0.607076
v -0.256008 -0.471397 -0.843946
v -0.205262 0.707107 -0.676659
v -0.241363 -0.555571 -0.795666
v -0.224393 0.634393 -0.739724
v -0.224393 -0.634394 -0.739724
v -0.241363 0.555570 -0.795666
v -0.205262 -0.707107 -0.676658
v -0.256008 0.471397 -0.843946
v -0.184155 -0.773011 -0.607076
v -0.268188 0.382683 -0.884097
v -0.161274 -0.831470 -0.531648
v -0.277785 0.290285 -0.915734
v -0.056632 -0.956941 -0.284706
v -0.038060 -0.980785 -0.191341
v -0.195090 0.000000 -0.980785
v -0.194151 -0.098017 -0.976062
v -0.056632 0.956940 -0.284707
v -0.074658 0.923880 -0.375330
v -0.019122 -0.995185 -0.096133
v -0.191342 -0.195091 -0.961940
v -0.091965 0.881921 -0.462339
v -0.186690 -0.290285 -0.938552
v -0.108386 0.831470 -0.544895
v -0.180240 -0.382684 -0.906127
v -0.123764 0.773010 -0.622203
v -0.172054 -0.471397 -0.864975
v -0.137950 0.707107 -0.693520
v -0.162212 -0.555571 -0.815493
v -0.150807 0.634393 -0.758157
v -0.150807 -0.634394 -0.758157
v -0.162212 0.555570 -0.815493
v -0.137950 -0.707107 -0.693519
v -0.172054 0.471397 -0.864975
v -0.123764 -0.773011 -0.622203
v -0.180240 0.382683 -0.906127
v -0.108386 -0.831470 -0.544895
v -0.186690 0.290285 -0.938553
v -0.091965 -0.881922 -0.462338
v -0.191342 0.195090 -0.961940
v -0.019122 0.995185 -0.096134
v -0.074658 -0.923880 -0.375329
v -0.194151 0.098017 -0.976062
v -0.038060 0.980785 -0.191342
v -0.009607 -0.995185 -0.097544
v -0.096134 -0.195091 -0.976063
v -0.093797 -0.290285 -0.952332
v -0.046205 0.881921 -0.469126
v -0.054455 0.831470 -0.552895
v -0.090556 -0.382684 -0.919430
v -0.062181 0.773010 -0.631338
v -0.086443 -0.471397 -0.877674
v -0.069309 0.707107 -0.703702
v -0.081498 -0.555571 -0.827465
v -0.075768 0.634393 -0.769288
v -0.075768 -0.634394 -0.769288
v -0.081498 0.555570 -0.827465
v -0.069308 -0.707107 -0.703701
v -0.086443 0.471397 -0.877674
v -0.062181 -0.773011 -0.631338
v -0.090556 0.382683 -0.919430
v -0.054455 -0.831470 -0.552895
v -0.093796 0.290285 -0.952332
v -0.046205 -0.881922 -0.469126
v -0.096134 0.195090 -0.976063
v -0.009607 0.995185 -0.097545
v -0.037509 -0.923880 -0.380840
v -0.097545 0.098017 -0.990393
v -0.019122 0.980785 -0.194151
v -0.028453 -0.956941 -0.288886
v -0.098017 0.000000 -0.995184
v -0.028453 0.956940 -0.288887
v -0.019122 -0.980785 -0.194150
v -0.097545 -0.098017 -0.990393
v -0.037510 0.923880 -0.380840
vt 0.204249 0.663371
vt 0.182220 0.665784
vt 0.181421 0.650171
vt 0.203462 0.647985
vt 0.077527 0.226426
vt 0.093042 0.213474
vt 0.098743 0.219764
vt 0.084550 0.234174
vt 0.487015 0.173382
vt 0.504143 0.187408
vt 0.502683 0.189019
vt 0.225927 0.659377
vt 0.225159 0.644365
vt 0.062803 0.238775
vt 0.071080 0.247905
vt 0.247046 0.653839
vt 0.246305 0.639345
vt 0.049012 0.250401
vt 0.058464 0.260826
vt 0.267401 0.646811
vt 0.266694 0.632975
vt 0.036286 0.261192
vt 0.046822 0.272813
vt 0.286798 0.638359
vt 0.286131 0.625315
vt 0.024749 0.271045
vt 0.036267 0.283748
vt 0.305049 0.628567
vt 0.304428 0.616440
vt 0.014511 0.279864
vt 0.026900 0.293529
vt 0.610508 0.273135
vt 0.622006 0.282180
vt 0.610489 0.294883
vt 0.599973 0.284755
vt 0.907605 0.632168
vt 0.927041 0.624509
vt 0.927709 0.637553
vt 0.908312 0.646004
vt 0.597819 0.263076
vt 0.588367 0.273501
vt 0.887215 0.638539
vt 0.887956 0.653032
vt 0.584060 0.252099
vt 0.575783 0.261230
vt 0.866070 0.643558
vt 0.866838 0.658571
vt 0.569364 0.240311
vt 0.562340 0.248058
vt 0.844373 0.647178
vt 0.845160 0.662565
vt 0.142809 0.172265
vt 0.159940 0.158185
vt 0.144270 0.173876
vt 0.553871 0.227825
vt 0.548170 0.234115
vt 0.822332 0.649365
vt 0.823131 0.664977
vt 0.125841 0.186262
vt 0.128748 0.189469
vt 0.537733 0.214762
vt 0.533408 0.219532
vt 0.800161 0.650096
vt 0.800963 0.665784
vt 0.109198 0.200043
vt 0.113523 0.204814
vt 0.521104 0.201246
vt 0.518197 0.204452
vt 0.160052 0.666590
vt 0.159250 0.650902
vt 0.094078 0.644365
vt 0.073500 0.639345
vt 0.072835 0.623501
vt 0.093389 0.627953
vt 0.566650 0.269505
vt 0.554591 0.255080
vt 0.115367 0.647985
vt 0.114661 0.631164
vt 0.145881 0.175336
vt 0.541879 0.239815
vt 0.137161 0.650171
vt 0.136444 0.633104
vt 0.131955 0.192375
vt 0.528636 0.223856
vt 0.158530 0.633752
vt 0.118295 0.209138
vt 0.514990 0.207358
vt 0.180705 0.633104
vt 0.105034 0.225464
vt 0.501071 0.190479
vt 0.202756 0.631164
vt 0.092299 0.241195
vt 0.224471 0.627953
vt 0.080213 0.256181
vt 0.245640 0.623501
vt 0.068892 0.270276
vt 0.266059 0.617850
vt 0.058446 0.283345
vt 0.285532 0.611055
vt 0.048974 0.295263
vt 0.303872 0.603183
vt 0.040568 0.305914
vt 0.597781 0.306398
vt 0.588349 0.295288
vt 0.053829 0.632975
vt 0.035257 0.625315
vt 0.034658 0.611055
vt 0.053194 0.617850
vt 0.577938 0.282951
vt 0.114043 0.613072
vt 0.135817 0.614745
vt 0.147628 0.176631
vt 0.135431 0.194952
vt 0.535060 0.244871
vt 0.523463 0.227691
vt 0.157900 0.615305
vt 0.123468 0.212973
vt 0.511513 0.209936
vt 0.180078 0.614745
vt 0.111854 0.230520
vt 0.499325 0.191774
vt 0.202138 0.613072
vt 0.100700 0.247424
vt 0.223867 0.610301
vt 0.090114 0.263521
vt 0.245057 0.606458
vt 0.080198 0.278658
vt 0.265503 0.601581
vt 0.071046 0.292688
vt 0.285008 0.595717
vt 0.062749 0.305476
vt 0.303385 0.588923
vt 0.017404 0.603183
vt 0.016917 0.588923
vt 0.034134 0.595717
vt 0.584006 0.316611
vt 0.575749 0.304631
vt 0.052638 0.601581
vt 0.566634 0.291333
vt 0.072252 0.606458
vt 0.556749 0.276846
vt 0.092786 0.610301
vt 0.546191 0.261308
vt 0.157365 0.595739
vt 0.179545 0.595273
vt 0.128992 0.216283
vt 0.119136 0.234884
vt 0.507801 0.212160
vt 0.497459 0.192892
vt 0.201613 0.593881
vt 0.109670 0.252799
vt 0.223356 0.591577
vt 0.100686 0.269857
vt 0.244563 0.588381
vt 0.092270 0.285892
vt 0.265031 0.584325
vt 0.084503 0.300751
vt 0.284563 0.579449
vt 0.077459 0.314291
vt 0.302971 0.573798
vt 0.016504 0.573798
vt 0.033689 0.579449
vt 0.320455 0.581263
vt 0.320077 0.567428
vt 0.052167 0.584325
vt 0.562293 0.312694
vt 0.554561 0.298567
vt 0.071758 0.588381
vt 0.546177 0.283181
vt 0.092274 0.591577
vt 0.537220 0.266684
vt 0.113518 0.593881
vt 0.149493 0.177748
vt 0.527777 0.249235
vt 0.135285 0.595273
vt 0.139144 0.197177
vt 0.517939 0.231002
vt 0.201187 0.573778
vt 0.222940 0.571962
vt 0.119125 0.257269
vt 0.111828 0.275125
vt 0.244162 0.569444
vt 0.104993 0.291908
vt 0.264648 0.566248
vt 0.098684 0.307457
vt 0.284202 0.562406
vt 0.092963 0.321622
vt 0.302635 0.557953
vt 0.016168 0.557953
vt 0.033328 0.562406
vt 0.319770 0.552934
vt 0.051784 0.566248
vt 0.548111 0.319400
vt 0.541838 0.304583
vt 0.071357 0.569444
vt 0.535034 0.288450
vt 0.091859 0.571962
vt 0.527766 0.271154
vt 0.113092 0.573778
vt 0.151459 0.178678
vt 0.520102 0.252864
vt 0.134853 0.574875
vt 0.143056 0.199027
vt 0.512117 0.233755
vt 0.156931 0.575241
vt 0.134814 0.219036
vt 0.503888 0.214010
vt 0.179113 0.574875
vt 0.126811 0.238513
vt 0.495494 0.193821
vt 0.243858 0.549829
vt 0.264358 0.547524
vt 0.118245 0.296649
vt 0.113455 0.312741
vt 0.283928 0.544753
vt 0.109110 0.327398
vt 0.302381 0.541542
vt 0.015913 0.541542
vt 0.033054 0.544753
vt 0.319537 0.537921
vt 0.051493 0.547524
vt 0.533340 0.324684
vt 0.528586 0.309324
vt 0.071053 0.549829
vt 0.523429 0.292601
vt 0.091543 0.551645
vt 0.517919 0.274677
vt 0.112769 0.552955
vt 0.153506 0.179410
vt 0.512108 0.255724
vt 0.134525 0.553746
vt 0.147132 0.200485
vt 0.506053 0.235924
vt 0.156601 0.554011
vt 0.140878 0.221205
vt 0.499813 0.215468
vt 0.178786 0.553746
vt 0.134805 0.241373
vt 0.493446 0.194554
vt 0.200864 0.552955
vt 0.128972 0.260792
vt 0.222625 0.551645
vt 0.123434 0.279277
vt 0.283744 0.526660
vt 0.302210 0.524721
vt 0.015742 0.524721
vt 0.032870 0.526660
vt 0.319381 0.522535
vt 0.051298 0.528334
vt 0.518122 0.328495
vt 0.514933 0.312743
vt 0.070848 0.529726
vt 0.511473 0.295596
vt 0.091332 0.530822
vt 0.507774 0.277218
vt 0.112552 0.531613
vt 0.155616 0.179939
vt 0.503873 0.257786
vt 0.134305 0.532091
vt 0.151330 0.201536
vt 0.499806 0.237488
vt 0.156380 0.532251
vt 0.147125 0.222770
vt 0.495614 0.216520
vt 0.178565 0.532091
vt 0.143041 0.243435
vt 0.491337 0.195082
vt 0.200647 0.531613
vt 0.139117 0.263333
vt 0.222413 0.530822
vt 0.135391 0.282271
vt 0.243653 0.529726
vt 0.131898 0.300068
vt 0.264163 0.528334
vt 0.128673 0.316552
vt 0.000235 0.537921
vt 0.000079 0.522535
vt 0.502604 0.330797
vt 0.501011 0.314808
vt 0.051200 0.508862
vt 0.070745 0.509327
vt 0.499280 0.297404
vt 0.091225 0.509694
vt 0.497428 0.278752
vt 0.112443 0.509959
vt 0.157767 0.180258
vt 0.495474 0.259032
vt 0.134194 0.510118
vt 0.155612 0.202171
vt 0.493436 0.238433
vt 0.156269 0.510172
vt 0.153496 0.223715
vt 0.491333 0.217155
vt 0.178455 0.510118
vt 0.151439 0.244681
vt 0.489185 0.195401
vt 0.200538 0.509959
vt 0.149462 0.264867
vt 0.222307 0.509694
vt 0.147583 0.284080
vt 0.243550 0.509327
vt 0.145820 0.302133
vt 0.264064 0.508862
vt 0.144191 0.318854
vt 0.283652 0.508302
vt 0.000000 0.506922
vt 0.015656 0.507654
vt 0.302124 0.507653
vt 0.032778 0.508302
vt 0.319302 0.506922
vt 0.486969 0.298009
vt 0.486983 0.279265
vt 0.091225 0.488463
vt 0.112443 0.488199
vt 0.159939 0.180365
vt 0.486994 0.259449
vt 0.134194 0.488039
vt 0.159935 0.202384
vt 0.487003 0.238749
vt 0.156269 0.487985
vt 0.159929 0.224031
vt 0.487010 0.217367
vt 0.178455 0.488039
vt 0.159919 0.245097
vt 0.487014 0.195508
vt 0.200538 0.488199
vt 0.159908 0.265381
vt 0.222307 0.488463
vt 0.159894 0.284685
vt 0.243550 0.488830
vt 0.159878 0.302824
vt 0.264064 0.489295
vt 0.159860 0.319624
vt 0.283652 0.489855
vt 0.000000 0.491234
vt 0.015656 0.490503
vt 0.302124 0.490503
vt 0.032778 0.489855
vt 0.319302 0.491234
vt 0.051200 0.489295
vt 0.486935 0.331567
vt 0.486953 0.315499
vt 0.070745 0.488830
vt 0.162111 0.180258
vt 0.164258 0.202172
vt 0.478514 0.259032
vt 0.480571 0.238434
vt 0.134305 0.466066
vt 0.156380 0.465906
vt 0.166361 0.223715
vt 0.482687 0.217155
vt 0.178565 0.466066
vt 0.168399 0.244681
vt 0.484842 0.195401
vt 0.200647 0.466544
vt 0.170354 0.264868
vt 0.222413 0.467335
vt 0.172205 0.284080
vt 0.243653 0.468431
vt 0.173936 0.302134
vt 0.264163 0.469823
vt 0.175529 0.318855
vt 0.283744 0.471497
vt 0.000079 0.475622
vt 0.015742 0.473436
vt 0.302210 0.473436
vt 0.032870 0.471497
vt 0.319381 0.475622
vt 0.051298 0.469823
vt 0.471266 0.330798
vt 0.472895 0.314809
vt 0.070848 0.468431
vt 0.474658 0.297405
vt 0.091332 0.467335
vt 0.476537 0.278753
vt 0.112552 0.466544
vt 0.172732 0.222771
vt 0.176798 0.243436
vt 0.478405 0.216520
vt 0.482690 0.195082
vt 0.178786 0.444411
vt 0.200864 0.445202
vt 0.180699 0.263334
vt 0.222625 0.446512
vt 0.184398 0.282273
vt 0.243858 0.448328
vt 0.187858 0.300070
vt 0.264358 0.450633
vt 0.191047 0.316554
vt 0.283929 0.453404
vt 0.000235 0.460236
vt 0.015913 0.456615
vt 0.302381 0.456615
vt 0.033054 0.453404
vt 0.319537 0.460235
vt 0.051493 0.450633
vt 0.455748 0.328497
vt 0.458973 0.312745
vt 0.071053 0.448328
vt 0.462465 0.295597
vt 0.091543 0.446512
vt 0.466192 0.277219
vt 0.112769 0.445202
vt 0.164262 0.179939
vt 0.470116 0.257787
vt 0.134525 0.444411
vt 0.168539 0.201537
vt 0.474200 0.237489
vt 0.156601 0.444146
vt 0.190844 0.260794
vt 0.196354 0.279279
vt 0.222940 0.426195
vt 0.244162 0.428713
vt 0.201511 0.296651
vt 0.264648 0.431909
vt 0.206265 0.312744
vt 0.284202 0.435751
vt 0.193934 0.331567
vt 0.210570 0.327401
vt 0.302635 0.440204
vt 0.016168 0.440204
vt 0.033328 0.435751
vt 0.319770 0.445223
vt 0.051784 0.431909
vt 0.440530 0.324687
vt 0.445320 0.309326
vt 0.071357 0.428713
vt 0.450509 0.292603
vt 0.091859 0.426195
vt 0.456047 0.274679
vt 0.113092 0.424379
vt 0.166371 0.179411
vt 0.461880 0.255725
vt 0.134853 0.423283
vt 0.172738 0.200486
vt 0.467953 0.235925
vt 0.156931 0.422916
vt 0.178979 0.221207
vt 0.474206 0.215469
vt 0.179113 0.423283
vt 0.185034 0.241374
vt 0.480581 0.194554
vt 0.201187 0.424379
vt 0.214763 0.291912
vt 0.221036 0.307461
vt 0.265031 0.413832
vt 0.284563 0.418708
vt 0.226718 0.321626
vt 0.302971 0.424359
vt 0.016504 0.424359
vt 0.033689 0.418708
vt 0.320077 0.430730
vt 0.052167 0.413832
vt 0.425759 0.319404
vt 0.432068 0.304587
vt 0.071758 0.409776
vt 0.438903 0.288453
vt 0.092274 0.406580
vt 0.446199 0.271157
vt 0.113518 0.404276
vt 0.168419 0.178678
vt 0.453886 0.252866
vt 0.135285 0.402884
vt 0.176813 0.199028
vt 0.461889 0.233756
vt 0.157365 0.402418
vt 0.185043 0.219038
vt 0.470131 0.214011
vt 0.179545 0.402884
vt 0.193027 0.238515
vt 0.478533 0.193822
vt 0.201613 0.404275
vt 0.200691 0.257272
vt 0.223356 0.406581
vt 0.207960 0.275128
vt 0.244563 0.409776
vt 0.016917 0.409234
vt 0.034134 0.402440
vt 0.303385 0.409234
vt 0.320455 0.416894
vt 0.052638 0.396576
vt 0.411577 0.312699
vt 0.419345 0.298571
vt 0.072252 0.391699
vt 0.427761 0.283184
vt 0.092786 0.387856
vt 0.436745 0.266687
vt 0.114043 0.385085
vt 0.170385 0.177749
vt 0.446211 0.249237
vt 0.135817 0.383411
vt 0.180726 0.197178
vt 0.456067 0.231004
vt 0.157900 0.382852
vt 0.190865 0.216285
vt 0.466218 0.212161
vt 0.180078 0.383412
vt 0.200703 0.234886
vt 0.476568 0.192892
vt 0.202138 0.385085
vt 0.210146 0.252802
vt 0.223867 0.387856
vt 0.219102 0.269860
vt 0.245057 0.391699
vt 0.227487 0.285896
vt 0.265503 0.396576
vt 0.235218 0.300756
vt 0.285008 0.402440
vt 0.242221 0.314296
vt 0.053194 0.380307
vt 0.072835 0.374656
vt 0.407272 0.291338
vt 0.417189 0.276850
vt 0.093389 0.370204
vt 0.427775 0.261312
vt 0.114661 0.366992
vt 0.172250 0.176632
vt 0.438929 0.244874
vt 0.136444 0.365053
vt 0.184439 0.194954
vt 0.450543 0.227694
vt 0.158530 0.364405
vt 0.196389 0.212975
vt 0.462506 0.209937
vt 0.180705 0.365053
vt 0.207985 0.230523
vt 0.474703 0.191775
vt 0.202756 0.366992
vt 0.219116 0.247427
vt 0.224471 0.370204
vt 0.229674 0.263526
vt 0.245640 0.374656
vt 0.239559 0.278663
vt 0.266059 0.380307
vt 0.248674 0.292694
vt 0.285532 0.387102
vt 0.256931 0.305482
vt 0.303872 0.394974
vt 0.017404 0.394974
vt 0.034658 0.387102
vt 0.404534 0.325431
vt 0.389824 0.316617
vt 0.398122 0.304636
vt 0.094078 0.353792
vt 0.115367 0.350172
vt 0.173997 0.175336
vt 0.419374 0.255084
vt 0.432109 0.239818
vt 0.137161 0.347986
vt 0.187915 0.192376
vt 0.445370 0.223859
vt 0.159250 0.347255
vt 0.201562 0.209140
vt 0.459029 0.207359
vt 0.181421 0.347986
vt 0.214804 0.225467
vt 0.472956 0.190480
vt 0.203462 0.350172
vt 0.227516 0.241199
vt 0.225159 0.353792
vt 0.239575 0.256185
vt 0.246305 0.358812
vt 0.250864 0.270281
vt 0.266694 0.365182
vt 0.261274 0.283351
vt 0.286131 0.372842
vt 0.270707 0.295269
vt 0.304428 0.381717
vt 0.264252 0.316906
vt 0.279069 0.305921
vt 0.376049 0.306404
vt 0.385521 0.295294
vt 0.035257 0.372842
vt 0.053829 0.365182
vt 0.395967 0.282956
vt 0.073500 0.358812
vt 0.407288 0.269510
vt 0.137959 0.332373
vt 0.160052 0.331567
vt 0.191122 0.189471
vt 0.206334 0.204817
vt 0.440598 0.219535
vt 0.455822 0.204454
vt 0.182220 0.332373
vt 0.221095 0.219767
vt 0.471345 0.189020
vt 0.845160 0.997588
vt 0.822332 0.984388
vt 0.844373 0.982201
vt 0.235266 0.234178
vt 0.866838 0.993594
vt 0.866070 0.978581
vt 0.248708 0.247911
vt 0.887957 0.988056
vt 0.887215 0.973562
vt 0.261292 0.260833
vt 0.908312 0.981027
vt 0.907605 0.967192
vt 0.272898 0.272820
vt 0.927709 0.972576
vt 0.927042 0.959532
vt 0.283414 0.283756
vt 0.945959 0.962783
vt 0.945339 0.950656
vt 0.292738 0.293537
vt 0.363342 0.294891
vt 0.373897 0.284762
vt 0.695448 0.981027
vt 0.676835 0.972576
vt 0.676168 0.959532
vt 0.694740 0.967192
vt 0.385539 0.273508
vt 0.715152 0.988056
vt 0.714410 0.973562
vt 0.398155 0.261235
vt 0.735757 0.993594
vt 0.734989 0.978581
vt 0.411625 0.248063
vt 0.757065 0.997588
vt 0.756278 0.982202
vt 0.175608 0.173877
vt 0.425818 0.234118
vt 0.778870 1.000000
vt 0.116154 0.334786
vt 0.821616 0.967320
vt 0.843667 0.965381
vt 0.226797 0.213478
vt 0.242289 0.226431
vt 0.469884 0.187409
vt 0.865381 0.962169
vt 0.256985 0.238781
vt 0.886550 0.957717
vt 0.270744 0.250407
vt 0.906970 0.952067
vt 0.283434 0.261199
vt 0.926443 0.945272
vt 0.294931 0.271053
vt 0.944783 0.937399
vt 0.305126 0.279873
vt 0.351824 0.282188
vt 0.363361 0.273142
vt 0.675569 0.945272
vt 0.694105 0.952067
vt 0.376087 0.263082
vt 0.713745 0.957717
vt 0.389878 0.252105
vt 0.734300 0.962170
vt 0.404602 0.240316
vt 0.755572 0.965381
vt 0.177068 0.172266
vt 0.420117 0.227829
vt 0.778072 0.984388
vt 0.777355 0.967320
vt 0.194029 0.186265
vt 0.436273 0.214765
vt 0.800161 0.985119
vt 0.799441 0.967969
vt 0.210659 0.200046
vt 0.452916 0.201248
vt 0.864778 0.944517
vt 0.885968 0.940674
vt 0.264328 0.228884
vt 0.279129 0.239106
vt 0.906414 0.935798
vt 0.292779 0.248603
vt 0.925919 0.929934
vt 0.305147 0.257282
vt 0.944295 0.923139
vt 0.658315 0.937399
vt 0.657828 0.923139
vt 0.675045 0.929934
vt 0.341608 0.268417
vt 0.354016 0.260546
vt 0.693549 0.935798
vt 0.367702 0.251781
vt 0.713163 0.940674
vt 0.382535 0.242208
vt 0.733697 0.944517
vt 0.398371 0.231919
vt 0.754954 0.947288
vt 0.178364 0.170520
vt 0.415059 0.221012
vt 0.776728 0.948962
vt 0.196607 0.182789
vt 0.432437 0.209593
vt 0.798810 0.949522
vt 0.214495 0.194875
vt 0.450337 0.197772
vt 0.820989 0.948962
vt 0.231855 0.206661
vt 0.468589 0.185663
vt 0.843049 0.947288
vt 0.248519 0.218034
vt 0.905942 0.918542
vt 0.925474 0.913665
vt 0.300844 0.235151
vt 0.313964 0.242577
vt 0.943882 0.908014
vt 0.657414 0.908014
vt 0.674600 0.913665
vt 0.961366 0.915480
vt 0.960988 0.901644
vt 0.693077 0.918542
vt 0.345951 0.247094
vt 0.360467 0.239713
vt 0.712669 0.922597
vt 0.376199 0.231639
vt 0.733185 0.925793
vt 0.392995 0.222951
vt 0.754429 0.928098
vt 0.179482 0.168655
vt 0.410694 0.213732
vt 0.776196 0.929489
vt 0.198833 0.179078
vt 0.429126 0.204071
vt 0.798276 0.929955
vt 0.217806 0.189353
vt 0.448112 0.194061
vt 0.820456 0.929489
vt 0.236220 0.199381
vt 0.467471 0.183798
vt 0.842524 0.928098
vt 0.253896 0.209066
vt 0.864266 0.925793
vt 0.270665 0.218315
vt 0.885474 0.922597
vt 0.286365 0.227038
vt 0.943546 0.892170
vt 0.960681 0.887150
vt 0.674239 0.896622
vt 0.692695 0.900465
vt 0.339243 0.232917
vt 0.354449 0.226993
vt 0.712268 0.903660
vt 0.370928 0.220500
vt 0.732769 0.906178
vt 0.388523 0.213500
vt 0.754003 0.907995
vt 0.180412 0.166690
vt 0.407064 0.206060
vt 0.775763 0.909091
vt 0.200683 0.175166
vt 0.426372 0.198251
vt 0.797841 0.909458
vt 0.220560 0.183533
vt 0.446262 0.190150
vt 0.820024 0.909091
vt 0.239850 0.191708
vt 0.466541 0.181833
vt 0.842098 0.907995
vt 0.258367 0.199615
vt 0.863851 0.906178
vt 0.275935 0.207176
vt 0.885073 0.903660
vt 0.292382 0.214318
vt 0.905559 0.900465
vt 0.307552 0.220974
vt 0.925113 0.896622
vt 0.321297 0.227078
vt 0.657079 0.892170
vt 0.349707 0.213746
vt 0.366776 0.208898
vt 0.711963 0.884046
vt 0.732454 0.885862
vt 0.385000 0.203656
vt 0.753680 0.887172
vt 0.181144 0.164643
vt 0.404204 0.198068
vt 0.775436 0.887963
vt 0.202141 0.171092
vt 0.424203 0.192189
vt 0.797512 0.888227
vt 0.222729 0.177471
vt 0.444803 0.186076
vt 0.819696 0.887963
vt 0.242710 0.183717
vt 0.465808 0.179786
vt 0.841775 0.887172
vt 0.261891 0.189771
vt 0.863536 0.885862
vt 0.280087 0.195574
vt 0.884768 0.884046
vt 0.297124 0.201071
vt 0.905269 0.881741
vt 0.312837 0.206208
vt 0.924839 0.878969
vt 0.327075 0.210936
vt 0.943292 0.875758
vt 0.656824 0.875758
vt 0.673965 0.878969
vt 0.960448 0.872138
vt 0.692404 0.881741
vt 0.333958 0.218150
vt 0.382459 0.193514
vt 0.402141 0.189835
vt 0.753463 0.865830
vt 0.775215 0.866308
vt 0.181673 0.162534
vt 0.203193 0.166895
vt 0.422637 0.185944
vt 0.797291 0.866467
vt 0.224294 0.171225
vt 0.443752 0.181878
vt 0.819476 0.866308
vt 0.244773 0.175484
vt 0.465280 0.177678
vt 0.841558 0.865830
vt 0.264432 0.179629
vt 0.863324 0.865039
vt 0.283082 0.183621
vt 0.884564 0.863942
vt 0.300544 0.187422
vt 0.905073 0.862551
vt 0.316649 0.190994
vt 0.924655 0.860877
vt 0.641146 0.872138
vt 0.640989 0.856751
vt 0.656653 0.858938
vt 0.943121 0.858937
vt 0.673781 0.860877
vt 0.960292 0.856751
vt 0.692209 0.862551
vt 0.330146 0.202937
vt 0.346287 0.200097
vt 0.711759 0.863942
vt 0.363781 0.196946
vt 0.732242 0.865039
vt 0.421693 0.179575
vt 0.443117 0.177598
vt 0.797179 0.844388
vt 0.819365 0.844334
vt 0.225239 0.164857
vt 0.246019 0.167088
vt 0.464961 0.175527
vt 0.841449 0.844175
vt 0.265966 0.169287
vt 0.863217 0.843910
vt 0.284891 0.171432
vt 0.884461 0.843544
vt 0.302609 0.173504
vt 0.904975 0.843078
vt 0.318951 0.175481
vt 0.924563 0.842519
vt 0.640911 0.841139
vt 0.656567 0.841870
vt 0.943035 0.841870
vt 0.673689 0.842519
vt 0.960213 0.841139
vt 0.692111 0.843078
vt 0.327845 0.187424
vt 0.344222 0.186179
vt 0.711656 0.843544
vt 0.361972 0.184757
vt 0.732136 0.843910
vt 0.380924 0.183172
vt 0.753354 0.844175
vt 0.181992 0.160384
vt 0.400895 0.181439
vt 0.775105 0.844334
vt 0.203828 0.162615
vt 0.464854 0.173356
vt 0.841449 0.822415
vt 0.863217 0.822680
vt 0.266480 0.158844
vt 0.285496 0.159125
vt 0.884461 0.823046
vt 0.303300 0.159450
vt 0.904975 0.823512
vt 0.319720 0.159817
vt 0.924563 0.824071
vt 0.640911 0.825451
vt 0.656567 0.824720
vt 0.943035 0.824720
vt 0.673689 0.824071
vt 0.960213 0.825451
vt 0.692111 0.823512
vt 0.327075 0.171760
vt 0.343532 0.172125
vt 0.711656 0.823046
vt 0.361367 0.172449
vt 0.732136 0.822680
vt 0.380411 0.172729
vt 0.753354 0.822415
vt 0.182099 0.158212
vt 0.400478 0.172962
vt 0.775105 0.822255
vt 0.204040 0.158293
vt 0.421377 0.173145
vt 0.797179 0.822202
vt 0.225555 0.158426
vt 0.442904 0.173276
vt 0.819365 0.822255
vt 0.246435 0.158610
vt 0.884564 0.802648
vt 0.905073 0.804040
vt 0.302609 0.145397
vt 0.318951 0.144153
vt 0.924655 0.805713
vt 0.640989 0.809839
vt 0.656653 0.807652
vt 0.943121 0.807652
vt 0.673781 0.805713
vt 0.960292 0.809839
vt 0.692209 0.804040
vt 0.327844 0.156095
vt 0.344222 0.158072
vt 0.711759 0.802648
vt 0.361972 0.160142
vt 0.732242 0.801551
vt 0.380924 0.162286
vt 0.753463 0.800760
vt 0.181992 0.156041
vt 0.400895 0.164484
vt 0.775215 0.800282
vt 0.203828 0.153971
vt 0.421692 0.166714
vt 0.797291 0.800123
vt 0.225239 0.151996
vt 0.443117 0.168955
vt 0.819476 0.800282
vt 0.246019 0.150133
vt 0.464961 0.171184
vt 0.841558 0.800760
vt 0.265967 0.148401
vt 0.863324 0.801551
vt 0.284891 0.146818
vt 0.641146 0.794452
vt 0.656824 0.790832
vt 0.924839 0.787621
vt 0.943292 0.790832
vt 0.673965 0.787621
vt 0.960448 0.794452
vt 0.692404 0.784849
vt 0.330146 0.140582
vt 0.346287 0.144154
vt 0.711963 0.782544
vt 0.363781 0.147953
vt 0.732454 0.780728
vt 0.382459 0.151944
vt 0.753680 0.779418
vt 0.181673 0.153890
vt 0.402141 0.156088
vt 0.775436 0.778628
vt 0.203193 0.149691
vt 0.422638 0.160345
vt 0.797512 0.778363
vt 0.224294 0.145627
vt 0.443752 0.164675
vt 0.819696 0.778628
vt 0.244773 0.141737
vt 0.465280 0.169034
vt 0.841775 0.779418
vt 0.264432 0.138059
vt 0.863536 0.780728
vt 0.283082 0.134629
vt 0.884768 0.782544
vt 0.300544 0.131479
vt 0.905269 0.784849
vt 0.316649 0.128639
vt 0.674239 0.769968
vt 0.692695 0.766125
vt 0.333958 0.125368
vt 0.349707 0.130505
vt 0.712268 0.762930
vt 0.366776 0.136000
vt 0.732769 0.760412
vt 0.385000 0.141802
vt 0.754003 0.758596
vt 0.181144 0.151782
vt 0.404204 0.147855
vt 0.775763 0.757499
vt 0.202141 0.145494
vt 0.424202 0.154100
vt 0.797841 0.757132
vt 0.222729 0.139381
vt 0.444803 0.160477
vt 0.820024 0.757499
vt 0.242710 0.133504
vt 0.465808 0.166925
vt 0.842098 0.758596
vt 0.261891 0.127917
vt 0.863851 0.760412
vt 0.280087 0.122676
vt 0.885073 0.762930
vt 0.297124 0.117830
vt 0.905559 0.766125
vt 0.312837 0.113426
vt 0.925113 0.769968
vt 0.641379 0.779440
vt 0.657079 0.774420
vt 0.943546 0.774420
vt 0.960681 0.779440
vt 0.712669 0.743993
vt 0.733185 0.740797
vt 0.370928 0.124398
vt 0.388523 0.131958
vt 0.754429 0.738492
vt 0.180412 0.149735
vt 0.407064 0.139863
vt 0.776196 0.737101
vt 0.200683 0.141420
vt 0.426372 0.148038
vt 0.798276 0.736635
vt 0.220560 0.133319
vt 0.446261 0.156403
vt 0.820456 0.737100
vt 0.239850 0.125512
vt 0.466541 0.164878
vt 0.842524 0.738492
vt 0.258368 0.118073
vt 0.864266 0.740797
vt 0.275935 0.111074
vt 0.885474 0.743993
vt 0.292382 0.104581
vt 0.905942 0.748048
vt 0.307552 0.098659
vt 0.925474 0.752925
vt 0.327075 0.109506
vt 0.321297 0.093363
vt 0.943882 0.758576
vt 0.657414 0.758576
vt 0.674600 0.752925
vt 0.960988 0.764946
vt 0.693077 0.748048
vt 0.339243 0.110602
vt 0.354449 0.117257
vt 0.754954 0.719302
vt 0.776728 0.717628
vt 0.179482 0.147770
vt 0.198832 0.137508
vt 0.410694 0.132190
vt 0.429126 0.142218
vt 0.798810 0.717068
vt 0.217806 0.127499
vt 0.448112 0.152491
vt 0.820989 0.717628
vt 0.236220 0.117839
vt 0.467471 0.162913
vt 0.843049 0.719302
vt 0.253896 0.108621
vt 0.864778 0.722073
vt 0.270665 0.099934
vt 0.885968 0.725916
vt 0.286365 0.091862
vt 0.906414 0.730792
vt 0.300844 0.084481
vt 0.925919 0.736656
vt 0.313964 0.077864
vt 0.944295 0.743451
vt 0.657828 0.743451
vt 0.675045 0.736656
vt 0.961366 0.751110
vt 0.693549 0.730792
vt 0.345951 0.096424
vt 0.360467 0.104537
vt 0.713163 0.725916
vt 0.376198 0.113259
vt 0.733697 0.722073
vt 0.392995 0.122506
vt 0.799441 0.698622
vt 0.821616 0.699270
vt 0.214495 0.121976
vt 0.231855 0.110559
vt 0.450337 0.148780
vt 0.468589 0.161048
vt 0.843667 0.701209
vt 0.248519 0.099653
vt 0.865381 0.704421
vt 0.264328 0.089365
vt 0.886550 0.708873
vt 0.279129 0.079793
vt 0.906970 0.714523
vt 0.292779 0.071029
vt 0.926443 0.721318
vt 0.305147 0.063158
vt 0.944783 0.729191
vt 0.658315 0.729191
vt 0.675569 0.721318
vt 0.332791 0.088999
vt 0.341608 0.074293
vt 0.354016 0.082972
vt 0.694105 0.714523
vt 0.367702 0.092468
vt 0.713745 0.708873
vt 0.382535 0.102689
vt 0.734300 0.704420
vt 0.398371 0.113538
vt 0.755572 0.701209
vt 0.178364 0.145905
vt 0.415059 0.124910
vt 0.777355 0.699270
vt 0.196607 0.133797
vt 0.432437 0.136695
vt 0.844373 0.684388
vt 0.866070 0.688009
vt 0.242289 0.091255
vt 0.256985 0.079467
vt 0.887215 0.693028
vt 0.270745 0.068491
vt 0.907605 0.699399
vt 0.283434 0.058432
vt 0.927042 0.707058
vt 0.294931 0.049387
vt 0.945339 0.715934
vt 0.658872 0.715934
vt 0.676168 0.707058
vt 0.351824 0.060522
vt 0.363361 0.070375
vt 0.694740 0.699399
vt 0.376087 0.081166
vt 0.714410 0.693028
vt 0.389878 0.092792
vt 0.734989 0.688009
vt 0.404601 0.105140
vt 0.756278 0.684388
vt 0.177068 0.144159
vt 0.420117 0.118093
vt 0.778072 0.682203
vt 0.194029 0.130321
vt 0.436273 0.131524
vt 0.800161 0.681471
vt 0.210658 0.116805
vt 0.452916 0.145305
vt 0.822332 0.682203
vt 0.226797 0.103741
vt 0.469884 0.159302
vt 0.887957 0.678534
vt 0.908312 0.685563
vt 0.261293 0.058065
vt 0.272898 0.046811
vt 0.927709 0.694014
vt 0.283414 0.036683
vt 0.341586 0.051703
vt 0.353974 0.038038
vt 0.363341 0.047818
vt 0.354113 0.638359
vt 0.335863 0.628567
vt 0.336483 0.616440
vt 0.354780 0.625315
vt 0.373897 0.058754
vt 0.373509 0.646810
vt 0.374217 0.632975
vt 0.385539 0.070740
vt 0.393865 0.653839
vt 0.394606 0.639345
vt 0.398155 0.083662
vt 0.414984 0.659377
vt 0.415751 0.644365
vt 0.411625 0.097393
vt 0.436662 0.663371
vt 0.437449 0.647985
vt 0.175608 0.142548
vt 0.425818 0.111803
vt 0.458691 0.665783
vt 0.459489 0.650171
vt 0.191122 0.127115
vt 0.440598 0.126753
vt 0.480859 0.666590
vt 0.481661 0.650902
vt 0.206334 0.112034
vt 0.455822 0.142098
vt 0.800963 0.665784
vt 0.823131 0.666590
vt 0.221095 0.097452
vt 0.471344 0.157691
vt 0.845160 0.669002
vt 0.235266 0.083508
vt 0.866838 0.672997
vt 0.248708 0.070337
vt 0.367643 0.025653
vt 0.376049 0.036304
vt 0.337039 0.603182
vt 0.355379 0.611055
vt 0.385521 0.048221
vt 0.374852 0.617850
vt 0.395967 0.061291
vt 0.395271 0.623500
vt 0.407288 0.075386
vt 0.416440 0.627953
vt 0.419374 0.090372
vt 0.438155 0.631164
vt 0.173997 0.141088
vt 0.432109 0.106103
vt 0.460206 0.633103
vt 0.187915 0.124209
vt 0.445370 0.122429
vt 0.482381 0.633752
vt 0.201562 0.107710
vt 0.459029 0.139192
vt 0.503750 0.650171
vt 0.504466 0.633103
vt 0.214805 0.091752
vt 0.472956 0.156231
vt 0.525544 0.647985
vt 0.526250 0.631164
vt 0.227517 0.076487
vt 0.546833 0.644364
vt 0.547522 0.627953
vt 0.239575 0.062062
vt 0.567411 0.639345
vt 0.568076 0.623500
vt 0.250864 0.048616
vt 0.587082 0.632975
vt 0.587716 0.617850
vt 0.261275 0.036279
vt 0.605654 0.625315
vt 0.606253 0.611055
vt 0.270707 0.025169
vt 0.398121 0.038879
vt 0.407272 0.052909
vt 0.375408 0.601581
vt 0.395854 0.606458
vt 0.417188 0.068045
vt 0.417043 0.610300
vt 0.427774 0.084143
vt 0.438773 0.613072
vt 0.172250 0.139793
vt 0.438928 0.101047
vt 0.460833 0.614745
vt 0.184439 0.121631
vt 0.450543 0.118594
vt 0.483011 0.615305
vt 0.196389 0.103875
vt 0.462506 0.136615
vt 0.505094 0.614745
vt 0.207985 0.086696
vt 0.474702 0.154936
vt 0.526868 0.613072
vt 0.219116 0.070258
vt 0.548125 0.610300
vt 0.229675 0.054721
vt 0.568659 0.606458
vt 0.239559 0.040234
vt 0.588272 0.601581
vt 0.248674 0.026936
vt 0.606777 0.595717
vt 0.256932 0.014956
vt 0.623507 0.603182
vt 0.623994 0.588923
vt 0.337526 0.588923
vt 0.355903 0.595717
vt 0.389824 0.026090
vt 0.427761 0.061710
vt 0.436745 0.078768
vt 0.417555 0.591576
vt 0.439298 0.593881
vt 0.170385 0.138675
vt 0.446211 0.096683
vt 0.461365 0.595273
vt 0.180726 0.119407
vt 0.456067 0.115284
vt 0.483546 0.595739
vt 0.190865 0.100565
vt 0.466218 0.134390
vt 0.505626 0.595273
vt 0.200703 0.082332
vt 0.476568 0.153818
vt 0.527393 0.593881
vt 0.210146 0.064883
vt 0.548637 0.591576
vt 0.219102 0.048386
vt 0.569153 0.588381
vt 0.227486 0.033000
vt 0.588744 0.584325
vt 0.235218 0.018873
vt 0.607222 0.579448
vt 0.320455 0.581263
vt 0.320834 0.567428
vt 0.337940 0.573798
vt 0.624407 0.573798
vt 0.356348 0.579448
vt 0.404534 0.017276
vt 0.411577 0.030816
vt 0.375880 0.584325
vt 0.419345 0.045675
vt 0.396348 0.588381
vt 0.168419 0.137745
vt 0.176813 0.117556
vt 0.453886 0.093054
vt 0.461889 0.112531
vt 0.461797 0.574874
vt 0.483980 0.575241
vt 0.185043 0.097812
vt 0.470131 0.132540
vt 0.506058 0.574874
vt 0.193028 0.078703
vt 0.478534 0.152889
vt 0.527819 0.573778
vt 0.200691 0.060412
vt 0.549052 0.571962
vt 0.207960 0.043117
vt 0.569554 0.569444
vt 0.214763 0.026984
vt 0.589127 0.566248
vt 0.221036 0.012167
vt 0.607583 0.562405
vt 0.321141 0.552934
vt 0.338276 0.557953
vt 0.624743 0.557953
vt 0.356709 0.562406
vt 0.420037 0.009945
vt 0.425759 0.024110
vt 0.376263 0.566248
vt 0.432068 0.039659
vt 0.396749 0.569444
vt 0.438903 0.056442
vt 0.417971 0.571962
vt 0.446199 0.074297
vt 0.439724 0.573778
vt 0.178979 0.095643
vt 0.185034 0.075843
vt 0.474206 0.131082
vt 0.480581 0.152157
vt 0.506386 0.553746
vt 0.528142 0.552955
vt 0.190844 0.056890
vt 0.549367 0.551645
vt 0.196354 0.038965
vt 0.569859 0.549829
vt 0.201511 0.022243
vt 0.589418 0.547524
vt 0.206265 0.006883
vt 0.607857 0.544753
vt 0.321374 0.537921
vt 0.338530 0.541541
vt 0.624998 0.541541
vt 0.356983 0.544753
vt 0.436185 0.004169
vt 0.440530 0.018826
vt 0.376553 0.547524
vt 0.445320 0.034918
vt 0.397053 0.549829
vt 0.450508 0.052290
vt 0.418286 0.551645
vt 0.456046 0.070775
vt 0.440047 0.552955
vt 0.166371 0.137013
vt 0.461880 0.090194
vt 0.462125 0.553746
vt 0.172738 0.116098
vt 0.467953 0.110361
vt 0.484310 0.554011
vt 0.180699 0.054349
vt 0.184398 0.035971
vt 0.549579 0.530822
vt 0.570063 0.529726
vt 0.187859 0.018824
vt 0.589613 0.528334
vt 0.191048 0.003072
vt 0.608041 0.526660
vt 0.321530 0.522535
vt 0.338701 0.524721
vt 0.625169 0.524721
vt 0.357167 0.526660
vt 0.640676 0.537921
vt 0.640832 0.522535
vt 0.376748 0.528334
vt 0.455748 0.015014
vt 0.458973 0.031499
vt 0.397258 0.529725
vt 0.462465 0.049296
vt 0.418498 0.530822
vt 0.466191 0.068234
vt 0.440264 0.531613
vt 0.164262 0.136485
vt 0.470116 0.088132
vt 0.462346 0.532091
vt 0.168540 0.115047
vt 0.474200 0.108797
vt 0.484531 0.532251
vt 0.172732 0.094078
vt 0.478405 0.130031
vt 0.506606 0.532091
vt 0.176798 0.073780
vt 0.482690 0.151628
vt 0.528359 0.531613
vt 0.173936 0.016759
vt 0.175529 0.000770
vt 0.589711 0.508861
vt 0.608133 0.508302
vt 0.321609 0.506922
vt 0.338787 0.507653
vt 0.625255 0.507653
vt 0.357259 0.508302
vt 0.640911 0.506922
vt 0.376846 0.508862
vt 0.471266 0.012713
vt 0.472895 0.029434
vt 0.397361 0.509327
vt 0.474658 0.047487
vt 0.418604 0.509694
vt 0.476537 0.066700
vt 0.440373 0.509958
vt 0.162111 0.136166
vt 0.478514 0.086886
vt 0.462456 0.510118
vt 0.164258 0.114412
vt 0.480570 0.107852
vt 0.484642 0.510171
vt 0.166361 0.093133
vt 0.482687 0.129396
vt 0.506717 0.510118
vt 0.168399 0.072535
vt 0.484842 0.151309
vt 0.528468 0.509958
vt 0.170354 0.052815
vt 0.549686 0.509694
vt 0.172205 0.034163
vt 0.570166 0.509327
vt 0.338787 0.490503
vt 0.357259 0.489855
vt 0.625255 0.490503
vt 0.640911 0.491234
vt 0.376846 0.489295
vt 0.486935 0.011943
vt 0.486953 0.028743
vt 0.397361 0.488829
vt 0.486969 0.046882
vt 0.418604 0.488463
vt 0.486983 0.066186
vt 0.440373 0.488198
vt 0.159939 0.136059
vt 0.486994 0.086469
vt 0.462456 0.488039
vt 0.159935 0.114200
vt 0.487003 0.107536
vt 0.484642 0.487985
vt 0.159928 0.092817
vt 0.487010 0.129183
vt 0.506717 0.488039
vt 0.159919 0.072118
vt 0.487013 0.151202
vt 0.528468 0.488198
vt 0.159908 0.052301
vt 0.549686 0.488463
vt 0.159894 0.033558
vt 0.570166 0.488830
vt 0.159878 0.016068
vt 0.589711 0.489295
vt 0.159860 0.000000
vt 0.608133 0.489855
vt 0.321609 0.491234
vt 0.376748 0.469823
vt 0.397258 0.468431
vt 0.501010 0.029433
vt 0.499280 0.047486
vt 0.418498 0.467334
vt 0.497428 0.066699
vt 0.440264 0.466543
vt 0.157767 0.136165
vt 0.495474 0.086886
vt 0.462346 0.466066
vt 0.155612 0.114412
vt 0.493436 0.107852
vt 0.484531 0.465906
vt 0.153496 0.093133
vt 0.491333 0.129395
vt 0.506606 0.466066
vt 0.151440 0.072534
vt 0.489185 0.151309
vt 0.528359 0.466543
vt 0.149462 0.052814
vt 0.549579 0.467334
vt 0.147583 0.034162
vt 0.570063 0.468431
vt 0.145821 0.016758
vt 0.589613 0.469823
vt 0.144191 0.000769
vt 0.608041 0.471496
vt 0.321530 0.475622
vt 0.338701 0.473436
vt 0.625169 0.473436
vt 0.357167 0.471497
vt 0.640832 0.475622
vt 0.502604 0.012712
vt 0.418286 0.446512
vt 0.440047 0.445202
vt 0.155616 0.136484
vt 0.507774 0.068233
vt 0.503872 0.088131
vt 0.462125 0.444411
vt 0.151330 0.115046
vt 0.499806 0.108796
vt 0.484310 0.444146
vt 0.147125 0.094078
vt 0.495614 0.130030
vt 0.506386 0.444411
vt 0.143041 0.073779
vt 0.491336 0.151628
vt 0.528142 0.445202
vt 0.139117 0.054348
vt 0.549367 0.446512
vt 0.135391 0.035969
vt 0.569859 0.448328
vt 0.131898 0.018822
vt 0.589418 0.450633
vt 0.128673 0.003070
vt 0.607857 0.453404
vt 0.321374 0.460235
vt 0.338530 0.456615
vt 0.624998 0.456615
vt 0.356983 0.453404
vt 0.640676 0.460236
vt 0.376553 0.450633
vt 0.518122 0.015013
vt 0.514933 0.031497
vt 0.397054 0.448328
vt 0.511472 0.049294
vt 0.461798 0.423282
vt 0.483980 0.422915
vt 0.147132 0.116098
vt 0.140878 0.095642
vt 0.506053 0.110360
vt 0.499813 0.131081
vt 0.506058 0.423282
vt 0.134805 0.075841
vt 0.493446 0.152156
vt 0.527819 0.424379
vt 0.128972 0.056888
vt 0.549052 0.426195
vt 0.123434 0.038963
vt 0.569554 0.428713
vt 0.118245 0.022240
vt 0.589127 0.431909
vt 0.113455 0.006880
vt 0.607583 0.435751
vt 0.321141 0.445223
vt 0.338276 0.440203
vt 0.624743 0.440203
vt 0.356709 0.435751
vt 0.521009 0.000000
vt 0.537645 0.004165
vt 0.533340 0.018823
vt 0.376263 0.431909
vt 0.528586 0.034915
vt 0.396749 0.428713
vt 0.523429 0.052288
vt 0.417971 0.426195
vt 0.517919 0.070773
vt 0.439724 0.424379
vt 0.153506 0.137012
vt 0.512108 0.090193
vt 0.505626 0.402884
vt 0.527393 0.404275
vt 0.126811 0.078701
vt 0.119125 0.060410
vt 0.495494 0.152888
vt 0.548637 0.406580
vt 0.111829 0.043114
vt 0.569153 0.409776
vt 0.104993 0.026980
vt 0.588744 0.413832
vt 0.098684 0.012163
vt 0.607222 0.418708
vt 0.320834 0.430729
vt 0.337940 0.424359
vt 0.624407 0.424359
vt 0.356348 0.418708
vt 0.553792 0.009941
vt 0.548111 0.024106
vt 0.375880 0.413832
vt 0.541838 0.039655
vt 0.396348 0.409776
vt 0.535034 0.056439
vt 0.417555 0.406580
vt 0.527766 0.074295
vt 0.439298 0.404275
vt 0.151459 0.137745
vt 0.520102 0.093052
vt 0.461365 0.402884
vt 0.143057 0.117555
vt 0.512117 0.112529
vt 0.483546 0.402418
vt 0.134814 0.097811
vt 0.503888 0.132539
vt 0.548125 0.387857
vt 0.568659 0.391699
vt 0.100686 0.048382
vt 0.092270 0.032996
vt 0.588272 0.396576
vt 0.084503 0.018868
vt 0.606777 0.402440
vt 0.320455 0.416894
vt 0.337526 0.409234
vt 0.623994 0.409234
vt 0.355903 0.402439
vt 0.569296 0.017271
vt 0.562292 0.030811
vt 0.375408 0.396576
vt 0.554561 0.045671
vt 0.395854 0.391699
vt 0.546177 0.061707
vt 0.417043 0.387856
vt 0.537220 0.078765
vt 0.438773 0.385085
vt 0.149493 0.138674
vt 0.527777 0.096681
vt 0.460833 0.383411
vt 0.139144 0.119405
vt 0.517939 0.115282
vt 0.483011 0.382852
vt 0.128992 0.100563
vt 0.507801 0.134389
vt 0.505094 0.383412
vt 0.119136 0.082329
vt 0.497459 0.153818
vt 0.526868 0.385085
vt 0.109670 0.064880
vt 0.587716 0.380307
vt 0.606253 0.387101
vt 0.077459 0.006136
vt 0.071047 0.026931
vt 0.062749 0.014950
vt 0.623507 0.394974
vt 0.337039 0.394974
vt 0.355379 0.387101
vt 0.584006 0.026085
vt 0.575748 0.038873
vt 0.374852 0.380307
vt 0.566633 0.052904
vt 0.395271 0.374656
vt 0.556749 0.068041
vt 0.416440 0.370204
vt 0.546191 0.084140
vt 0.438155 0.366992
vt 0.147628 0.139792
vt 0.535060 0.101044
vt 0.460206 0.365053
vt 0.135431 0.121630
vt 0.523463 0.118591
vt 0.482381 0.364405
vt 0.123468 0.103873
vt 0.511513 0.136613
vt 0.504466 0.365053
vt 0.111854 0.086693
vt 0.499325 0.154936
vt 0.526250 0.366993
vt 0.100700 0.070255
vt 0.547522 0.370204
vt 0.090114 0.054717
vt 0.568076 0.374656
vt 0.080198 0.040229
vt 0.597781 0.036297
vt 0.588349 0.048215
vt 0.354780 0.372842
vt 0.374217 0.365182
vt 0.577938 0.061285
vt 0.394606 0.358812
vt 0.566649 0.075381
vt 0.415751 0.353792
vt 0.554591 0.090368
vt 0.437449 0.350172
vt 0.145881 0.141087
vt 0.541879 0.106100
vt 0.459489 0.347986
vt 0.131955 0.124207
vt 0.528636 0.122427
vt 0.481661 0.347255
vt 0.118295 0.107708
vt 0.514990 0.139191
vt 0.503750 0.347986
vt 0.105034 0.091749
vt 0.501071 0.156230
vt 0.525544 0.350172
vt 0.092300 0.076483
vt 0.546833 0.353792
vt 0.080214 0.062057
vt 0.567411 0.358812
vt 0.068893 0.048610
vt 0.587082 0.365182
vt 0.058446 0.036273
vt 0.605654 0.372842
vt 0.048974 0.025162
vt 0.591327 0.014661
vt 0.606144 0.025646
vt 0.336483 0.381717
vt 0.588367 0.070734
vt 0.575782 0.083656
vt 0.866838 0.337973
vt 0.887956 0.343511
vt 0.887215 0.358005
vt 0.866070 0.352986
vt 0.562340 0.097389
vt 0.845160 0.333979
vt 0.844373 0.349365
vt 0.144270 0.142547
vt 0.548170 0.111800
vt 0.823131 0.331567
vt 0.436662 0.334785
vt 0.458691 0.332373
vt 0.128748 0.127113
vt 0.533408 0.126750
vt 0.480859 0.331567
vt 0.113523 0.112032
vt 0.518197 0.142096
vt 0.502952 0.332373
vt 0.098744 0.097449
vt 0.502683 0.157690
vt 0.757064 0.333979
vt 0.778072 0.347179
vt 0.756278 0.349365
vt 0.084550 0.083504
vt 0.735757 0.337973
vt 0.524757 0.334785
vt 0.546065 0.338780
vt 0.071081 0.070332
vt 0.715151 0.343511
vt 0.734989 0.352986
vt 0.714410 0.358005
vt 0.058464 0.058059
vt 0.695448 0.350540
vt 0.694740 0.364375
vt 0.046822 0.046804
vt 0.676834 0.358991
vt 0.676167 0.372035
vt 0.036267 0.036676
vt 0.619812 0.038030
vt 0.610488 0.047811
vt 0.927709 0.358991
vt 0.945959 0.368783
vt 0.945339 0.380911
vt 0.927041 0.372035
vt 0.599973 0.058747
vt 0.908312 0.350540
vt 0.907605 0.364375
vt 0.569363 0.105135
vt 0.553871 0.118089
vt 0.822332 0.347179
vt 0.843667 0.366186
vt 0.821616 0.364247
vt 0.142809 0.144158
vt 0.125841 0.130319
vt 0.537733 0.131521
vt 0.800161 0.346448
vt 0.799441 0.363598
vt 0.109198 0.116802
vt 0.521103 0.145302
vt 0.777355 0.364247
vt 0.093042 0.103737
vt 0.504143 0.159301
vt 0.755571 0.366186
vt 0.077527 0.091250
vt 0.734300 0.369397
vt 0.062803 0.079461
vt 0.713745 0.373850
vt 0.049012 0.068484
vt 0.694105 0.379500
vt 0.036287 0.058425
vt 0.675569 0.386295
vt 0.024749 0.049379
vt 0.632200 0.051694
vt 0.622006 0.060514
vt 0.944782 0.394167
vt 0.926443 0.386295
vt 0.610508 0.070367
vt 0.906970 0.379500
vt 0.597819 0.081159
vt 0.886550 0.373850
vt 0.584060 0.092786
vt 0.865381 0.369397
vt 0.541569 0.136692
vt 0.523682 0.148778
vt 0.798810 0.382045
vt 0.776728 0.382605
vt 0.105362 0.121973
vt 0.087984 0.110554
vt 0.505438 0.161047
vt 0.754953 0.384278
vt 0.071297 0.099648
vt 0.733697 0.387050
vt 0.055461 0.089359
vt 0.713163 0.390892
vt 0.040628 0.079786
vt 0.693549 0.395769
vt 0.026941 0.071021
vt 0.675045 0.401633
vt 0.014533 0.063150
vt 0.658315 0.394168
vt 0.657828 0.408427
vt 0.944295 0.408427
vt 0.925919 0.401633
vt 0.632222 0.074285
vt 0.619854 0.082964
vt 0.906414 0.395769
vt 0.606203 0.092461
vt 0.885968 0.390892
vt 0.591403 0.102683
vt 0.864778 0.387050
vt 0.575594 0.113533
vt 0.843049 0.384278
vt 0.141514 0.145904
vt 0.558929 0.124906
vt 0.820989 0.382605
vt 0.123263 0.133794
vt 0.943882 0.423552
vt 0.925474 0.417902
vt 0.641039 0.088990
vt 0.627919 0.096416
vt 0.905942 0.413025
vt 0.613439 0.104529
vt 0.885474 0.408970
vt 0.597739 0.113252
vt 0.864266 0.405774
vt 0.580970 0.122501
vt 0.842524 0.403469
vt 0.140396 0.147768
vt 0.563294 0.132186
vt 0.820456 0.402077
vt 0.121037 0.137505
vt 0.544880 0.142214
vt 0.798276 0.401612
vt 0.102051 0.127495
vt 0.525907 0.152489
vt 0.776196 0.402077
vt 0.083619 0.117834
vt 0.506556 0.162912
vt 0.754429 0.403469
vt 0.065920 0.108616
vt 0.733185 0.405774
vt 0.049124 0.099927
vt 0.712669 0.408970
vt 0.033392 0.091854
vt 0.693077 0.413025
vt 0.018876 0.084473
vt 0.674600 0.417902
vt 0.961366 0.416087
vt 0.960988 0.429923
vt 0.657414 0.423552
vt 0.905559 0.431102
vt 0.885072 0.427907
vt 0.619457 0.117248
vt 0.603009 0.124391
vt 0.863851 0.425389
vt 0.585442 0.131952
vt 0.842098 0.423572
vt 0.139466 0.149734
vt 0.566924 0.139859
vt 0.820024 0.422476
vt 0.119187 0.141417
vt 0.547634 0.148034
vt 0.797841 0.422109
vt 0.099297 0.133316
vt 0.527757 0.156401
vt 0.775763 0.422476
vt 0.079989 0.125507
vt 0.507486 0.164877
vt 0.754003 0.423572
vt 0.061449 0.118067
vt 0.732769 0.425389
vt 0.043854 0.111067
vt 0.712267 0.427907
vt 0.027374 0.104573
vt 0.692694 0.431102
vt 0.012169 0.098650
vt 0.674239 0.434945
vt 0.960681 0.444417
vt 0.943546 0.439397
vt 0.657079 0.439397
vt 0.925113 0.434945
vt 0.648372 0.104488
vt 0.634626 0.110593
vt 0.863536 0.445705
vt 0.841775 0.444395
vt 0.138734 0.151780
vt 0.588965 0.141796
vt 0.569784 0.147850
vt 0.819696 0.443604
vt 0.117729 0.145491
vt 0.549804 0.154096
vt 0.797512 0.443340
vt 0.097128 0.139377
vt 0.529216 0.160475
vt 0.775436 0.443604
vt 0.077129 0.133499
vt 0.508219 0.166924
vt 0.753680 0.444395
vt 0.057925 0.127911
vt 0.732454 0.445705
vt 0.039701 0.122668
vt 0.711963 0.447521
vt 0.022633 0.117821
vt 0.692404 0.449826
vt 0.006884 0.113416
vt 0.673965 0.452597
vt 0.960448 0.459429
vt 0.943291 0.455809
vt 0.656824 0.455809
vt 0.924839 0.452597
vt 0.654149 0.120631
vt 0.639911 0.125359
vt 0.905269 0.449826
vt 0.624198 0.130496
vt 0.884768 0.447521
vt 0.607162 0.135993
vt 0.819476 0.465259
vt 0.797291 0.465099
vt 0.116677 0.149689
vt 0.095563 0.145623
vt 0.551369 0.160342
vt 0.530267 0.164672
vt 0.775215 0.465259
vt 0.075066 0.141732
vt 0.508747 0.169033
vt 0.753463 0.465737
vt 0.055384 0.138053
vt 0.732242 0.466528
vt 0.036706 0.134621
vt 0.711759 0.467624
vt 0.019213 0.131470
vt 0.692209 0.469016
vt 0.003072 0.128629
vt 0.673781 0.470690
vt 0.960292 0.474815
vt 0.943120 0.472629
vt 0.656653 0.472629
vt 0.924655 0.470690
vt 0.641146 0.459429
vt 0.640989 0.474815
vt 0.905073 0.469016
vt 0.643723 0.140572
vt 0.627618 0.144145
vt 0.884564 0.467624
vt 0.610157 0.147946
vt 0.863324 0.466528
vt 0.591506 0.151938
vt 0.841558 0.465737
vt 0.138205 0.153889
vt 0.571847 0.156083
vt 0.775105 0.487232
vt 0.753353 0.487392
vt 0.073820 0.150128
vt 0.053850 0.148395
vt 0.509066 0.171183
vt 0.732136 0.487656
vt 0.034898 0.146810
vt 0.711656 0.488023
vt 0.017148 0.145388
vt 0.692111 0.488489
vt 0.000770 0.144143
vt 0.673688 0.489048
vt 0.960213 0.490428
vt 0.943034 0.489697
vt 0.656567 0.489697
vt 0.924563 0.489048
vt 0.640911 0.490428
vt 0.904975 0.488489
vt 0.646025 0.156086
vt 0.629683 0.158063
vt 0.884461 0.488023
vt 0.611965 0.160134
vt 0.863217 0.487657
vt 0.593041 0.162280
vt 0.841449 0.487392
vt 0.137886 0.156040
vt 0.573093 0.164479
vt 0.819365 0.487232
vt 0.116042 0.153969
vt 0.552314 0.166710
vt 0.797179 0.487179
vt 0.094618 0.151991
vt 0.530903 0.168952
vt 0.732136 0.508887
vt 0.711656 0.508521
vt 0.034293 0.159117
vt 0.016457 0.159442
vt 0.692111 0.508055
vt 0.000000 0.159807
vt 0.673688 0.507495
vt 0.960213 0.506116
vt 0.943034 0.506847
vt 0.656567 0.506847
vt 0.924563 0.507495
vt 0.640911 0.506116
vt 0.904975 0.508055
vt 0.646795 0.171750
vt 0.630374 0.172117
vt 0.884461 0.508521
vt 0.612570 0.172442
vt 0.863217 0.508887
vt 0.593554 0.172723
vt 0.841449 0.509152
vt 0.137779 0.158211
vt 0.573510 0.172956
vt 0.819365 0.509311
vt 0.115829 0.158290
vt 0.552630 0.173141
vt 0.797179 0.509365
vt 0.094302 0.158422
vt 0.531115 0.173274
vt 0.775105 0.509311
vt 0.073404 0.158605
vt 0.509173 0.173354
vt 0.753354 0.509152
vt 0.053336 0.158838
vt 0.692209 0.527527
vt 0.673781 0.525854
vt 0.960291 0.521728
vt 0.943120 0.523914
vt 0.656653 0.523914
vt 0.924655 0.525854
vt 0.640989 0.521728
vt 0.905073 0.527527
vt 0.646025 0.187414
vt 0.629683 0.186170
vt 0.884564 0.528919
vt 0.611965 0.184749
vt 0.863324 0.530016
vt 0.593041 0.183165
vt 0.841558 0.530807
vt 0.137886 0.160382
vt 0.573093 0.181434
vt 0.819476 0.531284
vt 0.116042 0.162612
vt 0.552314 0.179571
vt 0.797291 0.531444
vt 0.094618 0.164853
vt 0.530902 0.177596
vt 0.775215 0.531284
vt 0.073820 0.167083
vt 0.509066 0.175526
vt 0.753463 0.530807
vt 0.053849 0.169280
vt 0.732242 0.530016
vt 0.034897 0.171425
vt 0.711759 0.528919
vt 0.017148 0.173495
vt 0.000770 0.175471
vt 0.656824 0.540735
vt 0.641146 0.537115
vt 0.924839 0.543946
vt 0.905269 0.546718
vt 0.643723 0.202928
vt 0.627618 0.200088
vt 0.884768 0.549022
vt 0.610157 0.196938
vt 0.863536 0.550839
vt 0.591506 0.193508
vt 0.841775 0.552148
vt 0.138205 0.162533
vt 0.571847 0.189830
vt 0.819696 0.552939
vt 0.116677 0.166892
vt 0.551369 0.185940
vt 0.797512 0.553204
vt 0.095563 0.171221
vt 0.530267 0.181876
vt 0.775436 0.552939
vt 0.075066 0.175478
vt 0.508747 0.177676
vt 0.753680 0.552148
vt 0.055384 0.179622
vt 0.732454 0.550839
vt 0.036706 0.183614
vt 0.711963 0.549022
vt 0.019213 0.187413
vt 0.692404 0.546718
vt 0.003072 0.190985
vt 0.673965 0.543946
vt 0.960448 0.537115
vt 0.943291 0.540735
vt 0.624198 0.213737
vt 0.607162 0.208891
vt 0.885072 0.568637
vt 0.863851 0.571155
vt 0.588965 0.203650
vt 0.842098 0.572971
vt 0.138734 0.164642
vt 0.569784 0.198063
vt 0.820024 0.574068
vt 0.117729 0.171090
vt 0.549804 0.192185
vt 0.797841 0.574435
vt 0.097128 0.177467
vt 0.529216 0.186073
vt 0.775763 0.574068
vt 0.077129 0.183712
vt 0.508219 0.179785
vt 0.754003 0.572971
vt 0.057925 0.189764
vt 0.732769 0.571155
vt 0.039701 0.195567
vt 0.712267 0.568637
vt 0.022632 0.201062
vt 0.692694 0.565441
vt 0.006884 0.206198
vt 0.674239 0.561599
vt 0.960681 0.552127
vt 0.943546 0.557147
vt 0.657079 0.557147
vt 0.925113 0.561599
vt 0.641379 0.552127
vt 0.905559 0.565442
vt 0.639911 0.218141
vt 0.585442 0.213494
vt 0.566924 0.206055
vt 0.842524 0.593075
vt 0.820456 0.594467
vt 0.139466 0.166689
vt 0.119187 0.175164
vt 0.547634 0.198247
vt 0.798276 0.594932
vt 0.099297 0.183529
vt 0.527758 0.190147
vt 0.776196 0.594467
vt 0.079989 0.191704
vt 0.507486 0.181832
vt 0.754429 0.593075
vt 0.061449 0.199609
vt 0.733185 0.590770
vt 0.043853 0.207169
vt 0.712669 0.587574
vt 0.027374 0.214310
vt 0.693077 0.583519
vt 0.012169 0.220965
vt 0.674600 0.578642
vt 0.960988 0.566621
vt 0.943882 0.572991
vt 0.657414 0.572991
vt 0.925474 0.578642
vt 0.654149 0.222061
vt 0.648372 0.238203
vt 0.634626 0.232908
vt 0.905942 0.583519
vt 0.619457 0.226985
vt 0.885474 0.587574
vt 0.603010 0.220493
vt 0.864266 0.590770
vt 0.544881 0.204068
vt 0.525907 0.194059
vt 0.798810 0.614498
vt 0.776728 0.613939
vt 0.102051 0.189349
vt 0.083619 0.199376
vt 0.506556 0.183797
vt 0.754953 0.612265
vt 0.065920 0.209060
vt 0.733697 0.609494
vt 0.049124 0.218308
vt 0.713163 0.605651
vt 0.033392 0.227030
vt 0.693549 0.600775
vt 0.018876 0.235143
vt 0.675045 0.594911
vt 0.961366 0.580456
vt 0.944295 0.588116
vt 0.657828 0.588116
vt 0.925919 0.594911
vt 0.641039 0.253702
vt 0.627919 0.247085
vt 0.906414 0.600775
vt 0.613439 0.239705
vt 0.885968 0.605651
vt 0.597739 0.231633
vt 0.864778 0.609494
vt 0.580970 0.222945
vt 0.843049 0.612265
vt 0.140396 0.168654
vt 0.563294 0.213727
vt 0.820989 0.613939
vt 0.121037 0.179076
vt 0.505438 0.185662
vt 0.755571 0.630358
vt 0.734300 0.627146
vt 0.071297 0.218028
vt 0.055460 0.228877
vt 0.713745 0.622694
vt 0.040628 0.239099
vt 0.694105 0.617043
vt 0.026941 0.248595
vt 0.675569 0.610249
vt 0.005716 0.242567
vt 0.014533 0.257273
vt 0.658315 0.602376
vt 0.944782 0.602376
vt 0.926443 0.610249
vt 0.632222 0.268408
vt 0.619854 0.260538
vt 0.906970 0.617043
vt 0.606203 0.251774
vt 0.886550 0.622694
vt 0.591403 0.242202
vt 0.865381 0.627147
vt 0.575594 0.231913
vt 0.843667 0.630358
vt 0.141514 0.170519
vt 0.558929 0.221008
vt 0.821616 0.632297
vt 0.123263 0.182787
vt 0.541570 0.209590
vt 0.799441 0.632945
vt 0.105362 0.194872
vt 0.523682 0.197770
vt 0.777355 0.632297
vt 0.087984 0.206657
vt 0.714410 0.638539
vt 0.694740 0.632168
vt 0.676167 0.624509
vt 0.658871 0.615633
vt 0.945339 0.615633
vt 0.778072 0.649365
vt 0.756278 0.647178
vt 0.734989 0.643558
vn 0.0000 -0.1948 -0.9808
vn -0.0000 -0.0979 -0.9952
vn 0.0976 -0.0979 -0.9904
vn 0.0961 -0.1948 -0.9761
vn -0.0007 0.8819 -0.4714
vn -0.0007 0.9239 -0.3827
vn 0.0368 0.9238 -0.3810
vn 0.0455 0.8819 -0.4692
vn 0.0000 -1.0000 0.0000
vn 0.0014 -0.9942 -0.1078
vn 0.0120 -0.9942 -0.1071
vn 0.0002 -0.2903 -0.9569
vn 0.0940 -0.2903 -0.9523
vn -0.0006 0.8314 -0.5557
vn 0.0538 0.8314 -0.5530
vn 0.0002 -0.3825 -0.9239
vn 0.0908 -0.3826 -0.9195
vn -0.0006 0.7730 -0.6344
vn 0.0616 0.7730 -0.6314
vn 0.0004 -0.4714 -0.8819
vn 0.0867 -0.4711 -0.8778
vn -0.0006 0.7071 -0.7071
vn 0.0688 0.7071 -0.7038
vn 0.0005 -0.5556 -0.8315
vn 0.0820 -0.5556 -0.8274
vn -0.0005 0.6344 -0.7730
vn 0.0752 0.6344 -0.7693
vn 0.0005 -0.6343 -0.7731
vn 0.0762 -0.6343 -0.7693
vn -0.0005 0.5556 -0.8315
vn 0.0811 0.5555 -0.8275
vn 0.0005 -0.7071 -0.7071
vn 0.0699 -0.7071 -0.7037
vn -0.0004 0.4714 -0.8819
vn 0.0861 0.4714 -0.8777
vn 0.0006 -0.7730 -0.6344
vn 0.0628 -0.7730 -0.6312
vn -0.0003 0.3827 -0.9239
vn 0.0903 0.3825 -0.9195
vn 0.0006 -0.8314 -0.5556
vn 0.0551 -0.8314 -0.5529
vn 0.0000 0.2899 -0.9571
vn 0.0936 0.2903 -0.9524
vn 0.0007 -0.8819 -0.4715
vn 0.0469 -0.8819 -0.4691
vn 0.0000 0.1948 -0.9808
vn 0.0961 0.1948 -0.9761
vn -0.0014 0.9942 -0.1078
vn -0.0000 1.0000 0.0000
vn 0.0091 0.9942 -0.1074
vn 0.0007 -0.9239 -0.3827
vn 0.0383 -0.9239 -0.3807
vn -0.0000 0.0979 -0.9952
vn 0.0975 0.0979 -0.9904
vn -0.0008 0.9808 -0.1951
vn 0.0184 0.9808 -0.1943
vn 0.0008 -0.9569 -0.2903
vn 0.0292 -0.9569 -0.2888
vn -0.0000 0.0000 -1.0000
vn 0.0980 0.0000 -0.9952
vn -0.0007 0.9569 -0.2904
vn 0.0277 0.9569 -0.2890
vn 0.0008 -0.9808 -0.1952
vn 0.0199 -0.9808 -0.1941
vn 0.1799 0.3827 -0.9062
vn 0.1865 0.2903 -0.9386
vn 0.1090 -0.8314 -0.5448
vn 0.0927 -0.8819 -0.4622
vn 0.1914 0.1948 -0.9620
vn 0.0196 0.9942 -0.1060
vn 0.0754 -0.9239 -0.3753
vn 0.1942 0.0979 -0.9761
vn 0.0373 0.9808 -0.1915
vn 0.0574 -0.9569 -0.2845
vn 0.1951 0.0000 -0.9808
vn 0.0559 0.9569 -0.2849
vn 0.0388 -0.9808 -0.1913
vn 0.1942 -0.0979 -0.9761
vn 0.0739 0.9239 -0.3755
vn 0.0224 -0.9942 -0.1054
vn 0.1914 -0.1948 -0.9620
vn 0.0913 0.8819 -0.4625
vn 0.1869 -0.2902 -0.9386
vn 0.1078 0.8314 -0.5451
vn 0.1805 -0.3826 -0.9061
vn 0.1232 0.7730 -0.6224
vn 0.1724 -0.4714 -0.8649
vn 0.1374 0.7071 -0.6936
vn 0.1626 -0.5555 -0.8154
vn 0.1504 0.6343 -0.7583
vn 0.1512 -0.6342 -0.7582
vn 0.1618 0.5555 -0.8156
vn 0.1385 -0.7071 -0.6934
vn 0.1717 0.4714 -0.8651
vn 0.1244 -0.7730 -0.6221
vn 0.2845 0.1952 -0.9386
vn 0.2889 0.0979 -0.9523
vn 0.0299 0.9942 -0.1036
vn 0.0559 0.9808 -0.1869
vn 0.1118 -0.9239 -0.3661
vn 0.0850 -0.9569 -0.2775
vn 0.2903 0.0000 -0.9569
vn 0.0836 0.9569 -0.2781
vn 0.0574 -0.9808 -0.1865
vn 0.2889 -0.0979 -0.9523
vn 0.1104 0.9239 -0.3664
vn 0.0327 -0.9942 -0.1027
vn 0.2847 -0.1948 -0.9386
vn 0.1362 0.8819 -0.4513
vn 0.2778 -0.2899 -0.9159
vn 0.1606 0.8315 -0.5318
vn 0.2685 -0.3826 -0.8840
vn 0.1836 0.7730 -0.6073
vn 0.2564 -0.4714 -0.8439
vn 0.2047 0.7071 -0.6768
vn 0.2418 -0.5556 -0.7955
vn 0.2239 0.6344 -0.7399
vn 0.2249 -0.6344 -0.7396
vn 0.2410 0.5555 -0.7958
vn 0.2058 -0.7071 -0.6764
vn 0.2557 0.4713 -0.8441
vn 0.1847 -0.7730 -0.6070
vn 0.2681 0.3824 -0.8842
vn 0.1619 -0.8314 -0.5315
vn 0.2775 0.2904 -0.9158
vn 0.1375 -0.8819 -0.4509
vn 0.3827 0.0000 -0.9239
vn 0.3810 -0.0982 -0.9194
vn 0.1104 0.9569 -0.2685
vn 0.1458 0.9239 -0.3539
vn 0.0754 -0.9808 -0.1800
vn 0.0426 -0.9942 -0.0990
vn 0.3754 -0.1948 -0.9062
vn 0.1797 0.8819 -0.4358
vn 0.3663 -0.2899 -0.8842
vn 0.2120 0.8315 -0.5135
vn 0.3538 -0.3827 -0.8534
vn 0.2423 0.7729 -0.5864
vn 0.3379 -0.4714 -0.8146
vn 0.2700 0.7071 -0.6535
vn 0.3186 -0.5556 -0.7680
vn 0.2954 0.6344 -0.7144
vn 0.2963 -0.6344 -0.7140
vn 0.3179 0.5555 -0.7684
vn 0.2711 -0.7071 -0.6531
vn 0.3372 0.4713 -0.8150
vn 0.2433 -0.7730 -0.5859
vn 0.3533 0.3827 -0.8537
vn 0.2132 -0.8314 -0.5131
vn 0.3660 0.2903 -0.8842
vn 0.1810 -0.8819 -0.4352
vn 0.3754 0.1948 -0.9062
vn 0.0399 0.9942 -0.1001
vn 0.1471 -0.9239 -0.3533
vn 0.3807 0.0982 -0.9195
vn 0.0740 0.9808 -0.1806
vn 0.1118 -0.9569 -0.2679
vn 0.4625 -0.1951 -0.8649
vn 0.4513 -0.2903 -0.8438
vn 0.2216 0.8819 -0.4161
vn 0.2613 0.8315 -0.4903
vn 0.4358 -0.3826 -0.8147
vn 0.2985 0.7730 -0.5598
vn 0.4161 -0.4715 -0.7775
vn 0.3328 0.7071 -0.6239
vn 0.3923 -0.5555 -0.7331
vn 0.3639 0.6344 -0.6820
vn 0.3648 -0.6344 -0.6815
vn 0.3916 0.5555 -0.7335
vn 0.3338 -0.7071 -0.6234
vn 0.4154 0.4714 -0.7780
vn 0.2996 -0.7730 -0.5592
vn 0.4353 0.3825 -0.8149
vn 0.2625 -0.8314 -0.4897
vn 0.4509 0.2903 -0.8441
vn 0.2228 -0.8819 -0.4155
vn 0.4624 0.1948 -0.8650
vn 0.0495 0.9942 -0.0957
vn 0.1810 -0.9238 -0.3373
vn 0.4691 0.0979 -0.8777
vn 0.0912 0.9808 -0.1724
vn 0.1375 -0.9569 -0.2556
vn 0.4714 0.0000 -0.8819
vn 0.1362 0.9569 -0.2564
vn 0.0927 -0.9808 -0.1717
vn 0.4691 -0.0979 -0.8777
vn 0.1798 0.9239 -0.3379
vn 0.0521 -0.9942 -0.0944
vn 0.5134 -0.3821 -0.7684
vn 0.4903 -0.4714 -0.7331
vn 0.3519 0.7730 -0.5278
vn 0.3924 0.7071 -0.5882
vn 0.4623 -0.5555 -0.6912
vn 0.4290 0.6344 -0.6430
vn 0.4299 -0.6344 -0.6425
vn 0.4616 0.5555 -0.6916
vn 0.3933 -0.7071 -0.5876
vn 0.4897 0.4713 -0.7335
vn 0.3530 -0.7730 -0.5271
vn 0.5131 0.3826 -0.7683
vn 0.3092 -0.8314 -0.4616
vn 0.5317 0.2899 -0.7958
vn 0.2625 -0.8819 -0.3916
vn 0.5449 0.1948 -0.8155
vn 0.0587 0.9942 -0.0904
vn 0.2132 -0.9239 -0.3178
vn 0.5529 0.0979 -0.8275
vn 0.1078 0.9808 -0.1627
vn 0.1619 -0.9569 -0.2410
vn 0.5556 -0.0000 -0.8315
vn 0.1607 0.9569 -0.2418
vn 0.1091 -0.9808 -0.1618
vn 0.5529 -0.0979 -0.8275
vn 0.2121 0.9239 -0.3186
vn 0.0611 -0.9942 -0.0888
vn 0.5449 -0.1948 -0.8155
vn 0.2613 0.8819 -0.3923
vn 0.5318 -0.2903 -0.7955
vn 0.3081 0.8314 -0.4623
vn 0.5278 -0.5555 -0.6425
vn 0.4908 -0.6343 -0.5973
vn 0.4900 0.6344 -0.5979
vn 0.5271 0.5556 -0.6430
vn 0.4490 -0.7070 -0.5463
vn 0.5593 0.4713 -0.6820
vn 0.4029 -0.7729 -0.4901
vn 0.5860 0.3824 -0.7144
vn 0.3530 -0.8315 -0.4290
vn 0.6072 0.2899 -0.7398
vn 0.2996 -0.8819 -0.3640
vn 0.6221 0.1951 -0.7583
vn 0.0673 0.9942 -0.0842
vn 0.2433 -0.9239 -0.2953
vn 0.6314 0.0979 -0.7693
vn 0.1232 0.9808 -0.1513
vn 0.1847 -0.9569 -0.2239
vn 0.6344 -0.0000 -0.7730
vn 0.1835 0.9569 -0.2249
vn 0.1244 -0.9808 -0.1503
vn 0.6314 -0.0979 -0.7693
vn 0.2422 0.9239 -0.2963
vn 0.0695 -0.9942 -0.0824
vn 0.6222 -0.1948 -0.7582
vn 0.2985 0.8819 -0.3648
vn 0.6073 -0.2903 -0.7396
vn 0.3520 0.8314 -0.4299
vn 0.5863 -0.3827 -0.7140
vn 0.4020 0.7730 -0.4908
vn 0.5598 -0.4714 -0.6815
vn 0.4482 0.7070 -0.5470
vn 0.5004 -0.7071 -0.4996
vn 0.4490 -0.7730 -0.4481
vn 0.6233 0.4714 -0.6239
vn 0.6530 0.3827 -0.6535
vn 0.3933 -0.8314 -0.3925
vn 0.6766 0.2902 -0.6768
vn 0.3339 -0.8819 -0.3329
vn 0.6934 0.1951 -0.6936
vn 0.0752 0.9942 -0.0772
vn 0.2711 -0.9239 -0.2701
vn 0.7037 0.0979 -0.7037
vn 0.1374 0.9808 -0.1385
vn 0.2058 -0.9569 -0.2048
vn 0.7071 -0.0000 -0.7071
vn 0.2048 0.9569 -0.2058
vn 0.1385 -0.9808 -0.1374
vn 0.7037 -0.0979 -0.7037
vn 0.2700 0.9239 -0.2711
vn 0.0772 -0.9942 -0.0752
vn 0.6936 -0.1948 -0.6936
vn 0.3328 0.8819 -0.3338
vn 0.6768 -0.2903 -0.6765
vn 0.3923 0.8315 -0.3933
vn 0.6535 -0.3825 -0.6532
vn 0.4481 0.7730 -0.4490
vn 0.6239 -0.4714 -0.6233
vn 0.4996 0.7071 -0.5004
vn 0.5883 -0.5556 -0.5876
vn 0.5463 0.6344 -0.5470
vn 0.5470 -0.6344 -0.5462
vn 0.5876 0.5556 -0.5883
vn 0.4299 -0.8314 -0.3520
vn 0.3649 -0.8819 -0.2986
vn 0.7396 0.2903 -0.6073
vn 0.7580 0.1952 -0.6224
vn 0.0824 0.9942 -0.0695
vn 0.2963 -0.9239 -0.2422
vn 0.7693 0.0979 -0.6313
vn 0.1503 0.9808 -0.1244
vn 0.2249 -0.9569 -0.1836
vn 0.7730 -0.0000 -0.6344
vn 0.2240 0.9569 -0.1848
vn 0.1513 -0.9808 -0.1232
vn 0.7693 -0.0979 -0.6313
vn 0.2954 0.9239 -0.2433
vn 0.0842 -0.9942 -0.0673
vn 0.7582 -0.1948 -0.6222
vn 0.3640 0.8819 -0.2996
vn 0.7399 -0.2903 -0.6069
vn 0.4290 0.8315 -0.3530
vn 0.7144 -0.3828 -0.5858
vn 0.4900 0.7730 -0.4029
vn 0.6820 -0.4713 -0.5593
vn 0.5463 0.7071 -0.4490
vn 0.6430 -0.5555 -0.5272
vn 0.5973 0.6343 -0.4908
vn 0.5979 -0.6343 -0.4901
vn 0.6425 0.5555 -0.5278
vn 0.5470 -0.7070 -0.4482
vn 0.6815 0.4714 -0.5598
vn 0.4908 -0.7730 -0.4019
vn 0.7140 0.3826 -0.5863
vn 0.0888 0.9942 -0.0611
vn 0.1617 0.9808 -0.1090
vn 0.3186 -0.9239 -0.2120
vn 0.2418 -0.9569 -0.1606
vn 0.8275 0.0979 -0.5529
vn 0.8315 0.0000 -0.5556
vn 0.2411 0.9569 -0.1619
vn 0.1626 -0.9808 -0.1077
vn 0.8275 -0.0979 -0.5529
vn 0.3178 0.9239 -0.2132
vn 0.0904 -0.9942 -0.0587
vn 0.8155 -0.1948 -0.5449
vn 0.3916 0.8819 -0.2625
vn 0.7958 -0.2899 -0.5317
vn 0.4616 0.8315 -0.3092
vn 0.7683 -0.3827 -0.5130
vn 0.5272 0.7730 -0.3530
vn 0.7335 -0.4713 -0.4897
vn 0.5877 0.7071 -0.3933
vn 0.6916 -0.5554 -0.4617
vn 0.6425 0.6344 -0.4299
vn 0.6430 -0.6344 -0.4290
vn 0.6912 0.5555 -0.4623
vn 0.5883 -0.7070 -0.3925
vn 0.7332 0.4712 -0.4902
vn 0.5279 -0.7730 -0.3520
vn 0.7681 0.3826 -0.5135
vn 0.4624 -0.8314 -0.3082
vn 0.7958 0.2899 -0.5317
vn 0.3924 -0.8819 -0.2613
vn 0.8155 0.1948 -0.5449
vn 0.2556 0.9569 -0.1375
vn 0.3372 0.9239 -0.1810
vn 0.1724 -0.9808 -0.0913
vn 0.0957 -0.9942 -0.0495
vn 0.8777 -0.0979 -0.4691
vn 0.8650 -0.1948 -0.4624
vn 0.4154 0.8819 -0.2228
vn 0.8441 -0.2899 -0.4512
vn 0.4898 0.8314 -0.2625
vn 0.8149 -0.3826 -0.4353
vn 0.5592 0.7730 -0.2996
vn 0.7780 -0.4712 -0.4155
vn 0.6234 0.7071 -0.3338
vn 0.7335 -0.5555 -0.3916
vn 0.6815 0.6344 -0.3648
vn 0.6820 -0.6343 -0.3640
vn 0.7331 0.5555 -0.3923
vn 0.6239 -0.7071 -0.3328
vn 0.7777 0.4713 -0.4160
vn 0.5598 -0.7730 -0.2986
vn 0.8148 0.3824 -0.4357
vn 0.4903 -0.8315 -0.2613
vn 0.8441 0.2899 -0.4512
vn 0.4161 -0.8819 -0.2217
vn 0.8650 0.1948 -0.4624
vn 0.0944 0.9942 -0.0521
vn 0.3379 -0.9239 -0.1798
vn 0.8777 0.0979 -0.4691
vn 0.1717 0.9808 -0.0927
vn 0.2564 -0.9569 -0.1362
vn 0.8819 0.0000 -0.4714
vn 0.4353 0.8819 -0.1810
vn 0.5130 0.8315 -0.2132
vn 0.8842 -0.2903 -0.3660
vn 0.8537 -0.3826 -0.3533
vn 0.5859 0.7730 -0.2433
vn 0.8150 -0.4713 -0.3372
vn 0.6532 0.7070 -0.2711
vn 0.7684 -0.5555 -0.3179
vn 0.7140 0.6343 -0.2963
vn 0.7144 -0.6343 -0.2954
vn 0.7681 0.5555 -0.3186
vn 0.6535 -0.7071 -0.2701
vn 0.8148 0.4711 -0.3378
vn 0.5863 -0.7730 -0.2422
vn 0.8535 0.3825 -0.3538
vn 0.5135 -0.8315 -0.2120
vn 0.8842 0.2899 -0.3663
vn 0.4357 -0.8820 -0.1797
vn 0.9060 0.1952 -0.3755
vn 0.0990 0.9942 -0.0426
vn 0.3539 -0.9239 -0.1458
vn 0.9194 0.0982 -0.3810
vn 0.1800 0.9808 -0.0754
vn 0.2685 -0.9569 -0.1104
vn 0.9239 0.0000 -0.3827
vn 0.2680 0.9569 -0.1118
vn 0.1806 -0.9808 -0.0740
vn 0.9194 -0.0979 -0.3808
vn 0.3533 0.9239 -0.1471
vn 0.1001 -0.9942 -0.0399
vn 0.9062 -0.1948 -0.3754
vn 0.6069 0.7730 -0.1847
vn 0.6766 0.7071 -0.2058
vn 0.8441 -0.4712 -0.2558
vn 0.7959 -0.5554 -0.2410
vn 0.7397 0.6343 -0.2248
vn 0.7399 -0.6344 -0.2239
vn 0.7956 0.5554 -0.2417
vn 0.6768 -0.7071 -0.2047
vn 0.8440 0.4711 -0.2563
vn 0.6072 -0.7730 -0.1835
vn 0.8841 0.3825 -0.2684
vn 0.5318 -0.8315 -0.1606
vn 0.9159 0.2899 -0.2778
vn 0.4514 -0.8819 -0.1362
vn 0.9386 0.1948 -0.2847
vn 0.1027 0.9942 -0.0327
vn 0.3664 -0.9239 -0.1104
vn 0.9523 0.0979 -0.2889
vn 0.1866 0.9808 -0.0574
vn 0.2781 -0.9569 -0.0836
vn 0.9569 -0.0000 -0.2903
vn 0.2776 0.9569 -0.0850
vn 0.1869 -0.9808 -0.0559
vn 0.9523 -0.0979 -0.2889
vn 0.3660 0.9239 -0.1118
vn 0.1036 -0.9942 -0.0299
vn 0.9386 -0.1948 -0.2847
vn 0.4509 0.8819 -0.1375
vn 0.9159 -0.2899 -0.2778
vn 0.5315 0.8314 -0.1619
vn 0.8842 -0.3826 -0.2679
vn 0.7582 0.6342 -0.1512
vn 0.8155 0.5554 -0.1626
vn 0.7583 -0.6344 -0.1503
vn 0.6937 -0.7071 -0.1374
vn 0.8650 0.4712 -0.1723
vn 0.6224 -0.7730 -0.1232
vn 0.9062 0.3824 -0.1804
vn 0.5451 -0.8314 -0.1078
vn 0.9385 0.2904 -0.1870
vn 0.4625 -0.8819 -0.0913
vn 0.9620 0.1948 -0.1914
vn 0.1054 0.9942 -0.0224
vn 0.3754 -0.9239 -0.0739
vn 0.9761 0.0979 -0.1942
vn 0.1912 0.9808 -0.0388
vn 0.2849 -0.9569 -0.0559
vn 0.9808 -0.0000 -0.1951
vn 0.2845 0.9569 -0.0574
vn 0.1915 -0.9808 -0.0373
vn 0.9761 -0.0982 -0.1940
vn 0.3753 0.9239 -0.0754
vn 0.1060 -0.9942 -0.0196
vn 0.9620 -0.1948 -0.1914
vn 0.4622 0.8819 -0.0927
vn 0.9386 -0.2902 -0.1865
vn 0.5448 0.8315 -0.1090
vn 0.9062 -0.3826 -0.1800
vn 0.6220 0.7730 -0.1244
vn 0.8651 -0.4713 -0.1717
vn 0.6934 0.7071 -0.1385
vn 0.8156 -0.5555 -0.1618
vn 0.8778 0.4711 -0.0867
vn 0.9195 0.3825 -0.0908
vn 0.6314 -0.7730 -0.0616
vn 0.5530 -0.8315 -0.0538
vn 0.9523 0.2904 -0.0941
vn 0.4692 -0.8819 -0.0455
vn 0.9761 0.1948 -0.0961
vn 0.1071 0.9942 -0.0120
vn 0.3810 -0.9239 -0.0368
vn 0.9904 0.0979 -0.0975
vn 0.1941 0.9808 -0.0199
vn 0.2890 -0.9569 -0.0277
vn 0.9952 -0.0000 -0.0980
vn 0.2888 0.9569 -0.0292
vn 0.1943 -0.9808 -0.0184
vn 0.9904 -0.0979 -0.0975
vn 0.3808 0.9239 -0.0382
vn 0.1074 -0.9942 -0.0091
vn 0.9761 -0.1952 -0.0959
vn 0.4691 0.8819 -0.0469
vn 0.9523 -0.2904 -0.0935
vn 0.5529 0.8314 -0.0551
vn 0.9195 -0.3825 -0.0903
vn 0.6312 0.7730 -0.0628
vn 0.8778 -0.4713 -0.0861
vn 0.7037 0.7070 -0.0698
vn 0.8275 -0.5555 -0.0811
vn 0.7692 0.6344 -0.0763
vn 0.7694 -0.6343 -0.0754
vn 0.8275 0.5555 -0.0819
vn 0.7037 -0.7071 -0.0687
vn 0.9570 0.2902 -0.0002
vn 0.9808 0.1951 -0.0002
vn 0.1078 0.9942 -0.0014
vn 0.4714 -0.8819 0.0007
vn 0.3827 -0.9239 0.0007
vn 0.9952 0.0979 0.0000
vn 0.1951 0.9808 -0.0008
vn 0.2903 -0.9569 0.0008
vn 1.0000 0.0000 0.0000
vn 0.2904 0.9569 -0.0007
vn 0.1952 -0.9808 0.0007
vn 0.9952 -0.0979 -0.0000
vn 0.3827 0.9239 -0.0007
vn 0.1078 -0.9942 0.0014
vn 0.9808 -0.1948 -0.0000
vn 0.4714 0.8819 -0.0007
vn 0.9571 -0.2899 -0.0000
vn 0.5556 0.8314 -0.0006
vn 0.9239 -0.3827 0.0003
vn 0.6345 0.7729 -0.0005
vn 0.8820 -0.4713 0.0003
vn 0.7072 0.7070 -0.0005
vn 0.8314 -0.5556 0.0005
vn 0.7730 0.6344 -0.0005
vn 0.7731 -0.6343 0.0005
vn 0.8315 0.5555 -0.0004
vn 0.7072 -0.7070 0.0005
vn 0.8819 0.4714 -0.0004
vn 0.6344 -0.7730 0.0006
vn 0.9239 0.3826 -0.0003
vn 0.5556 -0.8314 0.0006
vn 0.9904 0.0979 0.0975
vn 0.9952 0.0000 0.0980
vn 0.1943 0.9808 0.0184
vn 0.2890 0.9569 0.0277
vn 0.2888 -0.9569 0.0292
vn 0.1941 -0.9808 0.0199
vn 0.9904 -0.0979 0.0975
vn 0.3810 0.9239 0.0368
vn 0.1071 -0.9942 0.0120
vn 0.9761 -0.1948 0.0961
vn 0.4692 0.8819 0.0455
vn 0.9524 -0.2902 0.0940
vn 0.5530 0.8314 0.0538
vn 0.9194 -0.3828 0.0909
vn 0.6314 0.7730 0.0616
vn 0.8777 -0.4712 0.0867
vn 0.7038 0.7070 0.0688
vn 0.8274 -0.5556 0.0820
vn 0.7693 0.6344 0.0753
vn 0.7694 -0.6343 0.0762
vn 0.8276 0.5555 0.0811
vn 0.7037 -0.7071 0.0698
vn 0.8778 0.4713 0.0861
vn 0.6313 -0.7730 0.0628
vn 0.9195 0.3826 0.0903
vn 0.5528 -0.8315 0.0551
vn 0.9524 0.2902 0.0936
vn 0.4691 -0.8819 0.0469
vn 0.9761 0.1948 0.0961
vn 0.1074 0.9942 0.0091
vn 0.3809 -0.9238 0.0382
vn 0.9761 -0.0979 0.1942
vn 0.9619 -0.1952 0.1916
vn 0.3755 0.9239 0.0740
vn 0.4625 0.8819 0.0913
vn 0.1054 -0.9942 0.0224
vn 0.9386 -0.2902 0.1869
vn 0.5451 0.8314 0.1078
vn 0.9061 -0.3827 0.1805
vn 0.6224 0.7730 0.1232
vn 0.8649 -0.4714 0.1724
vn 0.6936 0.7071 0.1374
vn 0.8154 -0.5555 0.1626
vn 0.7583 0.6344 0.1503
vn 0.7581 -0.6344 0.1513
vn 0.8156 0.5556 0.1618
vn 0.6935 -0.7070 0.1384
vn 0.8651 0.4712 0.1718
vn 0.6222 -0.7730 0.1243
vn 0.9062 0.3826 0.1800
vn 0.5447 -0.8315 0.1091
vn 0.9386 0.2902 0.1865
vn 0.4622 -0.8819 0.0927
vn 0.9620 0.1948 0.1914
vn 0.1060 0.9942 0.0196
vn 0.3753 -0.9239 0.0754
vn 0.9761 0.0982 0.1940
vn 0.1915 0.9808 0.0373
vn 0.2846 -0.9569 0.0574
vn 0.9808 0.0000 0.1951
vn 0.2849 0.9569 0.0559
vn 0.1913 -0.9808 0.0388
vn 0.9159 -0.2899 0.2778
vn 0.8840 -0.3826 0.2685
vn 0.5319 0.8314 0.1607
vn 0.6073 0.7730 0.1836
vn 0.8439 -0.4713 0.2563
vn 0.6768 0.7071 0.2047
vn 0.7955 -0.5556 0.2418
vn 0.7399 0.6344 0.2239
vn 0.7396 -0.6344 0.2249
vn 0.7958 0.5555 0.2410
vn 0.6766 -0.7070 0.2058
vn 0.8440 0.4714 0.2556
vn 0.6069 -0.7730 0.1847
vn 0.8842 0.3825 0.2680
vn 0.5315 -0.8314 0.1619
vn 0.9159 0.2899 0.2778
vn 0.4509 -0.8819 0.1375
vn 0.9386 0.1948 0.2847
vn 0.1036 0.9942 0.0299
vn 0.3660 -0.9239 0.1118
vn 0.9523 0.0979 0.2889
vn 0.1869 0.9808 0.0559
vn 0.2776 -0.9569 0.0850
vn 0.9569 0.0000 0.2903
vn 0.2781 0.9569 0.0836
vn 0.1865 -0.9808 0.0574
vn 0.9523 -0.0979 0.2889
vn 0.3664 0.9239 0.1104
vn 0.1027 -0.9942 0.0327
vn 0.9386 -0.1948 0.2847
vn 0.4513 0.8819 0.1362
vn 0.8148 -0.4711 0.3378
vn 0.7682 -0.5554 0.3185
vn 0.6535 0.7071 0.2701
vn 0.7144 0.6343 0.2954
vn 0.7142 -0.6342 0.2962
vn 0.7684 0.5555 0.3179
vn 0.6531 -0.7071 0.2711
vn 0.8149 0.4714 0.3372
vn 0.5859 -0.7730 0.2433
vn 0.8537 0.3825 0.3534
vn 0.5130 -0.8315 0.2132
vn 0.8842 0.2902 0.3661
vn 0.4352 -0.8819 0.1810
vn 0.9062 0.1948 0.3754
vn 0.1001 0.9942 0.0399
vn 0.3532 -0.9239 0.1471
vn 0.9194 0.0979 0.3808
vn 0.1806 0.9808 0.0740
vn 0.2679 -0.9569 0.1118
vn 0.9239 -0.0000 0.3827
vn 0.2685 0.9569 0.1104
vn 0.1800 -0.9808 0.0754
vn 0.9194 -0.0979 0.3808
vn 0.3539 0.9239 0.1458
vn 0.0991 -0.9942 0.0426
vn 0.9060 -0.1952 0.3755
vn 0.4358 0.8819 0.1797
vn 0.8840 -0.2903 0.3664
vn 0.5136 0.8314 0.2120
vn 0.8535 -0.3825 0.3538
vn 0.5863 0.7730 0.2422
vn 0.6815 -0.6344 0.3648
vn 0.6234 -0.7071 0.3338
vn 0.7335 0.5554 0.3917
vn 0.7780 0.4714 0.4154
vn 0.5592 -0.7730 0.2996
vn 0.8149 0.3826 0.4353
vn 0.4898 -0.8314 0.2625
vn 0.8441 0.2899 0.4512
vn 0.4154 -0.8819 0.2228
vn 0.8651 0.1952 0.4621
vn 0.0957 0.9942 0.0495
vn 0.3372 -0.9239 0.1810
vn 0.8777 0.0979 0.4691
vn 0.1724 0.9808 0.0913
vn 0.2557 -0.9569 0.1375
vn 0.8819 -0.0000 0.4714
vn 0.2564 0.9569 0.1362
vn 0.1717 -0.9808 0.0927
vn 0.8777 -0.0979 0.4691
vn 0.3379 0.9239 0.1798
vn 0.0944 -0.9942 0.0521
vn 0.8650 -0.1948 0.4624
vn 0.4161 0.8819 0.2217
vn 0.8438 -0.2903 0.4513
vn 0.4903 0.8315 0.2613
vn 0.8146 -0.3827 0.4358
vn 0.5598 0.7730 0.2985
vn 0.7777 -0.4712 0.4160
vn 0.6239 0.7071 0.3329
vn 0.7331 -0.5555 0.3923
vn 0.6820 0.6344 0.3640
vn 0.5272 -0.7730 0.3530
vn 0.4616 -0.8314 0.3092
vn 0.7684 0.3826 0.5131
vn 0.7958 0.2899 0.5317
vn 0.3915 -0.8820 0.2625
vn 0.8156 0.1951 0.5448
vn 0.0904 0.9942 0.0587
vn 0.3178 -0.9239 0.2132
vn 0.8275 0.0979 0.5529
vn 0.1626 0.9808 0.1077
vn 0.2410 -0.9569 0.1619
vn 0.8315 0.0000 0.5556
vn 0.2418 0.9569 0.1607
vn 0.1618 -0.9808 0.1090
vn 0.8275 -0.0979 0.5529
vn 0.3186 0.9239 0.2121
vn 0.0888 -0.9942 0.0611
vn 0.8155 -0.1948 0.5449
vn 0.3924 0.8819 0.2614
vn 0.7955 -0.2903 0.5318
vn 0.4623 0.8315 0.3081
vn 0.7681 -0.3826 0.5135
vn 0.5278 0.7730 0.3520
vn 0.7332 -0.4713 0.4903
vn 0.5883 0.7071 0.3924
vn 0.6911 -0.5555 0.4623
vn 0.6430 0.6344 0.4291
vn 0.6425 -0.6344 0.4299
vn 0.6916 0.5555 0.4616
vn 0.5877 -0.7071 0.3933
vn 0.7335 0.4714 0.4897
vn 0.3639 -0.8819 0.2996
vn 0.2954 -0.9239 0.2434
vn 0.7582 0.1948 0.6222
vn 0.7693 0.0979 0.6314
vn 0.0842 0.9942 0.0673
vn 0.1513 0.9808 0.1232
vn 0.2239 -0.9569 0.1847
vn 0.7730 0.0000 0.6344
vn 0.2249 0.9569 0.1836
vn 0.1503 -0.9808 0.1244
vn 0.7693 -0.0979 0.6313
vn 0.2963 0.9239 0.2423
vn 0.0824 -0.9942 0.0695
vn 0.7581 -0.1951 0.6223
vn 0.3648 0.8819 0.2985
vn 0.7398 -0.2899 0.6072
vn 0.4299 0.8315 0.3519
vn 0.7140 -0.3826 0.5863
vn 0.4908 0.7730 0.4021
vn 0.6816 -0.4713 0.5598
vn 0.5470 0.7071 0.4481
vn 0.6426 -0.5554 0.5278
vn 0.5979 0.6344 0.4900
vn 0.5972 -0.6344 0.4908
vn 0.6430 0.5556 0.5271
vn 0.5463 -0.7071 0.4490
vn 0.6820 0.4714 0.5592
vn 0.4900 -0.7730 0.4029
vn 0.7144 0.3825 0.5860
vn 0.4291 -0.8314 0.3530
vn 0.7399 0.2903 0.6069
vn 0.2048 -0.9569 0.2058
vn 0.1374 -0.9808 0.1385
vn 0.7071 0.0000 0.7071
vn 0.7037 -0.0979 0.7037
vn 0.2058 0.9569 0.2047
vn 0.2711 0.9239 0.2701
vn 0.0752 -0.9942 0.0772
vn 0.6936 -0.1948 0.6936
vn 0.3338 0.8819 0.3328
vn 0.6766 -0.2902 0.6768
vn 0.3934 0.8314 0.3925
vn 0.6532 -0.3825 0.6535
vn 0.4490 0.7730 0.4482
vn 0.6234 -0.4713 0.6239
vn 0.5004 0.7071 0.4996
vn 0.5876 -0.5556 0.5883
vn 0.5470 0.6344 0.5463
vn 0.5463 -0.6344 0.5470
vn 0.5883 0.5555 0.5877
vn 0.4997 -0.7071 0.5004
vn 0.6239 0.4713 0.6234
vn 0.4481 -0.7730 0.4490
vn 0.6535 0.3827 0.6530
vn 0.3924 -0.8315 0.3933
vn 0.6769 0.2905 0.6764
vn 0.3328 -0.8819 0.3338
vn 0.6936 0.1948 0.6936
vn 0.0772 0.9942 0.0752
vn 0.2701 -0.9239 0.2711
vn 0.7037 0.0979 0.7037
vn 0.1385 0.9808 0.1375
vn 0.0673 -0.9942 0.0842
vn 0.6220 -0.1952 0.7583
vn 0.6070 -0.2902 0.7399
vn 0.2996 0.8819 0.3640
vn 0.3530 0.8315 0.4290
vn 0.5860 -0.3826 0.7144
vn 0.4029 0.7730 0.4900
vn 0.5593 -0.4713 0.6820
vn 0.4490 0.7071 0.5463
vn 0.5272 -0.5555 0.6430
vn 0.4908 0.6343 0.5973
vn 0.4901 -0.6343 0.5979
vn 0.5278 0.5555 0.6425
vn 0.4482 -0.7070 0.5470
vn 0.5598 0.4713 0.6816
vn 0.4020 -0.7730 0.4908
vn 0.5863 0.3826 0.7140
vn 0.3520 -0.8314 0.4299
vn 0.6072 0.2899 0.7398
vn 0.2985 -0.8819 0.3648
vn 0.6224 0.1952 0.7580
vn 0.0695 0.9942 0.0824
vn 0.2424 -0.9238 0.2964
vn 0.6314 0.0979 0.7693
vn 0.1244 0.9808 0.1504
vn 0.1837 -0.9569 0.2249
vn 0.6344 -0.0000 0.7730
vn 0.1848 0.9569 0.2240
vn 0.1232 -0.9808 0.1513
vn 0.6314 -0.0979 0.7693
vn 0.2433 0.9239 0.2954
vn 0.5131 -0.3826 0.7683
vn 0.4897 -0.4714 0.7335
vn 0.3530 0.7730 0.5271
vn 0.3933 0.7070 0.5877
vn 0.4616 -0.5556 0.6916
vn 0.4299 0.6344 0.6425
vn 0.4290 -0.6344 0.6430
vn 0.4623 0.5556 0.6911
vn 0.3924 -0.7071 0.5883
vn 0.4903 0.4713 0.7332
vn 0.3519 -0.7730 0.5278
vn 0.5135 0.3825 0.7681
vn 0.3082 -0.8314 0.4623
vn 0.5318 0.2902 0.7956
vn 0.2613 -0.8819 0.3924
vn 0.5449 0.1948 0.8155
vn 0.0611 0.9942 0.0888
vn 0.2121 -0.9239 0.3186
vn 0.5529 0.0979 0.8275
vn 0.1090 0.9808 0.1618
vn 0.1606 -0.9569 0.2418
vn 0.5556 -0.0000 0.8315
vn 0.1619 0.9569 0.2410
vn 0.1078 -0.9808 0.1627
vn 0.5529 -0.0979 0.8275
vn 0.2132 0.9239 0.3178
vn 0.0587 -0.9942 0.0904
vn 0.5449 -0.1948 0.8155
vn 0.2625 0.8819 0.3916
vn 0.5315 -0.2903 0.7958
vn 0.3092 0.8315 0.4616
vn 0.3338 0.7071 0.6234
vn 0.3648 0.6343 0.6816
vn 0.3915 -0.5556 0.7335
vn 0.3640 -0.6344 0.6820
vn 0.3923 0.5554 0.7332
vn 0.3328 -0.7071 0.6239
vn 0.4160 0.4713 0.7777
vn 0.2985 -0.7730 0.5598
vn 0.4357 0.3825 0.8147
vn 0.2614 -0.8314 0.4903
vn 0.4512 0.2899 0.8441
vn 0.2216 -0.8819 0.4161
vn 0.4624 0.1948 0.8650
vn 0.0521 0.9942 0.0944
vn 0.1798 -0.9239 0.3379
vn 0.4691 0.0979 0.8777
vn 0.0927 0.9808 0.1717
vn 0.1362 -0.9569 0.2564
vn 0.4714 0.0000 0.8819
vn 0.1375 0.9569 0.2557
vn 0.0913 -0.9808 0.1724
vn 0.4691 -0.0979 0.8777
vn 0.1810 0.9239 0.3372
vn 0.0495 -0.9942 0.0957
vn 0.4624 -0.1948 0.8650
vn 0.2228 0.8819 0.4154
vn 0.4512 -0.2899 0.8441
vn 0.2625 0.8314 0.4897
vn 0.4356 -0.3821 0.8150
vn 0.2996 0.7729 0.5593
vn 0.4154 -0.4714 0.7780
vn 0.3186 0.5555 0.7681
vn 0.3378 0.4713 0.8147
vn 0.2701 -0.7071 0.6535
vn 0.2422 -0.7730 0.5864
vn 0.3538 0.3826 0.8535
vn 0.2120 -0.8315 0.5135
vn 0.3664 0.2903 0.8840
vn 0.1798 -0.8819 0.4358
vn 0.3754 0.1948 0.9062
vn 0.0426 0.9942 0.0990
vn 0.1457 -0.9239 0.3538
vn 0.3808 0.0979 0.9194
vn 0.0754 0.9808 0.1800
vn 0.1105 -0.9569 0.2686
vn 0.3827 0.0000 0.9239
vn 0.1118 0.9569 0.2680
vn 0.0740 -0.9808 0.1806
vn 0.3808 -0.0979 0.9194
vn 0.1471 0.9239 0.3532
vn 0.0399 -0.9942 0.1001
vn 0.3753 -0.1948 0.9062
vn 0.1811 0.8819 0.4352
vn 0.3660 -0.2903 0.8842
vn 0.2132 0.8314 0.5132
vn 0.3533 -0.3826 0.8537
vn 0.2433 0.7730 0.5859
vn 0.3372 -0.4714 0.8149
vn 0.2711 0.7070 0.6532
vn 0.3178 -0.5556 0.7683
vn 0.2963 0.6344 0.7139
vn 0.2954 -0.6344 0.7144
vn 0.2684 0.3825 0.8841
vn 0.2780 0.2903 0.9157
vn 0.1607 -0.8314 0.5319
vn 0.1362 -0.8819 0.4513
vn 0.2847 0.1948 0.9386
vn 0.0327 0.9942 0.1027
vn 0.1104 -0.9239 0.3665
vn 0.2889 0.0979 0.9523
vn 0.0574 0.9808 0.1865
vn 0.0836 -0.9569 0.2781
vn 0.2903 -0.0000 0.9569
vn 0.0850 0.9569 0.2775
vn 0.0559 -0.9808 0.1869
vn 0.2889 -0.0979 0.9523
vn 0.1118 0.9239 0.3659
vn 0.0299 -0.9942 0.1036
vn 0.2847 -0.1948 0.9386
vn 0.1375 0.8819 0.4509
vn 0.2775 -0.2904 0.9158
vn 0.1619 0.8314 0.5316
vn 0.2679 -0.3827 0.8842
vn 0.1847 0.7730 0.6070
vn 0.2557 -0.4714 0.8441
vn 0.2058 0.7071 0.6766
vn 0.2410 -0.5555 0.7958
vn 0.2248 0.6343 0.7397
vn 0.2240 -0.6343 0.7399
vn 0.2418 0.5555 0.7956
vn 0.2047 -0.7071 0.6768
vn 0.2563 0.4711 0.8440
vn 0.1836 -0.7730 0.6073
vn 0.1914 0.1948 0.9620
vn 0.1943 0.0982 0.9760
vn 0.0224 0.9942 0.1054
vn 0.0388 0.9808 0.1913
vn 0.0740 -0.9238 0.3756
vn 0.0559 -0.9569 0.2849
vn 0.1951 -0.0000 0.9808
vn 0.0574 0.9569 0.2846
vn 0.0373 -0.9808 0.1915
vn 0.1942 -0.0979 0.9761
vn 0.0754 0.9239 0.3753
vn 0.0196 -0.9942 0.1060
vn 0.1912 -0.1951 0.9620
vn 0.0926 0.8819 0.4623
vn 0.1865 -0.2903 0.9386
vn 0.1090 0.8314 0.5449
vn 0.1801 -0.3824 0.9063
vn 0.1244 0.7731 0.6220
vn 0.1718 -0.4713 0.8651
vn 0.1385 0.7071 0.6934
vn 0.1618 -0.5555 0.8156
vn 0.1513 0.6343 0.7581
vn 0.1503 -0.6344 0.7583
vn 0.1626 0.5555 0.8155
vn 0.1375 -0.7070 0.6937
vn 0.1724 0.4714 0.8649
vn 0.1232 -0.7730 0.6224
vn 0.1805 0.3825 0.9061
vn 0.1078 -0.8314 0.5451
vn 0.1870 0.2904 0.9385
vn 0.0913 -0.8819 0.4625
vn 0.0980 -0.0000 0.9952
vn 0.0975 -0.0979 0.9904
vn 0.0292 0.9569 0.2889
vn 0.0382 0.9239 0.3808
vn 0.0184 -0.9808 0.1943
vn 0.0091 -0.9942 0.1074
vn 0.0961 -0.1948 0.9761
vn 0.0469 0.8819 0.4691
vn 0.0936 -0.2902 0.9524
vn 0.0551 0.8314 0.5529
vn 0.0902 -0.3827 0.9195
vn 0.0628 0.7730 0.6312
vn 0.0861 -0.4714 0.8777
vn 0.0698 0.7070 0.7037
vn 0.0811 -0.5555 0.8276
vn 0.0763 0.6344 0.7692
vn 0.0753 -0.6343 0.7694
vn 0.0819 0.5555 0.8275
vn 0.0688 -0.7071 0.7038
vn 0.0868 0.4713 0.8777
vn 0.0616 -0.7730 0.6314
vn 0.0908 0.3826 0.9195
vn 0.0539 -0.8314 0.5531
vn 0.0940 0.2903 0.9523
vn 0.0455 -0.8819 0.4692
vn 0.0961 0.1948 0.9761
vn 0.0120 0.9942 0.1071
vn 0.0368 -0.9238 0.3810
vn 0.0975 0.0979 0.9904
vn 0.0199 0.9808 0.1940
vn 0.0277 -0.9569 0.2890
vn -0.0002 -0.1952 0.9808
vn -0.0000 -0.2899 0.9571
vn 0.0007 0.8819 0.4714
vn 0.0006 0.8314 0.5556
vn -0.0002 -0.3825 0.9239
vn 0.0005 0.7729 0.6345
vn -0.0003 -0.4713 0.8820
vn 0.0006 0.7071 0.7071
vn -0.0004 -0.5555 0.8315
vn 0.0005 0.6344 0.7730
vn -0.0005 -0.6344 0.7730
vn 0.0004 0.5555 0.8315
vn -0.0005 -0.7070 0.7072
vn 0.0003 0.4713 0.8820
vn -0.0006 -0.7730 0.6345
vn 0.0003 0.3827 0.9239
vn -0.0006 -0.8314 0.5556
vn -0.0000 0.2899 0.9571
vn -0.0007 -0.8819 0.4714
vn 0.0002 0.1951 0.9808
vn 0.0014 0.9942 0.1078
vn -0.0007 -0.9239 0.3827
vn -0.0000 0.0979 0.9952
vn 0.0008 0.9808 0.1951
vn -0.0008 -0.9569 0.2903
vn -0.0000 0.0000 1.0000
vn 0.0007 0.9569 0.2904
vn -0.0008 -0.9808 0.1951
vn -0.0002 -0.0982 0.9952
vn 0.0008 0.9239 0.3827
vn -0.0014 -0.9942 0.1078
vn -0.0908 -0.3826 0.9194
vn -0.0867 -0.4711 0.8778
vn -0.0616 0.7730 0.6314
vn -0.0688 0.7071 0.7038
vn -0.0819 -0.5555 0.8275
vn -0.0753 0.6344 0.7694
vn -0.0762 -0.6343 0.7693
vn -0.0811 0.5555 0.8276
vn -0.0698 -0.7071 0.7037
vn -0.0861 0.4713 0.8778
vn -0.0628 -0.7730 0.6313
vn -0.0903 0.3826 0.9195
vn -0.0551 -0.8314 0.5529
vn -0.0936 0.2902 0.9524
vn -0.0469 -0.8819 0.4691
vn -0.0961 0.1948 0.9761
vn -0.0091 0.9942 0.1074
vn -0.0382 -0.9238 0.3809
vn -0.0975 0.0979 0.9904
vn -0.0184 0.9808 0.1943
vn -0.0292 -0.9569 0.2889
vn -0.0980 0.0000 0.9952
vn -0.0277 0.9569 0.2890
vn -0.0199 -0.9808 0.1941
vn -0.0975 -0.0979 0.9904
vn -0.0368 0.9239 0.3810
vn -0.0120 -0.9942 0.1071
vn -0.0961 -0.1948 0.9761
vn -0.0455 0.8819 0.4692
vn -0.0940 -0.2903 0.9523
vn -0.0538 0.8314 0.5530
vn -0.1627 -0.5556 0.8154
vn -0.1512 -0.6343 0.7582
vn -0.1503 0.6344 0.7583
vn -0.1618 0.5555 0.8156
vn -0.1385 -0.7070 0.6935
vn -0.1718 0.4713 0.8651
vn -0.1244 -0.7730 0.6221
vn -0.1803 0.3821 0.9063
vn -0.1090 -0.8314 0.5449
vn -0.1867 0.2899 0.9387
vn -0.0927 -0.8819 0.4622
vn -0.1914 0.1948 0.9620
vn -0.0196 0.9942 0.1060
vn -0.0754 -0.9239 0.3753
vn -0.1942 0.0979 0.9761
vn -0.0373 0.9808 0.1916
vn -0.0574 -0.9569 0.2846
vn -0.1951 0.0000 0.9808
vn -0.0559 0.9569 0.2849
vn -0.0388 -0.9808 0.1913
vn -0.1942 -0.0979 0.9761
vn -0.0740 0.9239 0.3755
vn -0.0224 -0.9942 0.1054
vn -0.1914 -0.1948 0.9620
vn -0.0913 0.8819 0.4625
vn -0.1869 -0.2902 0.9386
vn -0.1078 0.8314 0.5451
vn -0.1803 -0.3821 0.9063
vn -0.1231 0.7730 0.6223
vn -0.1724 -0.4713 0.8650
vn -0.1375 0.7070 0.6937
vn -0.2058 -0.7071 0.6764
vn -0.1847 -0.7729 0.6070
vn -0.2558 0.4711 0.8441
vn -0.2678 0.3828 0.8842
vn -0.1619 -0.8315 0.5315
vn -0.2778 0.2899 0.9159
vn -0.1375 -0.8819 0.4509
vn -0.2846 0.1951 0.9386
vn -0.0299 0.9942 0.1036
vn -0.1118 -0.9239 0.3660
vn -0.2889 0.0979 0.9523
vn -0.0559 0.9808 0.1869
vn -0.0850 -0.9569 0.2776
vn -0.2903 -0.0000 0.9569
vn -0.0836 0.9569 0.2780
vn -0.0574 -0.9808 0.1865
vn -0.2889 -0.0979 0.9523
vn -0.1104 0.9239 0.3665
vn -0.0327 -0.9942 0.1027
vn -0.2847 -0.1948 0.9386
vn -0.1362 0.8819 0.4513
vn -0.2780 -0.2902 0.9157
vn -0.1607 0.8314 0.5319
vn -0.2685 -0.3827 0.8840
vn -0.1837 0.7729 0.6073
vn -0.2563 -0.4713 0.8439
vn -0.2047 0.7071 0.6768
vn -0.2418 -0.5555 0.7956
vn -0.2240 0.6343 0.7399
vn -0.2249 -0.6343 0.7396
vn -0.2409 0.5556 0.7958
vn -0.2132 -0.8314 0.5131
vn -0.1810 -0.8819 0.4353
vn -0.3663 0.2899 0.8842
vn -0.3753 0.1948 0.9062
vn -0.0399 0.9942 0.1001
vn -0.1471 -0.9239 0.3532
vn -0.3808 0.0979 0.9194
vn -0.0740 0.9808 0.1806
vn -0.1118 -0.9569 0.2680
vn -0.3827 -0.0000 0.9239
vn -0.1104 0.9569 0.2685
vn -0.0754 -0.9808 0.1799
vn -0.3808 -0.0979 0.9194
vn -0.1458 0.9239 0.3539
vn -0.0426 -0.9942 0.0990
vn -0.3755 -0.1952 0.9060
vn -0.1797 0.8819 0.4358
vn -0.3663 -0.2899 0.8842
vn -0.2120 0.8314 0.5136
vn -0.3538 -0.3825 0.8535
vn -0.2423 0.7730 0.5864
vn -0.3379 -0.4714 0.8146
vn -0.2701 0.7071 0.6535
vn -0.3186 -0.5555 0.7681
vn -0.2954 0.6344 0.7144
vn -0.2963 -0.6344 0.7140
vn -0.3179 0.5555 0.7684
vn -0.2711 -0.7070 0.6532
vn -0.3372 0.4713 0.8150
vn -0.2433 -0.7730 0.5859
vn -0.3533 0.3826 0.8537
vn -0.0495 0.9942 0.0957
vn -0.0913 0.9808 0.1724
vn -0.1810 -0.9239 0.3372
vn -0.1375 -0.9569 0.2556
vn -0.4689 0.0983 0.8778
vn -0.4714 0.0000 0.8819
vn -0.1363 0.9569 0.2564
vn -0.0927 -0.9808 0.1718
vn -0.4691 -0.0979 0.8777
vn -0.1797 0.9239 0.3378
vn -0.0521 -0.9942 0.0944
vn -0.4624 -0.1948 0.8650
vn -0.2217 0.8819 0.4161
vn -0.4513 -0.2903 0.8438
vn -0.2613 0.8315 0.4903
vn -0.4358 -0.3827 0.8146
vn -0.2985 0.7730 0.5598
vn -0.4160 -0.4713 0.7777
vn -0.3329 0.7071 0.6239
vn -0.3923 -0.5555 0.7331
vn -0.3640 0.6344 0.6820
vn -0.3648 -0.6344 0.6815
vn -0.3916 0.5555 0.7335
vn -0.3338 -0.7070 0.6234
vn -0.4154 0.4714 0.7780
vn -0.2996 -0.7730 0.5592
vn -0.4353 0.3826 0.8149
vn -0.2625 -0.8314 0.4897
vn -0.4512 0.2899 0.8441
vn -0.2228 -0.8819 0.4154
vn -0.4622 0.1951 0.8650
vn -0.1607 0.9569 0.2418
vn -0.2120 0.9239 0.3186
vn -0.1090 -0.9808 0.1618
vn -0.0611 -0.9942 0.0888
vn -0.5529 -0.0979 0.8275
vn -0.5449 -0.1948 0.8155
vn -0.2613 0.8819 0.3923
vn -0.5318 -0.2903 0.7955
vn -0.3082 0.8314 0.4623
vn -0.5135 -0.3826 0.7680
vn -0.3519 0.7730 0.5278
vn -0.4902 -0.4712 0.7333
vn -0.3923 0.7071 0.5882
vn -0.4623 -0.5556 0.6911
vn -0.4290 0.6344 0.6430
vn -0.4299 -0.6344 0.6425
vn -0.4616 0.5555 0.6916
vn -0.3933 -0.7070 0.5877
vn -0.4896 0.4714 0.7335
vn -0.3530 -0.7730 0.5272
vn -0.5131 0.3825 0.7684
vn -0.3092 -0.8314 0.4617
vn -0.5317 0.2899 0.7958
vn -0.2625 -0.8819 0.3916
vn -0.5449 0.1948 0.8155
vn -0.0587 0.9942 0.0904
vn -0.2132 -0.9239 0.3178
vn -0.5529 0.0979 0.8275
vn -0.1078 0.9808 0.1627
vn -0.1619 -0.9569 0.2409
vn -0.5556 -0.0000 0.8315
vn -0.2986 0.8819 0.3649
vn -0.3520 0.8314 0.4299
vn -0.6072 -0.2899 0.7398
vn -0.5864 -0.3828 0.7139
vn -0.4020 0.7730 0.4908
vn -0.5598 -0.4713 0.6816
vn -0.4482 0.7071 0.5470
vn -0.5278 -0.5555 0.6425
vn -0.4900 0.6344 0.5979
vn -0.4908 -0.6344 0.5973
vn -0.5271 0.5556 0.6430
vn -0.4490 -0.7070 0.5463
vn -0.5593 0.4713 0.6820
vn -0.4029 -0.7730 0.4900
vn -0.5860 0.3824 0.7144
vn -0.3530 -0.8314 0.4291
vn -0.6070 0.2902 0.7399
vn -0.2996 -0.8819 0.3640
vn -0.6222 0.1948 0.7582
vn -0.0673 0.9942 0.0843
vn -0.2433 -0.9239 0.2953
vn -0.6313 0.0979 0.7693
vn -0.1232 0.9808 0.1513
vn -0.1848 -0.9569 0.2239
vn -0.6344 -0.0000 0.7730
vn -0.1835 0.9569 0.2249
vn -0.1244 -0.9808 0.1503
vn -0.6313 -0.0979 0.7693
vn -0.2423 0.9239 0.2963
vn -0.0695 -0.9942 0.0824
vn -0.6222 -0.1948 0.7582
vn -0.4482 0.7730 0.4490
vn -0.4996 0.7071 0.5004
vn -0.6239 -0.4714 0.6234
vn -0.5883 -0.5555 0.5877
vn -0.5462 0.6344 0.5470
vn -0.5470 -0.6344 0.5462
vn -0.5877 0.5555 0.5883
vn -0.5004 -0.7071 0.4996
vn -0.6234 0.4713 0.6239
vn -0.4490 -0.7730 0.4481
vn -0.6530 0.3827 0.6535
vn -0.3933 -0.8315 0.3923
vn -0.6766 0.2902 0.6768
vn -0.3338 -0.8819 0.3328
vn -0.6936 0.1948 0.6936
vn -0.0752 0.9942 0.0772
vn -0.2711 -0.9239 0.2701
vn -0.7037 0.0979 0.7037
vn -0.1374 0.9808 0.1385
vn -0.2058 -0.9569 0.2047
vn -0.7071 0.0000 0.7071
vn -0.2047 0.9569 0.2058
vn -0.1385 -0.9808 0.1374
vn -0.7037 -0.0979 0.7037
vn -0.2701 0.9239 0.2711
vn -0.0772 -0.9942 0.0752
vn -0.6936 -0.1948 0.6936
vn -0.3328 0.8819 0.3338
vn -0.6768 -0.2903 0.6765
vn -0.3924 0.8315 0.3933
vn -0.6535 -0.3826 0.6532
vn -0.5973 0.6343 0.4908
vn -0.6426 0.5554 0.5278
vn -0.5979 -0.6343 0.4901
vn -0.5470 -0.7070 0.4482
vn -0.6815 0.4714 0.5598
vn -0.4908 -0.7730 0.4020
vn -0.7141 0.3825 0.5863
vn -0.4299 -0.8314 0.3520
vn -0.7397 0.2902 0.6072
vn -0.3649 -0.8819 0.2985
vn -0.7582 0.1948 0.6222
vn -0.0824 0.9942 0.0695
vn -0.2963 -0.9239 0.2423
vn -0.7692 0.0982 0.6315
vn -0.1504 0.9808 0.1244
vn -0.2249 -0.9569 0.1835
vn -0.7730 -0.0000 0.6344
vn -0.2240 0.9569 0.1848
vn -0.1513 -0.9808 0.1232
vn -0.7693 -0.0979 0.6313
vn -0.2953 0.9239 0.2433
vn -0.0842 -0.9942 0.0673
vn -0.7582 -0.1948 0.6222
vn -0.3639 0.8819 0.2996
vn -0.7399 -0.2903 0.6069
vn -0.4290 0.8315 0.3530
vn -0.7144 -0.3825 0.5860
vn -0.4900 0.7730 0.4029
vn -0.6820 -0.4713 0.5593
vn -0.5462 0.7071 0.4490
vn -0.6430 -0.5555 0.5272
vn -0.7331 0.4714 0.4903
vn -0.7682 0.3824 0.5135
vn -0.5278 -0.7730 0.3519
vn -0.4624 -0.8314 0.3082
vn -0.7954 0.2905 0.5319
vn -0.3923 -0.8819 0.2613
vn -0.8154 0.1951 0.5450
vn -0.0888 0.9942 0.0611
vn -0.3186 -0.9239 0.2121
vn -0.8275 0.0979 0.5529
vn -0.1618 0.9808 0.1090
vn -0.2418 -0.9569 0.1607
vn -0.8315 -0.0000 0.5556
vn -0.2410 0.9569 0.1619
vn -0.1627 -0.9808 0.1078
vn -0.8275 -0.0979 0.5529
vn -0.3178 0.9239 0.2132
vn -0.0904 -0.9942 0.0587
vn -0.8156 -0.1951 0.5448
vn -0.3916 0.8819 0.2625
vn -0.7958 -0.2905 0.5314
vn -0.4617 0.8314 0.3092
vn -0.7684 -0.3825 0.5131
vn -0.5271 0.7730 0.3530
vn -0.7335 -0.4714 0.4897
vn -0.5877 0.7071 0.3933
vn -0.6916 -0.5555 0.4616
vn -0.6425 0.6344 0.4299
vn -0.6430 -0.6344 0.4290
vn -0.6911 0.5555 0.4623
vn -0.5883 -0.7071 0.3924
vn -0.8441 0.2899 0.4512
vn -0.8649 0.1951 0.4625
vn -0.0944 0.9942 0.0521
vn -0.4161 -0.8819 0.2217
vn -0.3379 -0.9239 0.1798
vn -0.8777 0.0979 0.4691
vn -0.1717 0.9808 0.0927
vn -0.2564 -0.9569 0.1362
vn -0.8819 0.0000 0.4714
vn -0.2557 0.9569 0.1375
vn -0.1724 -0.9808 0.0913
vn -0.8777 -0.0979 0.4691
vn -0.3372 0.9239 0.1810
vn -0.0957 -0.9942 0.0495
vn -0.8650 -0.1948 0.4624
vn -0.4154 0.8819 0.2228
vn -0.8441 -0.2899 0.4512
vn -0.4898 0.8314 0.2625
vn -0.8149 -0.3825 0.4353
vn -0.5592 0.7730 0.2996
vn -0.7780 -0.4713 0.4155
vn -0.6233 0.7071 0.3338
vn -0.7335 -0.5554 0.3917
vn -0.6815 0.6344 0.3648
vn -0.6820 -0.6343 0.3640
vn -0.7331 0.5556 0.3923
vn -0.6239 -0.7070 0.3330
vn -0.7776 0.4714 0.4161
vn -0.5598 -0.7730 0.2985
vn -0.8147 0.3825 0.4357
vn -0.4903 -0.8315 0.2613
vn -0.9194 0.0979 0.3808
vn -0.9239 0.0000 0.3827
vn -0.1799 0.9808 0.0754
vn -0.2680 0.9569 0.1118
vn -0.2686 -0.9569 0.1105
vn -0.1806 -0.9808 0.0740
vn -0.9194 -0.0979 0.3808
vn -0.3533 0.9239 0.1471
vn -0.1001 -0.9942 0.0399
vn -0.9062 -0.1948 0.3754
vn -0.4353 0.8819 0.1810
vn -0.8842 -0.2903 0.3660
vn -0.5131 0.8314 0.2132
vn -0.8537 -0.3825 0.3534
vn -0.5859 0.7730 0.2433
vn -0.8150 -0.4712 0.3373
vn -0.6532 0.7070 0.2711
vn -0.7684 -0.5555 0.3178
vn -0.7141 0.6342 0.2962
vn -0.7144 -0.6344 0.2954
vn -0.7681 0.5555 0.3186
vn -0.6535 -0.7071 0.2701
vn -0.8147 0.4713 0.3378
vn -0.5864 -0.7730 0.2422
vn -0.8534 0.3827 0.3538
vn -0.5135 -0.8315 0.2120
vn -0.8840 0.2903 0.3664
vn -0.4358 -0.8819 0.1798
vn -0.9061 0.1951 0.3755
vn -0.0990 0.9942 0.0426
vn -0.3539 -0.9239 0.1458
vn -0.9524 -0.0984 0.2886
vn -0.9386 -0.1948 0.2847
vn -0.3659 0.9239 0.1118
vn -0.4510 0.8819 0.1375
vn -0.1036 -0.9942 0.0299
vn -0.9158 -0.2902 0.2776
vn -0.5316 0.8314 0.1619
vn -0.8842 -0.3826 0.2679
vn -0.6069 0.7730 0.1847
vn -0.8441 -0.4713 0.2557
vn -0.6765 0.7071 0.2058
vn -0.7959 -0.5554 0.2411
vn -0.7396 0.6344 0.2249
vn -0.7399 -0.6343 0.2240
vn -0.7956 0.5554 0.2417
vn -0.6768 -0.7071 0.2047
vn -0.8440 0.4712 0.2563
vn -0.6073 -0.7730 0.1836
vn -0.8840 0.3827 0.2685
vn -0.5319 -0.8314 0.1607
vn -0.9157 0.2902 0.2779
vn -0.4513 -0.8819 0.1362
vn -0.9386 0.1948 0.2847
vn -0.1027 0.9942 0.0327
vn -0.3665 -0.9239 0.1104
vn -0.9523 0.0979 0.2889
vn -0.1865 0.9808 0.0574
vn -0.2781 -0.9569 0.0836
vn -0.9569 0.0000 0.2903
vn -0.2777 0.9569 0.0850
vn -0.1869 -0.9808 0.0559
vn -0.9386 -0.2903 0.1865
vn -0.9062 -0.3827 0.1799
vn -0.5448 0.8314 0.1090
vn -0.6221 0.7730 0.1244
vn -0.8652 -0.4711 0.1719
vn -0.6934 0.7071 0.1385
vn -0.8156 -0.5555 0.1618
vn -0.7581 0.6344 0.1513
vn -0.7583 -0.6344 0.1503
vn -0.8154 0.5555 0.1626
vn -0.6937 -0.7071 0.1374
vn -0.8650 0.4713 0.1724
vn -0.6224 -0.7730 0.1232
vn -0.9061 0.3826 0.1805
vn -0.5450 -0.8315 0.1077
vn -0.9386 0.2902 0.1869
vn -0.4625 -0.8819 0.0913
vn -0.9619 0.1951 0.1915
vn -0.1054 0.9942 0.0224
vn -0.3755 -0.9239 0.0740
vn -0.9761 0.0979 0.1942
vn -0.1912 0.9808 0.0388
vn -0.2849 -0.9569 0.0559
vn -0.9808 -0.0000 0.1951
vn -0.2846 0.9569 0.0574
vn -0.1915 -0.9808 0.0373
vn -0.9761 -0.0979 0.1942
vn -0.3752 0.9239 0.0754
vn -0.1060 -0.9942 0.0196
vn -0.9620 -0.1951 0.1912
vn -0.4622 0.8819 0.0927
vn -0.8778 -0.4713 0.0861
vn -0.8276 -0.5554 0.0811
vn -0.7037 0.7070 0.0698
vn -0.7693 0.6343 0.0762
vn -0.7695 -0.6342 0.0754
vn -0.8275 0.5554 0.0819
vn -0.7037 -0.7072 0.0687
vn -0.8779 0.4710 0.0866
vn -0.6315 -0.7730 0.0616
vn -0.9195 0.3824 0.0907
vn -0.5530 -0.8314 0.0539
vn -0.9524 0.2902 0.0940
vn -0.4693 -0.8819 0.0456
vn -0.9761 0.1948 0.0961
vn -0.1071 0.9942 0.0120
vn -0.3810 -0.9239 0.0368
vn -0.9904 0.0979 0.0975
vn -0.1941 0.9808 0.0199
vn -0.2890 -0.9569 0.0277
vn -0.9952 -0.0000 0.0980
vn -0.2888 0.9569 0.0292
vn -0.1943 -0.9808 0.0184
vn -0.9904 -0.0983 0.0973
vn -0.3808 0.9239 0.0382
vn -0.1074 -0.9942 0.0091
vn -0.9761 -0.1952 0.0959
vn -0.4691 0.8819 0.0469
vn -0.9525 -0.2899 0.0938
vn -0.5529 0.8314 0.0551
vn -0.9195 -0.3826 0.0903
vn -0.6313 0.7730 0.0628
vn -0.7730 -0.6344 -0.0005
vn -0.7072 -0.7070 -0.0005
vn -0.8315 0.5555 0.0004
vn -0.8819 0.4714 0.0004
vn -0.6345 -0.7729 -0.0005
vn -0.9239 0.3826 0.0003
vn -0.5557 -0.8314 -0.0006
vn -0.9569 0.2903 0.0002
vn -0.4715 -0.8819 -0.0007
vn -0.9808 0.1951 0.0002
vn -0.1078 0.9942 0.0014
vn -0.3827 -0.9239 -0.0008
vn -0.9952 0.0979 -0.0000
vn -0.1951 0.9808 0.0008
vn -0.2903 -0.9569 -0.0008
vn -1.0000 -0.0000 0.0000
vn -0.2903 0.9569 0.0008
vn -0.1952 -0.9808 -0.0007
vn -0.9952 -0.0979 0.0000
vn -0.3827 0.9239 0.0007
vn -0.1078 -0.9942 -0.0014
vn -0.9808 -0.1948 -0.0000
vn -0.4714 0.8819 0.0007
vn -0.9570 -0.2902 -0.0002
vn -0.5556 0.8314 0.0006
vn -0.9239 -0.3825 -0.0002
vn -0.6344 0.7730 0.0006
vn -0.8820 -0.4713 -0.0003
vn -0.7072 0.7070 0.0005
vn -0.8315 -0.5556 -0.0005
vn -0.7731 0.6343 0.0005
vn -0.6312 -0.7730 -0.0628
vn -0.5528 -0.8315 -0.0551
vn -0.9195 0.3825 -0.0903
vn -0.9524 0.2902 -0.0936
vn -0.4691 -0.8819 -0.0469
vn -0.9761 0.1948 -0.0961
vn -0.1074 0.9942 -0.0091
vn -0.3808 -0.9239 -0.0382
vn -0.9904 0.0979 -0.0976
vn -0.1943 0.9808 -0.0184
vn -0.2888 -0.9569 -0.0292
vn -0.9952 0.0000 -0.0980
vn -0.2890 0.9569 -0.0277
vn -0.1941 -0.9808 -0.0199
vn -0.9904 -0.0979 -0.0976
vn -0.3809 0.9239 -0.0368
vn -0.1071 -0.9942 -0.0120
vn -0.9761 -0.1948 -0.0961
vn -0.4692 0.8819 -0.0455
vn -0.9523 -0.2904 -0.0941
vn -0.5529 0.8315 -0.0538
vn -0.9194 -0.3826 -0.0908
vn -0.6313 0.7731 -0.0615
vn -0.8776 -0.4714 -0.0868
vn -0.7037 0.7071 -0.0687
vn -0.8274 -0.5556 -0.0820
vn -0.7693 0.6345 -0.0752
vn -0.7693 -0.6343 -0.0762
vn -0.8276 0.5555 -0.0811
vn -0.7037 -0.7071 -0.0698
vn -0.8778 0.4712 -0.0862
vn -0.4622 -0.8819 -0.0927
vn -0.3753 -0.9239 -0.0754
vn -0.9620 0.1952 -0.1911
vn -0.9761 0.0979 -0.1942
vn -0.1060 0.9942 -0.0196
vn -0.1915 0.9808 -0.0373
vn -0.2846 -0.9569 -0.0574
vn -0.9808 0.0000 -0.1951
vn -0.2850 0.9569 -0.0560
vn -0.1913 -0.9808 -0.0388
vn -0.9761 -0.0979 -0.1942
vn -0.3755 0.9239 -0.0740
vn -0.1054 -0.9942 -0.0224
vn -0.9620 -0.1948 -0.1914
vn -0.4625 0.8819 -0.0913
vn -0.9387 -0.2899 -0.1867
vn -0.5451 0.8314 -0.1078
vn -0.9061 -0.3825 -0.1805
vn -0.6223 0.7730 -0.1232
vn -0.8649 -0.4714 -0.1724
vn -0.6936 0.7072 -0.1374
vn -0.8154 -0.5555 -0.1626
vn -0.7583 0.6343 -0.1503
vn -0.7582 -0.6342 -0.1512
vn -0.8156 0.5555 -0.1618
vn -0.6934 -0.7071 -0.1385
vn -0.8651 0.4714 -0.1717
vn -0.6221 -0.7730 -0.1244
vn -0.9063 0.3824 -0.1801
vn -0.5448 -0.8315 -0.1090
vn -0.9387 0.2899 -0.1867
vn -0.2775 -0.9569 -0.0850
vn -0.1865 -0.9808 -0.0574
vn -0.9569 0.0000 -0.2903
vn -0.9523 -0.0979 -0.2889
vn -0.2781 0.9569 -0.0836
vn -0.3665 0.9239 -0.1104
vn -0.1027 -0.9942 -0.0327
vn -0.9386 -0.1948 -0.2847
vn -0.4513 0.8819 -0.1362
vn -0.9157 -0.2902 -0.2779
vn -0.5319 0.8314 -0.1607
vn -0.8840 -0.3827 -0.2685
vn -0.6072 0.7730 -0.1835
vn -0.8439 -0.4713 -0.2563
vn -0.6768 0.7071 -0.2047
vn -0.7955 -0.5556 -0.2418
vn -0.7399 0.6344 -0.2239
vn -0.7396 -0.6344 -0.2249
vn -0.7958 0.5555 -0.2410
vn -0.6766 -0.7071 -0.2058
vn -0.8440 0.4714 -0.2556
vn -0.6069 -0.7730 -0.1847
vn -0.8842 0.3825 -0.2680
vn -0.5315 -0.8315 -0.1619
vn -0.9158 0.2903 -0.2776
vn -0.4509 -0.8819 -0.1375
vn -0.9386 0.1951 -0.2846
vn -0.1036 0.9942 -0.0299
vn -0.3661 -0.9239 -0.1118
vn -0.9523 0.0979 -0.2889
vn -0.1870 0.9808 -0.0559
vn -0.7144 0.6344 -0.2954
vn -0.7683 0.5556 -0.3178
vn -0.7140 -0.6344 -0.2963
vn -0.6531 -0.7071 -0.2711
vn -0.8150 0.4713 -0.3372
vn -0.5859 -0.7730 -0.2433
vn -0.8537 0.3828 -0.3532
vn -0.5132 -0.8314 -0.2132
vn -0.8842 0.2902 -0.3661
vn -0.4353 -0.8819 -0.1810
vn -0.9062 0.1952 -0.3751
vn -0.1001 0.9942 -0.0399
vn -0.3533 -0.9239 -0.1471
vn -0.9194 0.0979 -0.3808
vn -0.1806 0.9808 -0.0740
vn -0.2679 -0.9569 -0.1118
vn -0.9239 -0.0000 -0.3827
vn -0.2685 0.9569 -0.1104
vn -0.1800 -0.9808 -0.0754
vn -0.9194 -0.0979 -0.3808
vn -0.3539 0.9239 -0.1458
vn -0.0990 -0.9942 -0.0426
vn -0.9060 -0.1952 -0.3755
vn -0.4358 0.8819 -0.1798
vn -0.8840 -0.2903 -0.3664
vn -0.5136 0.8314 -0.2121
vn -0.8534 -0.3827 -0.3538
vn -0.5864 0.7729 -0.2423
vn -0.8148 -0.4712 -0.3378
vn -0.6535 0.7071 -0.2701
vn -0.7680 -0.5556 -0.3186
vn -0.7780 0.4713 -0.4155
vn -0.8150 0.3824 -0.4354
vn -0.5592 -0.7730 -0.2996
vn -0.4897 -0.8314 -0.2625
vn -0.8441 0.2899 -0.4512
vn -0.4155 -0.8819 -0.2228
vn -0.8650 0.1948 -0.4624
vn -0.0957 0.9942 -0.0495
vn -0.3373 -0.9238 -0.1810
vn -0.8777 0.0979 -0.4691
vn -0.1724 0.9808 -0.0913
vn -0.2557 -0.9569 -0.1375
vn -0.8819 0.0000 -0.4714
vn -0.2564 0.9569 -0.1362
vn -0.1717 -0.9808 -0.0927
vn -0.8777 -0.0979 -0.4691
vn -0.3379 0.9239 -0.1798
vn -0.0944 -0.9942 -0.0521
vn -0.8650 -0.1948 -0.4624
vn -0.4161 0.8819 -0.2216
vn -0.8438 -0.2904 -0.4513
vn -0.4903 0.8315 -0.2613
vn -0.8147 -0.3826 -0.4358
vn -0.5598 0.7730 -0.2986
vn -0.7776 -0.4714 -0.4161
vn -0.6239 0.7070 -0.3329
vn -0.7330 -0.5556 -0.3924
vn -0.6820 0.6343 -0.3640
vn -0.6815 -0.6344 -0.3648
vn -0.7335 0.5555 -0.3916
vn -0.6234 -0.7071 -0.3338
vn -0.7958 0.2899 -0.5317
vn -0.8155 0.1948 -0.5449
vn -0.0904 0.9942 -0.0587
vn -0.3916 -0.8819 -0.2625
vn -0.3178 -0.9239 -0.2132
vn -0.8275 0.0979 -0.5529
vn -0.1626 0.9808 -0.1077
vn -0.2410 -0.9569 -0.1619
vn -0.8315 0.0000 -0.5556
vn -0.2418 0.9569 -0.1607
vn -0.1618 -0.9808 -0.1090
vn -0.8275 -0.0979 -0.5529
vn -0.3186 0.9239 -0.2120
vn -0.0888 -0.9942 -0.0611
vn -0.8155 -0.1948 -0.5449
vn -0.3923 0.8819 -0.2613
vn -0.7958 -0.2899 -0.5317
vn -0.4623 0.8314 -0.3081
vn -0.7680 -0.3827 -0.5135
vn -0.5279 0.7730 -0.3520
vn -0.7331 -0.4714 -0.4903
vn -0.5883 0.7070 -0.3925
vn -0.6912 -0.5555 -0.4623
vn -0.6430 0.6344 -0.4291
vn -0.6425 -0.6343 -0.4299
vn -0.6916 0.5555 -0.4616
vn -0.5876 -0.7071 -0.3933
vn -0.7335 0.4713 -0.4897
vn -0.5271 -0.7730 -0.3530
vn -0.7684 0.3826 -0.5131
vn -0.4617 -0.8314 -0.3092
vn -0.7693 0.0979 -0.6313
vn -0.7730 -0.0000 -0.6344
vn -0.1513 0.9808 -0.1232
vn -0.2249 0.9569 -0.1836
vn -0.2239 -0.9569 -0.1847
vn -0.1503 -0.9808 -0.1244
vn -0.7693 -0.0979 -0.6313
vn -0.2963 0.9239 -0.2421
vn -0.0824 -0.9942 -0.0695
vn -0.7582 -0.1948 -0.6222
vn -0.3648 0.8819 -0.2985
vn -0.7397 -0.2902 -0.6072
vn -0.4299 0.8314 -0.3520
vn -0.7140 -0.3826 -0.5863
vn -0.4908 0.7730 -0.4020
vn -0.6816 -0.4713 -0.5598
vn -0.5470 0.7071 -0.4481
vn -0.6425 -0.5555 -0.5278
vn -0.5979 0.6344 -0.4900
vn -0.5973 -0.6344 -0.4908
vn -0.6430 0.5555 -0.5272
vn -0.5463 -0.7071 -0.4490
vn -0.6820 0.4713 -0.5593
vn -0.4901 -0.7730 -0.4029
vn -0.7144 0.3824 -0.5860
vn -0.4291 -0.8314 -0.3530
vn -0.7399 0.2903 -0.6069
vn -0.3640 -0.8819 -0.2996
vn -0.7582 0.1948 -0.6222
vn -0.0842 0.9942 -0.0673
vn -0.2955 -0.9238 -0.2434
vn -0.7037 -0.0979 -0.7037
vn -0.6936 -0.1948 -0.6936
vn -0.2711 0.9239 -0.2700
vn -0.3338 0.8819 -0.3329
vn -0.0752 -0.9942 -0.0772
vn -0.6764 -0.2905 -0.6769
vn -0.3933 0.8314 -0.3924
vn -0.6532 -0.3825 -0.6535
vn -0.4490 0.7730 -0.4482
vn -0.6233 -0.4715 -0.6239
vn -0.5004 0.7070 -0.4997
vn -0.5876 -0.5556 -0.5883
vn -0.5470 0.6344 -0.5463
vn -0.5463 -0.6344 -0.5470
vn -0.5883 0.5555 -0.5877
vn -0.4996 -0.7071 -0.5004
vn -0.6239 0.4714 -0.6233
vn -0.4481 -0.7730 -0.4490
vn -0.6535 0.3825 -0.6532
vn -0.3925 -0.8314 -0.3933
vn -0.6768 0.2899 -0.6767
vn -0.3329 -0.8819 -0.3338
vn -0.6936 0.1948 -0.6936
vn -0.0772 0.9942 -0.0752
vn -0.2701 -0.9239 -0.2711
vn -0.7037 0.0979 -0.7037
vn -0.1385 0.9808 -0.1374
vn -0.2048 -0.9569 -0.2058
vn -0.7071 -0.0000 -0.7071
vn -0.2058 0.9569 -0.2048
vn -0.1375 -0.9808 -0.1385
vn -0.6069 -0.2903 -0.7399
vn -0.5862 -0.3821 -0.7143
vn -0.3530 0.8315 -0.4290
vn -0.4029 0.7729 -0.4901
vn -0.5593 -0.4713 -0.6820
vn -0.4490 0.7071 -0.5463
vn -0.5272 -0.5555 -0.6430
vn -0.4908 0.6344 -0.5973
vn -0.4901 -0.6343 -0.5979
vn -0.5278 0.5555 -0.6425
vn -0.4482 -0.7070 -0.5470
vn -0.5598 0.4714 -0.6815
vn -0.4021 -0.7730 -0.4908
vn -0.5863 0.3826 -0.7140
vn -0.3519 -0.8315 -0.4299
vn -0.6073 0.2903 -0.7396
vn -0.2985 -0.8819 -0.3648
vn -0.6222 0.1948 -0.7582
vn -0.0695 0.9942 -0.0824
vn -0.2423 -0.9238 -0.2963
vn -0.6313 0.0979 -0.7693
vn -0.1244 0.9808 -0.1503
vn -0.1835 -0.9569 -0.2249
vn -0.6344 -0.0000 -0.7730
vn -0.1848 0.9569 -0.2240
vn -0.1232 -0.9808 -0.1513
vn -0.6313 -0.0979 -0.7693
vn -0.2434 0.9239 -0.2954
vn -0.0673 -0.9942 -0.0842
vn -0.6222 -0.1948 -0.7582
vn -0.2996 0.8819 -0.3640
vn -0.4896 -0.4714 -0.7335
vn -0.4616 -0.5555 -0.6916
vn -0.3933 0.7071 -0.5877
vn -0.4299 0.6343 -0.6425
vn -0.4291 -0.6344 -0.6430
vn -0.4623 0.5555 -0.6912
vn -0.3924 -0.7071 -0.5882
vn -0.4903 0.4714 -0.7331
vn -0.3520 -0.7730 -0.5279
vn -0.5135 0.3827 -0.7680
vn -0.3082 -0.8314 -0.4623
vn -0.5317 0.2899 -0.7958
vn -0.2613 -0.8819 -0.3924
vn -0.5451 0.1952 -0.8153
vn -0.0611 0.9942 -0.0888
vn -0.2120 -0.9239 -0.3186
vn -0.5529 0.0979 -0.8275
vn -0.1090 0.9808 -0.1618
vn -0.1607 -0.9569 -0.2418
vn -0.5556 0.0000 -0.8315
vn -0.1619 0.9569 -0.2409
vn -0.1078 -0.9808 -0.1627
vn -0.5529 -0.0979 -0.8275
vn -0.2132 0.9239 -0.3178
vn -0.0587 -0.9942 -0.0904
vn -0.5449 -0.1948 -0.8155
vn -0.2625 0.8819 -0.3916
vn -0.5315 -0.2903 -0.7958
vn -0.3092 0.8314 -0.4617
vn -0.5131 -0.3826 -0.7684
vn -0.3530 0.7730 -0.5272
vn -0.3640 -0.6344 -0.6820
vn -0.3329 -0.7070 -0.6239
vn -0.3923 0.5555 -0.7331
vn -0.4160 0.4713 -0.7777
vn -0.2985 -0.7730 -0.5598
vn -0.4357 0.3824 -0.8148
vn -0.2614 -0.8314 -0.4903
vn -0.4513 0.2903 -0.8438
vn -0.2216 -0.8819 -0.4161
vn -0.4624 0.1948 -0.8650
vn -0.0521 0.9942 -0.0944
vn -0.1798 -0.9239 -0.3379
vn -0.4691 0.0979 -0.8777
vn -0.0927 0.9808 -0.1716
vn -0.1361 -0.9569 -0.2564
vn -0.4714 0.0000 -0.8819
vn -0.1375 0.9569 -0.2557
vn -0.0913 -0.9808 -0.1724
vn -0.4690 -0.0982 -0.8777
vn -0.1810 0.9239 -0.3372
vn -0.0495 -0.9942 -0.0957
vn -0.4624 -0.1948 -0.8650
vn -0.2228 0.8819 -0.4155
vn -0.4510 -0.2902 -0.8441
vn -0.2625 0.8314 -0.4898
vn -0.4354 -0.3824 -0.8150
vn -0.2996 0.7730 -0.5592
vn -0.4155 -0.4712 -0.7780
vn -0.3338 0.7071 -0.6234
vn -0.3916 -0.5555 -0.7335
vn -0.3648 0.6344 -0.6815
vn -0.2423 -0.7730 -0.5864
vn -0.2120 -0.8314 -0.5136
vn -0.3538 0.3826 -0.8535
vn -0.3663 0.2899 -0.8842
vn -0.1798 -0.8819 -0.4358
vn -0.3755 0.1951 -0.9061
vn -0.0426 0.9942 -0.0990
vn -0.1457 -0.9239 -0.3538
vn -0.3808 0.0979 -0.9194
vn -0.0754 0.9808 -0.1800
vn -0.1105 -0.9569 -0.2686
vn -0.3827 -0.0000 -0.9239
vn -0.1118 0.9569 -0.2680
vn -0.0740 -0.9808 -0.1806
vn -0.3808 -0.0979 -0.9194
vn -0.1471 0.9239 -0.3533
vn -0.0399 -0.9942 -0.1001
vn -0.3752 -0.1951 -0.9062
vn -0.1810 0.8819 -0.4353
vn -0.3663 -0.2899 -0.8842
vn -0.2132 0.8314 -0.5131
vn -0.3533 -0.3827 -0.8537
vn -0.2433 0.7730 -0.5859
vn -0.3371 -0.4714 -0.8149
vn -0.2711 0.7071 -0.6531
vn -0.3179 -0.5555 -0.7684
vn -0.2963 0.6343 -0.7141
vn -0.2955 -0.6343 -0.7144
vn -0.3186 0.5555 -0.7681
vn -0.2701 -0.7071 -0.6535
vn -0.3378 0.4711 -0.8148
vn -0.1363 -0.8819 -0.4514
vn -0.1104 -0.9239 -0.3665
vn -0.2849 0.1951 -0.9385
vn -0.2889 0.0979 -0.9523
vn -0.0327 0.9942 -0.1027
vn -0.0574 0.9808 -0.1865
vn -0.0836 -0.9569 -0.2781
vn -0.2903 -0.0000 -0.9569
vn -0.0850 0.9569 -0.2777
vn -0.0559 -0.9808 -0.1870
vn -0.2889 -0.0979 -0.9523
vn -0.1118 0.9239 -0.3660
vn -0.0299 -0.9942 -0.1036
vn -0.2847 -0.1948 -0.9386
vn -0.1375 0.8819 -0.4510
vn -0.2775 -0.2905 -0.9158
vn -0.1619 0.8315 -0.5314
vn -0.2680 -0.3825 -0.8842
vn -0.1848 0.7730 -0.6069
vn -0.2557 -0.4714 -0.8441
vn -0.2058 0.7070 -0.6766
vn -0.2410 -0.5555 -0.7958
vn -0.2249 0.6344 -0.7396
vn -0.2239 -0.6344 -0.7399
vn -0.2418 0.5555 -0.7956
vn -0.2048 -0.7070 -0.6769
vn -0.2563 0.4711 -0.8440
vn -0.1836 -0.7730 -0.6073
vn -0.2685 0.3826 -0.8840
vn -0.1607 -0.8314 -0.5319
vn -0.2780 0.2902 -0.9157
vn -0.0559 -0.9569 -0.2849
vn -0.0373 -0.9808 -0.1915
vn -0.1951 -0.0000 -0.9808
vn -0.1942 -0.0979 -0.9761
vn -0.0574 0.9569 -0.2846
vn -0.0754 0.9239 -0.3751
vn -0.0196 -0.9942 -0.1060
vn -0.1911 -0.1952 -0.9620
vn -0.0926 0.8819 -0.4622
vn -0.1867 -0.2899 -0.9387
vn -0.1090 0.8314 -0.5448
vn -0.1800 -0.3825 -0.9062
vn -0.1244 0.7730 -0.6220
vn -0.1717 -0.4713 -0.8651
vn -0.1385 0.7071 -0.6934
vn -0.1618 -0.5556 -0.8156
vn -0.1513 0.6344 -0.7581
vn -0.1503 -0.6344 -0.7583
vn -0.1626 0.5555 -0.8155
vn -0.1374 -0.7071 -0.6936
vn -0.1724 0.4713 -0.8650
vn -0.1232 -0.7729 -0.6224
vn -0.1805 0.3825 -0.9061
vn -0.1078 -0.8314 -0.5451
vn -0.1867 0.2899 -0.9387
vn -0.0913 -0.8819 -0.4625
vn -0.1914 0.1948 -0.9620
vn -0.0224 0.9942 -0.1054
vn -0.0739 -0.9239 -0.3755
vn -0.1942 0.0979 -0.9761
vn -0.0388 0.9808 -0.1912
vn -0.0091 -0.9942 -0.1074
vn -0.0961 -0.1948 -0.9761
vn -0.0938 -0.2899 -0.9525
vn -0.0469 0.8819 -0.4692
vn -0.0551 0.8314 -0.5529
vn -0.0903 -0.3825 -0.9195
vn -0.0628 0.7730 -0.6313
vn -0.0861 -0.4714 -0.8777
vn -0.0698 0.7071 -0.7037
vn -0.0810 -0.5556 -0.8275
vn -0.0762 0.6343 -0.7693
vn -0.0753 -0.6344 -0.7694
vn -0.0819 0.5555 -0.8275
vn -0.0688 -0.7071 -0.7038
vn -0.0868 0.4713 -0.8777
vn -0.0616 -0.7730 -0.6315
vn -0.0908 0.3826 -0.9195
vn -0.0538 -0.8315 -0.5530
vn -0.0940 0.2902 -0.9524
vn -0.0455 -0.8819 -0.4692
vn -0.0961 0.1948 -0.9761
vn -0.0120 0.9942 -0.1071
vn -0.0368 -0.9238 -0.3810
vn -0.0975 0.0979 -0.9904
vn -0.0199 0.9808 -0.1941
vn -0.0277 -0.9569 -0.2890
vn -0.0980 -0.0000 -0.9952
vn -0.0292 0.9569 -0.2889
vn -0.0184 -0.9808 -0.1943
vn -0.0976 -0.0979 -0.9904
vn -0.0383 0.9239 -0.3807
s 1
f 1/1/1 2/2/2 3/3/3
f 1/1/1 3/3/3 4/4/4
f 5/5/5 6/6/6 7/7/7
f 5/5/5 7/7/7 8/8/8
f 9/9/9 10/10/10 11/11/11
f 12/12/12 1/1/1 4/4/4
f 12/12/12 4/4/4 13/13/13
f 14/14/14 5/5/5 8/8/8
f 14/14/14 8/8/8 15/15/15
f 16/16/16 12/12/12 13/13/13
f 16/16/16 13/13/13 17/17/17
f 18/18/18 14/14/14 15/15/15
f 18/18/18 15/15/15 19/19/19
f 20/20/20 16/16/16 17/17/17
f 20/20/20 17/17/17 21/21/21
f 22/22/22 18/18/18 19/19/19
f 22/22/22 19/19/19 23/23/23
f 24/24/24 20/20/20 21/21/21
f 24/24/24 21/21/21 25/25/25
f 26/26/26 22/22/22 23/23/23
f 26/26/26 23/23/23 27/27/27
f 28/28/28 24/24/24 25/25/25
f 28/28/28 25/25/25 29/29/29
f 30/30/30 26/26/26 27/27/27
f 30/30/30 27/27/27 31/31/31
f 32/32/32 28/33/28 29/34/29
f 32/32/32 29/34/29 33/35/33
f 34/36/34 30/37/30 31/38/31
f 34/36/34 31/38/31 35/39/35
f 36/40/36 32/32/32 33/35/33
f 36/40/36 33/35/33 37/41/37
f 38/42/38 34/36/34 35/39/35
f 38/42/38 35/39/35 39/43/39
f 40/44/40 36/40/36 37/41/37
f 40/44/40 37/41/37 41/45/41
f 42/46/42 38/42/38 39/43/39
f 42/46/42 39/43/39 43/47/43
f 44/48/44 40/44/40 41/45/41
f 44/48/44 41/45/41 45/49/45
f 46/50/46 42/46/42 43/47/43
f 46/50/46 43/47/43 47/51/47
f 48/52/48 49/53/49 50/54/50
f 51/55/51 44/48/44 45/49/45
f 51/55/51 45/49/45 52/56/52
f 53/57/53 46/50/46 47/51/47
f 53/57/53 47/51/47 54/58/54
f 55/59/55 48/52/48 50/54/50
f 55/59/55 50/54/50 56/60/56
f 57/61/57 51/55/51 52/56/52
f 57/61/57 52/56/52 58/62/58
f 59/63/59 53/57/53 54/58/54
f 59/63/59 54/58/54 60/64/60
f 61/65/61 55/59/55 56/60/56
f 61/65/61 56/60/56 62/66/62
f 63/67/63 57/61/57 58/62/58
f 63/67/63 58/62/58 64/68/64
f 2/2/2 59/69/59 60/70/60
f 2/2/2 60/70/60 3/3/3
f 6/6/6 61/65/61 62/66/62
f 6/6/6 62/66/62 7/7/7
f 10/10/10 63/67/63 64/68/64
f 10/10/10 64/68/64 11/11/11
f 43/71/43 39/72/39 65/73/65
f 43/71/43 65/73/65 66/74/66
f 45/49/45 41/45/41 67/75/67
f 45/49/45 67/75/67 68/76/68
f 47/77/47 43/71/43 66/74/66
f 47/77/47 66/74/66 69/78/69
f 50/54/50 49/53/49 70/79/70
f 52/56/52 45/49/45 68/76/68
f 52/56/52 68/76/68 71/80/71
f 54/81/54 47/77/47 69/78/69
f 54/81/54 69/78/69 72/82/72
f 56/60/56 50/54/50 70/79/70
f 56/60/56 70/79/70 73/83/73
f 58/62/58 52/56/52 71/80/71
f 58/62/58 71/80/71 74/84/74
f 60/70/60 54/81/54 72/82/72
f 60/70/60 72/82/72 75/85/75
f 62/66/62 56/60/56 73/83/73
f 62/66/62 73/83/73 76/86/76
f 64/68/64 58/62/58 74/84/74
f 64/68/64 74/84/74 77/87/77
f 3/3/3 60/70/60 75/85/75
f 3/3/3 75/85/75 78/88/78
f 7/7/7 62/66/62 76/86/76
f 7/7/7 76/86/76 79/89/79
f 11/11/11 64/68/64 77/87/77
f 11/11/11 77/87/77 80/90/80
f 4/4/4 3/3/3 78/88/78
f 4/4/4 78/88/78 81/91/81
f 8/8/8 7/7/7 79/89/79
f 8/8/8 79/89/79 82/92/82
f 9/9/9 11/11/11 80/90/80
f 13/13/13 4/4/4 81/91/81
f 13/13/13 81/91/81 83/93/83
f 15/15/15 8/8/8 82/92/82
f 15/15/15 82/92/82 84/94/84
f 17/17/17 13/13/13 83/93/83
f 17/17/17 83/93/83 85/95/85
f 19/19/19 15/15/15 84/94/84
f 19/19/19 84/94/84 86/96/86
f 21/21/21 17/17/17 85/95/85
f 21/21/21 85/95/85 87/97/87
f 23/23/23 19/19/19 86/96/86
f 23/23/23 86/96/86 88/98/88
f 25/25/25 21/21/21 87/97/87
f 25/25/25 87/97/87 89/99/89
f 27/27/27 23/23/23 88/98/88
f 27/27/27 88/98/88 90/100/90
f 29/29/29 25/25/25 89/99/89
f 29/29/29 89/99/89 91/101/91
f 31/31/31 27/27/27 90/100/90
f 31/31/31 90/100/90 92/102/92
f 33/35/33 29/34/29 91/103/91
f 33/35/33 91/103/91 93/104/93
f 35/105/35 31/106/31 92/107/92
f 35/105/35 92/107/92 94/108/94
f 37/41/37 33/35/33 93/104/93
f 37/41/37 93/104/93 95/109/95
f 39/72/39 35/105/35 94/108/94
f 39/72/39 94/108/94 65/73/65
f 41/45/41 37/41/37 95/109/95
f 41/45/41 95/109/95 67/75/67
f 72/82/72 69/78/69 96/110/96
f 72/82/72 96/110/96 97/111/97
f 73/83/73 70/79/70 98/112/98
f 73/83/73 98/112/98 99/113/99
f 74/84/74 71/80/71 100/114/100
f 74/84/74 100/114/100 101/115/101
f 75/85/75 72/82/72 97/111/97
f 75/85/75 97/111/97 102/116/102
f 76/86/76 73/83/73 99/113/99
f 76/86/76 99/113/99 103/117/103
f 77/87/77 74/84/74 101/115/101
f 77/87/77 101/115/101 104/118/104
f 78/88/78 75/85/75 102/116/102
f 78/88/78 102/116/102 105/119/105
f 79/89/79 76/86/76 103/117/103
f 79/89/79 103/117/103 106/120/106
f 80/90/80 77/87/77 104/118/104
f 80/90/80 104/118/104 107/121/107
f 81/91/81 78/88/78 105/119/105
f 81/91/81 105/119/105 108/122/108
f 82/92/82 79/89/79 106/120/106
f 82/92/82 106/120/106 109/123/109
f 9/9/9 80/90/80 107/121/107
f 83/93/83 81/91/81 108/122/108
f 83/93/83 108/122/108 110/124/110
f 84/94/84 82/92/82 109/123/109
f 84/94/84 109/123/109 111/125/111
f 85/95/85 83/93/83 110/124/110
f 85/95/85 110/124/110 112/126/112
f 86/96/86 84/94/84 111/125/111
f 86/96/86 111/125/111 113/127/113
f 87/97/87 85/95/85 112/126/112
f 87/97/87 112/126/112 114/128/114
f 88/98/88 86/96/86 113/127/113
f 88/98/88 113/127/113 115/129/115
f 89/99/89 87/97/87 114/128/114
f 89/99/89 114/128/114 116/130/116
f 90/100/90 88/98/88 115/129/115
f 90/100/90 115/129/115 117/131/117
f 91/101/91 89/99/89 116/130/116
f 91/101/91 116/130/116 118/132/118
f 92/107/92 90/133/90 117/134/117
f 92/107/92 117/134/117 119/135/119
f 93/104/93 91/103/91 118/136/118
f 93/104/93 118/136/118 120/137/120
f 94/108/94 92/107/92 119/135/119
f 94/108/94 119/135/119 121/138/121
f 95/109/95 93/104/93 120/137/120
f 95/109/95 120/137/120 122/139/122
f 65/73/65 94/108/94 121/138/121
f 65/73/65 121/138/121 123/140/123
f 67/75/67 95/109/95 122/139/122
f 67/75/67 122/139/122 124/141/124
f 66/74/66 65/73/65 123/140/123
f 66/74/66 123/140/123 125/142/125
f 68/76/68 67/75/67 124/141/124
f 68/76/68 124/141/124 126/143/126
f 69/78/69 66/74/66 125/142/125
f 69/78/69 125/142/125 96/110/96
f 70/79/70 49/53/49 98/112/98
f 71/80/71 68/76/68 126/143/126
f 71/80/71 126/143/126 100/114/100
f 105/119/105 102/116/102 127/144/127
f 105/119/105 127/144/127 128/145/128
f 106/120/106 103/117/103 129/146/129
f 106/120/106 129/146/129 130/147/130
f 107/121/107 104/118/104 131/148/131
f 107/121/107 131/148/131 132/149/132
f 108/122/108 105/119/105 128/145/128
f 108/122/108 128/145/128 133/150/133
f 109/123/109 106/120/106 130/147/130
f 109/123/109 130/147/130 134/151/134
f 9/9/9 107/121/107 132/149/132
f 110/124/110 108/122/108 133/150/133
f 110/124/110 133/150/133 135/152/135
f 111/125/111 109/123/109 134/151/134
f 111/125/111 134/151/134 136/153/136
f 112/126/112 110/124/110 135/152/135
f 112/126/112 135/152/135 137/154/137
f 113/127/113 111/125/111 136/153/136
f 113/127/113 136/153/136 138/155/138
f 114/128/114 112/126/112 137/154/137
f 114/128/114 137/154/137 139/156/139
f 115/129/115 113/127/113 138/155/138
f 115/129/115 138/155/138 140/157/140
f 116/130/116 114/128/114 139/156/139
f 116/130/116 139/156/139 141/158/141
f 117/131/117 115/129/115 140/157/140
f 117/131/117 140/157/140 142/159/142
f 118/132/118 116/130/116 141/158/141
f 118/132/118 141/158/141 143/160/143
f 119/135/119 117/134/117 142/161/142
f 119/135/119 142/161/142 144/162/144
f 120/163/120 118/132/118 143/160/143
f 120/163/120 143/160/143 145/164/145
f 121/138/121 119/135/119 144/162/144
f 121/138/121 144/162/144 146/165/146
f 122/139/122 120/137/120 145/166/145
f 122/139/122 145/166/145 147/167/147
f 123/140/123 121/138/121 146/165/146
f 123/140/123 146/165/146 148/168/148
f 124/141/124 122/139/122 147/167/147
f 124/141/124 147/167/147 149/169/149
f 125/142/125 123/140/123 148/168/148
f 125/142/125 148/168/148 150/170/150
f 126/143/126 124/141/124 149/169/149
f 126/143/126 149/169/149 151/171/151
f 96/110/96 125/142/125 150/170/150
f 96/110/96 150/170/150 152/172/152
f 98/112/98 49/53/49 153/173/153
f 100/114/100 126/143/126 151/171/151
f 100/114/100 151/171/151 154/174/154
f 97/111/97 96/110/96 152/172/152
f 97/111/97 152/172/152 155/175/155
f 99/113/99 98/112/98 153/173/153
f 99/113/99 153/173/153 156/176/156
f 101/115/101 100/114/100 154/174/154
f 101/115/101 154/174/154 157/177/157
f 102/116/102 97/111/97 155/175/155
f 102/116/102 155/175/155 127/144/127
f 103/117/103 99/113/99 156/176/156
f 103/117/103 156/176/156 129/146/129
f 104/118/104 101/115/101 157/177/157
f 104/118/104 157/177/157 131/148/131
f 135/152/135 133/150/133 158/178/158
f 135/152/135 158/178/158 159/179/159
f 136/153/136 134/151/134 160/180/160
f 136/153/136 160/180/160 161/181/161
f 137/154/137 135/152/135 159/179/159
f 137/154/137 159/179/159 162/182/162
f 138/155/138 136/153/136 161/181/161
f 138/155/138 161/181/161 163/183/163
f 139/156/139 137/154/137 162/182/162
f 139/156/139 162/182/162 164/184/164
f 140/157/140 138/155/138 163/183/163
f 140/157/140 163/183/163 165/185/165
f 141/158/141 139/156/139 164/184/164
f 141/158/141 164/184/164 166/186/166
f 142/159/142 140/157/140 165/185/165
f 142/159/142 165/185/165 167/187/167
f 143/160/143 141/158/141 166/186/166
f 143/160/143 166/186/166 168/188/168
f 144/162/144 142/161/142 167/189/167
f 144/162/144 167/189/167 169/190/169
f 145/164/145 143/160/143 168/188/168
f 145/164/145 168/188/168 170/191/170
f 146/165/146 144/162/144 169/190/169
f 146/165/146 169/190/169 171/192/171
f 147/167/147 145/166/145 170/193/170
f 147/167/147 170/193/170 172/194/172
f 148/168/148 146/165/146 171/192/171
f 148/168/148 171/192/171 173/195/173
f 149/169/149 147/167/147 172/194/172
f 149/169/149 172/194/172 174/196/174
f 150/170/150 148/168/148 173/195/173
f 150/170/150 173/195/173 175/197/175
f 151/171/151 149/169/149 174/196/174
f 151/171/151 174/196/174 176/198/176
f 152/172/152 150/170/150 175/197/175
f 152/172/152 175/197/175 177/199/177
f 153/173/153 49/53/49 178/200/178
f 154/174/154 151/171/151 176/198/176
f 154/174/154 176/198/176 179/201/179
f 155/175/155 152/172/152 177/199/177
f 155/175/155 177/199/177 180/202/180
f 156/176/156 153/173/153 178/200/178
f 156/176/156 178/200/178 181/203/181
f 157/177/157 154/174/154 179/201/179
f 157/177/157 179/201/179 182/204/182
f 127/144/127 155/175/155 180/202/180
f 127/144/127 180/202/180 183/205/183
f 129/146/129 156/176/156 181/203/181
f 129/146/129 181/203/181 184/206/184
f 131/148/131 157/177/157 182/204/182
f 131/148/131 182/204/182 185/207/185
f 128/145/128 127/144/127 183/205/183
f 128/145/128 183/205/183 186/208/186
f 130/147/130 129/146/129 184/206/184
f 130/147/130 184/206/184 187/209/187
f 132/149/132 131/148/131 185/207/185
f 132/149/132 185/207/185 188/210/188
f 133/150/133 128/145/128 186/208/186
f 133/150/133 186/208/186 158/178/158
f 134/151/134 130/147/130 187/209/187
f 134/151/134 187/209/187 160/180/160
f 9/9/9 132/149/132 188/210/188
f 164/184/164 162/182/162 189/211/189
f 164/184/164 189/211/189 190/212/190
f 165/185/165 163/183/163 191/213/191
f 165/185/165 191/213/191 192/214/192
f 166/186/166 164/184/164 190/212/190
f 166/186/166 190/212/190 193/215/193
f 167/187/167 165/185/165 192/214/192
f 167/187/167 192/214/192 194/216/194
f 168/188/168 166/186/166 193/215/193
f 168/188/168 193/215/193 195/217/195
f 169/190/169 167/189/167 194/218/194
f 169/190/169 194/218/194 196/219/196
f 170/191/170 168/188/168 195/217/195
f 170/191/170 195/217/195 197/220/197
f 171/192/171 169/190/169 196/219/196
f 171/192/171 196/219/196 198/221/198
f 172/194/172 170/193/170 197/222/197
f 172/194/172 197/222/197 199/223/199
f 173/195/173 171/192/171 198/221/198
f 173/195/173 198/221/198 200/224/200
f 174/196/174 172/194/172 199/223/199
f 174/196/174 199/223/199 201/225/201
f 175/197/175 173/195/173 200/224/200
f 175/197/175 200/224/200 202/226/202
f 176/198/176 174/196/174 201/225/201
f 176/198/176 201/225/201 203/227/203
f 177/199/177 175/197/175 202/226/202
f 177/199/177 202/226/202 204/228/204
f 178/200/178 49/53/49 205/229/205
f 179/201/179 176/198/176 203/227/203
f 179/201/179 203/227/203 206/230/206
f 180/202/180 177/199/177 204/228/204
f 180/202/180 204/228/204 207/231/207
f 181/203/181 178/200/178 205/229/205
f 181/203/181 205/229/205 208/232/208
f 182/204/182 179/201/179 206/230/206
f 182/204/182 206/230/206 209/233/209
f 183/205/183 180/202/180 207/231/207
f 183/205/183 207/231/207 210/234/210
f 184/206/184 181/203/181 208/232/208
f 184/206/184 208/232/208 211/235/211
f 185/207/185 182/204/182 209/233/209
f 185/207/185 209/233/209 212/236/212
f 186/208/186 183/205/183 210/234/210
f 186/208/186 210/234/210 213/237/213
f 187/209/187 184/206/184 211/235/211
f 187/209/187 211/235/211 214/238/214
f 188/210/188 185/207/185 212/236/212
f 188/210/188 212/236/212 215/239/215
f 158/178/158 186/208/186 213/237/213
f 158/178/158 213/237/213 216/240/216
f 160/180/160 187/209/187 214/238/214
f 160/180/160 214/238/214 217/241/217
f 9/9/9 188/210/188 215/239/215
f 159/179/159 158/178/158 216/240/216
f 159/179/159 216/240/216 218/242/218
f 161/181/161 160/180/160 217/241/217
f 161/181/161 217/241/217 219/243/219
f 162/182/162 159/179/159 218/242/218
f 162/182/162 218/242/218 189/211/189
f 163/183/163 161/181/161 219/243/219
f 163/183/163 219/243/219 191/213/191
f 195/217/195 193/215/193 220/244/220
f 195/217/195 220/244/220 221/245/221
f 196/219/196 194/218/194 222/246/222
f 196/219/196 222/246/222 223/247/223
f 197/220/197 195/217/195 221/245/221
f 197/220/197 221/245/221 224/248/224
f 198/221/198 196/219/196 223/247/223
f 198/221/198 223/247/223 225/249/225
f 199/223/199 197/222/197 224/250/224
f 199/223/199 224/250/224 226/251/226
f 200/224/200 198/221/198 225/249/225
f 200/224/200 225/249/225 227/252/227
f 201/225/201 199/223/199 226/251/226
f 201/225/201 226/251/226 228/253/228
f 202/226/202 200/224/200 227/252/227
f 202/226/202 227/252/227 229/254/229
f 203/227/203 201/225/201 228/253/228
f 203/227/203 228/253/228 230/255/230
f 204/228/204 202/226/202 229/254/229
f 204/228/204 229/254/229 231/256/231
f 205/229/205 49/53/49 232/257/232
f 206/230/206 203/227/203 230/255/230
f 206/230/206 230/255/230 233/258/233
f 207/231/207 204/228/204 231/256/231
f 207/231/207 231/256/231 234/259/234
f 208/232/208 205/229/205 232/257/232
f 208/232/208 232/257/232 235/260/235
f 209/233/209 206/230/206 233/258/233
f 209/233/209 233/258/233 236/261/236
f 210/234/210 207/231/207 234/259/234
f 210/234/210 234/259/234 237/262/237
f 211/235/211 208/232/208 235/260/235
f 211/235/211 235/260/235 238/263/238
f 212/236/212 209/233/209 236/261/236
f 212/236/212 236/261/236 239/264/239
f 213/237/213 210/234/210 237/262/237
f 213/237/213 237/262/237 240/265/240
f 214/238/214 211/235/211 238/263/238
f 214/238/214 238/263/238 241/266/241
f 215/239/215 212/236/212 239/264/239
f 215/239/215 239/264/239 242/267/242
f 216/240/216 213/237/213 240/265/240
f 216/240/216 240/265/240 243/268/243
f 217/241/217 214/238/214 241/266/241
f 217/241/217 241/266/241 244/269/244
f 9/9/9 215/239/215 242/267/242
f 218/242/218 216/240/216 243/268/243
f 218/242/218 243/268/243 245/270/245
f 219/243/219 217/241/217 244/269/244
f 219/243/219 244/269/244 246/271/246
f 189/211/189 218/242/218 245/270/245
f 189/211/189 245/270/245 247/272/247
f 191/213/191 219/243/219 246/271/246
f 191/213/191 246/271/246 248/273/248
f 190/212/190 189/211/189 247/272/247
f 190/212/190 247/272/247 249/274/249
f 192/214/192 191/213/191 248/273/248
f 192/214/192 248/273/248 250/275/250
f 193/215/193 190/212/190 249/274/249
f 193/215/193 249/274/249 220/244/220
f 194/218/194 192/276/192 250/277/250
f 194/218/194 250/277/250 222/246/222
f 226/251/226 224/250/224 251/278/251
f 226/251/226 251/278/251 252/279/252
f 227/252/227 225/249/225 253/280/253
f 227/252/227 253/280/253 254/281/254
f 228/253/228 226/251/226 252/279/252
f 228/253/228 252/279/252 255/282/255
f 229/254/229 227/252/227 254/281/254
f 229/254/229 254/281/254 256/283/256
f 230/255/230 228/253/228 255/282/255
f 230/255/230 255/282/255 257/284/257
f 231/256/231 229/254/229 256/283/256
f 231/256/231 256/283/256 258/285/258
f 232/257/232 49/53/49 259/286/259
f 233/258/233 230/255/230 257/284/257
f 233/258/233 257/284/257 260/287/260
f 234/259/234 231/256/231 258/285/258
f 234/259/234 258/285/258 261/288/261
f 235/260/235 232/257/232 259/286/259
f 235/260/235 259/286/259 262/289/262
f 236/261/236 233/258/233 260/287/260
f 236/261/236 260/287/260 263/290/263
f 237/262/237 234/259/234 261/288/261
f 237/262/237 261/288/261 264/291/264
f 238/263/238 235/260/235 262/289/262
f 238/263/238 262/289/262 265/292/265
f 239/264/239 236/261/236 263/290/263
f 239/264/239 263/290/263 266/293/266
f 240/265/240 237/262/237 264/291/264
f 240/265/240 264/291/264 267/294/267
f 241/266/241 238/263/238 265/292/265
f 241/266/241 265/292/265 268/295/268
f 242/267/242 239/264/239 266/293/266
f 242/267/242 266/293/266 269/296/269
f 243/268/243 240/265/240 267/294/267
f 243/268/243 267/294/267 270/297/270
f 244/269/244 241/266/241 268/295/268
f 244/269/244 268/295/268 271/298/271
f 9/9/9 242/267/242 269/296/269
f 245/270/245 243/268/243 270/297/270
f 245/270/245 270/297/270 272/299/272
f 246/271/246 244/269/244 271/298/271
f 246/271/246 271/298/271 273/300/273
f 247/272/247 245/270/245 272/299/272
f 247/272/247 272/299/272 274/301/274
f 248/273/248 246/271/246 273/300/273
f 248/273/248 273/300/273 275/302/275
f 249/274/249 247/272/247 274/301/274
f 249/274/249 274/301/274 276/303/276
f 250/275/250 248/273/248 275/302/275
f 250/275/250 275/302/275 277/304/277
f 220/244/220 249/274/249 276/303/276
f 220/244/220 276/303/276 278/305/278
f 222/246/222 250/277/250 277/306/277
f 222/246/222 277/306/277 279/307/279
f 221/245/221 220/244/220 278/305/278
f 221/245/221 278/305/278 280/308/280
f 223/247/223 222/246/222 279/307/279
f 223/247/223 279/307/279 281/309/281
f 224/248/224 221/245/221 280/308/280
f 224/248/224 280/308/280 251/310/251
f 225/249/225 223/247/223 281/309/281
f 225/249/225 281/309/281 253/280/253
f 257/284/257 255/282/255 282/311/282
f 257/284/257 282/311/282 283/312/283
f 258/285/258 256/283/256 284/313/284
f 258/285/258 284/313/284 285/314/285
f 259/286/259 49/53/49 286/315/286
f 260/287/260 257/284/257 283/312/283
f 260/287/260 283/312/283 287/316/287
f 261/288/261 258/285/258 285/314/285
f 261/288/261 285/314/285 288/317/288
f 262/289/262 259/286/259 286/315/286
f 262/289/262 286/315/286 289/318/289
f 263/290/263 260/287/260 287/316/287
f 263/290/263 287/316/287 290/319/290
f 264/291/264 261/288/261 288/317/288
f 264/291/264 288/317/288 291/320/291
f 265/292/265 262/289/262 289/318/289
f 265/292/265 289/318/289 292/321/292
f 266/293/266 263/290/263 290/319/290
f 266/293/266 290/319/290 293/322/293
f 267/294/267 264/291/264 291/320/291
f 267/294/267 291/320/291 294/323/294
f 268/295/268 265/292/265 292/321/292
f 268/295/268 292/321/292 295/324/295
f 269/296/269 266/293/266 293/322/293
f 269/296/269 293/322/293 296/325/296
f 270/297/270 267/294/267 294/323/294
f 270/297/270 294/323/294 297/326/297
f 271/298/271 268/295/268 295/324/295
f 271/298/271 295/324/295 298/327/298
f 9/9/9 269/296/269 296/325/296
f 272/299/272 270/297/270 297/326/297
f 272/299/272 297/326/297 299/328/299
f 273/300/273 271/298/271 298/327/298
f 273/300/273 298/327/298 300/329/300
f 274/301/274 272/299/272 299/328/299
f 274/301/274 299/328/299 301/330/301
f 275/302/275 273/300/273 300/329/300
f 275/302/275 300/329/300 302/331/302
f 276/303/276 274/301/274 301/330/301
f 276/303/276 301/330/301 303/332/303
f 277/304/277 275/302/275 302/331/302
f 277/304/277 302/331/302 304/333/304
f 278/305/278 276/303/276 303/332/303
f 278/305/278 303/332/303 305/334/305
f 279/307/279 277/306/277 304/335/304
f 279/307/279 304/335/304 306/336/306
f 280/308/280 278/305/278 305/334/305
f 280/308/280 305/334/305 307/337/307
f 281/309/281 279/307/279 306/336/306
f 281/309/281 306/336/306 308/338/308
f 251/310/251 280/308/280 307/337/307
f 251/310/251 307/337/307 309/339/309
f 253/280/253 281/309/281 308/338/308
f 253/280/253 308/338/308 310/340/310
f 252/279/252 251/278/251 309/341/309
f 252/279/252 309/341/309 311/342/311
f 254/281/254 253/280/253 310/340/310
f 254/281/254 310/340/310 312/343/312
f 255/282/255 252/279/252 311/342/311
f 255/282/255 311/342/311 282/311/282
f 256/283/256 254/281/254 312/343/312
f 256/283/256 312/343/312 284/313/284
f 289/318/289 286/315/286 313/344/313
f 289/318/289 313/344/313 314/345/314
f 290/319/290 287/316/287 315/346/315
f 290/319/290 315/346/315 316/347/316
f 291/320/291 288/317/288 317/348/317
f 291/320/291 317/348/317 318/349/318
f 292/321/292 289/318/289 314/345/314
f 292/321/292 314/345/314 319/350/319
f 293/322/293 290/319/290 316/347/316
f 293/322/293 316/347/316 320/351/320
f 294/323/294 291/320/291 318/349/318
f 294/323/294 318/349/318 321/352/321
f 295/324/295 292/321/292 319/350/319
f 295/324/295 319/350/319 322/353/322
f 296/325/296 293/322/293 320/351/320
f 296/325/296 320/351/320 323/354/323
f 297/326/297 294/323/294 321/352/321
f 297/326/297 321/352/321 324/355/324
f 298/327/298 295/324/295 322/353/322
f 298/327/298 322/353/322 325/356/325
f 9/9/9 296/325/296 323/354/323
f 299/328/299 297/326/297 324/355/324
f 299/328/299 324/355/324 326/357/326
f 300/329/300 298/327/298 325/356/325
f 300/329/300 325/356/325 327/358/327
f 301/330/301 299/328/299 326/357/326
f 301/330/301 326/357/326 328/359/328
f 302/331/302 300/329/300 327/358/327
f 302/331/302 327/358/327 329/360/329
f 303/332/303 301/330/301 328/359/328
f 303/332/303 328/359/328 330/361/330
f 304/333/304 302/331/302 329/360/329
f 304/333/304 329/360/329 331/362/331
f 305/334/305 303/332/303 330/361/330
f 305/334/305 330/361/330 332/363/332
f 306/336/306 304/335/304 331/364/331
f 306/336/306 331/364/331 333/365/333
f 307/337/307 305/334/305 332/363/332
f 307/337/307 332/363/332 334/366/334
f 308/338/308 306/336/306 333/365/333
f 308/338/308 333/365/333 335/367/335
f 309/339/309 307/337/307 334/366/334
f 309/339/309 334/366/334 336/368/336
f 310/340/310 308/338/308 335/367/335
f 310/340/310 335/367/335 337/369/337
f 311/342/311 309/341/309 336/370/336
f 311/342/311 336/370/336 338/371/338
f 312/343/312 310/340/310 337/369/337
f 312/343/312 337/369/337 339/372/339
f 282/311/282 311/342/311 338/371/338
f 282/311/282 338/371/338 340/373/340
f 284/313/284 312/343/312 339/372/339
f 284/313/284 339/372/339 341/374/341
f 283/312/283 282/311/282 340/373/340
f 283/312/283 340/373/340 342/375/342
f 285/314/285 284/313/284 341/374/341
f 285/314/285 341/374/341 343/376/343
f 286/315/286 49/53/49 313/344/313
f 287/316/287 283/312/283 342/375/342
f 287/316/287 342/375/342 315/346/315
f 288/317/288 285/314/285 343/376/343
f 288/317/288 343/376/343 317/348/317
f 322/353/322 319/350/319 344/377/344
f 322/353/322 344/377/344 345/378/345
f 323/354/323 320/351/320 346/379/346
f 323/354/323 346/379/346 347/380/347
f 324/355/324 321/352/321 348/381/348
f 324/355/324 348/381/348 349/382/349
f 325/356/325 322/353/322 345/378/345
f 325/356/325 345/378/345 350/383/350
f 9/9/9 323/354/323 347/380/347
f 326/357/326 324/355/324 349/382/349
f 326/357/326 349/382/349 351/384/351
f 327/358/327 325/356/325 350/383/350
f 327/358/327 350/383/350 352/385/352
f 328/359/328 326/357/326 351/384/351
f 328/359/328 351/384/351 353/386/353
f 329/360/329 327/358/327 352/385/352
f 329/360/329 352/385/352 354/387/354
f 330/361/330 328/359/328 353/386/353
f 330/361/330 353/386/353 355/388/355
f 331/362/331 329/360/329 354/387/354
f 331/362/331 354/387/354 356/389/356
f 332/363/332 330/361/330 355/388/355
f 332/363/332 355/388/355 357/390/357
f 333/365/333 331/364/331 356/391/356
f 333/365/333 356/391/356 358/392/358
f 334/366/334 332/363/332 357/390/357
f 334/366/334 357/390/357 359/393/359
f 335/367/335 333/365/333 358/392/358
f 335/367/335 358/392/358 360/394/360
f 336/368/336 334/366/334 359/393/359
f 336/368/336 359/393/359 361/395/361
f 337/369/337 335/367/335 360/394/360
f 337/369/337 360/394/360 362/396/362
f 338/371/338 336/370/336 361/397/361
f 338/371/338 361/397/361 363/398/363
f 339/372/339 337/369/337 362/396/362
f 339/372/339 362/396/362 364/399/364
f 340/373/340 338/371/338 363/398/363
f 340/373/340 363/398/363 365/400/365
f 341/374/341 339/372/339 364/399/364
f 341/374/341 364/399/364 366/401/366
f 342/375/342 340/373/340 365/400/365
f 342/375/342 365/400/365 367/402/367
f 343/376/343 341/374/341 366/401/366
f 343/376/343 366/401/366 368/403/368
f 313/344/313 49/53/49 369/404/369
f 315/346/315 342/375/342 367/402/367
f 315/346/315 367/402/367 370/405/370
f 317/348/317 343/376/343 368/403/368
f 317/348/317 368/403/368 371/406/371
f 314/345/314 313/344/313 369/404/369
f 314/345/314 369/404/369 372/407/372
f 316/347/316 315/346/315 370/405/370
f 316/347/316 370/405/370 373/408/373
f 318/349/318 317/348/317 371/406/371
f 318/349/318 371/406/371 374/409/374
f 319/350/319 314/345/314 372/407/372
f 319/350/319 372/407/372 344/377/344
f 320/351/320 316/347/316 373/408/373
f 320/351/320 373/408/373 346/379/346
f 321/352/321 318/349/318 374/409/374
f 321/352/321 374/409/374 348/381/348
f 352/385/352 350/383/350 375/410/375
f 352/385/352 375/410/375 376/411/376
f 353/386/353 351/384/351 377/412/377
f 353/386/353 377/412/377 378/413/378
f 354/387/354 352/385/352 376/411/376
f 354/387/354 376/411/376 379/414/379
f 355/388/355 353/386/353 378/413/378
f 355/388/355 378/413/378 380/415/380
f 356/389/356 354/387/354 379/414/379
f 356/389/356 379/414/379 381/416/381
f 357/390/357 355/388/355 380/415/380
f 357/390/357 380/415/380 382/417/382
f 358/418/358 356/389/356 381/416/381
f 358/418/358 381/416/381 383/419/383
f 359/393/359 357/390/357 382/417/382
f 359/393/359 382/417/382 384/420/384
f 360/394/360 358/392/358 383/421/383
f 360/394/360 383/421/383 385/422/385
f 361/395/361 359/393/359 384/420/384
f 361/395/361 384/420/384 386/423/386
f 362/396/362 360/394/360 385/422/385
f 362/396/362 385/422/385 387/424/387
f 363/398/363 361/397/361 386/425/386
f 363/398/363 386/425/386 388/426/388
f 364/399/364 362/396/362 387/424/387
f 364/399/364 387/424/387 389/427/389
f 365/400/365 363/398/363 388/426/388
f 365/400/365 388/426/388 390/428/390
f 366/401/366 364/399/364 389/427/389
f 366/401/366 389/427/389 391/429/391
f 367/402/367 365/400/365 390/428/390
f 367/402/367 390/428/390 392/430/392
f 368/403/368 366/401/366 391/429/391
f 368/403/368 391/429/391 393/431/393
f 369/404/369 49/53/49 394/432/394
f 370/405/370 367/402/367 392/430/392
f 370/405/370 392/430/392 395/433/395
f 371/406/371 368/403/368 393/431/393
f 371/406/371 393/431/393 396/434/396
f 372/407/372 369/404/369 394/432/394
f 372/407/372 394/432/394 397/435/397
f 373/408/373 370/405/370 395/433/395
f 373/408/373 395/433/395 398/436/398
f 374/409/374 371/406/371 396/434/396
f 374/409/374 396/434/396 399/437/399
f 344/377/344 372/407/372 397/435/397
f 344/377/344 397/435/397 400/438/400
f 346/379/346 373/408/373 398/436/398
f 346/379/346 398/436/398 401/439/401
f 348/381/348 374/409/374 399/437/399
f 348/381/348 399/437/399 402/440/402
f 345/378/345 344/377/344 400/438/400
f 345/378/345 400/438/400 403/441/403
f 347/380/347 346/379/346 401/439/401
f 347/380/347 401/439/401 404/442/404
f 349/382/349 348/381/348 402/440/402
f 349/382/349 402/440/402 405/443/405
f 350/383/350 345/378/345 403/441/403
f 350/383/350 403/441/403 375/410/375
f 9/9/9 347/380/347 404/442/404
f 351/384/351 349/382/349 405/443/405
f 351/384/351 405/443/405 377/412/377
f 381/416/381 379/414/379 406/444/406
f 381/416/381 406/444/406 407/445/407
f 382/417/382 380/415/380 408/446/408
f 382/417/382 408/446/408 409/447/409
f 383/419/383 381/416/381 407/445/407
f 383/419/383 407/445/407 410/448/410
f 384/420/384 382/417/382 409/447/409
f 384/420/384 409/447/409 411/449/411
f 385/422/385 383/421/383 410/450/410
f 385/422/385 410/450/410 412/451/412
f 386/423/386 384/420/384 411/449/411
f 386/423/386 411/449/411 413/452/413
f 387/424/387 385/422/385 412/451/412
f 387/424/387 412/451/412 414/453/414
f 388/426/388 386/425/386 413/454/413
f 388/426/388 413/454/413 415/455/415
f 389/427/389 387/424/387 414/453/414
f 389/427/389 414/453/414 416/456/416
f 390/428/390 388/426/388 415/455/415
f 390/428/390 415/455/415 417/457/417
f 391/429/391 389/427/389 416/456/416
f 391/429/391 416/456/416 418/458/418
f 392/430/392 390/428/390 417/457/417
f 392/430/392 417/457/417 419/459/419
f 393/431/393 391/429/391 418/458/418
f 393/431/393 418/458/418 420/460/420
f 394/432/394 49/53/49 421/461/421
f 395/433/395 392/430/392 419/459/419
f 395/433/395 419/459/419 422/462/422
f 396/434/396 393/431/393 420/460/420
f 396/434/396 420/460/420 423/463/423
f 397/435/397 394/432/394 421/461/421
f 397/435/397 421/461/421 424/464/424
f 398/436/398 395/433/395 422/462/422
f 398/436/398 422/462/422 425/465/425
f 399/437/399 396/434/396 423/463/423
f 399/437/399 423/463/423 426/466/426
f 400/438/400 397/435/397 424/464/424
f 400/438/400 424/464/424 427/467/427
f 401/439/401 398/436/398 425/465/425
f 401/439/401 425/465/425 428/468/428
f 402/440/402 399/437/399 426/466/426
f 402/440/402 426/466/426 429/469/429
f 403/441/403 400/438/400 427/467/427
f 403/441/403 427/467/427 430/470/430
f 404/442/404 401/439/401 428/468/428
f 404/442/404 428/468/428 431/471/431
f 405/443/405 402/440/402 429/469/429
f 405/443/405 429/469/429 432/472/432
f 375/410/375 403/441/403 430/470/430
f 375/410/375 430/470/430 433/473/433
f 9/9/9 404/442/404 431/471/431
f 377/412/377 405/443/405 432/472/432
f 377/412/377 432/472/432 434/474/434
f 376/411/376 375/410/375 433/473/433
f 376/411/376 433/473/433 435/475/435
f 378/413/378 377/412/377 434/474/434
f 378/413/378 434/474/434 436/476/436
f 379/414/379 376/411/376 435/475/435
f 379/414/379 435/475/435 406/444/406
f 380/415/380 378/413/378 436/476/436
f 380/415/380 436/476/436 408/446/408
f 412/451/412 410/450/410 437/477/437
f 412/451/412 437/477/437 438/478/438
f 413/452/413 411/449/411 439/479/439
f 413/452/413 439/479/439 440/480/440
f 414/453/414 412/451/412 438/478/438
f 414/453/414 438/478/438 441/481/441
f 415/455/415 413/454/413 440/482/440
f 415/455/415 440/482/440 442/483/442
f 416/456/416 414/453/414 441/481/441
f 416/456/416 441/481/441 443/484/443
f 417/457/417 415/455/415 442/483/442
f 417/457/417 442/483/442 444/485/444
f 418/458/418 416/456/416 443/484/443
f 418/458/418 443/484/443 445/486/445
f 419/459/419 417/457/417 444/485/444
f 419/459/419 444/485/444 446/487/446
f 420/460/420 418/458/418 445/486/445
f 420/460/420 445/486/445 447/488/447
f 421/461/421 49/53/49 448/489/448
f 422/462/422 419/459/419 446/487/446
f 422/462/422 446/487/446 449/490/449
f 423/463/423 420/460/420 447/488/447
f 423/463/423 447/488/447 450/491/450
f 424/464/424 421/461/421 448/489/448
f 424/464/424 448/489/448 451/492/451
f 425/465/425 422/462/422 449/490/449
f 425/465/425 449/490/449 452/493/452
f 426/466/426 423/463/423 450/491/450
f 426/466/426 450/491/450 453/494/453
f 427/467/427 424/464/424 451/492/451
f 427/467/427 451/492/451 454/495/454
f 428/468/428 425/465/425 452/493/452
f 428/468/428 452/493/452 455/496/455
f 429/469/429 426/466/426 453/494/453
f 429/469/429 453/494/453 456/497/456
f 430/470/430 427/467/427 454/495/454
f 430/470/430 454/495/454 457/498/457
f 431/471/431 428/468/428 455/496/455
f 431/471/431 455/496/455 458/499/458
f 432/472/432 429/469/429 456/497/456
f 432/472/432 456/497/456 459/500/459
f 433/473/433 430/470/430 457/498/457
f 433/473/433 457/498/457 460/501/460
f 9/9/9 431/471/431 458/499/458
f 434/474/434 432/472/432 459/500/459
f 434/474/434 459/500/459 461/502/461
f 435/475/435 433/473/433 460/501/460
f 435/475/435 460/501/460 462/503/462
f 436/476/436 434/474/434 461/502/461
f 436/476/436 461/502/461 463/504/463
f 406/444/406 435/475/435 462/503/462
f 406/444/406 462/503/462 464/505/464
f 408/446/408 436/476/436 463/504/463
f 408/446/408 463/504/463 465/506/465
f 407/445/407 406/444/406 464/505/464
f 407/445/407 464/505/464 466/507/466
f 409/447/409 408/446/408 465/506/465
f 409/447/409 465/506/465 467/508/467
f 410/448/410 407/445/407 466/507/466
f 410/448/410 466/507/466 437/509/437
f 411/449/411 409/447/409 467/508/467
f 411/449/411 467/508/467 439/479/439
f 443/484/443 441/481/441 468/510/468
f 443/484/443 468/510/468 469/511/469
f 444/485/444 442/483/442 470/512/470
f 444/485/444 470/512/470 471/513/471
f 445/486/445 443/484/443 469/511/469
f 445/486/445 469/511/469 472/514/472
f 446/487/446 444/485/444 471/513/471
f 446/487/446 471/513/471 473/515/473
f 447/488/447 445/486/445 472/514/472
f 447/488/447 472/514/472 474/516/474
f 448/489/448 49/53/49 475/517/475
f 449/490/449 446/487/446 473/515/473
f 449/490/449 473/515/473 476/518/476
f 450/491/450 447/488/447 474/516/474
f 450/491/450 474/516/474 477/519/477
f 451/492/451 448/489/448 475/517/475
f 451/492/451 475/517/475 478/520/478
f 452/493/452 449/490/449 476/518/476
f 452/493/452 476/518/476 479/521/479
f 453/494/453 450/491/450 477/519/477
f 453/494/453 477/519/477 480/522/480
f 454/495/454 451/492/451 478/520/478
f 454/495/454 478/520/478 481/523/481
f 455/496/455 452/493/452 479/521/479
f 455/496/455 479/521/479 482/524/482
f 456/497/456 453/494/453 480/522/480
f 456/497/456 480/522/480 483/525/483
f 457/498/457 454/495/454 481/523/481
f 457/498/457 481/523/481 484/526/484
f 458/499/458 455/496/455 482/524/482
f 458/499/458 482/524/482 485/527/485
f 459/500/459 456/497/456 483/525/483
f 459/500/459 483/525/483 486/528/486
f 460/501/460 457/498/457 484/526/484
f 460/501/460 484/526/484 487/529/487
f 9/9/9 458/499/458 485/527/485
f 461/502/461 459/500/459 486/528/486
f 461/502/461 486/528/486 488/530/488
f 462/503/462 460/501/460 487/529/487
f 462/503/462 487/529/487 489/531/489
f 463/504/463 461/502/461 488/530/488
f 463/504/463 488/530/488 490/532/490
f 464/505/464 462/503/462 489/531/489
f 464/505/464 489/531/489 491/533/491
f 465/506/465 463/504/463 490/532/490
f 465/506/465 490/532/490 492/534/492
f 466/507/466 464/505/464 491/533/491
f 466/507/466 491/533/491 493/535/493
f 467/508/467 465/506/465 492/534/492
f 467/508/467 492/534/492 494/536/494
f 437/509/437 466/507/466 493/535/493
f 437/509/437 493/535/493 495/537/495
f 439/479/439 467/508/467 494/536/494
f 439/479/439 494/536/494 496/538/496
f 438/478/438 437/477/437 495/539/495
f 438/478/438 495/539/495 497/540/497
f 440/482/440 439/541/439 496/542/496
f 440/482/440 496/542/496 498/543/498
f 441/481/441 438/478/438 497/540/497
f 441/481/441 497/540/497 468/510/468
f 442/483/442 440/482/440 498/543/498
f 442/483/442 498/543/498 470/512/470
f 474/516/474 472/514/472 499/544/499
f 474/516/474 499/544/499 500/545/500
f 475/517/475 49/53/49 501/546/501
f 476/518/476 473/515/473 502/547/502
f 476/518/476 502/547/502 503/548/503
f 477/519/477 474/516/474 500/545/500
f 477/519/477 500/545/500 504/549/504
f 478/520/478 475/517/475 501/546/501
f 478/520/478 501/546/501 505/550/505
f 479/521/479 476/518/476 503/548/503
f 479/521/479 503/548/503 506/551/506
f 480/522/480 477/519/477 504/549/504
f 480/522/480 504/549/504 507/552/507
f 481/523/481 478/520/478 505/550/505
f 481/523/481 505/550/505 508/553/508
f 482/524/482 479/521/479 506/551/506
f 482/524/482 506/551/506 509/554/509
f 483/525/483 480/522/480 507/552/507
f 483/525/483 507/552/507 510/555/510
f 484/526/484 481/523/481 508/553/508
f 484/526/484 508/553/508 511/556/511
f 485/527/485 482/524/482 509/554/509
f 485/527/485 509/554/509 512/557/512
f 486/528/486 483/525/483 510/555/510
f 486/528/486 510/555/510 513/558/513
f 487/529/487 484/526/484 511/556/511
f 487/529/487 511/556/511 514/559/514
f 9/9/9 485/527/485 512/557/512
f 488/530/488 486/528/486 513/558/513
f 488/530/488 513/558/513 515/560/515
f 489/531/489 487/529/487 514/559/514
f 489/531/489 514/559/514 516/561/516
f 490/532/490 488/530/488 515/560/515
f 490/532/490 515/560/515 517/562/517
f 491/533/491 489/531/489 516/561/516
f 491/533/491 516/561/516 518/563/518
f 492/534/492 490/532/490 517/562/517
f 492/534/492 517/562/517 519/564/519
f 493/535/493 491/533/491 518/563/518
f 493/535/493 518/563/518 520/565/520
f 494/536/494 492/534/492 519/564/519
f 494/536/494 519/564/519 521/566/521
f 495/537/495 493/535/493 520/565/520
f 495/537/495 520/565/520 522/567/522
f 496/538/496 494/536/494 521/566/521
f 496/538/496 521/566/521 523/568/523
f 497/569/497 495/537/495 522/567/522
f 497/569/497 522/567/522 524/570/524
f 498/543/498 496/542/496 523/571/523
f 498/543/498 523/571/523 525/572/525
f 468/510/468 497/540/497 524/573/524
f 468/510/468 524/573/524 526/574/526
f 470/512/470 498/543/498 525/572/525
f 470/512/470 525/572/525 527/575/527
f 469/511/469 468/510/468 526/574/526
f 469/511/469 526/574/526 528/576/528
f 471/513/471 470/512/470 527/575/527
f 471/513/471 527/575/527 529/577/529
f 472/514/472 469/511/469 528/576/528
f 472/514/472 528/576/528 499/544/499
f 473/515/473 471/513/471 529/577/529
f 473/515/473 529/577/529 502/547/502
f 507/552/507 504/549/504 530/578/530
f 507/552/507 530/578/530 531/579/531
f 508/553/508 505/550/505 532/580/532
f 508/553/508 532/580/532 533/581/533
f 509/554/509 506/551/506 534/582/534
f 509/554/509 534/582/534 535/583/535
f 510/555/510 507/552/507 531/579/531
f 510/555/510 531/579/531 536/584/536
f 511/556/511 508/553/508 533/581/533
f 511/556/511 533/581/533 537/585/537
f 512/557/512 509/554/509 535/583/535
f 512/557/512 535/583/535 538/586/538
f 513/558/513 510/555/510 536/584/536
f 513/587/513 536/588/536 539/589/539
f 514/559/514 511/556/511 537/585/537
f 514/559/514 537/585/537 540/590/540
f 9/9/9 512/557/512 538/586/538
f 515/591/515 513/587/513 539/589/539
f 515/591/515 539/589/539 541/592/541
f 516/561/516 514/559/514 540/590/540
f 516/561/516 540/590/540 542/593/542
f 517/594/517 515/591/515 541/592/541
f 517/594/517 541/592/541 543/595/543
f 518/563/518 516/561/516 542/593/542
f 518/563/518 542/593/542 544/596/544
f 519/597/519 517/594/517 543/595/543
f 519/597/519 543/595/543 545/598/545
f 520/565/520 518/563/518 544/596/544
f 520/565/520 544/596/544 546/599/546
f 521/600/521 519/597/519 545/598/545
f 521/600/521 545/598/545 547/601/547
f 522/567/522 520/565/520 546/599/546
f 522/567/522 546/599/546 548/602/548
f 523/603/523 521/600/521 547/601/547
f 523/603/523 547/601/547 549/604/549
f 524/570/524 522/567/522 548/602/548
f 524/570/524 548/602/548 550/605/550
f 525/572/525 523/571/523 549/606/549
f 525/572/525 549/606/549 551/607/551
f 526/608/526 524/609/524 550/610/550
f 526/608/526 550/610/550 552/611/552
f 527/575/527 525/572/525 551/607/551
f 527/575/527 551/607/551 553/612/553
f 528/613/528 526/608/526 552/611/552
f 528/613/528 552/611/552 554/614/554
f 529/577/529 527/575/527 553/612/553
f 529/577/529 553/612/553 555/615/555
f 499/616/499 528/613/528 554/614/554
f 499/616/499 554/614/554 556/617/556
f 502/547/502 529/577/529 555/615/555
f 502/547/502 555/615/555 557/618/557
f 500/619/500 499/616/499 556/617/556
f 500/619/500 556/617/556 558/620/558
f 501/546/501 49/53/49 559/621/559
f 503/548/503 502/547/502 557/618/557
f 503/548/503 557/618/557 560/622/560
f 504/623/504 500/619/500 558/620/558
f 504/549/504 558/624/558 530/578/530
f 505/550/505 501/546/501 559/621/559
f 505/550/505 559/621/559 532/580/532
f 506/551/506 503/548/503 560/622/560
f 506/551/506 560/622/560 534/582/534
f 539/589/539 536/588/536 561/625/561
f 539/589/539 561/625/561 562/626/562
f 540/590/540 537/585/537 563/627/563
f 540/590/540 563/627/563 564/628/564
f 9/9/9 538/586/538 565/629/565
f 541/592/541 539/589/539 562/626/562
f 541/592/541 562/626/562 566/630/566
f 542/593/542 540/590/540 564/628/564
f 542/593/542 564/628/564 567/631/567
f 543/595/543 541/592/541 566/630/566
f 543/595/543 566/630/566 568/632/568
f 544/596/544 542/593/542 567/631/567
f 544/596/544 567/631/567 569/633/569
f 545/598/545 543/595/543 568/632/568
f 545/598/545 568/632/568 570/634/570
f 546/599/546 544/596/544 569/633/569
f 546/599/546 569/633/569 571/635/571
f 547/601/547 545/598/545 570/634/570
f 547/601/547 570/634/570 572/636/572
f 548/602/548 546/599/546 571/635/571
f 548/602/548 571/635/571 573/637/573
f 549/604/549 547/601/547 572/636/572
f 549/604/549 572/636/572 574/638/574
f 550/605/550 548/602/548 573/637/573
f 550/605/550 573/637/573 575/639/575
f 551/607/551 549/606/549 574/640/574
f 551/607/551 574/640/574 576/641/576
f 552/611/552 550/610/550 575/642/575
f 552/611/552 575/642/575 577/643/577
f 553/612/553 551/607/551 576/641/576
f 553/612/553 576/641/576 578/644/578
f 554/614/554 552/611/552 577/643/577
f 554/614/554 577/643/577 579/645/579
f 555/615/555 553/612/553 578/644/578
f 555/615/555 578/644/578 580/646/580
f 556/617/556 554/614/554 579/645/579
f 556/617/556 579/645/579 581/647/581
f 557/618/557 555/615/555 580/646/580
f 557/618/557 580/646/580 582/648/582
f 558/620/558 556/617/556 581/647/581
f 558/620/558 581/647/581 583/649/583
f 559/621/559 49/53/49 584/650/584
f 560/622/560 557/618/557 582/648/582
f 560/622/560 582/648/582 585/651/585
f 530/652/530 558/620/558 583/649/583
f 530/652/530 583/649/583 586/653/586
f 532/580/532 559/621/559 584/650/584
f 532/580/532 584/650/584 587/654/587
f 534/582/534 560/622/560 585/651/585
f 534/582/534 585/651/585 588/655/588
f 531/656/531 530/652/530 586/653/586
f 531/656/531 586/653/586 589/657/589
f 533/581/533 532/580/532 587/654/587
f 533/581/533 587/654/587 590/658/590
f 535/583/535 534/582/534 588/655/588
f 535/583/535 588/655/588 591/659/591
f 536/588/536 531/656/531 589/657/589
f 536/588/536 589/657/589 561/625/561
f 537/585/537 533/581/533 590/658/590
f 537/585/537 590/658/590 563/627/563
f 538/586/538 535/583/535 591/659/591
f 538/586/538 591/659/591 565/629/565
f 568/632/568 566/630/566 592/660/592
f 568/632/568 592/660/592 593/661/593
f 569/633/569 567/631/567 594/662/594
f 569/633/569 594/662/594 595/663/595
f 570/634/570 568/632/568 593/661/593
f 570/634/570 593/661/593 596/664/596
f 571/635/571 569/633/569 595/663/595
f 571/635/571 595/663/595 597/665/597
f 572/636/572 570/634/570 596/664/596
f 572/636/572 596/664/596 598/666/598
f 573/637/573 571/635/571 597/665/597
f 573/637/573 597/665/597 599/667/599
f 574/638/574 572/636/572 598/666/598
f 574/638/574 598/666/598 600/668/600
f 575/642/575 573/669/573 599/670/599
f 575/642/575 599/670/599 601/671/601
f 576/641/576 574/640/574 600/672/600
f 576/641/576 600/672/600 602/673/602
f 577/643/577 575/642/575 601/671/601
f 577/643/577 601/671/601 603/674/603
f 578/644/578 576/641/576 602/673/602
f 578/644/578 602/673/602 604/675/604
f 579/645/579 577/643/577 603/674/603
f 579/645/579 603/674/603 605/676/605
f 580/646/580 578/644/578 604/675/604
f 580/646/580 604/675/604 606/677/606
f 581/647/581 579/645/579 605/676/605
f 581/647/581 605/676/605 607/678/607
f 582/648/582 580/646/580 606/677/606
f 582/648/582 606/677/606 608/679/608
f 583/649/583 581/647/581 607/678/607
f 583/649/583 607/678/607 609/680/609
f 584/650/584 49/53/49 610/681/610
f 585/651/585 582/648/582 608/679/608
f 585/651/585 608/679/608 611/682/611
f 586/653/586 583/649/583 609/680/609
f 586/653/586 609/680/609 612/683/612
f 587/654/587 584/650/584 610/681/610
f 587/654/587 610/681/610 613/684/613
f 588/655/588 585/651/585 611/682/611
f 588/655/588 611/682/611 614/685/614
f 589/657/589 586/653/586 612/683/612
f 589/657/589 612/683/612 615/686/615
f 590/658/590 587/654/587 613/684/613
f 590/658/590 613/684/613 616/687/616
f 591/659/591 588/655/588 614/685/614
f 591/659/591 614/685/614 617/688/617
f 561/625/561 589/657/589 615/686/615
f 561/625/561 615/686/615 618/689/618
f 563/627/563 590/658/590 616/687/616
f 563/627/563 616/687/616 619/690/619
f 565/629/565 591/659/591 617/688/617
f 565/629/565 617/688/617 620/691/620
f 562/626/562 561/625/561 618/689/618
f 562/626/562 618/689/618 621/692/621
f 564/628/564 563/627/563 619/690/619
f 564/628/564 619/690/619 622/693/622
f 9/9/9 565/629/565 620/691/620
f 566/630/566 562/626/562 621/692/621
f 566/630/566 621/692/621 592/660/592
f 567/631/567 564/628/564 622/693/622
f 567/631/567 622/693/622 594/662/594
f 598/666/598 596/664/596 623/694/623
f 598/666/598 623/694/623 624/695/624
f 599/667/599 597/665/597 625/696/625
f 599/667/599 625/696/625 626/697/626
f 600/668/600 598/666/598 624/695/624
f 600/668/600 624/695/624 627/698/627
f 601/671/601 599/670/599 626/699/626
f 601/671/601 626/699/626 628/700/628
f 602/701/602 600/668/600 627/698/627
f 602/701/602 627/698/627 629/702/629
f 603/674/603 601/671/601 628/700/628
f 603/674/603 628/700/628 630/703/630
f 604/675/604 602/673/602 629/704/629
f 604/675/604 629/704/629 631/705/631
f 605/676/605 603/674/603 630/703/630
f 605/676/605 630/703/630 632/706/632
f 606/677/606 604/675/604 631/705/631
f 606/677/606 631/705/631 633/707/633
f 607/678/607 605/676/605 632/706/632
f 607/678/607 632/706/632 634/708/634
f 608/679/608 606/677/606 633/707/633
f 608/679/608 633/707/633 635/709/635
f 609/680/609 607/678/607 634/708/634
f 609/680/609 634/708/634 636/710/636
f 610/681/610 49/53/49 637/711/637
f 611/682/611 608/679/608 635/709/635
f 611/682/611 635/709/635 638/712/638
f 612/683/612 609/680/609 636/710/636
f 612/683/612 636/710/636 639/713/639
f 613/684/613 610/681/610 637/711/637
f 613/684/613 637/711/637 640/714/640
f 614/685/614 611/682/611 638/712/638
f 614/685/614 638/712/638 641/715/641
f 615/686/615 612/683/612 639/713/639
f 615/686/615 639/713/639 642/716/642
f 616/687/616 613/684/613 640/714/640
f 616/687/616 640/714/640 643/717/643
f 617/688/617 614/685/614 641/715/641
f 617/688/617 641/715/641 644/718/644
f 618/689/618 615/686/615 642/716/642
f 618/689/618 642/716/642 645/719/645
f 619/690/619 616/687/616 643/717/643
f 619/690/619 643/717/643 646/720/646
f 620/691/620 617/688/617 644/718/644
f 620/691/620 644/718/644 647/721/647
f 621/692/621 618/689/618 645/719/645
f 621/692/621 645/719/645 648/722/648
f 622/693/622 619/690/619 646/720/646
f 622/693/622 646/720/646 649/723/649
f 9/9/9 620/691/620 647/721/647
f 592/660/592 621/692/621 648/722/648
f 592/660/592 648/722/648 650/724/650
f 594/662/594 622/693/622 649/723/649
f 594/662/594 649/723/649 651/725/651
f 593/661/593 592/660/592 650/724/650
f 593/661/593 650/724/650 652/726/652
f 595/663/595 594/662/594 651/725/651
f 595/663/595 651/725/651 653/727/653
f 596/664/596 593/661/593 652/726/652
f 596/664/596 652/726/652 623/694/623
f 597/665/597 595/663/595 653/727/653
f 597/665/597 653/727/653 625/696/625
f 629/702/629 627/698/627 654/728/654
f 629/702/629 654/728/654 655/729/655
f 630/703/630 628/700/628 656/730/656
f 630/703/630 656/730/656 657/731/657
f 631/705/631 629/704/629 655/732/655
f 631/705/631 655/732/655 658/733/658
f 632/706/632 630/703/630 657/731/657
f 632/706/632 657/731/657 659/734/659
f 633/707/633 631/705/631 658/733/658
f 633/707/633 658/733/658 660/735/660
f 634/708/634 632/706/632 659/734/659
f 634/708/634 659/734/659 661/736/661
f 635/709/635 633/707/633 660/735/660
f 635/709/635 660/735/660 662/737/662
f 636/710/636 634/708/634 661/736/661
f 636/710/636 661/736/661 663/738/663
f 637/711/637 49/53/49 664/739/664
f 638/712/638 635/709/635 662/737/662
f 638/712/638 662/737/662 665/740/665
f 639/713/639 636/710/636 663/738/663
f 639/713/639 663/738/663 666/741/666
f 640/714/640 637/711/637 664/739/664
f 640/714/640 664/739/664 667/742/667
f 641/715/641 638/712/638 665/740/665
f 641/715/641 665/740/665 668/743/668
f 642/716/642 639/713/639 666/741/666
f 642/716/642 666/741/666 669/744/669
f 643/717/643 640/714/640 667/742/667
f 643/717/643 667/742/667 670/745/670
f 644/718/644 641/715/641 668/743/668
f 644/718/644 668/743/668 671/746/671
f 645/719/645 642/716/642 669/744/669
f 645/719/645 669/744/669 672/747/672
f 646/720/646 643/717/643 670/745/670
f 646/720/646 670/745/670 673/748/673
f 647/721/647 644/718/644 671/746/671
f 647/721/647 671/746/671 674/749/674
f 648/722/648 645/719/645 672/747/672
f 648/722/648 672/747/672 675/750/675
f 649/723/649 646/720/646 673/748/673
f 649/723/649 673/748/673 676/751/676
f 9/9/9 647/721/647 674/749/674
f 650/724/650 648/722/648 675/750/675
f 650/724/650 675/750/675 677/752/677
f 651/725/651 649/723/649 676/751/676
f 651/725/651 676/751/676 678/753/678
f 652/726/652 650/724/650 677/752/677
f 652/726/652 677/752/677 679/754/679
f 653/727/653 651/725/651 678/753/678
f 653/727/653 678/753/678 680/755/680
f 623/694/623 652/726/652 679/754/679
f 623/694/623 679/754/679 681/756/681
f 625/696/625 653/727/653 680/755/680
f 625/696/625 680/755/680 682/757/682
f 624/695/624 623/694/623 681/756/681
f 624/695/624 681/756/681 683/758/683
f 626/697/626 625/696/625 682/757/682
f 626/697/626 682/757/682 684/759/684
f 627/698/627 624/695/624 683/758/683
f 627/698/627 683/758/683 654/728/654
f 628/700/628 626/699/626 684/760/684
f 628/700/628 684/760/684 656/730/656
f 660/735/660 658/733/658 685/761/685
f 660/735/660 685/761/685 686/762/686
f 661/736/661 659/734/659 687/763/687
f 661/736/661 687/763/687 688/764/688
f 662/737/662 660/735/660 686/762/686
f 662/737/662 686/762/686 689/765/689
f 663/738/663 661/736/661 688/764/688
f 663/738/663 688/764/688 690/766/690
f 664/739/664 49/53/49 691/767/691
f 665/740/665 662/737/662 689/765/689
f 665/740/665 689/765/689 692/768/692
f 666/741/666 663/738/663 690/766/690
f 666/741/666 690/766/690 693/769/693
f 667/742/667 664/739/664 691/767/691
f 667/742/667 691/767/691 694/770/694
f 668/743/668 665/740/665 692/768/692
f 668/743/668 692/768/692 695/771/695
f 669/744/669 666/741/666 693/769/693
f 669/744/669 693/769/693 696/772/696
f 670/745/670 667/742/667 694/770/694
f 670/745/670 694/770/694 697/773/697
f 671/746/671 668/743/668 695/771/695
f 671/746/671 695/771/695 698/774/698
f 672/747/672 669/744/669 696/772/696
f 672/747/672 696/772/696 699/775/699
f 673/748/673 670/745/670 697/773/697
f 673/748/673 697/773/697 700/776/700
f 674/749/674 671/746/671 698/774/698
f 674/749/674 698/774/698 701/777/701
f 675/750/675 672/747/672 699/775/699
f 675/750/675 699/775/699 702/778/702
f 676/751/676 673/748/673 700/776/700
f 676/751/676 700/776/700 703/779/703
f 9/9/9 674/749/674 701/777/701
f 677/752/677 675/750/675 702/778/702
f 677/752/677 702/778/702 704/780/704
f 678/753/678 676/751/676 703/779/703
f 678/753/678 703/779/703 705/781/705
f 679/754/679 677/752/677 704/780/704
f 679/754/679 704/780/704 706/782/706
f 680/755/680 678/753/678 705/781/705
f 680/755/680 705/781/705 707/783/707
f 681/756/681 679/754/679 706/782/706
f 681/756/681 706/782/706 708/784/708
f 682/757/682 680/755/680 707/783/707
f 682/757/682 707/783/707 709/785/709
f 683/758/683 681/756/681 708/784/708
f 683/758/683 708/784/708 710/786/710
f 684/759/684 682/757/682 709/785/709
f 684/759/684 709/785/709 711/787/711
f 654/728/654 683/758/683 710/786/710
f 654/728/654 710/786/710 712/788/712
f 656/730/656 684/760/684 711/789/711
f 656/730/656 711/789/711 713/790/713
f 655/729/655 654/728/654 712/788/712
f 655/729/655 712/788/712 714/791/714
f 657/731/657 656/730/656 713/790/713
f 657/731/657 713/790/713 715/792/715
f 658/733/658 655/732/655 714/793/714
f 658/733/658 714/793/714 685/761/685
f 659/734/659 657/731/657 715/792/715
f 659/734/659 715/792/715 687/763/687
f 692/768/692 689/765/689 716/794/716
f 692/768/692 716/794/716 717/795/717
f 693/769/693 690/766/690 718/796/718
f 693/769/693 718/796/718 719/797/719
f 694/770/694 691/767/691 720/798/720
f 694/770/694 720/798/720 721/799/721
f 695/771/695 692/768/692 717/795/717
f 695/771/695 717/795/717 722/800/722
f 696/772/696 693/769/693 719/797/719
f 696/772/696 719/797/719 723/801/723
f 697/773/697 694/770/694 721/799/721
f 697/773/697 721/799/721 724/802/724
f 698/774/698 695/771/695 722/800/722
f 698/774/698 722/800/722 725/803/725
f 699/775/699 696/772/696 723/801/723
f 699/775/699 723/801/723 726/804/726
f 700/776/700 697/773/697 724/802/724
f 700/776/700 724/802/724 727/805/727
f 701/777/701 698/774/698 725/803/725
f 701/777/701 725/803/725 728/806/728
f 702/778/702 699/775/699 726/804/726
f 702/778/702 726/804/726 729/807/729
f 703/779/703 700/776/700 727/805/727
f 703/779/703 727/805/727 730/808/730
f 9/9/9 701/777/701 728/806/728
f 704/780/704 702/778/702 729/807/729
f 704/780/704 729/807/729 731/809/731
f 705/781/705 703/779/703 730/808/730
f 705/781/705 730/808/730 732/810/732
f 706/782/706 704/780/704 731/809/731
f 706/782/706 731/809/731 733/811/733
f 707/783/707 705/781/705 732/810/732
f 707/783/707 732/810/732 734/812/734
f 708/784/708 706/782/706 733/811/733
f 708/784/708 733/811/733 735/813/735
f 709/785/709 707/783/707 734/812/734
f 709/785/709 734/812/734 736/814/736
f 710/786/710 708/784/708 735/813/735
f 710/786/710 735/813/735 737/815/737
f 711/789/711 709/816/709 736/817/736
f 711/789/711 736/817/736 738/818/738
f 712/788/712 710/786/710 737/815/737
f 712/788/712 737/815/737 739/819/739
f 713/790/713 711/789/711 738/818/738
f 713/790/713 738/818/738 740/820/740
f 714/791/714 712/788/712 739/819/739
f 714/791/714 739/819/739 741/821/741
f 715/792/715 713/790/713 740/820/740
f 715/792/715 740/820/740 742/822/742
f 685/761/685 714/793/714 741/823/741
f 685/761/685 741/823/741 743/824/743
f 687/763/687 715/792/715 742/822/742
f 687/763/687 742/822/742 744/825/744
f 686/762/686 685/761/685 743/824/743
f 686/762/686 743/824/743 745/826/745
f 688/764/688 687/763/687 744/825/744
f 688/764/688 744/825/744 746/827/746
f 689/765/689 686/762/686 745/826/745
f 689/765/689 745/826/745 716/794/716
f 690/766/690 688/764/688 746/827/746
f 690/766/690 746/827/746 718/796/718
f 691/767/691 49/53/49 720/798/720
f 725/803/725 722/800/722 747/828/747
f 725/803/725 747/828/747 748/829/748
f 726/804/726 723/801/723 749/830/749
f 726/804/726 749/830/749 750/831/750
f 727/805/727 724/802/724 751/832/751
f 727/805/727 751/832/751 752/833/752
f 728/806/728 725/803/725 748/829/748
f 728/806/728 748/829/748 753/834/753
f 729/807/729 726/804/726 750/831/750
f 729/807/729 750/831/750 754/835/754
f 730/808/730 727/805/727 752/833/752
f 730/808/730 752/833/752 755/836/755
f 9/9/9 728/806/728 753/834/753
f 731/809/731 729/807/729 754/835/754
f 731/809/731 754/835/754 756/837/756
f 732/810/732 730/808/730 755/836/755
f 732/810/732 755/836/755 757/838/757
f 733/811/733 731/809/731 756/837/756
f 733/811/733 756/837/756 758/839/758
f 734/812/734 732/810/732 757/838/757
f 734/812/734 757/838/757 759/840/759
f 735/813/735 733/811/733 758/839/758
f 735/813/735 758/839/758 760/841/760
f 736/814/736 734/812/734 759/840/759
f 736/814/736 759/840/759 761/842/761
f 737/815/737 735/813/735 760/841/760
f 737/815/737 760/841/760 762/843/762
f 738/818/738 736/817/736 761/844/761
f 738/818/738 761/844/761 763/845/763
f 739/819/739 737/815/737 762/843/762
f 739/819/739 762/843/762 764/846/764
f 740/820/740 738/818/738 763/845/763
f 740/820/740 763/845/763 765/847/765
f 741/821/741 739/819/739 764/846/764
f 741/821/741 764/846/764 766/848/766
f 742/822/742 740/820/740 765/847/765
f 742/822/742 765/847/765 767/849/767
f 743/824/743 741/823/741 766/850/766
f 743/824/743 766/850/766 768/851/768
f 744/825/744 742/822/742 767/849/767
f 744/825/744 767/849/767 769/852/769
f 745/826/745 743/824/743 768/851/768
f 745/826/745 768/851/768 770/853/770
f 746/827/746 744/825/744 769/852/769
f 746/827/746 769/852/769 771/854/771
f 716/794/716 745/826/745 770/853/770
f 716/794/716 770/853/770 772/855/772
f 718/796/718 746/827/746 771/854/771
f 718/796/718 771/854/771 773/856/773
f 720/798/720 49/53/49 774/857/774
f 717/795/717 716/794/716 772/855/772
f 717/795/717 772/855/772 775/858/775
f 719/797/719 718/796/718 773/856/773
f 719/797/719 773/856/773 776/859/776
f 721/799/721 720/798/720 774/857/774
f 721/799/721 774/857/774 777/860/777
f 722/800/722 717/795/717 775/858/775
f 722/800/722 775/858/775 747/828/747
f 723/801/723 719/797/719 776/859/776
f 723/801/723 776/859/776 749/830/749
f 724/802/724 721/799/721 777/860/777
f 724/802/724 777/860/777 751/832/751
f 9/9/9 753/834/753 778/861/778
f 756/837/756 754/835/754 779/862/779
f 756/837/756 779/862/779 780/863/780
f 757/838/757 755/836/755 781/864/781
f 757/838/757 781/864/781 782/865/782
f 758/839/758 756/837/756 780/863/780
f 758/839/758 780/863/780 783/866/783
f 759/840/759 757/838/757 782/865/782
f 759/840/759 782/865/782 784/867/784
f 760/841/760 758/839/758 783/866/783
f 760/841/760 783/866/783 785/868/785
f 761/842/761 759/840/759 784/867/784
f 761/842/761 784/867/784 786/869/786
f 762/843/762 760/841/760 785/868/785
f 762/843/762 785/868/785 787/870/787
f 763/845/763 761/844/761 786/871/786
f 763/845/763 786/871/786 788/872/788
f 764/846/764 762/843/762 787/870/787
f 764/846/764 787/870/787 789/873/789
f 765/847/765 763/845/763 788/872/788
f 765/847/765 788/872/788 790/874/790
f 766/848/766 764/846/764 789/873/789
f 766/848/766 789/873/789 791/875/791
f 767/849/767 765/847/765 790/874/790
f 767/849/767 790/874/790 792/876/792
f 768/851/768 766/850/766 791/877/791
f 768/851/768 791/877/791 793/878/793
f 769/852/769 767/849/767 792/876/792
f 769/852/769 792/876/792 794/879/794
f 770/853/770 768/851/768 793/878/793
f 770/853/770 793/878/793 795/880/795
f 771/854/771 769/852/769 794/879/794
f 771/854/771 794/879/794 796/881/796
f 772/855/772 770/853/770 795/880/795
f 772/855/772 795/880/795 797/882/797
f 773/856/773 771/854/771 796/881/796
f 773/856/773 796/881/796 798/883/798
f 774/857/774 49/53/49 799/884/799
f 775/858/775 772/855/772 797/882/797
f 775/858/775 797/882/797 800/885/800
f 776/859/776 773/856/773 798/883/798
f 776/859/776 798/883/798 801/886/801
f 777/860/777 774/857/774 799/884/799
f 777/860/777 799/884/799 802/887/802
f 747/828/747 775/858/775 800/885/800
f 747/828/747 800/885/800 803/888/803
f 749/830/749 776/859/776 801/886/801
f 749/830/749 801/886/801 804/889/804
f 751/832/751 777/860/777 802/887/802
f 751/832/751 802/887/802 805/890/805
f 748/829/748 747/828/747 803/888/803
f 748/829/748 803/888/803 806/891/806
f 750/831/750 749/830/749 804/889/804
f 750/831/750 804/889/804 807/892/807
f 752/833/752 751/832/751 805/890/805
f 752/833/752 805/890/805 808/893/808
f 753/834/753 748/829/748 806/891/806
f 753/834/753 806/891/806 778/861/778
f 754/835/754 750/831/750 807/892/807
f 754/835/754 807/892/807 779/862/779
f 755/836/755 752/833/752 808/893/808
f 755/836/755 808/893/808 781/864/781
f 785/868/785 783/866/783 809/894/809
f 785/868/785 809/894/809 810/895/810
f 786/869/786 784/867/784 811/896/811
f 786/869/786 811/896/811 812/897/812
f 787/870/787 785/868/785 810/895/810
f 787/870/787 810/895/810 813/898/813
f 788/872/788 786/871/786 812/899/812
f 788/872/788 812/899/812 814/900/814
f 789/873/789 787/870/787 813/898/813
f 789/873/789 813/898/813 815/901/815
f 790/874/790 788/872/788 814/900/814
f 790/874/790 814/900/814 816/902/816
f 791/875/791 789/873/789 815/901/815
f 791/875/791 815/901/815 817/903/817
f 792/876/792 790/874/790 816/902/816
f 792/876/792 816/902/816 818/904/818
f 793/878/793 791/877/791 817/905/817
f 793/878/793 817/905/817 819/906/819
f 794/879/794 792/876/792 818/904/818
f 794/879/794 818/904/818 820/907/820
f 795/880/795 793/878/793 819/906/819
f 795/880/795 819/906/819 821/908/821
f 796/881/796 794/879/794 820/907/820
f 796/881/796 820/907/820 822/909/822
f 797/882/797 795/880/795 821/908/821
f 797/882/797 821/908/821 823/910/823
f 798/883/798 796/881/796 822/909/822
f 798/883/798 822/909/822 824/911/824
f 799/884/799 49/53/49 825/912/825
f 800/885/800 797/882/797 823/910/823
f 800/885/800 823/910/823 826/913/826
f 801/886/801 798/883/798 824/911/824
f 801/886/801 824/911/824 827/914/827
f 802/887/802 799/884/799 825/912/825
f 802/887/802 825/912/825 828/915/828
f 803/888/803 800/885/800 826/913/826
f 803/888/803 826/913/826 829/916/829
f 804/889/804 801/886/801 827/914/827
f 804/889/804 827/914/827 830/917/830
f 805/890/805 802/887/802 828/915/828
f 805/890/805 828/915/828 831/918/831
f 806/891/806 803/888/803 829/916/829
f 806/891/806 829/916/829 832/919/832
f 807/892/807 804/889/804 830/917/830
f 807/892/807 830/917/830 833/920/833
f 808/893/808 805/890/805 831/918/831
f 808/893/808 831/918/831 834/921/834
f 778/861/778 806/891/806 832/919/832
f 778/861/778 832/919/832 835/922/835
f 779/862/779 807/892/807 833/920/833
f 779/862/779 833/920/833 836/923/836
f 781/864/781 808/893/808 834/921/834
f 781/864/781 834/921/834 837/924/837
f 9/9/9 778/861/778 835/922/835
f 780/863/780 779/862/779 836/923/836
f 780/863/780 836/923/836 838/925/838
f 782/865/782 781/864/781 837/924/837
f 782/865/782 837/924/837 839/926/839
f 783/866/783 780/863/780 838/925/838
f 783/866/783 838/925/838 809/894/809
f 784/867/784 782/865/782 839/926/839
f 784/867/784 839/926/839 811/896/811
f 814/900/814 812/899/812 840/927/840
f 814/900/814 840/927/840 841/928/841
f 815/901/815 813/898/813 842/929/842
f 815/901/815 842/929/842 843/930/843
f 816/902/816 814/900/814 841/928/841
f 816/902/816 841/928/841 844/931/844
f 817/903/817 815/901/815 843/930/843
f 817/903/817 843/930/843 845/932/845
f 818/904/818 816/902/816 844/931/844
f 818/904/818 844/931/844 846/933/846
f 819/906/819 817/905/817 845/934/845
f 819/906/819 845/934/845 847/935/847
f 820/907/820 818/904/818 846/933/846
f 820/907/820 846/933/846 848/936/848
f 821/908/821 819/906/819 847/935/847
f 821/908/821 847/935/847 849/937/849
f 822/909/822 820/907/820 848/936/848
f 822/909/822 848/936/848 850/938/850
f 823/910/823 821/908/821 849/937/849
f 823/910/823 849/937/849 851/939/851
f 824/911/824 822/909/822 850/938/850
f 824/911/824 850/938/850 852/940/852
f 825/912/825 49/53/49 853/941/853
f 826/913/826 823/910/823 851/939/851
f 826/913/826 851/939/851 854/942/854
f 827/914/827 824/911/824 852/940/852
f 827/914/827 852/940/852 855/943/855
f 828/915/828 825/912/825 853/941/853
f 828/915/828 853/941/853 856/944/856
f 829/916/829 826/913/826 854/942/854
f 829/916/829 854/942/854 857/945/857
f 830/917/830 827/914/827 855/943/855
f 830/917/830 855/943/855 858/946/858
f 831/918/831 828/915/828 856/944/856
f 831/918/831 856/944/856 859/947/859
f 832/919/832 829/916/829 857/945/857
f 832/919/832 857/945/857 860/948/860
f 833/920/833 830/917/830 858/946/858
f 833/920/833 858/946/858 861/949/861
f 834/921/834 831/918/831 859/947/859
f 834/921/834 859/947/859 862/950/862
f 835/922/835 832/919/832 860/948/860
f 835/922/835 860/948/860 863/951/863
f 836/923/836 833/920/833 861/949/861
f 836/923/836 861/949/861 864/952/864
f 837/924/837 834/921/834 862/950/862
f 837/924/837 862/950/862 865/953/865
f 9/9/9 835/922/835 863/951/863
f 838/925/838 836/923/836 864/952/864
f 838/925/838 864/952/864 866/954/866
f 839/926/839 837/924/837 865/953/865
f 839/926/839 865/953/865 867/955/867
f 809/894/809 838/925/838 866/954/866
f 809/894/809 866/954/866 868/956/868
f 811/896/811 839/926/839 867/955/867
f 811/896/811 867/955/867 869/957/869
f 810/895/810 809/894/809 868/956/868
f 810/895/810 868/956/868 870/958/870
f 812/897/812 811/896/811 869/957/869
f 812/897/812 869/957/869 840/959/840
f 813/898/813 810/895/810 870/958/870
f 813/898/813 870/958/870 842/929/842
f 846/933/846 844/931/844 871/960/871
f 846/933/846 871/960/871 872/961/872
f 847/935/847 845/934/845 873/962/873
f 847/935/847 873/962/873 874/963/874
f 848/936/848 846/933/846 872/961/872
f 848/936/848 872/961/872 875/964/875
f 849/937/849 847/935/847 874/963/874
f 849/937/849 874/963/874 876/965/876
f 850/938/850 848/936/848 875/964/875
f 850/938/850 875/964/875 877/966/877
f 851/939/851 849/937/849 876/965/876
f 851/939/851 876/965/876 878/967/878
f 852/940/852 850/938/850 877/966/877
f 852/940/852 877/966/877 879/968/879
f 853/941/853 49/53/49 880/969/880
f 854/942/854 851/939/851 878/967/878
f 854/942/854 878/967/878 881/970/881
f 855/943/855 852/940/852 879/968/879
f 855/943/855 879/968/879 882/971/882
f 856/944/856 853/941/853 880/969/880
f 856/944/856 880/969/880 883/972/883
f 857/945/857 854/942/854 881/970/881
f 857/945/857 881/970/881 884/973/884
f 858/946/858 855/943/855 882/971/882
f 858/946/858 882/971/882 885/974/885
f 859/947/859 856/944/856 883/972/883
f 859/947/859 883/972/883 886/975/886
f 860/948/860 857/945/857 884/973/884
f 860/948/860 884/973/884 887/976/887
f 861/949/861 858/946/858 885/974/885
f 861/949/861 885/974/885 888/977/888
f 862/950/862 859/947/859 886/975/886
f 862/950/862 886/975/886 889/978/889
f 863/951/863 860/948/860 887/976/887
f 863/951/863 887/976/887 890/979/890
f 864/952/864 861/949/861 888/977/888
f 864/952/864 888/977/888 891/980/891
f 865/953/865 862/950/862 889/978/889
f 865/953/865 889/978/889 892/981/892
f 9/9/9 863/951/863 890/979/890
f 866/954/866 864/952/864 891/980/891
f 866/954/866 891/980/891 893/982/893
f 867/955/867 865/953/865 892/981/892
f 867/955/867 892/981/892 894/983/894
f 868/956/868 866/954/866 893/982/893
f 868/956/868 893/982/893 895/984/895
f 869/957/869 867/955/867 894/983/894
f 869/957/869 894/983/894 896/985/896
f 870/958/870 868/956/868 895/984/895
f 870/958/870 895/984/895 897/986/897
f 840/959/840 869/957/869 896/985/896
f 840/959/840 896/985/896 898/987/898
f 842/929/842 870/958/870 897/986/897
f 842/929/842 897/986/897 899/988/899
f 841/928/841 840/927/840 898/989/898
f 841/928/841 898/989/898 900/990/900
f 843/930/843 842/929/842 899/988/899
f 843/930/843 899/988/899 901/991/901
f 844/931/844 841/928/841 900/990/900
f 844/931/844 900/990/900 871/960/871
f 845/932/845 843/930/843 901/991/901
f 845/932/845 901/991/901 873/992/873
f 877/966/877 875/964/875 902/993/902
f 877/966/877 902/993/902 903/994/903
f 878/967/878 876/965/876 904/995/904
f 878/967/878 904/995/904 905/996/905
f 879/968/879 877/966/877 903/994/903
f 879/968/879 903/994/903 906/997/906
f 880/969/880 49/53/49 907/998/907
f 881/970/881 878/967/878 905/996/905
f 881/970/881 905/996/905 908/999/908
f 882/971/882 879/968/879 906/997/906
f 882/971/882 906/997/906 909/1000/909
f 883/972/883 880/969/880 907/998/907
f 883/972/883 907/998/907 910/1001/910
f 884/973/884 881/970/881 908/999/908
f 884/973/884 908/999/908 911/1002/911
f 885/974/885 882/971/882 909/1000/909
f 885/974/885 909/1000/909 912/1003/912
f 886/975/886 883/972/883 910/1001/910
f 886/975/886 910/1001/910 913/1004/913
f 887/976/887 884/973/884 911/1002/911
f 887/976/887 911/1002/911 914/1005/914
f 888/977/888 885/974/885 912/1003/912
f 888/977/888 912/1003/912 915/1006/915
f 889/978/889 886/975/886 913/1004/913
f 889/978/889 913/1004/913 916/1007/916
f 890/979/890 887/976/887 914/1005/914
f 890/979/890 914/1005/914 917/1008/917
f 891/980/891 888/977/888 915/1006/915
f 891/980/891 915/1006/915 918/1009/918
f 892/981/892 889/978/889 916/1007/916
f 892/981/892 916/1007/916 919/1010/919
f 9/9/9 890/979/890 917/1008/917
f 893/982/893 891/980/891 918/1009/918
f 893/982/893 918/1009/918 920/1011/920
f 894/983/894 892/981/892 919/1010/919
f 894/983/894 919/1010/919 921/1012/921
f 895/984/895 893/982/893 920/1011/920
f 895/984/895 920/1011/920 922/1013/922
f 896/985/896 894/983/894 921/1012/921
f 896/985/896 921/1012/921 923/1014/923
f 897/986/897 895/984/895 922/1013/922
f 897/986/897 922/1013/922 924/1015/924
f 898/987/898 896/985/896 923/1014/923
f 898/987/898 923/1014/923 925/1016/925
f 899/988/899 897/986/897 924/1015/924
f 899/988/899 924/1015/924 926/1017/926
f 900/1018/900 898/987/898 925/1016/925
f 900/1018/900 925/1016/925 927/1019/927
f 901/991/901 899/988/899 926/1017/926
f 901/991/901 926/1017/926 928/1020/928
f 871/960/871 900/990/900 927/1021/927
f 871/960/871 927/1021/927 929/1022/929
f 873/992/873 901/991/901 928/1020/928
f 873/992/873 928/1020/928 930/1023/930
f 872/961/872 871/960/871 929/1022/929
f 872/961/872 929/1022/929 931/1024/931
f 874/963/874 873/962/873 930/1025/930
f 874/963/874 930/1025/930 932/1026/932
f 875/964/875 872/961/872 931/1024/931
f 875/964/875 931/1024/931 902/993/902
f 876/965/876 874/963/874 932/1026/932
f 876/965/876 932/1026/932 904/995/904
f 909/1000/909 906/997/906 933/1027/933
f 909/1000/909 933/1027/933 934/1028/934
f 910/1001/910 907/998/907 935/1029/935
f 910/1001/910 935/1029/935 936/1030/936
f 911/1002/911 908/999/908 937/1031/937
f 911/1002/911 937/1031/937 938/1032/938
f 912/1003/912 909/1000/909 934/1028/934
f 912/1003/912 934/1028/934 939/1033/939
f 913/1004/913 910/1001/910 936/1030/936
f 913/1004/913 936/1030/936 940/1034/940
f 914/1005/914 911/1002/911 938/1032/938
f 914/1005/914 938/1032/938 941/1035/941
f 915/1006/915 912/1003/912 939/1033/939
f 915/1006/915 939/1033/939 942/1036/942
f 916/1007/916 913/1004/913 940/1034/940
f 916/1007/916 940/1034/940 943/1037/943
f 917/1008/917 914/1005/914 941/1035/941
f 917/1008/917 941/1035/941 944/1038/944
f 918/1009/918 915/1006/915 942/1036/942
f 918/1009/918 942/1036/942 945/1039/945
f 919/1010/919 916/1007/916 943/1037/943
f 919/1010/919 943/1037/943 946/1040/946
f 9/9/9 917/1008/917 944/1038/944
f 920/1011/920 918/1009/918 945/1039/945
f 920/1011/920 945/1039/945 947/1041/947
f 921/1012/921 919/1010/919 946/1040/946
f 921/1012/921 946/1040/946 948/1042/948
f 922/1013/922 920/1011/920 947/1041/947
f 922/1013/922 947/1041/947 949/1043/949
f 923/1014/923 921/1012/921 948/1042/948
f 923/1014/923 948/1042/948 950/1044/950
f 924/1015/924 922/1013/922 949/1043/949
f 924/1015/924 949/1043/949 951/1045/951
f 925/1016/925 923/1014/923 950/1044/950
f 925/1016/925 950/1044/950 952/1046/952
f 926/1017/926 924/1015/924 951/1045/951
f 926/1017/926 951/1045/951 953/1047/953
f 927/1019/927 925/1016/925 952/1046/952
f 927/1019/927 952/1046/952 954/1048/954
f 928/1020/928 926/1017/926 953/1047/953
f 928/1020/928 953/1047/953 955/1049/955
f 929/1022/929 927/1021/927 954/1050/954
f 929/1022/929 954/1050/954 956/1051/956
f 930/1023/930 928/1020/928 955/1049/955
f 930/1023/930 955/1049/955 957/1052/957
f 931/1024/931 929/1022/929 956/1051/956
f 931/1024/931 956/1051/956 958/1053/958
f 932/1026/932 930/1025/930 957/1054/957
f 932/1026/932 957/1054/957 959/1055/959
f 902/993/902 931/1024/931 958/1053/958
f 902/993/902 958/1053/958 960/1056/960
f 904/995/904 932/1026/932 959/1055/959
f 904/995/904 959/1055/959 961/1057/961
f 903/994/903 902/993/902 960/1056/960
f 903/994/903 960/1056/960 962/1058/962
f 905/996/905 904/995/904 961/1057/961
f 905/996/905 961/1057/961 963/1059/963
f 906/997/906 903/994/903 962/1058/962
f 906/997/906 962/1058/962 933/1027/933
f 907/998/907 49/53/49 935/1029/935
f 908/999/908 905/996/905 963/1059/963
f 908/999/908 963/1059/963 937/1031/937
f 942/1036/942 939/1033/939 964/1060/964
f 942/1036/942 964/1060/964 965/1061/965
f 943/1037/943 940/1034/940 966/1062/966
f 943/1037/943 966/1062/966 967/1063/967
f 944/1038/944 941/1035/941 968/1064/968
f 944/1038/944 968/1064/968 969/1065/969
f 945/1039/945 942/1036/942 965/1061/965
f 945/1039/945 965/1061/965 970/1066/970
f 946/1040/946 943/1037/943 967/1063/967
f 946/1040/946 967/1063/967 971/1067/971
f 9/9/9 944/1038/944 969/1065/969
f 947/1041/947 945/1039/945 970/1066/970
f 947/1041/947 970/1066/970 972/1068/972
f 948/1042/948 946/1040/946 971/1067/971
f 948/1042/948 971/1067/971 973/1069/973
f 949/1043/949 947/1041/947 972/1068/972
f 949/1043/949 972/1068/972 974/1070/974
f 950/1044/950 948/1042/948 973/1069/973
f 950/1044/950 973/1069/973 975/1071/975
f 951/1045/951 949/1043/949 974/1070/974
f 951/1045/951 974/1070/974 976/1072/976
f 952/1046/952 950/1044/950 975/1071/975
f 952/1046/952 975/1071/975 977/1073/977
f 953/1047/953 951/1045/951 976/1072/976
f 953/1047/953 976/1072/976 978/1074/978
f 954/1048/954 952/1046/952 977/1073/977
f 954/1048/954 977/1073/977 979/1075/979
f 955/1049/955 953/1047/953 978/1074/978
f 955/1049/955 978/1074/978 980/1076/980
f 956/1051/956 954/1050/954 979/1077/979
f 956/1051/956 979/1077/979 981/1078/981
f 957/1054/957 955/1079/955 980/1080/980
f 957/1054/957 980/1080/980 982/1081/982
f 958/1053/958 956/1051/956 981/1078/981
f 958/1053/958 981/1078/981 983/1082/983
f 959/1055/959 957/1054/957 982/1081/982
f 959/1055/959 982/1081/982 984/1083/984
f 960/1056/960 958/1053/958 983/1082/983
f 960/1056/960 983/1082/983 985/1084/985
f 961/1057/961 959/1055/959 984/1083/984
f 961/1057/961 984/1083/984 986/1085/986
f 962/1058/962 960/1056/960 985/1084/985
f 962/1058/962 985/1084/985 987/1086/987
f 963/1059/963 961/1057/961 986/1085/986
f 963/1059/963 986/1085/986 988/1087/988
f 933/1027/933 962/1058/962 987/1086/987
f 933/1027/933 987/1086/987 989/1088/989
f 935/1029/935 49/53/49 990/1089/990
f 937/1031/937 963/1059/963 988/1087/988
f 937/1031/937 988/1087/988 991/1090/991
f 934/1028/934 933/1027/933 989/1088/989
f 934/1028/934 989/1088/989 992/1091/992
f 936/1030/936 935/1029/935 990/1089/990
f 936/1030/936 990/1089/990 993/1092/993
f 938/1032/938 937/1031/937 991/1090/991
f 938/1032/938 991/1090/991 994/1093/994
f 939/1033/939 934/1028/934 992/1091/992
f 939/1033/939 992/1091/992 964/1060/964
f 940/1034/940 936/1030/936 993/1092/993
f 940/1034/940 993/1092/993 966/1062/966
f 941/1035/941 938/1032/938 994/1093/994
f 941/1035/941 994/1093/994 968/1064/968
f 972/1068/972 970/1066/970 995/1094/995
f 972/1068/972 995/1094/995 996/1095/996
f 973/1069/973 971/1067/971 997/1096/997
f 973/1069/973 997/1096/997 998/1097/998
f 974/1070/974 972/1068/972 996/1095/996
f 974/1070/974 996/1095/996 999/1098/999
f 975/1071/975 973/1069/973 998/1097/998
f 975/1071/975 998/1097/998 1000/1099/1000
f 976/1072/976 974/1070/974 999/1098/999
f 976/1072/976 999/1098/999 1001/1100/1001
f 977/1073/977 975/1071/975 1000/1099/1000
f 977/1073/977 1000/1099/1000 1002/1101/1002
f 978/1074/978 976/1072/976 1001/1100/1001
f 978/1074/978 1001/1100/1001 1003/1102/1003
f 979/1075/979 977/1073/977 1002/1101/1002
f 979/1075/979 1002/1101/1002 1004/1103/1004
f 980/1076/980 978/1074/978 1003/1102/1003
f 980/1076/980 1003/1102/1003 1005/1104/1005
f 981/1078/981 979/1077/979 1004/1105/1004
f 981/1078/981 1004/1105/1004 1006/1106/1006
f 982/1081/982 980/1080/980 1005/1107/1005
f 982/1081/982 1005/1107/1005 1007/1108/1007
f 983/1082/983 981/1078/981 1006/1106/1006
f 983/1082/983 1006/1106/1006 1008/1109/1008
f 984/1083/984 982/1081/982 1007/1108/1007
f 984/1083/984 1007/1108/1007 1009/1110/1009
f 985/1084/985 983/1082/983 1008/1109/1008
f 985/1084/985 1008/1109/1008 1010/1111/1010
f 986/1085/986 984/1083/984 1009/1110/1009
f 986/1085/986 1009/1110/1009 1011/1112/1011
f 987/1086/987 985/1084/985 1010/1111/1010
f 987/1086/987 1010/1111/1010 1012/1113/1012
f 988/1087/988 986/1085/986 1011/1112/1011
f 988/1087/988 1011/1112/1011 1013/1114/1013
f 989/1088/989 987/1086/987 1012/1113/1012
f 989/1088/989 1012/1113/1012 1014/1115/1014
f 990/1089/990 49/53/49 1015/1116/1015
f 991/1090/991 988/1087/988 1013/1114/1013
f 991/1090/991 1013/1114/1013 1016/1117/1016
f 992/1091/992 989/1088/989 1014/1115/1014
f 992/1091/992 1014/1115/1014 1017/1118/1017
f 993/1092/993 990/1089/990 1015/1116/1015
f 993/1092/993 1015/1116/1015 1018/1119/1018
f 994/1093/994 991/1090/991 1016/1117/1016
f 994/1093/994 1016/1117/1016 1019/1120/1019
f 964/1060/964 992/1091/992 1017/1118/1017
f 964/1060/964 1017/1118/1017 1020/1121/1020
f 966/1062/966 993/1092/993 1018/1119/1018
f 966/1062/966 1018/1119/1018 1021/1122/1021
f 968/1064/968 994/1093/994 1019/1120/1019
f 968/1064/968 1019/1120/1019 1022/1123/1022
f 965/1061/965 964/1060/964 1020/1121/1020
f 965/1061/965 1020/1121/1020 1023/1124/1023
f 967/1063/967 966/1062/966 1021/1122/1021
f 967/1063/967 1021/1122/1021 1024/1125/1024
f 969/1065/969 968/1064/968 1022/1123/1022
f 969/1065/969 1022/1123/1022 1025/1126/1025
f 970/1066/970 965/1061/965 1023/1124/1023
f 970/1066/970 1023/1124/1023 995/1094/995
f 971/1067/971 967/1063/967 1024/1125/1024
f 971/1067/971 1024/1125/1024 997/1096/997
f 9/9/9 969/1065/969 1025/1126/1025
f 1001/1100/1001 999/1098/999 1026/1127/1026
f 1001/1100/1001 1026/1127/1026 1027/1128/1027
f 1002/1101/1002 1000/1099/1000 1028/1129/1028
f 1002/1101/1002 1028/1129/1028 1029/1130/1029
f 1003/1102/1003 1001/1100/1001 1027/1128/1027
f 1003/1102/1003 1027/1128/1027 1030/1131/1030
f 1004/1103/1004 1002/1101/1002 1029/1130/1029
f 1004/1103/1004 1029/1130/1029 1031/1132/1031
f 1005/1107/1005 1003/1133/1003 1030/1134/1030
f 1005/1107/1005 1030/1134/1030 1032/1135/1032
f 1006/1136/1006 1004/1137/1004 1031/1138/1031
f 1006/1136/1006 1031/1138/1031 1033/1139/1033
f 1007/1108/1007 1005/1107/1005 1032/1135/1032
f 1007/1108/1007 1032/1135/1032 1034/1140/1034
f 1008/1141/1008 1006/1136/1006 1033/1139/1033
f 1008/1141/1008 1033/1139/1033 1035/1142/1035
f 1009/1110/1009 1007/1108/1007 1034/1140/1034
f 1009/1110/1009 1034/1140/1034 1036/1143/1036
f 1010/1144/1010 1008/1141/1008 1035/1142/1035
f 1010/1144/1010 1035/1142/1035 1037/1145/1037
f 1011/1112/1011 1009/1110/1009 1036/1143/1036
f 1011/1112/1011 1036/1143/1036 1038/1146/1038
f 1012/1147/1012 1010/1144/1010 1037/1145/1037
f 1012/1147/1012 1037/1145/1037 1039/1148/1039
f 1013/1114/1013 1011/1112/1011 1038/1146/1038
f 1013/1114/1013 1038/1146/1038 1040/1149/1040
f 1014/1150/1014 1012/1147/1012 1039/1148/1039
f 1014/1150/1014 1039/1148/1039 1041/1151/1041
f 1015/1116/1015 49/53/49 1042/1152/1042
f 1016/1117/1016 1013/1114/1013 1040/1149/1040
f 1016/1117/1016 1040/1149/1040 1043/1153/1043
f 1017/1154/1017 1014/1150/1014 1041/1151/1041
f 1017/1154/1017 1041/1151/1041 1044/1155/1044
f 1018/1119/1018 1015/1116/1015 1042/1152/1042
f 1018/1119/1018 1042/1152/1042 1045/1156/1045
f 1019/1120/1019 1016/1117/1016 1043/1153/1043
f 1019/1120/1019 1043/1153/1043 1046/1157/1046
f 1020/1158/1020 1017/1154/1017 1044/1155/1044
f 1020/1158/1020 1044/1155/1044 1047/1159/1047
f 1021/1122/1021 1018/1119/1018 1045/1156/1045
f 1021/1122/1021 1045/1156/1045 1048/1160/1048
f 1022/1123/1022 1019/1120/1019 1046/1157/1046
f 1022/1123/1022 1046/1157/1046 1049/1161/1049
f 1023/1124/1023 1020/1121/1020 1047/1162/1047
f 1023/1124/1023 1047/1162/1047 1050/1163/1050
f 1024/1125/1024 1021/1122/1021 1048/1160/1048
f 1024/1125/1024 1048/1160/1048 1051/1164/1051
f 1025/1126/1025 1022/1123/1022 1049/1161/1049
f 1025/1126/1025 1049/1161/1049 1052/1165/1052
f 995/1094/995 1023/1124/1023 1050/1163/1050
f 995/1094/995 1050/1163/1050 1053/1166/1053
f 997/1096/997 1024/1125/1024 1051/1164/1051
f 997/1096/997 1051/1164/1051 1054/1167/1054
f 9/9/9 1025/1126/1025 1052/1165/1052
f 996/1095/996 995/1094/995 1053/1166/1053
f 996/1095/996 1053/1166/1053 1055/1168/1055
f 998/1097/998 997/1096/997 1054/1167/1054
f 998/1097/998 1054/1167/1054 1056/1169/1056
f 999/1098/999 996/1095/996 1055/1168/1055
f 999/1098/999 1055/1168/1055 1026/1127/1026
f 1000/1099/1000 998/1097/998 1056/1169/1056
f 1000/1099/1000 1056/1169/1056 1028/1129/1028
f 1032/1135/1032 1030/1134/1030 1057/1170/1057
f 1032/1135/1032 1057/1170/1057 1058/1171/1058
f 1033/1139/1033 1031/1138/1031 1059/1172/1059
f 1033/1139/1033 1059/1172/1059 1060/1173/1060
f 1034/1140/1034 1032/1135/1032 1058/1171/1058
f 1034/1140/1034 1058/1171/1058 1061/1174/1061
f 1035/1142/1035 1033/1139/1033 1060/1173/1060
f 1035/1142/1035 1060/1173/1060 1062/1175/1062
f 1036/1143/1036 1034/1140/1034 1061/1174/1061
f 1036/1143/1036 1061/1174/1061 1063/1176/1063
f 1037/1145/1037 1035/1142/1035 1062/1175/1062
f 1037/1145/1037 1062/1175/1062 1064/1177/1064
f 1038/1146/1038 1036/1143/1036 1063/1176/1063
f 1038/1146/1038 1063/1176/1063 1065/1178/1065
f 1039/1148/1039 1037/1145/1037 1064/1177/1064
f 1039/1148/1039 1064/1177/1064 1066/1179/1066
f 1040/1149/1040 1038/1146/1038 1065/1178/1065
f 1040/1149/1040 1065/1178/1065 1067/1180/1067
f 1041/1151/1041 1039/1148/1039 1066/1179/1066
f 1041/1151/1041 1066/1179/1066 1068/1181/1068
f 1042/1152/1042 49/53/49 1069/1182/1069
f 1043/1153/1043 1040/1149/1040 1067/1180/1067
f 1043/1153/1043 1067/1180/1067 1070/1183/1070
f 1044/1155/1044 1041/1151/1041 1068/1181/1068
f 1044/1155/1044 1068/1181/1068 1071/1184/1071
f 1045/1156/1045 1042/1152/1042 1069/1182/1069
f 1045/1156/1045 1069/1182/1069 1072/1185/1072
f 1046/1157/1046 1043/1153/1043 1070/1183/1070
f 1046/1157/1046 1070/1183/1070 1073/1186/1073
f 1047/1159/1047 1044/1155/1044 1071/1184/1071
f 1047/1159/1047 1071/1184/1071 1074/1187/1074
f 1048/1160/1048 1045/1156/1045 1072/1185/1072
f 1048/1160/1048 1072/1185/1072 1075/1188/1075
f 1049/1161/1049 1046/1157/1046 1073/1186/1073
f 1049/1161/1049 1073/1186/1073 1076/1189/1076
f 1050/1190/1050 1047/1159/1047 1074/1187/1074
f 1050/1190/1050 1074/1187/1074 1077/1191/1077
f 1051/1164/1051 1048/1160/1048 1075/1188/1075
f 1051/1164/1051 1075/1188/1075 1078/1192/1078
f 1052/1165/1052 1049/1161/1049 1076/1189/1076
f 1052/1165/1052 1076/1189/1076 1079/1193/1079
f 1053/1194/1053 1050/1190/1050 1077/1191/1077
f 1053/1194/1053 1077/1191/1077 1080/1195/1080
f 1054/1167/1054 1051/1164/1051 1078/1192/1078
f 1054/1167/1054 1078/1192/1078 1081/1196/1081
f 9/9/9 1052/1165/1052 1079/1193/1079
f 1055/1197/1055 1053/1194/1053 1080/1195/1080
f 1055/1197/1055 1080/1195/1080 1082/1198/1082
f 1056/1169/1056 1054/1167/1054 1081/1196/1081
f 1056/1169/1056 1081/1196/1081 1083/1199/1083
f 1026/1200/1026 1055/1197/1055 1082/1198/1082
f 1026/1200/1026 1082/1198/1082 1084/1201/1084
f 1028/1129/1028 1056/1169/1056 1083/1199/1083
f 1028/1129/1028 1083/1199/1083 1085/1202/1085
f 1027/1203/1027 1026/1200/1026 1084/1201/1084
f 1027/1203/1027 1084/1201/1084 1086/1204/1086
f 1029/1130/1029 1028/1129/1028 1085/1202/1085
f 1029/1130/1029 1085/1202/1085 1087/1205/1087
f 1030/1206/1030 1027/1203/1027 1086/1204/1086
f 1030/1206/1030 1086/1204/1086 1057/1207/1057
f 1031/1132/1031 1029/1130/1029 1087/1205/1087
f 1031/1132/1031 1087/1205/1087 1059/1208/1059
f 1063/1176/1063 1061/1174/1061 1088/1209/1088
f 1063/1176/1063 1088/1209/1088 1089/1210/1089
f 1064/1177/1064 1062/1175/1062 1090/1211/1090
f 1064/1177/1064 1090/1211/1090 1091/1212/1091
f 1065/1178/1065 1063/1176/1063 1089/1210/1089
f 1065/1178/1065 1089/1210/1089 1092/1213/1092
f 1066/1179/1066 1064/1177/1064 1091/1212/1091
f 1066/1179/1066 1091/1212/1091 1093/1214/1093
f 1067/1180/1067 1065/1178/1065 1092/1213/1092
f 1067/1180/1067 1092/1213/1092 1094/1215/1094
f 1068/1181/1068 1066/1179/1066 1093/1214/1093
f 1068/1181/1068 1093/1214/1093 1095/1216/1095
f 1069/1182/1069 49/53/49 1096/1217/1096
f 1070/1183/1070 1067/1180/1067 1094/1215/1094
f 1070/1183/1070 1094/1215/1094 1097/1218/1097
f 1071/1184/1071 1068/1181/1068 1095/1216/1095
f 1071/1184/1071 1095/1216/1095 1098/1219/1098
f 1072/1185/1072 1069/1182/1069 1096/1217/1096
f 1072/1185/1072 1096/1217/1096 1099/1220/1099
f 1073/1186/1073 1070/1183/1070 1097/1218/1097
f 1073/1186/1073 1097/1218/1097 1100/1221/1100
f 1074/1187/1074 1071/1184/1071 1098/1219/1098
f 1074/1187/1074 1098/1219/1098 1101/1222/1101
f 1075/1188/1075 1072/1185/1072 1099/1220/1099
f 1075/1188/1075 1099/1220/1099 1102/1223/1102
f 1076/1189/1076 1073/1186/1073 1100/1221/1100
f 1076/1189/1076 1100/1221/1100 1103/1224/1103
f 1077/1191/1077 1074/1187/1074 1101/1222/1101
f 1077/1191/1077 1101/1222/1101 1104/1225/1104
f 1078/1192/1078 1075/1188/1075 1102/1223/1102
f 1078/1192/1078 1102/1223/1102 1105/1226/1105
f 1079/1193/1079 1076/1189/1076 1103/1224/1103
f 1079/1193/1079 1103/1224/1103 1106/1227/1106
f 1080/1195/1080 1077/1191/1077 1104/1225/1104
f 1080/1195/1080 1104/1225/1104 1107/1228/1107
f 1081/1196/1081 1078/1192/1078 1105/1226/1105
f 1081/1196/1081 1105/1226/1105 1108/1229/1108
f 9/9/9 1079/1193/1079 1106/1227/1106
f 1082/1198/1082 1080/1195/1080 1107/1228/1107
f 1082/1198/1082 1107/1228/1107 1109/1230/1109
f 1083/1199/1083 1081/1196/1081 1108/1229/1108
f 1083/1199/1083 1108/1229/1108 1110/1231/1110
f 1084/1201/1084 1082/1198/1082 1109/1230/1109
f 1084/1201/1084 1109/1230/1109 1111/1232/1111
f 1085/1202/1085 1083/1199/1083 1110/1231/1110
f 1085/1202/1085 1110/1231/1110 1112/1233/1112
f 1086/1204/1086 1084/1201/1084 1111/1232/1111
f 1086/1204/1086 1111/1232/1111 1113/1234/1113
f 1087/1205/1087 1085/1202/1085 1112/1233/1112
f 1087/1205/1087 1112/1233/1112 1114/1235/1114
f 1057/1207/1057 1086/1204/1086 1113/1234/1113
f 1057/1207/1057 1113/1234/1113 1115/1236/1115
f 1059/1208/1059 1087/1205/1087 1114/1235/1114
f 1059/1208/1059 1114/1235/1114 1116/1237/1116
f 1058/1238/1058 1057/1207/1057 1115/1236/1115
f 1058/1238/1058 1115/1236/1115 1117/1239/1117
f 1060/1173/1060 1059/1172/1059 1116/1240/1116
f 1060/1173/1060 1116/1240/1116 1118/1241/1118
f 1061/1174/1061 1058/1171/1058 1117/1242/1117
f 1061/1174/1061 1117/1242/1117 1088/1209/1088
f 1062/1175/1062 1060/1173/1060 1118/1241/1118
f 1062/1175/1062 1118/1241/1118 1090/1211/1090
f 1094/1215/1094 1092/1213/1092 1119/1243/1119
f 1094/1215/1094 1119/1243/1119 1120/1244/1120
f 1095/1216/1095 1093/1214/1093 1121/1245/1121
f 1095/1216/1095 1121/1245/1121 1122/1246/1122
f 1096/1217/1096 49/53/49 1123/1247/1123
f 1097/1218/1097 1094/1215/1094 1120/1244/1120
f 1097/1218/1097 1120/1244/1120 1124/1248/1124
f 1098/1219/1098 1095/1216/1095 1122/1246/1122
f 1098/1219/1098 1122/1246/1122 1125/1249/1125
f 1099/1220/1099 1096/1217/1096 1123/1247/1123
f 1099/1220/1099 1123/1247/1123 1126/1250/1126
f 1100/1221/1100 1097/1218/1097 1124/1248/1124
f 1100/1221/1100 1124/1248/1124 1127/1251/1127
f 1101/1222/1101 1098/1219/1098 1125/1249/1125
f 1101/1222/1101 1125/1249/1125 1128/1252/1128
f 1102/1223/1102 1099/1220/1099 1126/1250/1126
f 1102/1223/1102 1126/1250/1126 1129/1253/1129
f 1103/1224/1103 1100/1221/1100 1127/1251/1127
f 1103/1224/1103 1127/1251/1127 1130/1254/1130
f 1104/1225/1104 1101/1222/1101 1128/1252/1128
f 1104/1225/1104 1128/1252/1128 1131/1255/1131
f 1105/1226/1105 1102/1223/1102 1129/1253/1129
f 1105/1226/1105 1129/1253/1129 1132/1256/1132
f 1106/1227/1106 1103/1224/1103 1130/1254/1130
f 1106/1227/1106 1130/1254/1130 1133/1257/1133
f 1107/1228/1107 1104/1225/1104 1131/1255/1131
f 1107/1228/1107 1131/1255/1131 1134/1258/1134
f 1108/1229/1108 1105/1226/1105 1132/1256/1132
f 1108/1229/1108 1132/1256/1132 1135/1259/1135
f 9/9/9 1106/1227/1106 1133/1257/1133
f 1109/1230/1109 1107/1228/1107 1134/1258/1134
f 1109/1230/1109 1134/1258/1134 1136/1260/1136
f 1110/1231/1110 1108/1229/1108 1135/1259/1135
f 1110/1231/1110 1135/1259/1135 1137/1261/1137
f 1111/1232/1111 1109/1230/1109 1136/1260/1136
f 1111/1232/1111 1136/1260/1136 1138/1262/1138
f 1112/1233/1112 1110/1231/1110 1137/1261/1137
f 1112/1233/1112 1137/1261/1137 1139/1263/1139
f 1113/1234/1113 1111/1232/1111 1138/1262/1138
f 1113/1234/1113 1138/1262/1138 1140/1264/1140
f 1114/1235/1114 1112/1233/1112 1139/1263/1139
f 1114/1235/1114 1139/1263/1139 1141/1265/1141
f 1115/1236/1115 1113/1234/1113 1140/1264/1140
f 1115/1236/1115 1140/1264/1140 1142/1266/1142
f 1116/1240/1116 1114/1267/1114 1141/1268/1141
f 1116/1240/1116 1141/1268/1141 1143/1269/1143
f 1117/1239/1117 1115/1236/1115 1142/1266/1142
f 1117/1239/1117 1142/1266/1142 1144/1270/1144
f 1118/1241/1118 1116/1240/1116 1143/1269/1143
f 1118/1241/1118 1143/1269/1143 1145/1271/1145
f 1088/1209/1088 1117/1242/1117 1144/1272/1144
f 1088/1209/1088 1144/1272/1144 1146/1273/1146
f 1090/1211/1090 1118/1241/1118 1145/1271/1145
f 1090/1211/1090 1145/1271/1145 1147/1274/1147
f 1089/1210/1089 1088/1209/1088 1146/1273/1146
f 1089/1210/1089 1146/1273/1146 1148/1275/1148
f 1091/1212/1091 1090/1211/1090 1147/1274/1147
f 1091/1212/1091 1147/1274/1147 1149/1276/1149
f 1092/1213/1092 1089/1210/1089 1148/1275/1148
f 1092/1213/1092 1148/1275/1148 1119/1243/1119
f 1093/1214/1093 1091/1212/1091 1149/1276/1149
f 1093/1214/1093 1149/1276/1149 1121/1245/1121
f 1126/1250/1126 1123/1247/1123 1150/1277/1150
f 1126/1250/1126 1150/1277/1150 1151/1278/1151
f 1127/1251/1127 1124/1248/1124 1152/1279/1152
f 1127/1251/1127 1152/1279/1152 1153/1280/1153
f 1128/1252/1128 1125/1249/1125 1154/1281/1154
f 1128/1252/1128 1154/1281/1154 1155/1282/1155
f 1129/1253/1129 1126/1250/1126 1151/1278/1151
f 1129/1253/1129 1151/1278/1151 1156/1283/1156
f 1130/1254/1130 1127/1251/1127 1153/1280/1153
f 1130/1254/1130 1153/1280/1153 1157/1284/1157
f 1131/1255/1131 1128/1252/1128 1155/1282/1155
f 1131/1255/1131 1155/1282/1155 1158/1285/1158
f 1132/1256/1132 1129/1253/1129 1156/1283/1156
f 1132/1256/1132 1156/1283/1156 1159/1286/1159
f 1133/1257/1133 1130/1254/1130 1157/1284/1157
f 1133/1257/1133 1157/1284/1157 1160/1287/1160
f 1134/1258/1134 1131/1255/1131 1158/1285/1158
f 1134/1258/1134 1158/1285/1158 1161/1288/1161
f 1135/1259/1135 1132/1256/1132 1159/1286/1159
f 1135/1259/1135 1159/1286/1159 1162/1289/1162
f 9/9/9 1133/1257/1133 1160/1287/1160
f 1136/1260/1136 1134/1258/1134 1161/1288/1161
f 1136/1260/1136 1161/1288/1161 1163/1290/1163
f 1137/1261/1137 1135/1259/1135 1162/1289/1162
f 1137/1261/1137 1162/1289/1162 1164/1291/1164
f 1138/1262/1138 1136/1260/1136 1163/1290/1163
f 1138/1262/1138 1163/1290/1163 1165/1292/1165
f 1139/1263/1139 1137/1261/1137 1164/1291/1164
f 1139/1263/1139 1164/1291/1164 1166/1293/1166
f 1140/1264/1140 1138/1262/1138 1165/1292/1165
f 1140/1264/1140 1165/1292/1165 1167/1294/1167
f 1141/1265/1141 1139/1263/1139 1166/1293/1166
f 1141/1265/1141 1166/1293/1166 1168/1295/1168
f 1142/1266/1142 1140/1264/1140 1167/1294/1167
f 1142/1266/1142 1167/1294/1167 1169/1296/1169
f 1143/1269/1143 1141/1268/1141 1168/1297/1168
f 1143/1269/1143 1168/1297/1168 1170/1298/1170
f 1144/1270/1144 1142/1266/1142 1169/1296/1169
f 1144/1270/1144 1169/1296/1169 1171/1299/1171
f 1145/1271/1145 1143/1269/1143 1170/1298/1170
f 1145/1271/1145 1170/1298/1170 1172/1300/1172
f 1146/1273/1146 1144/1272/1144 1171/1301/1171
f 1146/1273/1146 1171/1301/1171 1173/1302/1173
f 1147/1274/1147 1145/1271/1145 1172/1300/1172
f 1147/1274/1147 1172/1300/1172 1174/1303/1174
f 1148/1275/1148 1146/1273/1146 1173/1302/1173
f 1148/1275/1148 1173/1302/1173 1175/1304/1175
f 1149/1276/1149 1147/1274/1147 1174/1303/1174
f 1149/1276/1149 1174/1303/1174 1176/1305/1176
f 1119/1243/1119 1148/1275/1148 1175/1304/1175
f 1119/1243/1119 1175/1304/1175 1177/1306/1177
f 1121/1245/1121 1149/1276/1149 1176/1305/1176
f 1121/1245/1121 1176/1305/1176 1178/1307/1178
f 1120/1244/1120 1119/1243/1119 1177/1306/1177
f 1120/1244/1120 1177/1306/1177 1179/1308/1179
f 1122/1246/1122 1121/1245/1121 1178/1307/1178
f 1122/1246/1122 1178/1307/1178 1180/1309/1180
f 1123/1247/1123 49/53/49 1150/1277/1150
f 1124/1248/1124 1120/1244/1120 1179/1308/1179
f 1124/1248/1124 1179/1308/1179 1152/1279/1152
f 1125/1249/1125 1122/1246/1122 1180/1309/1180
f 1125/1249/1125 1180/1309/1180 1154/1281/1154
f 1159/1286/1159 1156/1283/1156 1181/1310/1181
f 1159/1286/1159 1181/1310/1181 1182/1311/1182
f 1160/1287/1160 1157/1284/1157 1183/1312/1183
f 1160/1287/1160 1183/1312/1183 1184/1313/1184
f 1161/1288/1161 1158/1285/1158 1185/1314/1185
f 1161/1288/1161 1185/1314/1185 1186/1315/1186
f 1162/1289/1162 1159/1286/1159 1182/1311/1182
f 1162/1289/1162 1182/1311/1182 1187/1316/1187
f 9/9/9 1160/1287/1160 1184/1313/1184
f 1163/1290/1163 1161/1288/1161 1186/1315/1186
f 1163/1290/1163 1186/1315/1186 1188/1317/1188
f 1164/1291/1164 1162/1289/1162 1187/1316/1187
f 1164/1291/1164 1187/1316/1187 1189/1318/1189
f 1165/1292/1165 1163/1290/1163 1188/1317/1188
f 1165/1292/1165 1188/1317/1188 1190/1319/1190
f 1166/1293/1166 1164/1291/1164 1189/1318/1189
f 1166/1293/1166 1189/1318/1189 1191/1320/1191
f 1167/1294/1167 1165/1292/1165 1190/1319/1190
f 1167/1294/1167 1190/1319/1190 1192/1321/1192
f 1168/1295/1168 1166/1293/1166 1191/1320/1191
f 1168/1295/1168 1191/1320/1191 1193/1322/1193
f 1169/1296/1169 1167/1294/1167 1192/1321/1192
f 1169/1296/1169 1192/1321/1192 1194/1323/1194
f 1170/1298/1170 1168/1297/1168 1193/1324/1193
f 1170/1298/1170 1193/1324/1193 1195/1325/1195
f 1171/1299/1171 1169/1296/1169 1194/1323/1194
f 1171/1299/1171 1194/1323/1194 1196/1326/1196
f 1172/1300/1172 1170/1298/1170 1195/1325/1195
f 1172/1300/1172 1195/1325/1195 1197/1327/1197
f 1173/1302/1173 1171/1301/1171 1196/1328/1196
f 1173/1302/1173 1196/1328/1196 1198/1329/1198
f 1174/1303/1174 1172/1300/1172 1197/1327/1197
f 1174/1303/1174 1197/1327/1197 1199/1330/1199
f 1175/1304/1175 1173/1302/1173 1198/1329/1198
f 1175/1304/1175 1198/1329/1198 1200/1331/1200
f 1176/1305/1176 1174/1303/1174 1199/1330/1199
f 1176/1305/1176 1199/1330/1199 1201/1332/1201
f 1177/1306/1177 1175/1304/1175 1200/1331/1200
f 1177/1306/1177 1200/1331/1200 1202/1333/1202
f 1178/1307/1178 1176/1305/1176 1201/1332/1201
f 1178/1307/1178 1201/1332/1201 1203/1334/1203
f 1179/1308/1179 1177/1306/1177 1202/1333/1202
f 1179/1308/1179 1202/1333/1202 1204/1335/1204
f 1180/1309/1180 1178/1307/1178 1203/1334/1203
f 1180/1309/1180 1203/1334/1203 1205/1336/1205
f 1150/1277/1150 49/53/49 1206/1337/1206
f 1152/1279/1152 1179/1308/1179 1204/1335/1204
f 1152/1279/1152 1204/1335/1204 1207/1338/1207
f 1154/1281/1154 1180/1309/1180 1205/1336/1205
f 1154/1281/1154 1205/1336/1205 1208/1339/1208
f 1151/1278/1151 1150/1277/1150 1206/1337/1206
f 1151/1278/1151 1206/1337/1206 1209/1340/1209
f 1153/1280/1153 1152/1279/1152 1207/1338/1207
f 1153/1280/1153 1207/1338/1207 1210/1341/1210
f 1155/1282/1155 1154/1281/1154 1208/1339/1208
f 1155/1282/1155 1208/1339/1208 1211/1342/1211
f 1156/1283/1156 1151/1278/1151 1209/1340/1209
f 1156/1283/1156 1209/1340/1209 1181/1310/1181
f 1157/1284/1157 1153/1280/1153 1210/1341/1210
f 1157/1284/1157 1210/1341/1210 1183/1312/1183
f 1158/1285/1158 1155/1282/1155 1211/1342/1211
f 1158/1285/1158 1211/1342/1211 1185/1314/1185
f 1189/1318/1189 1187/1316/1187 1212/1343/1212
f 1189/1318/1189 1212/1343/1212 1213/1344/1213
f 1190/1319/1190 1188/1317/1188 1214/1345/1214
f 1190/1319/1190 1214/1345/1214 1215/1346/1215
f 1191/1320/1191 1189/1318/1189 1213/1344/1213
f 1191/1320/1191 1213/1344/1213 1216/1347/1216
f 1192/1321/1192 1190/1319/1190 1215/1346/1215
f 1192/1321/1192 1215/1346/1215 1217/1348/1217
f 1193/1322/1193 1191/1320/1191 1216/1347/1216
f 1193/1322/1193 1216/1347/1216 1218/1349/1218
f 1194/1323/1194 1192/1321/1192 1217/1348/1217
f 1194/1323/1194 1217/1348/1217 1219/1350/1219
f 1195/1325/1195 1193/1324/1193 1218/1351/1218
f 1195/1325/1195 1218/1351/1218 1220/1352/1220
f 1196/1326/1196 1194/1323/1194 1219/1350/1219
f 1196/1326/1196 1219/1350/1219 1221/1353/1221
f 1197/1327/1197 1195/1325/1195 1220/1352/1220
f 1197/1327/1197 1220/1352/1220 1222/1354/1222
f 1198/1355/1198 1196/1326/1196 1221/1353/1221
f 1198/1355/1198 1221/1353/1221 1223/1356/1223
f 1199/1330/1199 1197/1327/1197 1222/1354/1222
f 1199/1330/1199 1222/1354/1222 1224/1357/1224
f 1200/1331/1200 1198/1329/1198 1223/1358/1223
f 1200/1331/1200 1223/1358/1223 1225/1359/1225
f 1201/1332/1201 1199/1330/1199 1224/1357/1224
f 1201/1332/1201 1224/1357/1224 1226/1360/1226
f 1202/1333/1202 1200/1331/1200 1225/1359/1225
f 1202/1333/1202 1225/1359/1225 1227/1361/1227
f 1203/1334/1203 1201/1332/1201 1226/1360/1226
f 1203/1334/1203 1226/1360/1226 1228/1362/1228
f 1204/1335/1204 1202/1333/1202 1227/1361/1227
f 1204/1335/1204 1227/1361/1227 1229/1363/1229
f 1205/1336/1205 1203/1334/1203 1228/1362/1228
f 1205/1336/1205 1228/1362/1228 1230/1364/1230
f 1206/1337/1206 49/53/49 1231/1365/1231
f 1207/1338/1207 1204/1335/1204 1229/1363/1229
f 1207/1338/1207 1229/1363/1229 1232/1366/1232
f 1208/1339/1208 1205/1336/1205 1230/1364/1230
f 1208/1339/1208 1230/1364/1230 1233/1367/1233
f 1209/1340/1209 1206/1337/1206 1231/1365/1231
f 1209/1340/1209 1231/1365/1231 1234/1368/1234
f 1210/1341/1210 1207/1338/1207 1232/1366/1232
f 1210/1341/1210 1232/1366/1232 1235/1369/1235
f 1211/1342/1211 1208/1339/1208 1233/1367/1233
f 1211/1342/1211 1233/1367/1233 1236/1370/1236
f 1181/1310/1181 1209/1340/1209 1234/1368/1234
f 1181/1310/1181 1234/1368/1234 1237/1371/1237
f 1183/1312/1183 1210/1341/1210 1235/1369/1235
f 1183/1312/1183 1235/1369/1235 1238/1372/1238
f 1185/1314/1185 1211/1342/1211 1236/1370/1236
f 1185/1314/1185 1236/1370/1236 1239/1373/1239
f 1182/1311/1182 1181/1310/1181 1237/1371/1237
f 1182/1311/1182 1237/1371/1237 1240/1374/1240
f 1184/1313/1184 1183/1312/1183 1238/1372/1238
f 1184/1313/1184 1238/1372/1238 1241/1375/1241
f 1186/1315/1186 1185/1314/1185 1239/1373/1239
f 1186/1315/1186 1239/1373/1239 1242/1376/1242
f 1187/1316/1187 1182/1311/1182 1240/1374/1240
f 1187/1316/1187 1240/1374/1240 1212/1343/1212
f 9/9/9 1184/1313/1184 1241/1375/1241
f 1188/1317/1188 1186/1315/1186 1242/1376/1242
f 1188/1317/1188 1242/1376/1242 1214/1345/1214
f 1218/1349/1218 1216/1347/1216 1243/1377/1243
f 1218/1349/1218 1243/1377/1243 1244/1378/1244
f 1219/1350/1219 1217/1348/1217 1245/1379/1245
f 1219/1350/1219 1245/1379/1245 1246/1380/1246
f 1220/1352/1220 1218/1351/1218 1244/1381/1244
f 1220/1352/1220 1244/1381/1244 1247/1382/1247
f 1221/1353/1221 1219/1350/1219 1246/1380/1246
f 1221/1353/1221 1246/1380/1246 1248/1383/1248
f 1222/1354/1222 1220/1352/1220 1247/1382/1247
f 1222/1354/1222 1247/1382/1247 1249/1384/1249
f 1223/1356/1223 1221/1353/1221 1248/1383/1248
f 1223/1356/1223 1248/1383/1248 1250/1385/1250
f 1224/1357/1224 1222/1354/1222 1249/1384/1249
f 1224/1357/1224 1249/1384/1249 1251/1386/1251
f 1225/1359/1225 1223/1358/1223 1250/1387/1250
f 1225/1359/1225 1250/1387/1250 1252/1388/1252
f 1226/1360/1226 1224/1357/1224 1251/1386/1251
f 1226/1360/1226 1251/1386/1251 1253/1389/1253
f 1227/1361/1227 1225/1359/1225 1252/1388/1252
f 1227/1361/1227 1252/1388/1252 1254/1390/1254
f 1228/1362/1228 1226/1360/1226 1253/1389/1253
f 1228/1362/1228 1253/1389/1253 1255/1391/1255
f 1229/1363/1229 1227/1361/1227 1254/1390/1254
f 1229/1363/1229 1254/1390/1254 1256/1392/1256
f 1230/1364/1230 1228/1362/1228 1255/1391/1255
f 1230/1364/1230 1255/1391/1255 1257/1393/1257
f 1231/1365/1231 49/53/49 1258/1394/1258
f 1232/1366/1232 1229/1363/1229 1256/1392/1256
f 1232/1366/1232 1256/1392/1256 1259/1395/1259
f 1233/1367/1233 1230/1364/1230 1257/1393/1257
f 1233/1367/1233 1257/1393/1257 1260/1396/1260
f 1234/1368/1234 1231/1365/1231 1258/1394/1258
f 1234/1368/1234 1258/1394/1258 1261/1397/1261
f 1235/1369/1235 1232/1366/1232 1259/1395/1259
f 1235/1369/1235 1259/1395/1259 1262/1398/1262
f 1236/1370/1236 1233/1367/1233 1260/1396/1260
f 1236/1370/1236 1260/1396/1260 1263/1399/1263
f 1237/1371/1237 1234/1368/1234 1261/1397/1261
f 1237/1371/1237 1261/1397/1261 1264/1400/1264
f 1238/1372/1238 1235/1369/1235 1262/1398/1262
f 1238/1372/1238 1262/1398/1262 1265/1401/1265
f 1239/1373/1239 1236/1370/1236 1263/1399/1263
f 1239/1373/1239 1263/1399/1263 1266/1402/1266
f 1240/1374/1240 1237/1371/1237 1264/1400/1264
f 1240/1374/1240 1264/1400/1264 1267/1403/1267
f 1241/1375/1241 1238/1372/1238 1265/1401/1265
f 1241/1375/1241 1265/1401/1265 1268/1404/1268
f 1242/1376/1242 1239/1373/1239 1266/1402/1266
f 1242/1376/1242 1266/1402/1266 1269/1405/1269
f 1212/1343/1212 1240/1374/1240 1267/1403/1267
f 1212/1343/1212 1267/1403/1267 1270/1406/1270
f 9/9/9 1241/1375/1241 1268/1404/1268
f 1214/1345/1214 1242/1376/1242 1269/1405/1269
f 1214/1345/1214 1269/1405/1269 1271/1407/1271
f 1213/1344/1213 1212/1343/1212 1270/1406/1270
f 1213/1344/1213 1270/1406/1270 1272/1408/1272
f 1215/1346/1215 1214/1345/1214 1271/1407/1271
f 1215/1346/1215 1271/1407/1271 1273/1409/1273
f 1216/1347/1216 1213/1344/1213 1272/1408/1272
f 1216/1347/1216 1272/1408/1272 1243/1377/1243
f 1217/1348/1217 1215/1346/1215 1273/1409/1273
f 1217/1348/1217 1273/1409/1273 1245/1379/1245
f 1249/1384/1249 1247/1382/1247 1274/1410/1274
f 1249/1384/1249 1274/1410/1274 1275/1411/1275
f 1250/1385/1250 1248/1383/1248 1276/1412/1276
f 1250/1385/1250 1276/1412/1276 1277/1413/1277
f 1251/1386/1251 1249/1384/1249 1275/1411/1275
f 1251/1386/1251 1275/1411/1275 1278/1414/1278
f 1252/1388/1252 1250/1387/1250 1277/1415/1277
f 1252/1388/1252 1277/1415/1277 1279/1416/1279
f 1253/1389/1253 1251/1386/1251 1278/1414/1278
f 1253/1389/1253 1278/1414/1278 1280/1417/1280
f 1254/1390/1254 1252/1388/1252 1279/1416/1279
f 1254/1390/1254 1279/1416/1279 1281/1418/1281
f 1255/1391/1255 1253/1389/1253 1280/1417/1280
f 1255/1391/1255 1280/1417/1280 1282/1419/1282
f 1256/1392/1256 1254/1390/1254 1281/1418/1281
f 1256/1392/1256 1281/1418/1281 1283/1420/1283
f 1257/1393/1257 1255/1391/1255 1282/1419/1282
f 1257/1393/1257 1282/1419/1282 1284/1421/1284
f 1258/1394/1258 49/53/49 1285/1422/1285
f 1259/1395/1259 1256/1392/1256 1283/1420/1283
f 1259/1395/1259 1283/1420/1283 1286/1423/1286
f 1260/1396/1260 1257/1393/1257 1284/1421/1284
f 1260/1396/1260 1284/1421/1284 1287/1424/1287
f 1261/1397/1261 1258/1394/1258 1285/1422/1285
f 1261/1397/1261 1285/1422/1285 1288/1425/1288
f 1262/1398/1262 1259/1395/1259 1286/1423/1286
f 1262/1398/1262 1286/1423/1286 1289/1426/1289
f 1263/1399/1263 1260/1396/1260 1287/1424/1287
f 1263/1399/1263 1287/1424/1287 1290/1427/1290
f 1264/1400/1264 1261/1397/1261 1288/1425/1288
f 1264/1400/1264 1288/1425/1288 1291/1428/1291
f 1265/1401/1265 1262/1398/1262 1289/1426/1289
f 1265/1401/1265 1289/1426/1289 1292/1429/1292
f 1266/1402/1266 1263/1399/1263 1290/1427/1290
f 1266/1402/1266 1290/1427/1290 1293/1430/1293
f 1267/1403/1267 1264/1400/1264 1291/1428/1291
f 1267/1403/1267 1291/1428/1291 1294/1431/1294
f 1268/1404/1268 1265/1401/1265 1292/1429/1292
f 1268/1404/1268 1292/1429/1292 1295/1432/1295
f 1269/1405/1269 1266/1402/1266 1293/1430/1293
f 1269/1405/1269 1293/1430/1293 1296/1433/1296
f 1270/1406/1270 1267/1403/1267 1294/1431/1294
f 1270/1406/1270 1294/1431/1294 1297/1434/1297
f 9/9/9 1268/1404/1268 1295/1432/1295
f 1271/1407/1271 1269/1405/1269 1296/1433/1296
f 1271/1407/1271 1296/1433/1296 1298/1435/1298
f 1272/1408/1272 1270/1406/1270 1297/1434/1297
f 1272/1408/1272 1297/1434/1297 1299/1436/1299
f 1273/1409/1273 1271/1407/1271 1298/1435/1298
f 1273/1409/1273 1298/1435/1298 1300/1437/1300
f 1243/1377/1243 1272/1408/1272 1299/1436/1299
f 1243/1377/1243 1299/1436/1299 1301/1438/1301
f 1245/1379/1245 1273/1409/1273 1300/1437/1300
f 1245/1379/1245 1300/1437/1300 1302/1439/1302
f 1244/1378/1244 1243/1377/1243 1301/1438/1301
f 1244/1378/1244 1301/1438/1301 1303/1440/1303
f 1246/1380/1246 1245/1379/1245 1302/1439/1302
f 1246/1380/1246 1302/1439/1302 1304/1441/1304
f 1247/1382/1247 1244/1381/1244 1303/1442/1303
f 1247/1382/1247 1303/1442/1303 1274/1410/1274
f 1248/1383/1248 1246/1380/1246 1304/1441/1304
f 1248/1383/1248 1304/1441/1304 1276/1412/1276
f 1280/1417/1280 1278/1414/1278 1305/1443/1305
f 1280/1417/1280 1305/1443/1305 1306/1444/1306
f 1281/1418/1281 1279/1416/1279 1307/1445/1307
f 1281/1418/1281 1307/1445/1307 1308/1446/1308
f 1282/1419/1282 1280/1417/1280 1306/1444/1306
f 1282/1419/1282 1306/1444/1306 1309/1447/1309
f 1283/1420/1283 1281/1418/1281 1308/1446/1308
f 1283/1420/1283 1308/1446/1308 1310/1448/1310
f 1284/1421/1284 1282/1419/1282 1309/1447/1309
f 1284/1421/1284 1309/1447/1309 1311/1449/1311
f 1285/1422/1285 49/53/49 1312/1450/1312
f 1286/1423/1286 1283/1420/1283 1310/1448/1310
f 1286/1423/1286 1310/1448/1310 1313/1451/1313
f 1287/1424/1287 1284/1421/1284 1311/1449/1311
f 1287/1424/1287 1311/1449/1311 1314/1452/1314
f 1288/1425/1288 1285/1422/1285 1312/1450/1312
f 1288/1425/1288 1312/1450/1312 1315/1453/1315
f 1289/1426/1289 1286/1423/1286 1313/1451/1313
f 1289/1426/1289 1313/1451/1313 1316/1454/1316
f 1290/1427/1290 1287/1424/1287 1314/1452/1314
f 1290/1427/1290 1314/1452/1314 1317/1455/1317
f 1291/1428/1291 1288/1425/1288 1315/1453/1315
f 1291/1428/1291 1315/1453/1315 1318/1456/1318
f 1292/1429/1292 1289/1426/1289 1316/1454/1316
f 1292/1429/1292 1316/1454/1316 1319/1457/1319
f 1293/1430/1293 1290/1427/1290 1317/1455/1317
f 1293/1430/1293 1317/1455/1317 1320/1458/1320
f 1294/1431/1294 1291/1428/1291 1318/1456/1318
f 1294/1431/1294 1318/1456/1318 1321/1459/1321
f 1295/1432/1295 1292/1429/1292 1319/1457/1319
f 1295/1432/1295 1319/1457/1319 1322/1460/1322
f 1296/1433/1296 1293/1430/1293 1320/1458/1320
f 1296/1433/1296 1320/1458/1320 1323/1461/1323
f 1297/1434/1297 1294/1431/1294 1321/1459/1321
f 1297/1434/1297 1321/1459/1321 1324/1462/1324
f 9/9/9 1295/1432/1295 1322/1460/1322
f 1298/1435/1298 1296/1433/1296 1323/1461/1323
f 1298/1435/1298 1323/1461/1323 1325/1463/1325
f 1299/1436/1299 1297/1434/1297 1324/1462/1324
f 1299/1436/1299 1324/1462/1324 1326/1464/1326
f 1300/1437/1300 1298/1435/1298 1325/1463/1325
f 1300/1437/1300 1325/1463/1325 1327/1465/1327
f 1301/1438/1301 1299/1436/1299 1326/1464/1326
f 1301/1438/1301 1326/1464/1326 1328/1466/1328
f 1302/1439/1302 1300/1437/1300 1327/1465/1327
f 1302/1439/1302 1327/1465/1327 1329/1467/1329
f 1303/1440/1303 1301/1438/1301 1328/1466/1328
f 1303/1440/1303 1328/1466/1328 1330/1468/1330
f 1304/1441/1304 1302/1439/1302 1329/1467/1329
f 1304/1441/1304 1329/1467/1329 1331/1469/1331
f 1274/1410/1274 1303/1442/1303 1330/1470/1330
f 1274/1410/1274 1330/1470/1330 1332/1471/1332
f 1276/1412/1276 1304/1441/1304 1331/1469/1331
f 1276/1412/1276 1331/1469/1331 1333/1472/1333
f 1275/1411/1275 1274/1410/1274 1332/1471/1332
f 1275/1411/1275 1332/1471/1332 1334/1473/1334
f 1277/1413/1277 1276/1412/1276 1333/1472/1333
f 1277/1413/1277 1333/1472/1333 1335/1474/1335
f 1278/1414/1278 1275/1411/1275 1334/1473/1334
f 1278/1414/1278 1334/1473/1334 1305/1443/1305
f 1279/1416/1279 1277/1415/1277 1335/1475/1335
f 1279/1416/1279 1335/1475/1335 1307/1445/1307
f 1311/1449/1311 1309/1447/1309 1336/1476/1336
f 1311/1449/1311 1336/1476/1336 1337/1477/1337
f 1312/1450/1312 49/53/49 1338/1478/1338
f 1313/1451/1313 1310/1448/1310 1339/1479/1339
f 1313/1451/1313 1339/1479/1339 1340/1480/1340
f 1314/1452/1314 1311/1449/1311 1337/1477/1337
f 1314/1452/1314 1337/1477/1337 1341/1481/1341
f 1315/1453/1315 1312/1450/1312 1338/1478/1338
f 1315/1453/1315 1338/1478/1338 1342/1482/1342
f 1316/1454/1316 1313/1451/1313 1340/1480/1340
f 1316/1454/1316 1340/1480/1340 1343/1483/1343
f 1317/1455/1317 1314/1452/1314 1341/1481/1341
f 1317/1455/1317 1341/1481/1341 1344/1484/1344
f 1318/1456/1318 1315/1453/1315 1342/1482/1342
f 1318/1456/1318 1342/1482/1342 1345/1485/1345
f 1319/1457/1319 1316/1454/1316 1343/1483/1343
f 1319/1457/1319 1343/1483/1343 1346/1486/1346
f 1320/1458/1320 1317/1455/1317 1344/1484/1344
f 1320/1458/1320 1344/1484/1344 1347/1487/1347
f 1321/1459/1321 1318/1456/1318 1345/1485/1345
f 1321/1459/1321 1345/1485/1345 1348/1488/1348
f 1322/1460/1322 1319/1457/1319 1346/1486/1346
f 1322/1460/1322 1346/1486/1346 1349/1489/1349
f 1323/1461/1323 1320/1458/1320 1347/1487/1347
f 1323/1461/1323 1347/1487/1347 1350/1490/1350
f 1324/1462/1324 1321/1459/1321 1348/1488/1348
f 1324/1462/1324 1348/1488/1348 1351/1491/1351
f 9/9/9 1322/1460/1322 1349/1489/1349
f 1325/1463/1325 1323/1461/1323 1350/1490/1350
f 1325/1463/1325 1350/1490/1350 1352/1492/1352
f 1326/1464/1326 1324/1462/1324 1351/1491/1351
f 1326/1464/1326 1351/1491/1351 1353/1493/1353
f 1327/1465/1327 1325/1463/1325 1352/1492/1352
f 1327/1465/1327 1352/1492/1352 1354/1494/1354
f 1328/1466/1328 1326/1464/1326 1353/1493/1353
f 1328/1466/1328 1353/1493/1353 1355/1495/1355
f 1329/1467/1329 1327/1465/1327 1354/1494/1354
f 1329/1467/1329 1354/1494/1354 1356/1496/1356
f 1330/1468/1330 1328/1466/1328 1355/1495/1355
f 1330/1468/1330 1355/1495/1355 1357/1497/1357
f 1331/1469/1331 1329/1467/1329 1356/1496/1356
f 1331/1469/1331 1356/1496/1356 1358/1498/1358
f 1332/1471/1332 1330/1470/1330 1357/1499/1357
f 1332/1471/1332 1357/1499/1357 1359/1500/1359
f 1333/1472/1333 1331/1469/1331 1358/1498/1358
f 1333/1472/1333 1358/1498/1358 1360/1501/1360
f 1334/1473/1334 1332/1471/1332 1359/1500/1359
f 1334/1473/1334 1359/1500/1359 1361/1502/1361
f 1335/1474/1335 1333/1472/1333 1360/1501/1360
f 1335/1474/1335 1360/1501/1360 1362/1503/1362
f 1305/1443/1305 1334/1473/1334 1361/1502/1361
f 1305/1443/1305 1361/1502/1361 1363/1504/1363
f 1307/1445/1307 1335/1475/1335 1362/1505/1362
f 1307/1445/1307 1362/1505/1362 1364/1506/1364
f 1306/1444/1306 1305/1443/1305 1363/1504/1363
f 1306/1444/1306 1363/1504/1363 1365/1507/1365
f 1308/1446/1308 1307/1445/1307 1364/1506/1364
f 1308/1446/1308 1364/1506/1364 1366/1508/1366
f 1309/1447/1309 1306/1444/1306 1365/1507/1365
f 1309/1447/1309 1365/1507/1365 1336/1476/1336
f 1310/1448/1310 1308/1446/1308 1366/1508/1366
f 1310/1448/1310 1366/1508/1366 1339/1479/1339
f 1344/1484/1344 1341/1481/1341 1367/1509/1367
f 1344/1484/1344 1367/1509/1367 1368/1510/1368
f 1345/1485/1345 1342/1482/1342 1369/1511/1369
f 1345/1485/1345 1369/1511/1369 1370/1512/1370
f 1346/1486/1346 1343/1483/1343 1371/1513/1371
f 1346/1486/1346 1371/1513/1371 1372/1514/1372
f 1347/1487/1347 1344/1484/1344 1368/1510/1368
f 1347/1487/1347 1368/1510/1368 1373/1515/1373
f 1348/1488/1348 1345/1485/1345 1370/1512/1370
f 1348/1488/1348 1370/1512/1370 1374/1516/1374
f 1349/1489/1349 1346/1486/1346 1372/1514/1372
f 1349/1489/1349 1372/1514/1372 1375/1517/1375
f 1350/1490/1350 1347/1487/1347 1373/1515/1373
f 1350/1490/1350 1373/1515/1373 1376/1518/1376
f 1351/1491/1351 1348/1488/1348 1374/1516/1374
f 1351/1491/1351 1374/1516/1374 1377/1519/1377
f 9/9/9 1349/1489/1349 1375/1517/1375
f 1352/1492/1352 1350/1490/1350 1376/1518/1376
f 1352/1492/1352 1376/1518/1376 1378/1520/1378
f 1353/1493/1353 1351/1491/1351 1377/1519/1377
f 1353/1493/1353 1377/1519/1377 1379/1521/1379
f 1354/1494/1354 1352/1492/1352 1378/1520/1378
f 1354/1494/1354 1378/1520/1378 1380/1522/1380
f 1355/1495/1355 1353/1493/1353 1379/1521/1379
f 1355/1495/1355 1379/1521/1379 1381/1523/1381
f 1356/1496/1356 1354/1494/1354 1380/1522/1380
f 1356/1496/1356 1380/1522/1380 1382/1524/1382
f 1357/1497/1357 1355/1495/1355 1381/1523/1381
f 1357/1497/1357 1381/1523/1381 1383/1525/1383
f 1358/1498/1358 1356/1496/1356 1382/1524/1382
f 1358/1498/1358 1382/1524/1382 1384/1526/1384
f 1359/1500/1359 1357/1499/1357 1383/1527/1383
f 1359/1500/1359 1383/1527/1383 1385/1528/1385
f 1360/1501/1360 1358/1498/1358 1384/1526/1384
f 1360/1501/1360 1384/1526/1384 1386/1529/1386
f 1361/1502/1361 1359/1500/1359 1385/1528/1385
f 1361/1502/1361 1385/1528/1385 1387/1530/1387
f 1362/1505/1362 1360/1531/1360 1386/1532/1386
f 1362/1505/1362 1386/1532/1386 1388/1533/1388
f 1363/1504/1363 1361/1502/1361 1387/1530/1387
f 1363/1504/1363 1387/1530/1387 1389/1534/1389
f 1364/1506/1364 1362/1505/1362 1388/1533/1388
f 1364/1506/1364 1388/1533/1388 1390/1535/1390
f 1365/1507/1365 1363/1504/1363 1389/1534/1389
f 1365/1507/1365 1389/1534/1389 1391/1536/1391
f 1366/1508/1366 1364/1506/1364 1390/1535/1390
f 1366/1508/1366 1390/1535/1390 1392/1537/1392
f 1336/1476/1336 1365/1507/1365 1391/1536/1391
f 1336/1476/1336 1391/1536/1391 1393/1538/1393
f 1339/1479/1339 1366/1508/1366 1392/1537/1392
f 1339/1479/1339 1392/1537/1392 1394/1539/1394
f 1337/1477/1337 1336/1476/1336 1393/1538/1393
f 1337/1477/1337 1393/1538/1393 1395/1540/1395
f 1338/1478/1338 49/53/49 1396/1541/1396
f 1340/1480/1340 1339/1479/1339 1394/1539/1394
f 1340/1480/1340 1394/1539/1394 1397/1542/1397
f 1341/1481/1341 1337/1477/1337 1395/1540/1395
f 1341/1481/1341 1395/1540/1395 1367/1509/1367
f 1342/1482/1342 1338/1478/1338 1396/1541/1396
f 1342/1482/1342 1396/1541/1396 1369/1511/1369
f 1343/1483/1343 1340/1480/1340 1397/1542/1397
f 1343/1483/1343 1397/1542/1397 1371/1513/1371
f 1376/1518/1376 1373/1515/1373 1398/1543/1398
f 1376/1518/1376 1398/1543/1398 1399/1544/1399
f 1377/1519/1377 1374/1516/1374 1400/1545/1400
f 1377/1519/1377 1400/1545/1400 1401/1546/1401
f 9/9/9 1375/1517/1375 1402/1547/1402
f 1378/1520/1378 1376/1518/1376 1399/1544/1399
f 1378/1520/1378 1399/1544/1399 1403/1548/1403
f 1379/1521/1379 1377/1519/1377 1401/1546/1401
f 1379/1521/1379 1401/1546/1401 1404/1549/1404
f 1380/1522/1380 1378/1520/1378 1403/1548/1403
f 1380/1522/1380 1403/1548/1403 1405/1550/1405
f 1381/1523/1381 1379/1521/1379 1404/1549/1404
f 1381/1523/1381 1404/1549/1404 1406/1551/1406
f 1382/1524/1382 1380/1522/1380 1405/1550/1405
f 1382/1524/1382 1405/1550/1405 1407/1552/1407
f 1383/1525/1383 1381/1523/1381 1406/1551/1406
f 1383/1525/1383 1406/1551/1406 1408/1553/1408
f 1384/1526/1384 1382/1524/1382 1407/1552/1407
f 1384/1526/1384 1407/1552/1407 1409/1554/1409
f 1385/1528/1385 1383/1527/1383 1408/1555/1408
f 1385/1528/1385 1408/1555/1408 1410/1556/1410
f 1386/1529/1386 1384/1526/1384 1409/1554/1409
f 1386/1529/1386 1409/1554/1409 1411/1557/1411
f 1387/1530/1387 1385/1528/1385 1410/1556/1410
f 1387/1530/1387 1410/1556/1410 1412/1558/1412
f 1388/1533/1388 1386/1532/1386 1411/1559/1411
f 1388/1533/1388 1411/1559/1411 1413/1560/1413
f 1389/1534/1389 1387/1530/1387 1412/1558/1412
f 1389/1534/1389 1412/1558/1412 1414/1561/1414
f 1390/1535/1390 1388/1533/1388 1413/1560/1413
f 1390/1535/1390 1413/1560/1413 1415/1562/1415
f 1391/1536/1391 1389/1534/1389 1414/1561/1414
f 1391/1536/1391 1414/1561/1414 1416/1563/1416
f 1392/1537/1392 1390/1535/1390 1415/1562/1415
f 1392/1537/1392 1415/1562/1415 1417/1564/1417
f 1393/1538/1393 1391/1536/1391 1416/1563/1416
f 1393/1538/1393 1416/1563/1416 1418/1565/1418
f 1394/1539/1394 1392/1537/1392 1417/1564/1417
f 1394/1539/1394 1417/1564/1417 1419/1566/1419
f 1395/1540/1395 1393/1538/1393 1418/1565/1418
f 1395/1540/1395 1418/1565/1418 1420/1567/1420
f 1396/1541/1396 49/53/49 1421/1568/1421
f 1397/1542/1397 1394/1539/1394 1419/1566/1419
f 1397/1542/1397 1419/1566/1419 1422/1569/1422
f 1367/1509/1367 1395/1540/1395 1420/1567/1420
f 1367/1509/1367 1420/1567/1420 1423/1570/1423
f 1369/1511/1369 1396/1541/1396 1421/1568/1421
f 1369/1511/1369 1421/1568/1421 1424/1571/1424
f 1371/1513/1371 1397/1542/1397 1422/1569/1422
f 1371/1513/1371 1422/1569/1422 1425/1572/1425
f 1368/1510/1368 1367/1509/1367 1423/1570/1423
f 1368/1510/1368 1423/1570/1423 1426/1573/1426
f 1370/1512/1370 1369/1511/1369 1424/1571/1424
f 1370/1512/1370 1424/1571/1424 1427/1574/1427
f 1372/1514/1372 1371/1513/1371 1425/1572/1425
f 1372/1514/1372 1425/1572/1425 1428/1575/1428
f 1373/1515/1373 1368/1510/1368 1426/1573/1426
f 1373/1515/1373 1426/1573/1426 1398/1543/1398
f 1374/1516/1374 1370/1512/1370 1427/1574/1427
f 1374/1516/1374 1427/1574/1427 1400/1545/1400
f 1375/1517/1375 1372/1514/1372 1428/1575/1428
f 1375/1517/1375 1428/1575/1428 1402/1547/1402
f 1405/1550/1405 1403/1548/1403 1429/1576/1429
f 1405/1550/1405 1429/1576/1429 1430/1577/1430
f 1406/1551/1406 1404/1549/1404 1431/1578/1431
f 1406/1551/1406 1431/1578/1431 1432/1579/1432
f 1407/1552/1407 1405/1550/1405 1430/1577/1430
f 1407/1552/1407 1430/1577/1430 1433/1580/1433
f 1408/1553/1408 1406/1551/1406 1432/1579/1432
f 1408/1553/1408 1432/1579/1432 1434/1581/1434
f 1409/1554/1409 1407/1552/1407 1433/1580/1433
f 1409/1554/1409 1433/1580/1433 1435/1582/1435
f 1410/1556/1410 1408/1555/1408 1434/1583/1434
f 1410/1556/1410 1434/1583/1434 1436/1584/1436
f 1411/1557/1411 1409/1554/1409 1435/1582/1435
f 1411/1557/1411 1435/1582/1435 1437/1585/1437
f 1412/1558/1412 1410/1556/1410 1436/1584/1436
f 1412/1558/1412 1436/1584/1436 1438/1586/1438
f 1413/1560/1413 1411/1559/1411 1437/1587/1437
f 1413/1560/1413 1437/1587/1437 1439/1588/1439
f 1414/1561/1414 1412/1558/1412 1438/1586/1438
f 1414/1561/1414 1438/1586/1438 1440/1589/1440
f 1415/1562/1415 1413/1560/1413 1439/1588/1439
f 1415/1562/1415 1439/1588/1439 1441/1590/1441
f 1416/1563/1416 1414/1561/1414 1440/1589/1440
f 1416/1563/1416 1440/1589/1440 1442/1591/1442
f 1417/1564/1417 1415/1562/1415 1441/1590/1441
f 1417/1564/1417 1441/1590/1441 1443/1592/1443
f 1418/1565/1418 1416/1563/1416 1442/1591/1442
f 1418/1565/1418 1442/1591/1442 1444/1593/1444
f 1419/1566/1419 1417/1564/1417 1443/1592/1443
f 1419/1566/1419 1443/1592/1443 1445/1594/1445
f 1420/1567/1420 1418/1565/1418 1444/1593/1444
f 1420/1567/1420 1444/1593/1444 1446/1595/1446
f 1421/1568/1421 49/53/49 1447/1596/1447
f 1422/1569/1422 1419/1566/1419 1445/1594/1445
f 1422/1569/1422 1445/1594/1445 1448/1597/1448
f 1423/1570/1423 1420/1567/1420 1446/1595/1446
f 1423/1570/1423 1446/1595/1446 1449/1598/1449
f 1424/1571/1424 1421/1568/1421 1447/1596/1447
f 1424/1571/1424 1447/1596/1447 1450/1599/1450
f 1425/1572/1425 1422/1569/1422 1448/1597/1448
f 1425/1572/1425 1448/1597/1448 1451/1600/1451
f 1426/1573/1426 1423/1570/1423 1449/1598/1449
f 1426/1573/1426 1449/1598/1449 1452/1601/1452
f 1427/1574/1427 1424/1571/1424 1450/1599/1450
f 1427/1574/1427 1450/1599/1450 1453/1602/1453
f 1428/1575/1428 1425/1572/1425 1451/1600/1451
f 1428/1575/1428 1451/1600/1451 1454/1603/1454
f 1398/1543/1398 1426/1573/1426 1452/1601/1452
f 1398/1543/1398 1452/1601/1452 1455/1604/1455
f 1400/1545/1400 1427/1574/1427 1453/1602/1453
f 1400/1545/1400 1453/1602/1453 1456/1605/1456
f 1402/1547/1402 1428/1575/1428 1454/1603/1454
f 1402/1547/1402 1454/1603/1454 1457/1606/1457
f 1399/1544/1399 1398/1543/1398 1455/1604/1455
f 1399/1544/1399 1455/1604/1455 1458/1607/1458
f 1401/1546/1401 1400/1545/1400 1456/1605/1456
f 1401/1546/1401 1456/1605/1456 1459/1608/1459
f 9/9/9 1402/1547/1402 1457/1606/1457
f 1403/1548/1403 1399/1544/1399 1458/1607/1458
f 1403/1548/1403 1458/1607/1458 1429/1576/1429
f 1404/1549/1404 1401/1546/1401 1459/1608/1459
f 1404/1549/1404 1459/1608/1459 1431/1578/1431
f 1435/1582/1435 1433/1580/1433 1460/1609/1460
f 1435/1582/1435 1460/1609/1460 1461/1610/1461
f 1436/1611/1436 1434/1581/1434 1462/1612/1462
f 1436/1611/1436 1462/1612/1462 1463/1613/1463
f 1437/1585/1437 1435/1582/1435 1461/1610/1461
f 1437/1585/1437 1461/1610/1461 1464/1614/1464
f 1438/1586/1438 1436/1584/1436 1463/1615/1463
f 1438/1586/1438 1463/1615/1463 1465/1616/1465
f 1439/1588/1439 1437/1587/1437 1464/1617/1464
f 1439/1588/1439 1464/1617/1464 1466/1618/1466
f 1440/1589/1440 1438/1586/1438 1465/1616/1465
f 1440/1589/1440 1465/1616/1465 1467/1619/1467
f 1441/1590/1441 1439/1588/1439 1466/1618/1466
f 1441/1590/1441 1466/1618/1466 1468/1620/1468
f 1442/1591/1442 1440/1589/1440 1467/1619/1467
f 1442/1591/1442 1467/1619/1467 1469/1621/1469
f 1443/1592/1443 1441/1590/1441 1468/1620/1468
f 1443/1592/1443 1468/1620/1468 1470/1622/1470
f 1444/1593/1444 1442/1591/1442 1469/1621/1469
f 1444/1593/1444 1469/1621/1469 1471/1623/1471
f 1445/1594/1445 1443/1592/1443 1470/1622/1470
f 1445/1594/1445 1470/1622/1470 1472/1624/1472
f 1446/1595/1446 1444/1593/1444 1471/1623/1471
f 1446/1595/1446 1471/1623/1471 1473/1625/1473
f 1447/1596/1447 49/53/49 1474/1626/1474
f 1448/1597/1448 1445/1594/1445 1472/1624/1472
f 1448/1597/1448 1472/1624/1472 1475/1627/1475
f 1449/1598/1449 1446/1595/1446 1473/1625/1473
f 1449/1598/1449 1473/1625/1473 1476/1628/1476
f 1450/1599/1450 1447/1596/1447 1474/1626/1474
f 1450/1599/1450 1474/1626/1474 1477/1629/1477
f 1451/1600/1451 1448/1597/1448 1475/1627/1475
f 1451/1600/1451 1475/1627/1475 1478/1630/1478
f 1452/1601/1452 1449/1598/1449 1476/1628/1476
f 1452/1601/1452 1476/1628/1476 1479/1631/1479
f 1453/1602/1453 1450/1599/1450 1477/1629/1477
f 1453/1602/1453 1477/1629/1477 1480/1632/1480
f 1454/1603/1454 1451/1600/1451 1478/1630/1478
f 1454/1603/1454 1478/1630/1478 1481/1633/1481
f 1455/1604/1455 1452/1601/1452 1479/1631/1479
f 1455/1604/1455 1479/1631/1479 1482/1634/1482
f 1456/1605/1456 1453/1602/1453 1480/1632/1480
f 1456/1605/1456 1480/1632/1480 1483/1635/1483
f 1457/1606/1457 1454/1603/1454 1481/1633/1481
f 1457/1606/1457 1481/1633/1481 1484/1636/1484
f 1458/1607/1458 1455/1604/1455 1482/1634/1482
f 1458/1607/1458 1482/1634/1482 1485/1637/1485
f 1459/1608/1459 1456/1605/1456 1483/1635/1483
f 1459/1608/1459 1483/1635/1483 1486/1638/1486
f 9/9/9 1457/1606/1457 1484/1636/1484
f 1429/1576/1429 1458/1607/1458 1485/1637/1485
f 1429/1576/1429 1485/1637/1485 1487/1639/1487
f 1431/1578/1431 1459/1608/1459 1486/1638/1486
f 1431/1578/1431 1486/1638/1486 1488/1640/1488
f 1430/1577/1430 1429/1576/1429 1487/1639/1487
f 1430/1577/1430 1487/1639/1487 1489/1641/1489
f 1432/1579/1432 1431/1578/1431 1488/1640/1488
f 1432/1579/1432 1488/1640/1488 1490/1642/1490
f 1433/1580/1433 1430/1577/1430 1489/1641/1489
f 1433/1580/1433 1489/1641/1489 1460/1609/1460
f 1434/1581/1434 1432/1579/1432 1490/1642/1490
f 1434/1581/1434 1490/1642/1490 1462/1612/1462
f 1466/1618/1466 1464/1617/1464 1491/1643/1491
f 1466/1618/1466 1491/1643/1491 1492/1644/1492
f 1467/1619/1467 1465/1616/1465 1493/1645/1493
f 1467/1619/1467 1493/1645/1493 1494/1646/1494
f 1468/1620/1468 1466/1618/1466 1492/1644/1492
f 1468/1620/1468 1492/1644/1492 1495/1647/1495
f 1469/1621/1469 1467/1619/1467 1494/1646/1494
f 1469/1621/1469 1494/1646/1494 1496/1648/1496
f 1470/1622/1470 1468/1620/1468 1495/1647/1495
f 1470/1622/1470 1495/1647/1495 1497/1649/1497
f 1471/1623/1471 1469/1621/1469 1496/1648/1496
f 1471/1623/1471 1496/1648/1496 1498/1650/1498
f 1472/1624/1472 1470/1622/1470 1497/1649/1497
f 1472/1624/1472 1497/1649/1497 1499/1651/1499
f 1473/1625/1473 1471/1623/1471 1498/1650/1498
f 1473/1625/1473 1498/1650/1498 1500/1652/1500
f 1474/1626/1474 49/53/49 1501/1653/1501
f 1475/1627/1475 1472/1624/1472 1499/1651/1499
f 1475/1627/1475 1499/1651/1499 1502/1654/1502
f 1476/1628/1476 1473/1625/1473 1500/1652/1500
f 1476/1628/1476 1500/1652/1500 1503/1655/1503
f 1477/1629/1477 1474/1626/1474 1501/1653/1501
f 1477/1629/1477 1501/1653/1501 1504/1656/1504
f 1478/1630/1478 1475/1627/1475 1502/1654/1502
f 1478/1630/1478 1502/1654/1502 1505/1657/1505
f 1479/1631/1479 1476/1628/1476 1503/1655/1503
f 1479/1631/1479 1503/1655/1503 1506/1658/1506
f 1480/1632/1480 1477/1629/1477 1504/1656/1504
f 1480/1632/1480 1504/1656/1504 1507/1659/1507
f 1481/1633/1481 1478/1630/1478 1505/1657/1505
f 1481/1633/1481 1505/1657/1505 1508/1660/1508
f 1482/1634/1482 1479/1631/1479 1506/1658/1506
f 1482/1634/1482 1506/1658/1506 1509/1661/1509
f 1483/1635/1483 1480/1632/1480 1507/1659/1507
f 1483/1635/1483 1507/1659/1507 1510/1662/1510
f 1484/1636/1484 1481/1633/1481 1508/1660/1508
f 1484/1636/1484 1508/1660/1508 1511/1663/1511
f 1485/1637/1485 1482/1634/1482 1509/1661/1509
f 1485/1637/1485 1509/1661/1509 1512/1664/1512
f 1486/1638/1486 1483/1635/1483 1510/1662/1510
f 1486/1638/1486 1510/1662/1510 1513/1665/1513
f 9/9/9 1484/1636/1484 1511/1663/1511
f 1487/1639/1487 1485/1637/1485 1512/1664/1512
f 1487/1639/1487 1512/1664/1512 1514/1666/1514
f 1488/1640/1488 1486/1638/1486 1513/1665/1513
f 1488/1640/1488 1513/1665/1513 1515/1667/1515
f 1489/1641/1489 1487/1639/1487 1514/1666/1514
f 1489/1641/1489 1514/1666/1514 1516/1668/1516
f 1490/1642/1490 1488/1640/1488 1515/1667/1515
f 1490/1642/1490 1515/1667/1515 1517/1669/1517
f 1460/1609/1460 1489/1641/1489 1516/1668/1516
f 1460/1609/1460 1516/1668/1516 1518/1670/1518
f 1462/1612/1462 1490/1642/1490 1517/1669/1517
f 1462/1612/1462 1517/1669/1517 1519/1671/1519
f 1461/1610/1461 1460/1609/1460 1518/1670/1518
f 1461/1610/1461 1518/1670/1518 1520/1672/1520
f 1463/1613/1463 1462/1612/1462 1519/1671/1519
f 1463/1613/1463 1519/1671/1519 1521/1673/1521
f 1464/1617/1464 1461/1674/1461 1520/1675/1520
f 1464/1617/1464 1520/1675/1520 1491/1643/1491
f 1465/1616/1465 1463/1615/1463 1521/1676/1521
f 1465/1616/1465 1521/1676/1521 1493/1645/1493
f 1497/1649/1497 1495/1647/1495 1522/1677/1522
f 1497/1649/1497 1522/1677/1522 1523/1678/1523
f 1498/1679/1498 1496/1680/1496 1524/1681/1524
f 1498/1679/1498 1524/1681/1524 1525/1682/1525
f 1499/1651/1499 1497/1649/1497 1523/1678/1523
f 1499/1651/1499 1523/1678/1523 1526/1683/1526
f 1500/1684/1500 1498/1679/1498 1525/1682/1525
f 1500/1684/1500 1525/1682/1525 1527/1685/1527
f 1501/1653/1501 49/53/49 1528/1686/1528
f 1502/1654/1502 1499/1651/1499 1526/1683/1526
f 1502/1654/1502 1526/1683/1526 1529/1687/1529
f 1503/1688/1503 1500/1684/1500 1527/1685/1527
f 1503/1655/1503 1527/1689/1527 1530/1690/1530
f 1504/1656/1504 1501/1653/1501 1528/1686/1528
f 1504/1656/1504 1528/1686/1528 1531/1691/1531
f 1505/1657/1505 1502/1654/1502 1529/1687/1529
f 1505/1657/1505 1529/1687/1529 1532/1692/1532
f 1506/1658/1506 1503/1655/1503 1530/1690/1530
f 1506/1658/1506 1530/1690/1530 1533/1693/1533
f 1507/1659/1507 1504/1656/1504 1531/1691/1531
f 1507/1659/1507 1531/1691/1531 1534/1694/1534
f 1508/1660/1508 1505/1657/1505 1532/1692/1532
f 1508/1660/1508 1532/1692/1532 1535/1695/1535
f 1509/1661/1509 1506/1658/1506 1533/1693/1533
f 1509/1661/1509 1533/1693/1533 1536/1696/1536
f 1510/1662/1510 1507/1659/1507 1534/1694/1534
f 1510/1662/1510 1534/1694/1534 1537/1697/1537
f 1511/1663/1511 1508/1660/1508 1535/1695/1535
f 1511/1663/1511 1535/1695/1535 1538/1698/1538
f 1512/1664/1512 1509/1661/1509 1536/1696/1536
f 1512/1699/1512 1536/1700/1536 1539/1701/1539
f 1513/1665/1513 1510/1662/1510 1537/1697/1537
f 1513/1665/1513 1537/1697/1537 1540/1702/1540
f 9/9/9 1511/1663/1511 1538/1698/1538
f 1514/1703/1514 1512/1699/1512 1539/1701/1539
f 1514/1666/1514 1539/1704/1539 1541/1705/1541
f 1515/1667/1515 1513/1665/1513 1540/1702/1540
f 1515/1667/1515 1540/1702/1540 1542/1706/1542
f 1516/1668/1516 1514/1666/1514 1541/1705/1541
f 1516/1707/1516 1541/1708/1541 1543/1709/1543
f 1517/1669/1517 1515/1667/1515 1542/1706/1542
f 1517/1669/1517 1542/1706/1542 1544/1710/1544
f 1518/1711/1518 1516/1707/1516 1543/1709/1543
f 1518/1711/1518 1543/1709/1543 1545/1712/1545
f 1519/1671/1519 1517/1669/1517 1544/1710/1544
f 1519/1671/1519 1544/1710/1544 1546/1713/1546
f 1520/1714/1520 1518/1711/1518 1545/1712/1545
f 1520/1714/1520 1545/1712/1545 1547/1715/1547
f 1521/1673/1521 1519/1671/1519 1546/1713/1546
f 1521/1673/1521 1546/1713/1546 1548/1716/1548
f 1491/1643/1491 1520/1675/1520 1547/1717/1547
f 1491/1643/1491 1547/1717/1547 1549/1718/1549
f 1493/1719/1493 1521/1720/1521 1548/1721/1548
f 1493/1719/1493 1548/1721/1548 1550/1722/1550
f 1492/1644/1492 1491/1643/1491 1549/1718/1549
f 1492/1644/1492 1549/1718/1549 1551/1723/1551
f 1494/1724/1494 1493/1719/1493 1550/1722/1550
f 1494/1724/1494 1550/1722/1550 1552/1725/1552
f 1495/1647/1495 1492/1644/1492 1551/1723/1551
f 1495/1647/1495 1551/1723/1551 1522/1677/1522
f 1496/1680/1496 1494/1724/1494 1552/1725/1552
f 1496/1680/1496 1552/1725/1552 1524/1681/1524
f 1529/1687/1529 1526/1683/1526 1553/1726/1553
f 1529/1687/1529 1553/1726/1553 1554/1727/1554
f 1530/1728/1530 1527/1685/1527 1555/1729/1555
f 1530/1728/1530 1555/1729/1555 1556/1730/1556
f 1531/1691/1531 1528/1686/1528 1557/1731/1557
f 1531/1691/1531 1557/1731/1557 1558/1732/1558
f 1532/1692/1532 1529/1687/1529 1554/1727/1554
f 1532/1692/1532 1554/1727/1554 1559/1733/1559
f 1533/1734/1533 1530/1728/1530 1556/1730/1556
f 1533/1734/1533 1556/1730/1556 1560/1735/1560
f 1534/1694/1534 1531/1691/1531 1558/1732/1558
f 1534/1694/1534 1558/1732/1558 1561/1736/1561
f 1535/1695/1535 1532/1692/1532 1559/1733/1559
f 1535/1695/1535 1559/1733/1559 1562/1737/1562
f 1536/1700/1536 1533/1734/1533 1560/1735/1560
f 1536/1700/1536 1560/1735/1560 1563/1738/1563
f 1537/1697/1537 1534/1694/1534 1561/1736/1561
f 1537/1697/1537 1561/1736/1561 1564/1739/1564
f 1538/1698/1538 1535/1695/1535 1562/1737/1562
f 1538/1698/1538 1562/1737/1562 1565/1740/1565
f 1539/1701/1539 1536/1700/1536 1563/1738/1563
f 1539/1701/1539 1563/1738/1563 1566/1741/1566
f 1540/1702/1540 1537/1697/1537 1564/1739/1564
f 1540/1702/1540 1564/1739/1564 1567/1742/1567
f 9/9/9 1538/1698/1538 1565/1740/1565
f 1541/1708/1541 1539/1701/1539 1566/1741/1566
f 1541/1708/1541 1566/1741/1566 1568/1743/1568
f 1542/1706/1542 1540/1702/1540 1567/1742/1567
f 1542/1706/1542 1567/1742/1567 1569/1744/1569
f 1543/1709/1543 1541/1708/1541 1568/1743/1568
f 1543/1709/1543 1568/1743/1568 1570/1745/1570
f 1544/1710/1544 1542/1706/1542 1569/1744/1569
f 1544/1710/1544 1569/1744/1569 1571/1746/1571
f 1545/1712/1545 1543/1709/1543 1570/1745/1570
f 1545/1712/1545 1570/1745/1570 1572/1747/1572
f 1546/1713/1546 1544/1710/1544 1571/1746/1571
f 1546/1713/1546 1571/1746/1571 1573/1748/1573
f 1547/1715/1547 1545/1712/1545 1572/1747/1572
f 1547/1715/1547 1572/1747/1572 1574/1749/1574
f 1548/1716/1548 1546/1713/1546 1573/1748/1573
f 1548/1716/1548 1573/1748/1573 1575/1750/1575
f 1549/1718/1549 1547/1717/1547 1574/1751/1574
f 1549/1718/1549 1574/1751/1574 1576/1752/1576
f 1550/1722/1550 1548/1721/1548 1575/1753/1575
f 1550/1722/1550 1575/1753/1575 1577/1754/1577
f 1551/1723/1551 1549/1718/1549 1576/1752/1576
f 1551/1723/1551 1576/1752/1576 1578/1755/1578
f 1552/1725/1552 1550/1722/1550 1577/1754/1577
f 1552/1725/1552 1577/1754/1577 1579/1756/1579
f 1522/1677/1522 1551/1723/1551 1578/1755/1578
f 1522/1677/1522 1578/1755/1578 1580/1757/1580
f 1524/1681/1524 1552/1725/1552 1579/1756/1579
f 1524/1681/1524 1579/1756/1579 1581/1758/1581
f 1523/1678/1523 1522/1677/1522 1580/1757/1580
f 1523/1678/1523 1580/1757/1580 1582/1759/1582
f 1525/1682/1525 1524/1681/1524 1581/1758/1581
f 1525/1682/1525 1581/1758/1581 1583/1760/1583
f 1526/1683/1526 1523/1678/1523 1582/1759/1582
f 1526/1683/1526 1582/1759/1582 1553/1726/1553
f 1527/1685/1527 1525/1682/1525 1583/1760/1583
f 1527/1685/1527 1583/1760/1583 1555/1729/1555
f 1528/1686/1528 49/53/49 1557/1731/1557
f 1562/1737/1562 1559/1733/1559 1584/1761/1584
f 1562/1737/1562 1584/1761/1584 1585/1762/1585
f 1563/1738/1563 1560/1735/1560 1586/1763/1586
f 1563/1738/1563 1586/1763/1586 1587/1764/1587
f 1564/1739/1564 1561/1736/1561 1588/1765/1588
f 1564/1739/1564 1588/1765/1588 1589/1766/1589
f 1565/1740/1565 1562/1737/1562 1585/1762/1585
f 1565/1740/1565 1585/1762/1585 1590/1767/1590
f 1566/1741/1566 1563/1738/1563 1587/1764/1587
f 1566/1741/1566 1587/1764/1587 1591/1768/1591
f 1567/1742/1567 1564/1739/1564 1589/1766/1589
f 1567/1742/1567 1589/1766/1589 1592/1769/1592
f 9/9/9 1565/1740/1565 1590/1767/1590
f 1568/1743/1568 1566/1741/1566 1591/1768/1591
f 1568/1743/1568 1591/1768/1591 1593/1770/1593
f 1569/1744/1569 1567/1742/1567 1592/1769/1592
f 1569/1744/1569 1592/1769/1592 1594/1771/1594
f 1570/1745/1570 1568/1743/1568 1593/1770/1593
f 1570/1745/1570 1593/1770/1593 1595/1772/1595
f 1571/1746/1571 1569/1744/1569 1594/1771/1594
f 1571/1746/1571 1594/1771/1594 1596/1773/1596
f 1572/1747/1572 1570/1745/1570 1595/1772/1595
f 1572/1747/1572 1595/1772/1595 1597/1774/1597
f 1573/1748/1573 1571/1746/1571 1596/1773/1596
f 1573/1748/1573 1596/1773/1596 1598/1775/1598
f 1574/1749/1574 1572/1747/1572 1597/1774/1597
f 1574/1749/1574 1597/1774/1597 1599/1776/1599
f 1575/1750/1575 1573/1748/1573 1598/1775/1598
f 1575/1750/1575 1598/1775/1598 1600/1777/1600
f 1576/1778/1576 1574/1749/1574 1599/1776/1599
f 1576/1778/1576 1599/1776/1599 1601/1779/1601
f 1577/1754/1577 1575/1753/1575 1600/1780/1600
f 1577/1754/1577 1600/1780/1600 1602/1781/1602
f 1578/1755/1578 1576/1752/1576 1601/1782/1601
f 1578/1755/1578 1601/1782/1601 1603/1783/1603
f 1579/1756/1579 1577/1754/1577 1602/1781/1602
f 1579/1756/1579 1602/1781/1602 1604/1784/1604
f 1580/1757/1580 1578/1755/1578 1603/1783/1603
f 1580/1757/1580 1603/1783/1603 1605/1785/1605
f 1581/1758/1581 1579/1756/1579 1604/1784/1604
f 1581/1758/1581 1604/1784/1604 1606/1786/1606
f 1582/1759/1582 1580/1757/1580 1605/1785/1605
f 1582/1759/1582 1605/1785/1605 1607/1787/1607
f 1583/1760/1583 1581/1758/1581 1606/1786/1606
f 1583/1760/1583 1606/1786/1606 1608/1788/1608
f 1553/1726/1553 1582/1759/1582 1607/1787/1607
f 1553/1726/1553 1607/1787/1607 1609/1789/1609
f 1555/1729/1555 1583/1760/1583 1608/1788/1608
f 1555/1729/1555 1608/1788/1608 1610/1790/1610
f 1557/1731/1557 49/53/49 1611/1791/1611
f 1554/1727/1554 1553/1726/1553 1609/1789/1609
f 1554/1727/1554 1609/1789/1609 1612/1792/1612
f 1556/1730/1556 1555/1729/1555 1610/1790/1610
f 1556/1730/1556 1610/1790/1610 1613/1793/1613
f 1558/1732/1558 1557/1731/1557 1611/1791/1611
f 1558/1732/1558 1611/1791/1611 1614/1794/1614
f 1559/1733/1559 1554/1727/1554 1612/1792/1612
f 1559/1733/1559 1612/1792/1612 1584/1761/1584
f 1560/1735/1560 1556/1730/1556 1613/1793/1613
f 1560/1735/1560 1613/1793/1613 1586/1763/1586
f 1561/1736/1561 1558/1732/1558 1614/1794/1614
f 1561/1736/1561 1614/1794/1614 1588/1765/1588
f 1602/1781/1602 1600/1780/1600 1615/1795/1615
f 1602/1781/1602 1615/1795/1615 1616/1796/1616
f 1603/1783/1603 1601/1782/1601 1617/1797/1617
f 1603/1783/1603 1617/1797/1617 1618/1798/1618
f 1604/1784/1604 1602/1781/1602 1616/1796/1616
f 1604/1784/1604 1616/1796/1616 1619/1799/1619
f 1605/1785/1605 1603/1783/1603 1618/1798/1618
f 1605/1785/1605 1618/1798/1618 1620/1800/1620
f 1606/1786/1606 1604/1784/1604 1619/1799/1619
f 1606/1786/1606 1619/1799/1619 1621/1801/1621
f 1607/1787/1607 1605/1785/1605 1620/1800/1620
f 1607/1787/1607 1620/1800/1620 1622/1802/1622
f 1608/1788/1608 1606/1786/1606 1621/1801/1621
f 1608/1788/1608 1621/1801/1621 1623/1803/1623
f 1609/1789/1609 1607/1787/1607 1622/1802/1622
f 1609/1789/1609 1622/1802/1622 1624/1804/1624
f 1610/1790/1610 1608/1788/1608 1623/1803/1623
f 1610/1790/1610 1623/1803/1623 1625/1805/1625
f 1611/1791/1611 49/53/49 1626/1806/1626
f 1612/1792/1612 1609/1789/1609 1624/1804/1624
f 1612/1792/1612 1624/1804/1624 1627/1807/1627
f 1613/1793/1613 1610/1790/1610 1625/1805/1625
f 1613/1793/1613 1625/1805/1625 1628/1808/1628
f 1614/1794/1614 1611/1791/1611 1626/1806/1626
f 1614/1794/1614 1626/1806/1626 1629/1809/1629
f 1584/1761/1584 1612/1792/1612 1627/1807/1627
f 1584/1761/1584 1627/1807/1627 1630/1810/1630
f 1586/1763/1586 1613/1793/1613 1628/1808/1628
f 1586/1763/1586 1628/1808/1628 1631/1811/1631
f 1588/1765/1588 1614/1794/1614 1629/1809/1629
f 1588/1765/1588 1629/1809/1629 1632/1812/1632
f 1585/1762/1585 1584/1761/1584 1630/1810/1630
f 1585/1762/1585 1630/1810/1630 1633/1813/1633
f 1587/1764/1587 1586/1763/1586 1631/1811/1631
f 1587/1764/1587 1631/1811/1631 1634/1814/1634
f 1589/1766/1589 1588/1765/1588 1632/1812/1632
f 1589/1766/1589 1632/1812/1632 1635/1815/1635
f 1590/1767/1590 1585/1762/1585 1633/1813/1633
f 1590/1767/1590 1633/1813/1633 1636/1816/1636
f 1591/1768/1591 1587/1764/1587 1634/1814/1634
f 1591/1768/1591 1634/1814/1634 1637/1817/1637
f 1592/1769/1592 1589/1766/1589 1635/1815/1635
f 1592/1769/1592 1635/1815/1635 1638/1818/1638
f 9/9/9 1590/1767/1590 1636/1816/1636
f 1593/1770/1593 1591/1768/1591 1637/1817/1637
f 1593/1770/1593 1637/1817/1637 1639/1819/1639
f 1594/1771/1594 1592/1769/1592 1638/1818/1638
f 1594/1771/1594 1638/1818/1638 1640/1820/1640
f 1595/1772/1595 1593/1770/1593 1639/1819/1639
f 1595/1772/1595 1639/1819/1639 1641/1821/1641
f 1596/1773/1596 1594/1771/1594 1640/1820/1640
f 1596/1773/1596 1640/1820/1640 1642/1822/1642
f 1597/1774/1597 1595/1772/1595 1641/1821/1641
f 1597/1774/1597 1641/1821/1641 1643/1823/1643
f 1598/1775/1598 1596/1773/1596 1642/1822/1642
f 1598/1775/1598 1642/1822/1642 1644/1824/1644
f 1599/1776/1599 1597/1774/1597 1643/1823/1643
f 1599/1776/1599 1643/1823/1643 1645/1825/1645
f 1600/1780/1600 1598/1826/1598 1644/1827/1644
f 1600/1780/1600 1644/1827/1644 1615/1795/1615
f 1601/1779/1601 1599/1776/1599 1645/1825/1645
f 1601/1779/1601 1645/1825/1645 1617/1828/1617
f 1621/1801/1621 1619/1799/1619 1646/1829/1646
f 1621/1801/1621 1646/1829/1646 1647/1830/1647
f 1622/1802/1622 1620/1800/1620 1648/1831/1648
f 1622/1802/1622 1648/1831/1648 1649/1832/1649
f 1623/1803/1623 1621/1801/1621 1647/1830/1647
f 1623/1803/1623 1647/1830/1647 1650/1833/1650
f 1624/1804/1624 1622/1802/1622 1649/1832/1649
f 1624/1804/1624 1649/1832/1649 1651/1834/1651
f 1625/1805/1625 1623/1803/1623 1650/1833/1650
f 1625/1805/1625 1650/1833/1650 1652/1835/1652
f 1626/1806/1626 49/53/49 1653/1836/1653
f 1627/1807/1627 1624/1804/1624 1651/1834/1651
f 1627/1807/1627 1651/1834/1651 1654/1837/1654
f 1628/1808/1628 1625/1805/1625 1652/1835/1652
f 1628/1808/1628 1652/1835/1652 1655/1838/1655
f 1629/1809/1629 1626/1806/1626 1653/1836/1653
f 1629/1809/1629 1653/1836/1653 1656/1839/1656
f 1630/1810/1630 1627/1807/1627 1654/1837/1654
f 1630/1810/1630 1654/1837/1654 1657/1840/1657
f 1631/1811/1631 1628/1808/1628 1655/1838/1655
f 1631/1811/1631 1655/1838/1655 1658/1841/1658
f 1632/1812/1632 1629/1809/1629 1656/1839/1656
f 1632/1812/1632 1656/1839/1656 1659/1842/1659
f 1633/1813/1633 1630/1810/1630 1657/1840/1657
f 1633/1813/1633 1657/1840/1657 1660/1843/1660
f 1634/1814/1634 1631/1811/1631 1658/1841/1658
f 1634/1814/1634 1658/1841/1658 1661/1844/1661
f 1635/1815/1635 1632/1812/1632 1659/1842/1659
f 1635/1815/1635 1659/1842/1659 1662/1845/1662
f 1636/1816/1636 1633/1813/1633 1660/1843/1660
f 1636/1816/1636 1660/1843/1660 1663/1846/1663
f 1637/1817/1637 1634/1814/1634 1661/1844/1661
f 1637/1817/1637 1661/1844/1661 1664/1847/1664
f 1638/1818/1638 1635/1815/1635 1662/1845/1662
f 1638/1818/1638 1662/1845/1662 1665/1848/1665
f 9/9/9 1636/1816/1636 1663/1846/1663
f 1639/1819/1639 1637/1817/1637 1664/1847/1664
f 1639/1819/1639 1664/1847/1664 1666/1849/1666
f 1640/1820/1640 1638/1818/1638 1665/1848/1665
f 1640/1820/1640 1665/1848/1665 1667/1850/1667
f 1641/1821/1641 1639/1819/1639 1666/1849/1666
f 1641/1821/1641 1666/1849/1666 1668/1851/1668
f 1642/1822/1642 1640/1820/1640 1667/1850/1667
f 1642/1822/1642 1667/1850/1667 1669/1852/1669
f 1643/1823/1643 1641/1821/1641 1668/1851/1668
f 1643/1823/1643 1668/1851/1668 1670/1853/1670
f 1644/1824/1644 1642/1822/1642 1669/1852/1669
f 1644/1824/1644 1669/1852/1669 1671/1854/1671
f 1645/1825/1645 1643/1823/1643 1670/1853/1670
f 1645/1825/1645 1670/1853/1670 1672/1855/1672
f 1615/1795/1615 1644/1827/1644 1671/1856/1671
f 1615/1795/1615 1671/1856/1671 1673/1857/1673
f 1617/1828/1617 1645/1825/1645 1672/1855/1672
f 1617/1828/1617 1672/1855/1672 1674/1858/1674
f 1616/1796/1616 1615/1795/1615 1673/1857/1673
f 1616/1796/1616 1673/1857/1673 1675/1859/1675
f 1618/1798/1618 1617/1797/1617 1674/1860/1674
f 1618/1798/1618 1674/1860/1674 1676/1861/1676
f 1619/1799/1619 1616/1796/1616 1675/1859/1675
f 1619/1799/1619 1675/1859/1675 1646/1829/1646
f 1620/1800/1620 1618/1798/1618 1676/1861/1676
f 1620/1800/1620 1676/1861/1676 1648/1831/1648
f 1652/1835/1652 1650/1833/1650 1677/1862/1677
f 1652/1835/1652 1677/1862/1677 1678/1863/1678
f 1653/1836/1653 49/53/49 1679/1864/1679
f 1654/1837/1654 1651/1834/1651 1680/1865/1680
f 1654/1837/1654 1680/1865/1680 1681/1866/1681
f 1655/1838/1655 1652/1835/1652 1678/1863/1678
f 1655/1838/1655 1678/1863/1678 1682/1867/1682
f 1656/1839/1656 1653/1836/1653 1679/1864/1679
f 1656/1839/1656 1679/1864/1679 1683/1868/1683
f 1657/1840/1657 1654/1837/1654 1681/1866/1681
f 1657/1840/1657 1681/1866/1681 1684/1869/1684
f 1658/1841/1658 1655/1838/1655 1682/1867/1682
f 1658/1841/1658 1682/1867/1682 1685/1870/1685
f 1659/1842/1659 1656/1839/1656 1683/1868/1683
f 1659/1842/1659 1683/1868/1683 1686/1871/1686
f 1660/1843/1660 1657/1840/1657 1684/1869/1684
f 1660/1843/1660 1684/1869/1684 1687/1872/1687
f 1661/1844/1661 1658/1841/1658 1685/1870/1685
f 1661/1844/1661 1685/1870/1685 1688/1873/1688
f 1662/1845/1662 1659/1842/1659 1686/1871/1686
f 1662/1845/1662 1686/1871/1686 1689/1874/1689
f 1663/1846/1663 1660/1843/1660 1687/1872/1687
f 1663/1846/1663 1687/1872/1687 1690/1875/1690
f 1664/1847/1664 1661/1844/1661 1688/1873/1688
f 1664/1847/1664 1688/1873/1688 1691/1876/1691
f 1665/1848/1665 1662/1845/1662 1689/1874/1689
f 1665/1848/1665 1689/1874/1689 1692/1877/1692
f 9/9/9 1663/1846/1663 1690/1875/1690
f 1666/1849/1666 1664/1847/1664 1691/1876/1691
f 1666/1849/1666 1691/1876/1691 1693/1878/1693
f 1667/1850/1667 1665/1848/1665 1692/1877/1692
f 1667/1850/1667 1692/1877/1692 1694/1879/1694
f 1668/1851/1668 1666/1849/1666 1693/1878/1693
f 1668/1851/1668 1693/1878/1693 1695/1880/1695
f 1669/1852/1669 1667/1850/1667 1694/1879/1694
f 1669/1852/1669 1694/1879/1694 1696/1881/1696
f 1670/1853/1670 1668/1851/1668 1695/1880/1695
f 1670/1853/1670 1695/1880/1695 1697/1882/1697
f 1671/1854/1671 1669/1852/1669 1696/1881/1696
f 1671/1854/1671 1696/1881/1696 1698/1883/1698
f 1672/1855/1672 1670/1853/1670 1697/1882/1697
f 1672/1855/1672 1697/1882/1697 1699/1884/1699
f 1673/1857/1673 1671/1856/1671 1698/1885/1698
f 1673/1857/1673 1698/1885/1698 1700/1886/1700
f 1674/1858/1674 1672/1855/1672 1699/1884/1699
f 1674/1858/1674 1699/1884/1699 1701/1887/1701
f 1675/1859/1675 1673/1857/1673 1700/1886/1700
f 1675/1859/1675 1700/1886/1700 1702/1888/1702
f 1676/1861/1676 1674/1860/1674 1701/1889/1701
f 1676/1861/1676 1701/1889/1701 1703/1890/1703
f 1646/1829/1646 1675/1859/1675 1702/1888/1702
f 1646/1829/1646 1702/1888/1702 1704/1891/1704
f 1648/1831/1648 1676/1861/1676 1703/1890/1703
f 1648/1831/1648 1703/1890/1703 1705/1892/1705
f 1647/1830/1647 1646/1829/1646 1704/1891/1704
f 1647/1830/1647 1704/1891/1704 1706/1893/1706
f 1649/1832/1649 1648/1831/1648 1705/1892/1705
f 1649/1832/1649 1705/1892/1705 1707/1894/1707
f 1650/1833/1650 1647/1830/1647 1706/1893/1706
f 1650/1833/1650 1706/1893/1706 1677/1862/1677
f 1651/1834/1651 1649/1832/1649 1707/1894/1707
f 1651/1834/1651 1707/1894/1707 1680/1865/1680
f 1685/1870/1685 1682/1867/1682 1708/1895/1708
f 1685/1870/1685 1708/1895/1708 1709/1896/1709
f 1686/1871/1686 1683/1868/1683 1710/1897/1710
f 1686/1871/1686 1710/1897/1710 1711/1898/1711
f 1687/1872/1687 1684/1869/1684 1712/1899/1712
f 1687/1872/1687 1712/1899/1712 1713/1900/1713
f 1688/1873/1688 1685/1870/1685 1709/1896/1709
f 1688/1873/1688 1709/1896/1709 1714/1901/1714
f 1689/1874/1689 1686/1871/1686 1711/1898/1711
f 1689/1874/1689 1711/1898/1711 1715/1902/1715
f 1690/1875/1690 1687/1872/1687 1713/1900/1713
f 1690/1875/1690 1713/1900/1713 1716/1903/1716
f 1691/1876/1691 1688/1873/1688 1714/1901/1714
f 1691/1876/1691 1714/1901/1714 1717/1904/1717
f 1692/1877/1692 1689/1874/1689 1715/1902/1715
f 1692/1877/1692 1715/1902/1715 1718/1905/1718
f 9/9/9 1690/1875/1690 1716/1903/1716
f 1693/1878/1693 1691/1876/1691 1717/1904/1717
f 1693/1878/1693 1717/1904/1717 1719/1906/1719
f 1694/1879/1694 1692/1877/1692 1718/1905/1718
f 1694/1879/1694 1718/1905/1718 1720/1907/1720
f 1695/1880/1695 1693/1878/1693 1719/1906/1719
f 1695/1880/1695 1719/1906/1719 1721/1908/1721
f 1696/1881/1696 1694/1879/1694 1720/1907/1720
f 1696/1881/1696 1720/1907/1720 1722/1909/1722
f 1697/1882/1697 1695/1880/1695 1721/1908/1721
f 1697/1882/1697 1721/1908/1721 1723/1910/1723
f 1698/1883/1698 1696/1881/1696 1722/1909/1722
f 1698/1883/1698 1722/1909/1722 1724/1911/1724
f 1699/1884/1699 1697/1882/1697 1723/1910/1723
f 1699/1884/1699 1723/1910/1723 1725/1912/1725
f 1700/1886/1700 1698/1885/1698 1724/1913/1724
f 1700/1886/1700 1724/1913/1724 1726/1914/1726
f 1701/1887/1701 1699/1884/1699 1725/1912/1725
f 1701/1887/1701 1725/1912/1725 1727/1915/1727
f 1702/1888/1702 1700/1886/1700 1726/1914/1726
f 1702/1888/1702 1726/1914/1726 1728/1916/1728
f 1703/1917/1703 1701/1887/1701 1727/1915/1727
f 1703/1917/1703 1727/1915/1727 1729/1918/1729
f 1704/1891/1704 1702/1888/1702 1728/1916/1728
f 1704/1891/1704 1728/1916/1728 1730/1919/1730
f 1705/1892/1705 1703/1890/1703 1729/1920/1729
f 1705/1892/1705 1729/1920/1729 1731/1921/1731
f 1706/1893/1706 1704/1891/1704 1730/1919/1730
f 1706/1893/1706 1730/1919/1730 1732/1922/1732
f 1707/1894/1707 1705/1892/1705 1731/1921/1731
f 1707/1894/1707 1731/1921/1731 1733/1923/1733
f 1677/1862/1677 1706/1893/1706 1732/1922/1732
f 1677/1862/1677 1732/1922/1732 1734/1924/1734
f 1680/1865/1680 1707/1894/1707 1733/1923/1733
f 1680/1865/1680 1733/1923/1733 1735/1925/1735
f 1678/1863/1678 1677/1862/1677 1734/1924/1734
f 1678/1863/1678 1734/1924/1734 1736/1926/1736
f 1679/1864/1679 49/53/49 1737/1927/1737
f 1681/1866/1681 1680/1865/1680 1735/1925/1735
f 1681/1866/1681 1735/1925/1735 1738/1928/1738
f 1682/1867/1682 1678/1863/1678 1736/1926/1736
f 1682/1867/1682 1736/1926/1736 1708/1895/1708
f 1683/1868/1683 1679/1864/1679 1737/1927/1737
f 1683/1868/1683 1737/1927/1737 1710/1897/1710
f 1684/1869/1684 1681/1866/1681 1738/1928/1738
f 1684/1869/1684 1738/1928/1738 1712/1899/1712
f 1717/1904/1717 1714/1901/1714 1739/1929/1739
f 1717/1904/1717 1739/1929/1739 1740/1930/1740
f 1718/1905/1718 1715/1902/1715 1741/1931/1741
f 1718/1905/1718 1741/1931/1741 1742/1932/1742
f 9/9/9 1716/1903/1716 1743/1933/1743
f 1719/1906/1719 1717/1904/1717 1740/1930/1740
f 1719/1906/1719 1740/1930/1740 1744/1934/1744
f 1720/1907/1720 1718/1905/1718 1742/1932/1742
f 1720/1907/1720 1742/1932/1742 1745/1935/1745
f 1721/1908/1721 1719/1906/1719 1744/1934/1744
f 1721/1908/1721 1744/1934/1744 1746/1936/1746
f 1722/1909/1722 1720/1907/1720 1745/1935/1745
f 1722/1909/1722 1745/1935/1745 1747/1937/1747
f 1723/1910/1723 1721/1908/1721 1746/1936/1746
f 1723/1910/1723 1746/1936/1746 1748/1938/1748
f 1724/1911/1724 1722/1909/1722 1747/1937/1747
f 1724/1911/1724 1747/1937/1747 1749/1939/1749
f 1725/1912/1725 1723/1910/1723 1748/1938/1748
f 1725/1912/1725 1748/1938/1748 1750/1940/1750
f 1726/1914/1726 1724/1913/1724 1749/1941/1749
f 1726/1914/1726 1749/1941/1749 1751/1942/1751
f 1727/1915/1727 1725/1912/1725 1750/1940/1750
f 1727/1915/1727 1750/1940/1750 1752/1943/1752
f 1728/1916/1728 1726/1914/1726 1751/1942/1751
f 1728/1916/1728 1751/1942/1751 1753/1944/1753
f 1729/1918/1729 1727/1915/1727 1752/1943/1752
f 1729/1918/1729 1752/1943/1752 1754/1945/1754
f 1730/1919/1730 1728/1916/1728 1753/1944/1753
f 1730/1919/1730 1753/1944/1753 1755/1946/1755
f 1731/1921/1731 1729/1920/1729 1754/1947/1754
f 1731/1921/1731 1754/1947/1754 1756/1948/1756
f 1732/1922/1732 1730/1919/1730 1755/1946/1755
f 1732/1922/1732 1755/1946/1755 1757/1949/1757
f 1733/1923/1733 1731/1921/1731 1756/1948/1756
f 1733/1923/1733 1756/1948/1756 1758/1950/1758
f 1734/1924/1734 1732/1922/1732 1757/1949/1757
f 1734/1924/1734 1757/1949/1757 1759/1951/1759
f 1735/1925/1735 1733/1923/1733 1758/1950/1758
f 1735/1925/1735 1758/1950/1758 1760/1952/1760
f 1736/1926/1736 1734/1924/1734 1759/1951/1759
f 1736/1926/1736 1759/1951/1759 1761/1953/1761
f 1737/1927/1737 49/53/49 1762/1954/1762
f 1738/1928/1738 1735/1925/1735 1760/1952/1760
f 1738/1928/1738 1760/1952/1760 1763/1955/1763
f 1708/1895/1708 1736/1926/1736 1761/1953/1761
f 1708/1895/1708 1761/1953/1761 1764/1956/1764
f 1710/1897/1710 1737/1927/1737 1762/1954/1762
f 1710/1897/1710 1762/1954/1762 1765/1957/1765
f 1712/1899/1712 1738/1928/1738 1763/1955/1763
f 1712/1899/1712 1763/1955/1763 1766/1958/1766
f 1709/1896/1709 1708/1895/1708 1764/1956/1764
f 1709/1896/1709 1764/1956/1764 1767/1959/1767
f 1711/1898/1711 1710/1897/1710 1765/1957/1765
f 1711/1898/1711 1765/1957/1765 1768/1960/1768
f 1713/1900/1713 1712/1899/1712 1766/1958/1766
f 1713/1900/1713 1766/1958/1766 1769/1961/1769
f 1714/1901/1714 1709/1896/1709 1767/1959/1767
f 1714/1901/1714 1767/1959/1767 1739/1929/1739
f 1715/1902/1715 1711/1898/1711 1768/1960/1768
f 1715/1902/1715 1768/1960/1768 1741/1931/1741
f 1716/1903/1716 1713/1900/1713 1769/1961/1769
f 1716/1903/1716 1769/1961/1769 1743/1933/1743
f 1746/1936/1746 1744/1934/1744 1770/1962/1770
f 1746/1936/1746 1770/1962/1770 1771/1963/1771
f 1747/1937/1747 1745/1935/1745 1772/1964/1772
f 1747/1937/1747 1772/1964/1772 1773/1965/1773
f 1748/1938/1748 1746/1936/1746 1771/1963/1771
f 1748/1938/1748 1771/1963/1771 1774/1966/1774
f 1749/1939/1749 1747/1937/1747 1773/1965/1773
f 1749/1939/1749 1773/1965/1773 1775/1967/1775
f 1750/1940/1750 1748/1938/1748 1774/1966/1774
f 1750/1940/1750 1774/1966/1774 1776/1968/1776
f 1751/1942/1751 1749/1941/1749 1775/1969/1775
f 1751/1942/1751 1775/1969/1775 1777/1970/1777
f 1752/1943/1752 1750/1940/1750 1776/1968/1776
f 1752/1943/1752 1776/1968/1776 1778/1971/1778
f 1753/1944/1753 1751/1942/1751 1777/1970/1777
f 1753/1944/1753 1777/1970/1777 1779/1972/1779
f 1754/1945/1754 1752/1943/1752 1778/1971/1778
f 1754/1945/1754 1778/1971/1778 1780/1973/1780
f 1755/1946/1755 1753/1944/1753 1779/1972/1779
f 1755/1946/1755 1779/1972/1779 1781/1974/1781
f 1756/1948/1756 1754/1947/1754 1780/1975/1780
f 1756/1948/1756 1780/1975/1780 1782/1976/1782
f 1757/1949/1757 1755/1946/1755 1781/1974/1781
f 1757/1949/1757 1781/1974/1781 1783/1977/1783
f 1758/1950/1758 1756/1948/1756 1782/1976/1782
f 1758/1950/1758 1782/1976/1782 1784/1978/1784
f 1759/1951/1759 1757/1949/1757 1783/1977/1783
f 1759/1951/1759 1783/1977/1783 1785/1979/1785
f 1760/1952/1760 1758/1950/1758 1784/1978/1784
f 1760/1952/1760 1784/1978/1784 1786/1980/1786
f 1761/1953/1761 1759/1951/1759 1785/1979/1785
f 1761/1953/1761 1785/1979/1785 1787/1981/1787
f 1762/1954/1762 49/53/49 1788/1982/1788
f 1763/1955/1763 1760/1952/1760 1786/1980/1786
f 1763/1955/1763 1786/1980/1786 1789/1983/1789
f 1764/1956/1764 1761/1953/1761 1787/1981/1787
f 1764/1956/1764 1787/1981/1787 1790/1984/1790
f 1765/1957/1765 1762/1954/1762 1788/1982/1788
f 1765/1957/1765 1788/1982/1788 1791/1985/1791
f 1766/1958/1766 1763/1955/1763 1789/1983/1789
f 1766/1958/1766 1789/1983/1789 1792/1986/1792
f 1767/1959/1767 1764/1956/1764 1790/1984/1790
f 1767/1959/1767 1790/1984/1790 1793/1987/1793
f 1768/1960/1768 1765/1957/1765 1791/1985/1791
f 1768/1960/1768 1791/1985/1791 1794/1988/1794
f 1769/1961/1769 1766/1958/1766 1792/1986/1792
f 1769/1961/1769 1792/1986/1792 1795/1989/1795
f 1739/1929/1739 1767/1959/1767 1793/1987/1793
f 1739/1929/1739 1793/1987/1793 1796/1990/1796
f 1741/1931/1741 1768/1960/1768 1794/1988/1794
f 1741/1931/1741 1794/1988/1794 1797/1991/1797
f 1743/1933/1743 1769/1961/1769 1795/1989/1795
f 1743/1933/1743 1795/1989/1795 1798/1992/1798
f 1740/1930/1740 1739/1929/1739 1796/1990/1796
f 1740/1930/1740 1796/1990/1796 1799/1993/1799
f 1742/1932/1742 1741/1931/1741 1797/1991/1797
f 1742/1932/1742 1797/1991/1797 1800/1994/1800
f 9/9/9 1743/1933/1743 1798/1992/1798
f 1744/1934/1744 1740/1930/1740 1799/1993/1799
f 1744/1934/1744 1799/1993/1799 1770/1962/1770
f 1745/1935/1745 1742/1932/1742 1800/1994/1800
f 1745/1935/1745 1800/1994/1800 1772/1964/1772
f 1776/1968/1776 1774/1966/1774 1801/1995/1801
f 1776/1968/1776 1801/1995/1801 1802/1996/1802
f 1777/1970/1777 1775/1969/1775 1803/1997/1803
f 1777/1970/1777 1803/1997/1803 1804/1998/1804
f 1778/1971/1778 1776/1968/1776 1802/1996/1802
f 1778/1971/1778 1802/1996/1802 1805/1999/1805
f 1779/1972/1779 1777/1970/1777 1804/1998/1804
f 1779/1972/1779 1804/1998/1804 1806/2000/1806
f 1780/1973/1780 1778/1971/1778 1805/1999/1805
f 1780/1973/1780 1805/1999/1805 1807/2001/1807
f 1781/1974/1781 1779/1972/1779 1806/2000/1806
f 1781/1974/1781 1806/2000/1806 1808/2002/1808
f 1782/1976/1782 1780/1975/1780 1807/2003/1807
f 1782/1976/1782 1807/2003/1807 1809/2004/1809
f 1783/1977/1783 1781/1974/1781 1808/2002/1808
f 1783/1977/1783 1808/2002/1808 1810/2005/1810
f 1784/1978/1784 1782/1976/1782 1809/2004/1809
f 1784/1978/1784 1809/2004/1809 1811/2006/1811
f 1785/1979/1785 1783/1977/1783 1810/2005/1810
f 1785/1979/1785 1810/2005/1810 1812/2007/1812
f 1786/1980/1786 1784/1978/1784 1811/2006/1811
f 1786/1980/1786 1811/2006/1811 1813/2008/1813
f 1787/1981/1787 1785/1979/1785 1812/2007/1812
f 1787/1981/1787 1812/2007/1812 1814/2009/1814
f 1788/1982/1788 49/53/49 1815/2010/1815
f 1789/1983/1789 1786/1980/1786 1813/2008/1813
f 1789/1983/1789 1813/2008/1813 1816/2011/1816
f 1790/1984/1790 1787/1981/1787 1814/2009/1814
f 1790/1984/1790 1814/2009/1814 1817/2012/1817
f 1791/1985/1791 1788/1982/1788 1815/2010/1815
f 1791/1985/1791 1815/2010/1815 1818/2013/1818
f 1792/1986/1792 1789/1983/1789 1816/2011/1816
f 1792/1986/1792 1816/2011/1816 1819/2014/1819
f 1793/1987/1793 1790/1984/1790 1817/2012/1817
f 1793/1987/1793 1817/2012/1817 1820/2015/1820
f 1794/1988/1794 1791/1985/1791 1818/2013/1818
f 1794/1988/1794 1818/2013/1818 1821/2016/1821
f 1795/1989/1795 1792/1986/1792 1819/2014/1819
f 1795/1989/1795 1819/2014/1819 1822/2017/1822
f 1796/1990/1796 1793/1987/1793 1820/2015/1820
f 1796/1990/1796 1820/2015/1820 1823/2018/1823
f 1797/1991/1797 1794/1988/1794 1821/2016/1821
f 1797/1991/1797 1821/2016/1821 1824/2019/1824
f 1798/1992/1798 1795/1989/1795 1822/2017/1822
f 1798/1992/1798 1822/2017/1822 1825/2020/1825
f 1799/1993/1799 1796/1990/1796 1823/2018/1823
f 1799/1993/1799 1823/2018/1823 1826/2021/1826
f 1800/1994/1800 1797/1991/1797 1824/2019/1824
f 1800/1994/1800 1824/2019/1824 1827/2022/1827
f 9/9/9 1798/1992/1798 1825/2020/1825
f 1770/1962/1770 1799/1993/1799 1826/2021/1826
f 1770/1962/1770 1826/2021/1826 1828/2023/1828
f 1772/1964/1772 1800/1994/1800 1827/2022/1827
f 1772/1964/1772 1827/2022/1827 1829/2024/1829
f 1771/1963/1771 1770/1962/1770 1828/2023/1828
f 1771/1963/1771 1828/2023/1828 1830/2025/1830
f 1773/1965/1773 1772/1964/1772 1829/2024/1829
f 1773/1965/1773 1829/2024/1829 1831/2026/1831
f 1774/1966/1774 1771/1963/1771 1830/2025/1830
f 1774/1966/1774 1830/2025/1830 1801/1995/1801
f 1775/1967/1775 1773/1965/1773 1831/2026/1831
f 1775/1967/1775 1831/2026/1831 1803/2027/1803
f 1807/2001/1807 1805/1999/1805 1832/2028/1832
f 1807/2001/1807 1832/2028/1832 1833/2029/1833
f 1808/2002/1808 1806/2000/1806 1834/2030/1834
f 1808/2002/1808 1834/2030/1834 1835/2031/1835
f 1809/2004/1809 1807/2003/1807 1833/2032/1833
f 1809/2004/1809 1833/2032/1833 1836/2033/1836
f 1810/2005/1810 1808/2002/1808 1835/2031/1835
f 1810/2005/1810 1835/2031/1835 1837/2034/1837
f 1811/2006/1811 1809/2004/1809 1836/2033/1836
f 1811/2006/1811 1836/2033/1836 1838/2035/1838
f 1812/2007/1812 1810/2005/1810 1837/2034/1837
f 1812/2007/1812 1837/2034/1837 1839/2036/1839
f 1813/2008/1813 1811/2006/1811 1838/2035/1838
f 1813/2008/1813 1838/2035/1838 1840/2037/1840
f 1814/2009/1814 1812/2007/1812 1839/2036/1839
f 1814/2009/1814 1839/2036/1839 1841/2038/1841
f 1815/2010/1815 49/53/49 1842/2039/1842
f 1816/2011/1816 1813/2008/1813 1840/2037/1840
f 1816/2011/1816 1840/2037/1840 1843/2040/1843
f 1817/2012/1817 1814/2009/1814 1841/2038/1841
f 1817/2012/1817 1841/2038/1841 1844/2041/1844
f 1818/2013/1818 1815/2010/1815 1842/2039/1842
f 1818/2013/1818 1842/2039/1842 1845/2042/1845
f 1819/2014/1819 1816/2011/1816 1843/2040/1843
f 1819/2014/1819 1843/2040/1843 1846/2043/1846
f 1820/2015/1820 1817/2012/1817 1844/2041/1844
f 1820/2015/1820 1844/2041/1844 1847/2044/1847
f 1821/2016/1821 1818/2013/1818 1845/2042/1845
f 1821/2016/1821 1845/2042/1845 1848/2045/1848
f 1822/2017/1822 1819/2014/1819 1846/2043/1846
f 1822/2017/1822 1846/2043/1846 1849/2046/1849
f 1823/2018/1823 1820/2015/1820 1847/2044/1847
f 1823/2018/1823 1847/2044/1847 1850/2047/1850
f 1824/2019/1824 1821/2016/1821 1848/2045/1848
f 1824/2019/1824 1848/2045/1848 1851/2048/1851
f 1825/2020/1825 1822/2017/1822 1849/2046/1849
f 1825/2020/1825 1849/2046/1849 1852/2049/1852
f 1826/2021/1826 1823/2018/1823 1850/2047/1850
f 1826/2021/1826 1850/2047/1850 1853/2050/1853
f 1827/2022/1827 1824/2019/1824 1851/2048/1851
f 1827/2022/1827 1851/2048/1851 1854/2051/1854
f 9/9/9 1825/2020/1825 1852/2049/1852
f 1828/2023/1828 1826/2021/1826 1853/2050/1853
f 1828/2023/1828 1853/2050/1853 1855/2052/1855
f 1829/2024/1829 1827/2022/1827 1854/2051/1854
f 1829/2024/1829 1854/2051/1854 1856/2053/1856
f 1830/2025/1830 1828/2023/1828 1855/2052/1855
f 1830/2025/1830 1855/2052/1855 1857/2054/1857
f 1831/2026/1831 1829/2024/1829 1856/2053/1856
f 1831/2026/1831 1856/2053/1856 1858/2055/1858
f 1801/1995/1801 1830/2025/1830 1857/2054/1857
f 1801/1995/1801 1857/2054/1857 1859/2056/1859
f 1803/2027/1803 1831/2026/1831 1858/2055/1858
f 1803/2027/1803 1858/2055/1858 1860/2057/1860
f 1802/1996/1802 1801/1995/1801 1859/2056/1859
f 1802/1996/1802 1859/2056/1859 1861/2058/1861
f 1804/1998/1804 1803/1997/1803 1860/2059/1860
f 1804/1998/1804 1860/2059/1860 1862/2060/1862
f 1805/1999/1805 1802/1996/1802 1861/2058/1861
f 1805/1999/1805 1861/2058/1861 1832/2028/1832
f 1806/2000/1806 1804/1998/1804 1862/2060/1862
f 1806/2000/1806 1862/2060/1862 1834/2030/1834
f 1838/2035/1838 1836/2033/1836 1863/2061/1863
f 1838/2035/1838 1863/2061/1863 1864/2062/1864
f 1839/2036/1839 1837/2034/1837 1865/2063/1865
f 1839/2036/1839 1865/2063/1865 1866/2064/1866
f 1840/2037/1840 1838/2035/1838 1864/2062/1864
f 1840/2037/1840 1864/2062/1864 1867/2065/1867
f 1841/2038/1841 1839/2036/1839 1866/2064/1866
f 1841/2038/1841 1866/2064/1866 1868/2066/1868
f 1842/2039/1842 49/53/49 1869/2067/1869
f 1843/2040/1843 1840/2037/1840 1867/2065/1867
f 1843/2040/1843 1867/2065/1867 1870/2068/1870
f 1844/2041/1844 1841/2038/1841 1868/2066/1868
f 1844/2041/1844 1868/2066/1868 1871/2069/1871
f 1845/2042/1845 1842/2039/1842 1869/2067/1869
f 1845/2042/1845 1869/2067/1869 1872/2070/1872
f 1846/2043/1846 1843/2040/1843 1870/2068/1870
f 1846/2043/1846 1870/2068/1870 1873/2071/1873
f 1847/2044/1847 1844/2041/1844 1871/2069/1871
f 1847/2044/1847 1871/2069/1871 1874/2072/1874
f 1848/2045/1848 1845/2042/1845 1872/2070/1872
f 1848/2045/1848 1872/2070/1872 1875/2073/1875
f 1849/2046/1849 1846/2043/1846 1873/2071/1873
f 1849/2046/1849 1873/2071/1873 1876/2074/1876
f 1850/2047/1850 1847/2044/1847 1874/2072/1874
f 1850/2047/1850 1874/2072/1874 1877/2075/1877
f 1851/2048/1851 1848/2045/1848 1875/2073/1875
f 1851/2048/1851 1875/2073/1875 1878/2076/1878
f 1852/2049/1852 1849/2046/1849 1876/2074/1876
f 1852/2049/1852 1876/2074/1876 1879/2077/1879
f 1853/2050/1853 1850/2047/1850 1877/2075/1877
f 1853/2050/1853 1877/2075/1877 1880/2078/1880
f 1854/2051/1854 1851/2048/1851 1878/2076/1878
f 1854/2051/1854 1878/2076/1878 1881/2079/1881
f 9/9/9 1852/2049/1852 1879/2077/1879
f 1855/2052/1855 1853/2050/1853 1880/2078/1880
f 1855/2052/1855 1880/2078/1880 1882/2080/1882
f 1856/2053/1856 1854/2051/1854 1881/2079/1881
f 1856/2053/1856 1881/2079/1881 1883/2081/1883
f 1857/2054/1857 1855/2052/1855 1882/2080/1882
f 1857/2054/1857 1882/2080/1882 1884/2082/1884
f 1858/2055/1858 1856/2053/1856 1883/2081/1883
f 1858/2055/1858 1883/2081/1883 1885/2083/1885
f 1859/2056/1859 1857/2054/1857 1884/2082/1884
f 1859/2056/1859 1884/2082/1884 1886/2084/1886
f 1860/2057/1860 1858/2055/1858 1885/2083/1885
f 1860/2057/1860 1885/2083/1885 1887/2085/1887
f 1861/2058/1861 1859/2056/1859 1886/2084/1886
f 1861/2058/1861 1886/2084/1886 1888/2086/1888
f 1862/2060/1862 1860/2059/1860 1887/2087/1887
f 1862/2060/1862 1887/2087/1887 1889/2088/1889
f 1832/2028/1832 1861/2058/1861 1888/2086/1888
f 1832/2028/1832 1888/2086/1888 1890/2089/1890
f 1834/2030/1834 1862/2060/1862 1889/2088/1889
f 1834/2030/1834 1889/2088/1889 1891/2090/1891
f 1833/2029/1833 1832/2028/1832 1890/2089/1890
f 1833/2029/1833 1890/2089/1890 1892/2091/1892
f 1835/2031/1835 1834/2030/1834 1891/2090/1891
f 1835/2031/1835 1891/2090/1891 1893/2092/1893
f 1836/2033/1836 1833/2032/1833 1892/2093/1892
f 1836/2033/1836 1892/2093/1892 1863/2061/1863
f 1837/2034/1837 1835/2031/1835 1893/2092/1893
f 1837/2034/1837 1893/2092/1893 1865/2063/1865
f 1870/2068/1870 1867/2065/1867 1894/2094/1894
f 1870/2068/1870 1894/2094/1894 1895/2095/1895
f 1871/2069/1871 1868/2066/1868 1896/2096/1896
f 1871/2069/1871 1896/2096/1896 1897/2097/1897
f 1872/2070/1872 1869/2067/1869 1898/2098/1898
f 1872/2070/1872 1898/2098/1898 1899/2099/1899
f 1873/2071/1873 1870/2068/1870 1895/2095/1895
f 1873/2071/1873 1895/2095/1895 1900/2100/1900
f 1874/2072/1874 1871/2069/1871 1897/2097/1897
f 1874/2072/1874 1897/2097/1897 1901/2101/1901
f 1875/2073/1875 1872/2070/1872 1899/2099/1899
f 1875/2073/1875 1899/2099/1899 1902/2102/1902
f 1876/2074/1876 1873/2071/1873 1900/2100/1900
f 1876/2074/1876 1900/2100/1900 1903/2103/1903
f 1877/2075/1877 1874/2072/1874 1901/2101/1901
f 1877/2075/1877 1901/2101/1901 1904/2104/1904
f 1878/2076/1878 1875/2073/1875 1902/2102/1902
f 1878/2076/1878 1902/2102/1902 1905/2105/1905
f 1879/2077/1879 1876/2074/1876 1903/2103/1903
f 1879/2077/1879 1903/2103/1903 1906/2106/1906
f 1880/2078/1880 1877/2075/1877 1904/2104/1904
f 1880/2078/1880 1904/2104/1904 1907/2107/1907
f 1881/2079/1881 1878/2076/1878 1905/2105/1905
f 1881/2079/1881 1905/2105/1905 1908/2108/1908
f 9/9/9 1879/2077/1879 1906/2106/1906
f 1882/2080/1882 1880/2078/1880 1907/2107/1907
f 1882/2080/1882 1907/2107/1907 1909/2109/1909
f 1883/2081/1883 1881/2079/1881 1908/2108/1908
f 1883/2081/1883 1908/2108/1908 1910/2110/1910
f 1884/2082/1884 1882/2080/1882 1909/2109/1909
f 1884/2082/1884 1909/2109/1909 1911/2111/1911
f 1885/2083/1885 1883/2081/1883 1910/2110/1910
f 1885/2083/1885 1910/2110/1910 1912/2112/1912
f 1886/2084/1886 1884/2082/1884 1911/2111/1911
f 1886/2084/1886 1911/2111/1911 1913/2113/1913
f 1887/2085/1887 1885/2083/1885 1912/2112/1912
f 1887/2085/1887 1912/2112/1912 1914/2114/1914
f 1888/2086/1888 1886/2084/1886 1913/2113/1913
f 1888/2086/1888 1913/2113/1913 1915/2115/1915
f 1889/2088/1889 1887/2087/1887 1914/2116/1914
f 1889/2088/1889 1914/2116/1914 1916/2117/1916
f 1890/2089/1890 1888/2086/1888 1915/2115/1915
f 1890/2089/1890 1915/2115/1915 1917/2118/1917
f 1891/2090/1891 1889/2088/1889 1916/2117/1916
f 1891/2090/1891 1916/2117/1916 1918/2119/1918
f 1892/2093/1892 1890/2120/1890 1917/2121/1917
f 1892/2093/1892 1917/2121/1917 1919/2122/1919
f 1893/2092/1893 1891/2090/1891 1918/2119/1918
f 1893/2092/1893 1918/2119/1918 1920/2123/1920
f 1863/2061/1863 1892/2093/1892 1919/2122/1919
f 1863/2061/1863 1919/2122/1919 1921/2124/1921
f 1865/2063/1865 1893/2092/1893 1920/2123/1920
f 1865/2063/1865 1920/2123/1920 1922/2125/1922
f 1864/2062/1864 1863/2061/1863 1921/2124/1921
f 1864/2062/1864 1921/2124/1921 1923/2126/1923
f 1866/2064/1866 1865/2063/1865 1922/2125/1922
f 1866/2064/1866 1922/2125/1922 1924/2127/1924
f 1867/2065/1867 1864/2062/1864 1923/2126/1923
f 1867/2065/1867 1923/2126/1923 1894/2094/1894
f 1868/2066/1868 1866/2064/1866 1924/2127/1924
f 1868/2066/1868 1924/2127/1924 1896/2096/1896
f 1869/2067/1869 49/53/49 1898/2098/1898
f 1903/2103/1903 1900/2100/1900 1925/2128/1925
f 1903/2103/1903 1925/2128/1925 1926/2129/1926
f 1904/2104/1904 1901/2101/1901 1927/2130/1927
f 1904/2104/1904 1927/2130/1927 1928/2131/1928
f 1905/2105/1905 1902/2102/1902 1929/2132/1929
f 1905/2105/1905 1929/2132/1929 1930/2133/1930
f 1906/2106/1906 1903/2103/1903 1926/2129/1926
f 1906/2106/1906 1926/2129/1926 1931/2134/1931
f 1907/2107/1907 1904/2104/1904 1928/2131/1928
f 1907/2107/1907 1928/2131/1928 1932/2135/1932
f 1908/2108/1908 1905/2105/1905 1930/2133/1930
f 1908/2108/1908 1930/2133/1930 1933/2136/1933
f 9/9/9 1906/2106/1906 1931/2134/1931
f 1909/2109/1909 1907/2107/1907 1932/2135/1932
f 1909/2109/1909 1932/2135/1932 1934/2137/1934
f 1910/2110/1910 1908/2108/1908 1933/2136/1933
f 1910/2110/1910 1933/2136/1933 1935/2138/1935
f 1911/2111/1911 1909/2109/1909 1934/2137/1934
f 1911/2111/1911 1934/2137/1934 1936/2139/1936
f 1912/2112/1912 1910/2110/1910 1935/2138/1935
f 1912/2112/1912 1935/2138/1935 1937/2140/1937
f 1913/2113/1913 1911/2111/1911 1936/2139/1936
f 1913/2113/1913 1936/2139/1936 1938/2141/1938
f 1914/2114/1914 1912/2112/1912 1937/2140/1937
f 1914/2114/1914 1937/2140/1937 1939/2142/1939
f 1915/2115/1915 1913/2113/1913 1938/2141/1938
f 1915/2115/1915 1938/2141/1938 1940/2143/1940
f 1916/2117/1916 1914/2116/1914 1939/2144/1939
f 1916/2117/1916 1939/2144/1939 1941/2145/1941
f 1917/2118/1917 1915/2115/1915 1940/2143/1940
f 1917/2118/1917 1940/2143/1940 1942/2146/1942
f 1918/2119/1918 1916/2117/1916 1941/2145/1941
f 1918/2119/1918 1941/2145/1941 1943/2147/1943
f 1919/2122/1919 1917/2121/1917 1942/2148/1942
f 1919/2122/1919 1942/2148/1942 1944/2149/1944
f 1920/2123/1920 1918/2119/1918 1943/2147/1943
f 1920/2123/1920 1943/2147/1943 1945/2150/1945
f 1921/2124/1921 1919/2122/1919 1944/2149/1944
f 1921/2124/1921 1944/2149/1944 1946/2151/1946
f 1922/2125/1922 1920/2123/1920 1945/2150/1945
f 1922/2125/1922 1945/2150/1945 1947/2152/1947
f 1923/2126/1923 1921/2124/1921 1946/2151/1946
f 1923/2126/1923 1946/2151/1946 1948/2153/1948
f 1924/2127/1924 1922/2125/1922 1947/2152/1947
f 1924/2127/1924 1947/2152/1947 1949/2154/1949
f 1894/2094/1894 1923/2126/1923 1948/2153/1948
f 1894/2094/1894 1948/2153/1948 1950/2155/1950
f 1896/2096/1896 1924/2127/1924 1949/2154/1949
f 1896/2096/1896 1949/2154/1949 1951/2156/1951
f 1898/2098/1898 49/53/49 1952/2157/1952
f 1895/2095/1895 1894/2094/1894 1950/2155/1950
f 1895/2095/1895 1950/2155/1950 1953/2158/1953
f 1897/2097/1897 1896/2096/1896 1951/2156/1951
f 1897/2097/1897 1951/2156/1951 1954/2159/1954
f 1899/2099/1899 1898/2098/1898 1952/2157/1952
f 1899/2099/1899 1952/2157/1952 1955/2160/1955
f 1900/2100/1900 1895/2095/1895 1953/2158/1953
f 1900/2100/1900 1953/2158/1953 1925/2128/1925
f 1901/2101/1901 1897/2097/1897 1954/2159/1954
f 1901/2101/1901 1954/2159/1954 1927/2130/1927
f 1902/2102/1902 1899/2099/1899 1955/2160/1955
f 1902/2102/1902 1955/2160/1955 1929/2132/1929
f 9/9/9 1931/2134/1931 1956/2161/1956
f 1934/2137/1934 1932/2135/1932 1957/2162/1957
f 1934/2137/1934 1957/2162/1957 1958/2163/1958
f 1935/2138/1935 1933/2136/1933 1959/2164/1959
f 1935/2138/1935 1959/2164/1959 1960/2165/1960
f 1936/2139/1936 1934/2137/1934 1958/2163/1958
f 1936/2139/1936 1958/2163/1958 1961/2166/1961
f 1937/2140/1937 1935/2138/1935 1960/2165/1960
f 1937/2140/1937 1960/2165/1960 1962/2167/1962
f 1938/2141/1938 1936/2139/1936 1961/2166/1961
f 1938/2141/1938 1961/2166/1961 1963/2168/1963
f 1939/2142/1939 1937/2140/1937 1962/2167/1962
f 1939/2142/1939 1962/2167/1962 1964/2169/1964
f 1940/2143/1940 1938/2141/1938 1963/2168/1963
f 1940/2143/1940 1963/2168/1963 1965/2170/1965
f 1941/2171/1941 1939/2142/1939 1964/2169/1964
f 1941/2171/1941 1964/2169/1964 1966/2172/1966
f 1942/2146/1942 1940/2143/1940 1965/2170/1965
f 1942/2146/1942 1965/2170/1965 1967/2173/1967
f 1943/2147/1943 1941/2145/1941 1966/2174/1966
f 1943/2147/1943 1966/2174/1966 1968/2175/1968
f 1944/2149/1944 1942/2148/1942 1967/2176/1967
f 1944/2149/1944 1967/2176/1967 1969/2177/1969
f 1945/2150/1945 1943/2147/1943 1968/2175/1968
f 1945/2150/1945 1968/2175/1968 1970/2178/1970
f 1946/2151/1946 1944/2149/1944 1969/2177/1969
f 1946/2151/1946 1969/2177/1969 1971/2179/1971
f 1947/2152/1947 1945/2150/1945 1970/2178/1970
f 1947/2152/1947 1970/2178/1970 1972/2180/1972
f 1948/2153/1948 1946/2151/1946 1971/2179/1971
f 1948/2153/1948 1971/2179/1971 1973/2181/1973
f 1949/2154/1949 1947/2152/1947 1972/2180/1972
f 1949/2154/1949 1972/2180/1972 1974/2182/1974
f 1950/2155/1950 1948/2153/1948 1973/2181/1973
f 1950/2155/1950 1973/2181/1973 1975/2183/1975
f 1951/2156/1951 1949/2154/1949 1974/2182/1974
f 1951/2156/1951 1974/2182/1974 1976/2184/1976
f 1952/2157/1952 49/53/49 1977/2185/1977
f 1953/2158/1953 1950/2155/1950 1975/2183/1975
f 1953/2158/1953 1975/2183/1975 1978/2186/1978
f 1954/2159/1954 1951/2156/1951 1976/2184/1976
f 1954/2159/1954 1976/2184/1976 1979/2187/1979
f 1955/2160/1955 1952/2157/1952 1977/2185/1977
f 1955/2160/1955 1977/2185/1977 1980/2188/1980
f 1925/2128/1925 1953/2158/1953 1978/2186/1978
f 1925/2128/1925 1978/2186/1978 1981/2189/1981
f 1927/2130/1927 1954/2159/1954 1979/2187/1979
f 1927/2130/1927 1979/2187/1979 1982/2190/1982
f 1929/2132/1929 1955/2160/1955 1980/2188/1980
f 1929/2132/1929 1980/2188/1980 1983/2191/1983
f 1926/2129/1926 1925/2128/1925 1981/2189/1981
f 1926/2129/1926 1981/2189/1981 1984/2192/1984
f 1928/2131/1928 1927/2130/1927 1982/2190/1982
f 1928/2131/1928 1982/2190/1982 1985/2193/1985
f 1930/2133/1930 1929/2132/1929 1983/2191/1983
f 1930/2133/1930 1983/2191/1983 1986/2194/1986
f 1931/2134/1931 1926/2129/1926 1984/2192/1984
f 1931/2134/1931 1984/2192/1984 1956/2161/1956
f 1932/2135/1932 1928/2131/1928 1985/2193/1985
f 1932/2135/1932 1985/2193/1985 1957/2162/1957
f 1933/2136/1933 1930/2133/1930 1986/2194/1986
f 1933/2136/1933 1986/2194/1986 1959/2164/1959
f 1963/2168/1963 1961/2166/1961 16/2195/16
f 1963/2168/1963 16/2195/16 20/2196/20
f 1964/2169/1964 1962/2167/1962 18/18/18
f 1964/2169/1964 18/18/18 22/22/22
f 1965/2170/1965 1963/2168/1963 20/2196/20
f 1965/2170/1965 20/2196/20 24/2197/24
f 1966/2172/1966 1964/2169/1964 22/22/22
f 1966/2172/1966 22/22/22 26/26/26
f 1967/2173/1967 1965/2170/1965 24/2197/24
f 1967/2173/1967 24/2197/24 28/2198/28
f 1968/2175/1968 1966/2174/1966 26/2199/26
f 1968/2175/1968 26/2199/26 30/37/30
f 1969/2177/1969 1967/2176/1967 28/33/28
f 1969/2177/1969 28/33/28 32/32/32
f 1970/2178/1970 1968/2175/1968 30/37/30
f 1970/2178/1970 30/37/30 34/36/34
f 1971/2179/1971 1969/2177/1969 32/32/32
f 1971/2179/1971 32/32/32 36/40/36
f 1972/2180/1972 1970/2178/1970 34/36/34
f 1972/2180/1972 34/36/34 38/42/38
f 1973/2181/1973 1971/2179/1971 36/40/36
f 1973/2181/1973 36/40/36 40/44/40
f 1974/2182/1974 1972/2180/1972 38/42/38
f 1974/2182/1974 38/42/38 42/46/42
f 1975/2183/1975 1973/2181/1973 40/44/40
f 1975/2183/1975 40/44/40 44/48/44
f 1976/2184/1976 1974/2182/1974 42/46/42
f 1976/2184/1976 42/46/42 46/50/46
f 1977/2185/1977 49/53/49 48/52/48
f 1978/2186/1978 1975/2183/1975 44/48/44
f 1978/2186/1978 44/48/44 51/55/51
f 1979/2187/1979 1976/2184/1976 46/50/46
f 1979/2187/1979 46/50/46 53/57/53
f 1980/2188/1980 1977/2185/1977 48/52/48
f 1980/2188/1980 48/52/48 55/59/55
f 1981/2189/1981 1978/2186/1978 51/55/51
f 1981/2189/1981 51/55/51 57/61/57
f 1982/2190/1982 1979/2187/1979 53/57/53
f 1982/2190/1982 53/57/53 59/63/59
f 1983/2191/1983 1980/2188/1980 55/59/55
f 1983/2191/1983 55/59/55 61/65/61
f 1984/2192/1984 1981/2189/1981 57/61/57
f 1984/2192/1984 57/61/57 63/67/63
f 1985/2193/1985 1982/2190/1982 59/63/59
f 1985/2193/1985 59/63/59 2/2200/2
f 1986/2194/1986 1983/2191/1983 61/65/61
f 1986/2194/1986 61/65/61 6/6/6
f 1956/2161/1956 1984/2192/1984 63/67/63
f 1956/2161/1956 63/67/63 10/10/10
f 1957/2162/1957 1985/2193/1985 2/2200/2
f 1957/2162/1957 2/2200/2 1/2201/1
f 1959/2164/1959 1986/2194/1986 6/6/6
f 1959/2164/1959 6/6/6 5/5/5
f 9/9/9 1956/2161/1956 10/10/10
f 1958/2163/1958 1957/2162/1957 1/2201/1
f 1958/2163/1958 1/2201/1 12/2202/12
f 1960/2165/1960 1959/2164/1959 5/5/5
f 1960/2165/1960 5/5/5 14/14/14
f 1961/2166/1961 1958/2163/1958 12/2202/12
f 1961/2166/1961 12/2202/12 16/2195/16
f 1962/2167/1962 1960/2165/1960 14/14/14
f 1962/2167/1962 14/14/14 18/18/18
